# File generated by ImageToStl.com - Free Image and 3D model conversion tools

mtllib soft_toy_textured.mtl

o obj1
v 0.18147631 -0.30052382 0.36042506
v 0.17308857 -0.29906949 0.35859209
v 0.1773667 -0.30067366 0.36036041
v 0.18618222 -0.29815024 0.35819355
v 0.18014942 -0.29501635 0.35300374
v 0.17037506 -0.29841062 0.35382086
v 0.34943447 0.37274507 0.19118282
v 0.34920868 0.36230394 0.18466693
v 0.34633589 0.36311045 0.17714339
v 0.35062301 0.36291537 0.19816002
v 0.34663019 0.34856394 0.1822799
v 0.35163003 0.37263766 0.19913557
v 0.34866911 0.37930131 0.20038988
v 0.3509846 0.37760207 0.20783506
v 0.34848496 0.38155228 0.21212257
v 0.34866911 0.37930131 0.20038988
v 0.34313795 0.38370138 0.20356458
v 0.34848496 0.38155228 0.21212257
v 0.34538317 0.38370094 0.21545497
v 0.34899402 0.37312922 0.21299699
v 0.35062301 0.36291537 0.19816002
v 0.34899402 0.37312922 0.21299699
v 0.34607482 0.35660428 0.20845477
v 0.34848496 0.38155228 0.21212257
v 0.34465826 0.37819192 0.21982087
v 0.3509846 0.37760207 0.20783506
v 0.34899402 0.37312922 0.21299699
v 0.34336361 0.35668871 0.16898446
v 0.3434678 0.34962279 0.16780798
v 0.34487921 0.37106445 0.18226962
v 0.34338406 0.33583221 0.18514027
v 0.34487921 0.37106445 0.18226962
v 0.34260574 0.3799724 0.1942735
v 0.34032366 0.33278421 0.19675407
v 0.34338406 0.33583221 0.18514027
v 0.34607482 0.35660428 0.20845477
v 0.34413731 0.36509126 0.21639967
v 0.34538317 0.38370094 0.21545497
v 0.33749089 0.38153392 0.22285368
v 0.33751842 0.36019063 0.1636247
v 0.33932227 0.32792434 0.16871089
v 0.33829942 0.33242545 0.15912403
v 0.33773461 0.37033448 0.17448123
v 0.34607482 0.35660428 0.20845477
v 0.33670047 0.33618885 0.20860419
v 0.34032366 0.33278421 0.19675407
v 0.33723247 0.38524926 0.21284854
v 0.33306405 0.34030595 0.21631569
v 0.33670047 0.33618885 0.20860419
v 0.33425334 0.38334748 0.22048154
v 0.33749089 0.38153392 0.22285368
v 0.33133546 0.37292743 0.22619036
v 0.33635578 0.34923255 0.15473704
v 0.33318523 0.33324528 0.14815693
v 0.33635578 0.34923255 0.15473704
v 0.33751842 0.36019063 0.1636247
v 0.34336361 0.35668871 0.16898446
v 0.33773461 0.37033448 0.17448123
v 0.34487921 0.37106445 0.18226962
v 0.33751842 0.36019063 0.1636247
v 0.33478716 0.3147085 0.16982475
v 0.33434144 0.31369174 0.18176237
v 0.33146268 0.38035455 0.18867269
v 0.33722743 0.36140186 0.22169495
v 0.32915604 0.35969806 0.22592217
v 0.32695416 0.31516391 0.14176467
v 0.33122975 0.31345463 0.15434518
v 0.32610318 0.353742 0.14938402
v 0.3278611 0.36539739 0.16277064
v 0.32775503 0.37385449 0.17539737
v 0.32798323 0.30635205 0.19424081
v 0.3271535 0.38401884 0.20191631
v 0.32754269 0.31764093 0.20842323
v 0.32671899 0.3839137 0.21533667
v 0.32649532 0.33795443 0.22171789
v 0.32428682 0.34106842 0.1394192
v 0.32549682 0.33252102 0.13738623
v 0.3248634 0.32369539 0.13604756
v 0.32610318 0.353742 0.14938402
v 0.32556844 0.30109876 0.15464874
v 0.32778263 0.30121315 0.1694542
v 0.32754269 0.31764093 0.20842323
v 0.31972489 0.37507403 0.22662622
v 0.32121053 0.34406385 0.22683117
v 0.32097605 0.3002694 0.1410065
v 0.32109892 0.29087377 0.18354686
v 0.32080826 0.38036272 0.22191006
v 0.32080826 0.38036272 0.22191006
v 0.31404206 0.35075921 0.23078537
v 0.31393683 0.32252195 0.12572904
v 0.31393683 0.32252195 0.12572904
v 0.32549682 0.33252102 0.13738623
v 0.31738502 0.31561854 0.12747246
v 0.3248634 0.32369539 0.13604756
v 0.32695416 0.31516391 0.14176467
v 0.31738502 0.31561854 0.12747246
v 0.31947222 0.30349764 0.13488621
v 0.31513581 0.28634736 0.15093674
v 0.31380019 0.36168352 0.15390688
v 0.3278611 0.36539739 0.16277064
v 0.32610318 0.353742 0.14938402
v 0.31380019 0.36168352 0.15390688
v 0.31577888 0.37044314 0.16811132
v 0.31402525 0.27974623 0.16923136
v 0.31582355 0.3758952 0.1796079
v 0.31253257 0.37868488 0.18791683
v 0.31209463 0.28203577 0.19626465
v 0.31185797 0.28939867 0.20753786
v 0.31065536 0.38069773 0.201653
v 0.30928063 0.38014966 0.21246605
v 0.31184575 0.30153778 0.21734032
v 0.30968484 0.31763282 0.22652246
v 0.31701046 0.36932397 0.22883418
v 0.31142917 0.33637765 0.23017274
v 0.31121862 0.29995424 0.12493126
v 0.31336775 0.2905983 0.13674037
v 0.31095216 0.35510206 0.14599289
v 0.31163833 0.30969611 0.2220753
v 0.30707744 0.37563238 0.22346205
v 0.31091067 0.35618511 0.23146199
v 0.30785087 0.28826413 0.13019155
v 0.31402525 0.27974623 0.16923136
v 0.32109892 0.29087377 0.18354686
v 0.30522779 0.26743656 0.17690286
v 0.30702478 0.27220291 0.19149183
v 0.30702478 0.27220291 0.19149183
v 0.31185797 0.28939867 0.20753786
v 0.30707744 0.37563238 0.22346205
v 0.30349794 0.36295798 0.23114373
v 0.30261806 0.36767018 0.16545141
v 0.2989026 0.36703587 0.22896659
v 0.29753068 0.31168211 0.23196818
v 0.29461581 0.331402 0.23545593
v 0.30422059 0.29372519 0.12129747
v 0.29979214 0.27240688 0.13865088
v 0.30127659 0.26728237 0.1508083
v 0.29372552 0.3559331 0.14898868
v 0.30522779 0.26743656 0.17690286
v 0.29379344 0.37227887 0.18424462
v 0.31209463 0.28203577 0.19626465
v 0.30137673 0.2753998 0.20953621
v 0.30702478 0.27220291 0.19149183
v 0.31185797 0.28939867 0.20753786
v 0.30114171 0.29011789 0.22173876
v 0.30086175 0.28445116 0.12545981
v 0.29629603 0.28502193 0.12111199
v 0.2970967 0.34960568 0.14065696
v 0.29372552 0.3559331 0.14898868
v 0.29468855 0.36078501 0.155826
v 0.29167446 0.36622214 0.16815886
v 0.30092683 0.26331908 0.18108395
v 0.3001515 0.26249295 0.16744226
v 0.29369238 0.37487027 0.19925174
v 0.30137673 0.2753998 0.20953621
v 0.29771245 0.2807411 0.21873853
v 0.2964015 0.29519582 0.22727954
v 0.28966931 0.35709044 0.23280855
v 0.29822767 0.26403591 0.15298714
v 0.29770505 0.25565153 0.17053255
v 0.29786751 0.2589784 0.19015755
v 0.29942489 0.26469129 0.19438331
v 0.29190001 0.31089669 0.23399921
v 0.29319745 0.27049047 0.13567102
v 0.2952002 0.25878641 0.15165722
v 0.29036263 0.24274415 0.16762158
v 0.28935912 0.24256736 0.18250297
v 0.29775459 0.2717756 0.20892927
v 0.29433227 0.26643375 0.21144919
v 0.28278938 0.36548358 0.22418429
v 0.29771245 0.2807411 0.21873853
v 0.29435018 0.28052372 0.22432981
v 0.28409627 0.26296493 0.2243235
v 0.29435018 0.28052372 0.22432981
v 0.29321262 0.29273778 0.23057348
v 0.28275368 0.33792388 0.23690742
v 0.2874707 0.32601869 0.23669903
v 0.28162181 0.339692 0.13434212
v 0.28343409 0.25007245 0.13977516
v 0.28108716 0.23257188 0.15447508
v 0.27692422 0.35387328 0.15459847
v 0.28081769 0.36373901 0.17147601
v 0.29118696 0.24999887 0.19520551
v 0.26860106 0.36379084 0.19920161
v 0.27046347 0.36374131 0.21095584
v 0.2822074 0.2730051 0.23163545
v 0.28409627 0.26296493 0.2243235
v 0.27697107 0.35659462 0.23158972
v 0.28040627 0.28314891 0.23719373
v 0.28648719 0.31762406 0.23906153
v 0.28813544 0.30316895 0.23714291
v 0.27867076 0.25401592 0.1326075
v 0.27667677 0.34406462 0.14079845
v 0.26596728 0.3610929 0.18529092
v 0.2803407 0.22931099 0.18270253
v 0.29118696 0.24999887 0.19520551
v 0.28150076 0.23364392 0.19281293
v 0.28935912 0.24256736 0.18250297
v 0.2803407 0.22931099 0.18270253
v 0.28144476 0.24275896 0.2091139
v 0.27697107 0.35659462 0.23158972
v 0.2989026 0.36703587 0.22896659
v 0.27900264 0.34603739 0.23549727
v 0.27667677 0.34406462 0.14079845
v 0.27918813 0.22639161 0.16776888
v 0.27389979 0.36103916 0.22465684
v 0.27783257 0.34049883 0.23900145
v 0.28031638 0.32324925 0.24148688
v 0.27634439 0.2992487 0.24210455
v 0.26589918 0.35136482 0.15862334
v 0.26438498 0.35651657 0.17267892
v 0.28150076 0.23364392 0.19281293
v 0.26709223 0.21729627 0.19404083
v 0.26344019 0.24409761 0.23172149
v 0.27360511 0.35330054 0.2314036
v 0.2718237 0.23280686 0.14076026
v 0.26785526 0.22266531 0.14613496
v 0.2803407 0.22931099 0.18270253
v 0.26600063 0.21239805 0.17914329
v 0.26695076 0.21245402 0.16844891
v 0.26695076 0.21245402 0.16844891
v 0.26636237 0.22470276 0.21062715
v 0.26889479 0.35811353 0.22307594
v 0.27360511 0.35330054 0.2314036
v 0.26709664 0.23758774 0.22451554
v 0.26875991 0.3524304 0.23245662
v 0.27140895 0.34717342 0.23695806
v 0.27036417 0.33764166 0.24017335
v 0.26293576 0.2710402 0.24175335
v 0.26583439 0.31738803 0.24439006
v 0.26788372 0.30520198 0.24470839
v 0.27100769 0.2595323 0.12468849
v 0.26235443 0.2363265 0.13126254
v 0.2662034 0.34027937 0.14248568
v 0.26709664 0.23758774 0.22451554
v 0.26875991 0.3524304 0.23245662
v 0.26391321 0.25880933 0.23810017
v 0.26642156 0.35658526 0.22544593
v 0.25528949 0.31822577 0.24391899
v 0.26169154 0.28712469 0.24484788
v 0.25888631 0.21907148 0.14062849
v 0.24982809 0.20620158 0.14699444
v 0.26577267 0.21468005 0.15414193
v 0.25934619 0.35029441 0.16805711
v 0.25959069 0.3554129 0.18237427
v 0.2469672 0.20448071 0.21164696
v 0.25680196 0.20677455 0.19376455
v 0.26461244 0.35927337 0.20988986
v 0.26106763 0.35851595 0.19804566
v 0.25850117 0.35630804 0.21233721
v 0.25161564 0.21899566 0.22437705
v 0.24907504 0.22517748 0.23161291
v 0.25395125 0.3311379 0.2396856
v 0.26450342 0.33329076 0.13703328
v 0.25216487 0.33173323 0.14202714
v 0.2612648 0.34327289 0.15234031
v 0.24989694 0.33861694 0.1541996
v 0.25271127 0.34360397 0.2293756
v 0.24833435 0.33149549 0.23720773
v 0.24930526 0.23441359 0.23708761
v 0.24833435 0.33149549 0.23720773
v 0.24990931 0.29551765 0.24651757
v 0.24896753 0.28030685 0.24653624
v 0.24244963 0.26014385 0.24616536
v 0.24909899 0.3458387 0.16973948
v 0.26600063 0.21239805 0.17914329
v 0.2439014 0.1898689 0.18250489
v 0.2461791 0.34960282 0.19959144
v 0.24835557 0.34509179 0.2235366
v 0.24756068 0.25089127 0.24303199
v 0.24883354 0.19931816 0.15495366
v 0.25932318 0.20705737 0.15925729
v 0.24564709 0.19171456 0.17011429
v 0.25235814 0.35198924 0.18433397
v 0.24403447 0.19319999 0.19506635
v 0.24009262 0.3134883 0.24204901
v 0.23664111 0.29820392 0.24524093
v 0.2483307 0.31030327 0.12507382
v 0.23598352 0.30829838 0.13031457
v 0.24900097 0.32052779 0.13255075
v 0.23789501 0.34270924 0.18762131
v 0.23340146 0.19899142 0.22433366
v 0.23475479 0.33354953 0.2244404
v 0.23395504 0.23316309 0.24295036
v 0.24077672 0.2849392 0.24717788
v 0.23188747 0.3150349 0.13986683
v 0.23188747 0.3150349 0.13986683
v 0.23505162 0.33610576 0.17079833
v 0.23068887 0.33613047 0.21190073
v 0.25161564 0.21899566 0.22437705
v 0.23340146 0.19899142 0.22433366
v 0.23517276 0.21179764 0.23277171
v 0.23262842 0.26399842 0.24788959
v 0.22389995 0.31949204 0.15552424
v 0.23240568 0.17814796 0.18209155
v 0.23288698 0.32647943 0.23090035
v 0.2333938 0.21854417 0.23785993
v 0.22824635 0.31461272 0.23747012
v 0.22905271 0.17708772 0.19749661
v 0.21665826 0.32701641 0.19728076
v 0.23329575 0.18634623 0.20866956
v 0.21774538 0.23952533 0.2477237
v 0.23254117 -0.26321054 0.16833878
v 0.23247162 -0.2737889 0.16376305
v 0.23130226 -0.26092958 0.14754304
v 0.23218797 -0.25775832 0.18300816
v 0.23255104 -0.27380088 0.19685826
v 0.23204492 -0.29151809 0.18360052
v 0.23132637 -0.26511529 0.20571305
v 0.23150192 -0.28660229 0.21175121
v 0.22252199 0.2811715 0.24657504
v 0.21908396 0.25846684 0.24856415
v 0.22643389 -0.24213053 0.11864936
v 0.22891611 -0.24405725 0.13685656
v 0.22791032 -0.26750609 0.12367218
v 0.2301196 -0.27339855 0.14113913
v 0.22577725 -0.28616866 0.12268561
v 0.22965765 -0.29082328 0.15034345
v 0.22375914 -0.22011085 0.13289759
v 0.23056845 -0.24422605 0.16267259
v 0.22727822 -0.22892112 0.16376866
v 0.22983953 -0.2997849 0.16964066
v 0.22681467 -0.31105015 0.16310593
v 0.22896576 -0.24303688 0.19695704
v 0.22613062 -0.22803067 0.18286213
v 0.22838806 -0.31355402 0.20162438
v 0.21659799 0.32469854 0.18280856
v 0.2240261 -0.22695464 0.20016962
v 0.23037606 -0.299202 0.21373507
v 0.22500432 -0.24550311 0.2212451
v 0.22740179 -0.25816712 0.22360371
v 0.2262705 -0.31939808 0.22493698
v 0.22926264 -0.27411008 0.22469154
v 0.22065397 0.32581982 0.21766664
v 0.2270149 -0.29242137 0.23578134
v 0.2268469 -0.30620402 0.23269831
v 0.21425113 0.31127948 0.2312897
v 0.22634324 -0.27791589 0.23754631
v 0.23288698 0.32647943 0.23090035
v 0.21425113 0.31127948 0.2312897
v 0.21914074 0.20148793 0.23630841
v 0.21141091 0.28968078 0.24219622
v 0.22136351 0.22200674 0.24331944
v 0.22867508 -0.294581 0.31904164
v 0.23072706 -0.3082135 0.31991693
v 0.22774188 -0.30582124 0.31199858
v 0.23099913 -0.31768808 0.32556757
v 0.22678626 -0.33091742 0.31155267
v 0.23236294 -0.29744431 0.32805336
v 0.22502607 -0.33438516 0.32332835
v 0.22833233 -0.28761503 0.32871154
v 0.23230147 -0.30886143 0.33235407
v 0.2307979 -0.29267991 0.33785158
v 0.23191972 -0.30174139 0.33967501
v 0.23088245 -0.30971327 0.33891049
v 0.22622961 -0.32465026 0.33754352
v 0.22780868 -0.28677949 0.34005824
v 0.23088245 -0.30971327 0.33891049
v 0.22461252 -0.31787279 0.34698313
v 0.22622961 -0.32465026 0.33754352
v 0.2269849 -0.29504833 0.3484821
v 0.22706661 -0.30737156 0.34850055
v 0.22706661 -0.30737156 0.34850055
v 0.21896261 -0.23383874 0.09148357
v 0.22438452 -0.25757265 0.10636101
v 0.22120532 -0.26042092 0.09484845
v 0.22358547 -0.2761516 0.10917318
v 0.21974309 -0.21860531 0.10772318
v 0.22494091 -0.22950827 0.12321425
v 0.2152739 0.29894653 0.13871656
v 0.22298019 -0.30825198 0.13034077
v 0.2225377 -0.21465088 0.14514482
v 0.22361168 -0.32273802 0.16723183
v 0.22217591 -0.21319252 0.16732681
v 0.21660103 0.32058159 0.1697289
v 0.21932077 -0.20952968 0.18341039
v 0.22333658 -0.33053213 0.2003457
v 0.21737473 -0.33720714 0.17182411
v 0.21966229 0.17279433 0.20989296
v 0.21585622 0.16490474 0.19976047
v 0.22440685 -0.32860509 0.21632466
v 0.20765002 0.31165433 0.22519645
v 0.21953759 -0.24492399 0.23736537
v 0.22045997 -0.34165123 0.22758105
v 0.22362499 -0.26029608 0.23777892
v 0.22289081 -0.32336012 0.2394022
v 0.20534408 0.29601747 0.23760079
v 0.21979009 -0.26541662 0.25113192
v 0.220713 -0.3102313 0.25164711
v 0.22166181 -0.28556985 0.25051966
v 0.22229098 -0.33327973 0.28380549
v 0.22455439 -0.33205712 0.29990804
v 0.22271751 -0.34012923 0.28566605
v 0.22310911 -0.32699499 0.2924265
v 0.22372247 -0.3251912 0.29871833
v 0.22288741 -0.34193033 0.29622999
v 0.22368586 -0.34002319 0.31052905
v 0.22148629 -0.31992424 0.29809192
v 0.22234595 -0.29271242 0.31207815
v 0.22068168 -0.28393984 0.31942514
v 0.22353531 -0.28120586 0.33153647
v 0.22068168 -0.28393984 0.31942514
v 0.2195121 -0.2798467 0.32619408
v 0.22353531 -0.28120586 0.33153647
v 0.22092424 -0.28162518 0.34495011
v 0.22092424 -0.28162518 0.34495011
v 0.2269849 -0.29504833 0.3484821
v 0.22780868 -0.28677949 0.34005824
v 0.21941379 -0.29911605 0.35556856
v 0.21830733 -0.31069386 0.35690013
v 0.22706661 -0.30737156 0.34850055
v 0.21830733 -0.31069386 0.35690013
v 0.21575318 -0.21569403 0.0942671
v 0.21602902 -0.27828577 0.08521079
v 0.21488114 -0.29629368 0.08993415
v 0.21715124 -0.30635619 0.10437544
v 0.22001895 -0.31247744 0.1232272
v 0.21620077 -0.20815529 0.10740863
v 0.21646045 -0.32345858 0.1266195
v 0.21859597 -0.32994744 0.15354721
v 0.2136417 0.31002793 0.15406448
v 0.2137378 -0.19370268 0.16534826
v 0.21830054 -0.34042266 0.19485731
v 0.2252427 0.17209668 0.18292937
v 0.20879224 0.15664129 0.18237729
v 0.21800226 -0.21531239 0.20513469
v 0.21785864 -0.22891146 0.22335579
v 0.23340146 0.19899142 0.22433366
v 0.21239692 0.17776959 0.22416073
v 0.21966229 0.17279433 0.20989296
v 0.21239692 0.17776959 0.22416073
v 0.21854278 -0.33551991 0.2434599
v 0.2182657 -0.34831971 0.22828367
v 0.21682501 -0.33205748 0.25507963
v 0.21820223 -0.3156741 0.25644866
v 0.21662529 -0.30382362 0.26088598
v 0.21555483 -0.32350227 0.2717407
v 0.21973982 -0.32679546 0.27987936
v 0.21553706 -0.33228949 0.26492015
v 0.21883625 -0.34181464 0.2740179
v 0.21882731 -0.34739649 0.27852443
v 0.21712829 -0.35398847 0.2922971
v 0.21516666 -0.31150389 0.29425403
v 0.22368586 -0.34002319 0.31052905
v 0.21817866 -0.34872484 0.31653395
v 0.21712829 -0.35398847 0.2922971
v 0.22502607 -0.33438516 0.32332835
v 0.21715368 -0.34218448 0.33447531
v 0.21528836 -0.27727729 0.3392292
v 0.21869396 -0.33072144 0.34671938
v 0.22092424 -0.28162518 0.34495011
v 0.21961413 -0.28904575 0.35143048
v 0.21525587 -0.3211523 0.35658669
v 0.21248974 -0.24419385 0.06997944
v 0.21305405 -0.26662973 0.07247102
v 0.21261248 -0.22780137 0.07585035
v 0.21052064 -0.31018442 0.08668172
v 0.21060638 -0.32285413 0.10260253
v 0.21334364 -0.19536705 0.12340366
v 0.21006234 -0.18561874 0.13855305
v 0.20973456 -0.33770728 0.12980796
v 0.20890856 -0.18167374 0.15591815
v 0.21121083 -0.34133038 0.14872819
v 0.2136417 0.31002793 0.15406448
v 0.20209189 0.31306049 0.21362858
v 0.21489945 -0.34965128 0.21412021
v 0.20828548 -0.21267788 0.22096664
v 0.21154977 -0.36183652 0.22359529
v 0.20898755 -0.24085994 0.25474983
v 0.21347073 -0.34584743 0.24321131
v 0.19578129 0.26783758 0.24515438
v 0.20751587 0.25941381 0.24811709
v 0.21395555 -0.33981165 0.25243756
v 0.21333304 -0.25267833 0.25677624
v 0.21111892 -0.28701928 0.26878318
v 0.21576405 -0.32723305 0.26472527
v 0.21380772 -0.31500903 0.27135092
v 0.2119408 -0.31233743 0.27940142
v 0.21371935 -0.35653639 0.28041303
v 0.21320829 -0.35650936 0.30887809
v 0.22234595 -0.29271242 0.31207815
v 0.20542552 -0.2890062 0.30300817
v 0.20958957 -0.28474361 0.31240094
v 0.21465877 -0.27898934 0.32449985
v 0.2045325 -0.34815189 0.34855935
v 0.21528836 -0.27727729 0.3392292
v 0.20976351 -0.28068736 0.34795731
v 0.21134517 -0.2900556 0.3554253
v 0.2041669 -0.33762079 0.35817289
v 0.20728317 -0.30835027 0.3625741
v 0.20797536 -0.2565113 0.05914502
v 0.21072347 -0.29062283 0.0739819
v 0.20834216 -0.21223448 0.07467922
v 0.20342454 -0.18690017 0.09011919
v 0.20912047 -0.1929242 0.10332528
v 0.20497376 -0.3295745 0.09493552
v 0.21177146 0.04893915 0.14852086
v 0.21388121 0.03632816 0.16834791
v 0.20966834 0.03512587 0.14678064
v 0.2103359 0.07938452 0.15681547
v 0.21248925 0.07609785 0.16977055
v 0.21369722 0.05747775 0.15980625
v 0.2150178 0.04639548 0.16902673
v 0.20908533 -0.34854135 0.16636716
v 0.19898175 0.30480534 0.1682626
v 0.20966834 0.03512587 0.14678064
v 0.21388121 0.03632816 0.16834791
v 0.21059242 0.02020676 0.169374
v 0.21585751 0.05534706 0.18313304
v 0.21494366 0.06475173 0.19467333
v 0.214525 0.03051722 0.18684095
v 0.21059242 0.02020676 0.169374
v 0.20998955 -0.18971296 0.180273
v 0.21085069 0.16128606 0.17242055
v 0.20674437 0.15673447 0.17123678
v 0.21031414 0.08632831 0.18331635
v 0.2150178 0.04639548 0.16902673
v 0.214525 0.03051722 0.18684095
v 0.21388121 0.03632816 0.16834791
v 0.21232288 0.07599351 0.1977624
v 0.21595214 0.04022687 0.19826135
v 0.21595214 0.04022687 0.19826135
v 0.21233073 0.0178612 0.19936168
v 0.20921424 -0.35414049 0.19770361
v 0.21237916 0.0204606 0.21288745
v 0.20703481 0.1597629 0.2079946
v 0.20685981 0.15580417 0.19736014
v 0.21466413 0.04703359 0.21104614
v 0.21176799 0.06799719 0.21499585
v 0.2107563 -0.35647219 0.2136524
v 0.21203689 0.03416353 0.22358079
v 0.20905618 -0.20517555 0.21240295
v 0.20304433 0.1635969 0.21784933
v 0.2093586 0.06969148 0.22517078
v 0.2119641 0.05024513 0.22473054
v 0.2092337 0.02212319 0.23107836
v 0.20401263 0.18189736 0.23237538
v 0.20876791 0.03055128 0.23607036
v 0.21132557 -0.36470404 0.23029965
v 0.21114658 -0.35464737 0.23791949
v 0.20109656 0.20139907 0.24176475
v 0.20260437 0.19048695 0.23747486
v 0.19922294 0.21428934 0.24548313
v 0.20144013 0.23948042 0.2486625
v 0.20878747 -0.34657004 0.25621945
v 0.20673317 -0.26044694 0.27090389
v 0.21378379 -0.3415882 0.26369026
v 0.21024393 -0.299025 0.27446985
v 0.20874457 -0.35563701 0.26984462
v 0.20776035 -0.30266818 0.28602463
v 0.21125364 -0.30310279 0.29515117
v 0.20554583 -0.27653512 0.33064705
v 0.20460804 -0.27675965 0.33929628
v 0.20220764 -0.32360771 0.36450422
v 0.21525587 -0.3211523 0.35658669
v 0.20519325 -0.28010347 0.0575318
v 0.2034397 -0.21434611 0.060195
v 0.20697692 -0.23279889 0.06053505
v 0.20425037 -0.29637393 0.06172975
v 0.20623884 -0.31077504 0.07629219
v 0.20236656 -0.19537611 0.07365941
v 0.1976835 -0.17027205 0.10456353
v 0.20188387 -0.17078148 0.12672654
v 0.20374933 0.06659192 0.12313274
v 0.20947336 0.06141768 0.1403936
v 0.2048645 0.04781652 0.12540463
v 0.20631565 0.08068167 0.13824859
v 0.19883007 -0.16066943 0.13667125
v 0.20680183 0.01616955 0.15664458
v 0.20450519 0.00539969 0.16836065
v 0.20680183 0.01616955 0.15664458
v 0.20293954 0.10876911 0.16769162
v 0.20262472 0.10562211 0.152218
v 0.20353153 -0.16926837 0.16896917
v 0.20371699 0.10758475 0.18080729
v 0.20449086 -0.00047897 0.18517385
v 0.20521931 -0.17900632 0.17896801
v 0.20242396 -0.17946202 0.18870373
v 0.20822537 0.00519516 0.19814263
v 0.20524962 -0.18879829 0.19428797
v 0.20118962 0.31302458 0.1858207
v 0.19526632 0.30964175 0.19963624
v 0.20185727 0.10970289 0.19877388
v 0.19969121 0.31248569 0.2086888
v 0.20400442 0.0940759 0.22062275
v 0.20497939 -0.00175323 0.22031604
v 0.20427112 -0.36324257 0.21104889
v 0.1994801 0.16294423 0.2208358
v 0.20304433 0.1635969 0.21784933
v 0.20148605 -0.21870792 0.236443
v 0.20322257 -0.00075703 0.2371988
v 0.19632667 0.29672047 0.23186611
v 0.2093586 0.06969148 0.22517078
v 0.204569 0.06315107 0.24362643
v 0.2119641 0.05024513 0.22473054
v 0.20587361 -0.37105578 0.23321128
v 0.20706992 -0.37067783 0.22701578
v 0.19632667 0.29672047 0.23186611
v 0.2051485 0.04317747 0.24878824
v 0.20593835 -0.36624509 0.23689438
v 0.20192842 -0.35864216 0.2435881
v 0.20593835 -0.36624509 0.23689438
v 0.21114658 -0.35464737 0.23791949
v 0.2051485 0.04317747 0.24878824
v 0.20552716 -0.2331782 0.25157326
v 0.2029507 -0.35507992 0.2467685
v 0.19777004 -0.23692088 0.27036917
v 0.20401578 -0.24617383 0.26872876
v 0.21378379 -0.3415882 0.26369026
v 0.20604074 -0.35300949 0.26359117
v 0.19578941 -0.36309844 0.25908476
v 0.19578941 -0.36309844 0.25908476
v 0.20305616 -0.28209707 0.28047657
v 0.20266736 -0.29122436 0.28974456
v 0.20372194 -0.29260799 0.29403871
v 0.20970151 -0.29570001 0.29919347
v 0.19673634 -0.28320602 0.30627084
v 0.20015062 -0.28141835 0.31435952
v 0.20220318 -0.36096004 0.33173144
v 0.20460804 -0.27675965 0.33929628
v 0.20530467 -0.28785124 0.35449907
v 0.20088723 -0.29611135 0.35952571
v 0.20271121 -0.33287445 0.36186919
v 0.20271121 -0.33287445 0.36186919
v 0.1973711 -0.24266638 0.03928522
v 0.19882768 -0.26877615 0.04257871
v 0.19754814 -0.22479691 0.0437608
v 0.20236656 -0.19537611 0.07365941
v 0.20834216 -0.21223448 0.07467922
v 0.2034397 -0.21434611 0.060195
v 0.20023826 -0.3240014 0.07627732
v 0.20175609 -0.34550869 0.11972173
v 0.20015337 -0.33831632 0.09762922
v 0.19666938 0.05055941 0.10485307
v 0.20124291 0.03506431 0.12045211
v 0.20306578 0.02286929 0.13537334
v 0.20020933 0.10589916 0.13480031
v 0.20058496 -0.35508028 0.15102531
v 0.19991365 -0.15974282 0.15284283
v 0.20456968 0.16218825 0.16295029
v 0.20057078 0.1573011 0.15851875
v 0.20233265 0.14657421 0.16095504
v 0.20406099 0.14682099 0.16820186
v 0.20377369 0.13416149 0.15435477
v 0.20440504 0.13517286 0.17440732
v 0.20536618 0.14889477 0.18049707
v 0.20093074 -0.1648313 0.17730662
v 0.19920386 0.13867377 0.19551432
v 0.20229761 0.12645143 0.17910945
v 0.20536618 0.14889477 0.18049707
v 0.19920386 0.13867377 0.19551432
v 0.20440504 0.13517286 0.17440732
v 0.19919913 -0.17325582 0.19131342
v 0.2020791 -0.36106598 0.19322087
v 0.20289434 -0.35608536 0.16872104
v 0.20879224 0.15664129 0.18237729
v 0.20148996 0.14681111 0.19580001
v 0.20148996 0.14681111 0.19580001
v 0.20143735 -0.00871556 0.19994785
v 0.19561253 -0.18344396 0.20507863
v 0.20685981 0.15580417 0.19736014
v 0.20703481 0.1597629 0.2079946
v 0.19876513 0.14739245 0.20651099
v 0.20703481 0.1597629 0.2079946
v 0.19876513 0.14739245 0.20651099
v 0.19791144 0.11103057 0.22022007
v 0.20206019 -0.19986208 0.2200072
v 0.20400442 0.0940759 0.22062275
v 0.2018166 0.08466081 0.23758295
v 0.20146517 0.01693999 0.25613162
v 0.2029507 -0.35507992 0.2467685
v 0.20324863 0.04988471 0.25263605
v 0.20874457 -0.35563701 0.26984462
v 0.20688096 -0.36368001 0.27895129
v 0.19234143 -0.37059951 0.26550519
v 0.19620779 -0.26446244 0.28807175
v 0.20306723 -0.15409836 0.2700429
v 0.20378931 -0.15026493 0.27867717
v 0.20449966 -0.17520308 0.27978998
v 0.20533922 -0.16702577 0.28701922
v 0.20216912 -0.1528047 0.29236466
v 0.20546444 -0.17890695 0.29374957
v 0.20402314 -0.18911271 0.29459265
v 0.2035803 -0.17002027 0.30067885
v 0.20345451 -0.18988638 0.29976624
v 0.20200978 -0.18473849 0.3077524
v 0.20372194 -0.29260799 0.29403871
v 0.20970151 -0.29570001 0.29919347
v 0.20059144 -0.28011474 0.34670943
v 0.19285107 -0.32235086 0.36845735
v 0.19504166 -0.29467753 0.04377325
v 0.19352195 -0.28039783 0.03566826
v 0.19181825 -0.1864756 0.05568543
v 0.19748013 -0.30961442 0.05705608
v 0.19036575 -0.32731059 0.06054636
v 0.20342454 -0.18690017 0.09011919
v 0.19208662 -0.17430712 0.07406379
v 0.19212107 -0.33552644 0.07435872
v 0.1980062 0.0651556 0.10864432
v 0.20022312 0.08484048 0.12057059
v 0.19164538 -0.15764882 0.10499754
v 0.20020933 0.10589916 0.13480031
v 0.20631565 0.08068167 0.13824859
v 0.20022312 0.08484048 0.12057059
v 0.19739266 0.02005315 0.12220222
v 0.19825044 0.00510262 0.14523758
v 0.20026675 0.1211233 0.150861
v 0.19882801 0.1325638 0.14076303
v 0.19849291 0.15303212 0.15283097
v 0.19121265 0.17339371 0.14475048
v 0.20252748 0.16796635 0.15580179
v 0.19782965 0.16437989 0.15308188
v 0.20168312 0.1207486 0.18016742
v 0.19623026 0.29447713 0.1551351
v 0.20680183 0.01616955 0.15664458
v 0.20450519 0.00539969 0.16836065
v 0.19825044 0.00510262 0.14523758
v 0.19901513 -0.15486817 0.16781944
v 0.19602731 -0.00824029 0.16454351
v 0.19643453 -0.01219982 0.17910178
v 0.19602731 -0.00824029 0.16454351
v 0.19643126 -0.15470713 0.19112676
v 0.19892284 0.12505671 0.19633897
v 0.19633229 0.12498502 0.21017975
v 0.19262572 -0.02336255 0.22635889
v 0.19404395 0.15503614 0.22055207
v 0.19741225 -0.01422684 0.234116
v 0.19491737 0.16920865 0.22786367
v 0.19655642 -0.20265926 0.23140624
v 0.19791144 0.11103057 0.22022007
v 0.19032885 0.11414694 0.23855519
v 0.20067118 -0.37533757 0.23204859
v 0.20587361 -0.37105578 0.23321128
v 0.18718934 0.27315748 0.24141981
v 0.19102901 -0.36755475 0.2442469
v 0.19143949 0.24419278 0.24821134
v 0.18921699 0.22338586 0.2475469
v 0.19691548 0.07243901 0.25759715
v 0.19736242 -0.22692713 0.25722465
v 0.1965314 -0.00413272 0.25690722
v 0.19539857 0.05698297 0.26734751
v 0.19473451 0.03989261 0.27391279
v 0.19587059 0.02421478 0.27224737
v 0.20146517 0.01693999 0.25613162
v 0.20029132 -0.13210081 0.26261491
v 0.19981973 -0.15120468 0.25797859
v 0.19990721 -0.16754295 0.26502863
v 0.19800881 -0.12066291 0.26549247
v 0.19609308 -0.11762095 0.2739796
v 0.19981094 -0.18227087 0.27439633
v 0.19505264 -0.24960233 0.28394517
v 0.19981094 -0.18227087 0.27439633
v 0.20402314 -0.18911271 0.29459265
v 0.19853663 -0.19006404 0.28249404
v 0.19441007 -0.27597433 0.29530269
v 0.20317782 -0.36885843 0.29199514
v 0.19181016 -0.37615296 0.27979195
v 0.19624794 -0.1466832 0.30374178
v 0.19701703 -0.16341025 0.3133907
v 0.19639637 -0.17686471 0.32123214
v 0.19331509 -0.27991268 0.31768906
v 0.1896791 -0.35414982 0.35789633
v 0.19357993 -0.30272067 0.3635008
v 0.1892152 -0.33552286 0.3681531
v 0.18933369 -0.23088628 0.02887007
v 0.19754814 -0.22479691 0.0437608
v 0.1973711 -0.24266638 0.03928522
v 0.19077595 -0.25843635 0.02836155
v 0.18947639 -0.19911475 0.0412311
v 0.19215193 -0.16467242 0.09254904
v 0.19215193 -0.16467242 0.09254904
v 0.19302218 0.03479648 0.10135674
v 0.19236802 0.09934804 0.10628253
v 0.1949158 -0.15507634 0.12539506
v 0.19371635 0.12679517 0.12323561
v 0.19807139 0.1219368 0.13793829
v 0.19371635 0.12679517 0.12323561
v 0.19261265 0.13886024 0.12774304
v 0.19304366 -0.14127934 0.14124869
v 0.19509107 0.1577803 0.14830087
v 0.19427983 -0.13832067 0.16127218
v 0.19537611 -0.14093718 0.16887543
v 0.20058496 -0.35508028 0.15102531
v 0.20289434 -0.35608536 0.16872104
v 0.1935194 -0.36417484 0.16742739
v 0.19454347 -0.1429214 0.19425191
v 0.19638789 -0.16460863 0.19600372
v 0.18051508 0.29560706 0.18858221
v 0.19064179 -0.0240539 0.19440782
v 0.19257163 -0.17686792 0.20588318
v 0.1958224 0.14018525 0.20834108
v 0.19876513 0.14739245 0.20651099
v 0.19404395 0.15503614 0.22055207
v 0.19027215 0.14870299 0.22247216
v 0.1958224 0.14018525 0.20834108
v 0.18764947 -0.18735947 0.22504285
v 0.18693593 0.29692617 0.22320367
v 0.18635875 0.16075239 0.22898075
v 0.19633229 0.12498502 0.21017975
v 0.19149989 0.12312407 0.22818713
v 0.1857017 0.18061307 0.23661256
v 0.18479146 0.27967227 0.2377788
v 0.18877308 -0.37686118 0.23980007
v 0.191737 -0.21120284 0.24926549
v 0.17931977 0.2489872 0.24635582
v 0.19236515 -0.01613499 0.25360996
v 0.19623713 -0.15610956 0.2515687
v 0.19491647 -0.15292539 0.23658639
v 0.19654886 -0.13429333 0.24752875
v 0.19065166 0.09481613 0.25529614
v 0.19691548 0.07243901 0.25759715
v 0.2018166 0.08466081 0.23758295
v 0.19273995 -0.10199989 0.24843597
v 0.19655895 -0.12699091 0.24893183
v 0.19913374 -0.35680342 0.25416052
v 0.19361286 -0.36318371 0.2495828
v 0.19351538 0.00291577 0.27154166
v 0.19306967 -0.17028992 0.2534433
v 0.19294135 -0.10182157 0.26163596
v 0.19351538 0.00291577 0.27154166
v 0.18856162 -0.23439375 0.28280643
v 0.19504997 -0.12884094 0.29020092
v 0.19568093 -0.20066352 0.30303457
v 0.19437596 -0.19668499 0.28778076
v 0.19373026 -0.28092635 0.30252245
v 0.20345451 -0.18988638 0.29976624
v 0.19373026 -0.28092635 0.30252245
v 0.19504894 -0.20243329 0.31313792
v 0.1953381 -0.19549733 0.32336876
v 0.19504894 -0.20243329 0.31313792
v 0.19573142 -0.18615772 0.32410052
v 0.18571222 -0.27995256 0.32256821
v 0.18349154 -0.28130785 0.33500856
v 0.20059144 -0.28011474 0.34670943
v 0.18822154 -0.36311257 0.34956461
v 0.19216457 -0.29346174 0.35816944
v 0.18657143 -0.34925336 0.36421686
v 0.18854372 -0.3135353 0.36793157
v 0.1869348 -0.21553712 0.02902601
v 0.18973842 -0.31188408 0.045463
v 0.18630005 -0.18484837 0.04457362
v 0.18339047 -0.32312438 0.04496747
v 0.18962534 0.06272738 0.09155165
v 0.18947914 0.04803444 0.09102517
v 0.20175609 -0.34550869 0.11972173
v 0.18520756 -0.35429978 0.09632567
v 0.19099437 -0.34644949 0.09092611
v 0.18814182 -0.35960999 0.12181421
v 0.18620531 0.1313621 0.10579252
v 0.18673933 -0.14271347 0.107565
v 0.18886378 -0.13773169 0.12245536
v 0.18880698 0.0038434 0.12192738
v 0.18734349 0.16053787 0.13195407
v 0.18767227 0.16811444 0.13749698
v 0.18928973 -0.01733384 0.16159497
v 0.18593027 -0.10237231 0.1631566
v 0.17402655 0.28196907 0.16945612
v 0.17836705 0.291206 0.18101236
v 0.19602731 -0.00824029 0.16454351
v 0.19643453 -0.01219982 0.17910178
v 0.18928973 -0.01733384 0.16159497
v 0.18876505 -0.10773586 0.1847849
v 0.19246599 -0.12578164 0.18835483
v 0.18858227 -0.10195977 0.20813422
v 0.19345956 -0.13108936 0.20587984
v 0.19472246 -0.1539025 0.20325764
v 0.19328673 -0.12238172 0.22295284
v 0.19307011 -0.16818984 0.20837252
v 0.18836138 -0.18017231 0.21615224
v 0.19461484 -0.14154379 0.22423173
v 0.19099876 0.13562861 0.22144856
v 0.19224697 -0.16633362 0.22044779
v 0.18804857 -0.09275565 0.23159257
v 0.19027215 0.14870299 0.22247216
v 0.18813317 0.16909103 0.23069562
v 0.19176739 -0.10249335 0.24207939
v 0.19480327 -0.12488542 0.23893809
v 0.19158778 -0.16983955 0.23869151
v 0.18376917 -0.03240333 0.25075141
v 0.184533 -0.37543041 0.24257582
v 0.19032885 0.11414694 0.23855519
v 0.17915519 0.12319238 0.25569683
v 0.18796773 -0.08608712 0.25001299
v 0.18763809 0.08380663 0.26962644
v 0.1965314 -0.00413272 0.25690722
v 0.1870842 -0.01540006 0.27098623
v 0.19236515 -0.01613499 0.25360996
v 0.18956642 -0.18117534 0.25661355
v 0.18844312 -0.21897416 0.26658255
v 0.18956642 -0.18117534 0.25661355
v 0.19212291 -0.18643683 0.26616329
v 0.18698156 0.024938 0.28960088
v 0.18800053 0.00967437 0.28569672
v 0.18638605 -0.00155508 0.28390181
v 0.18741728 -0.10553447 0.2838209
v 0.1872001 -0.25976148 0.29880023
v 0.18987538 -0.20918515 0.30968606
v 0.18688922 -0.27822733 0.31264207
v 0.18503839 -0.15864341 0.33393934
v 0.19003963 -0.16988216 0.33153474
v 0.18543816 -0.18248877 0.34525385
v 0.18324007 -0.20110349 0.3493751
v 0.18349154 -0.28130785 0.33500856
v 0.18712957 -0.28650323 0.34953904
v 0.18657143 -0.34925336 0.36421686
v 0.18342651 -0.29460177 0.02637267
v 0.17978792 -0.19323054 0.02801777
v 0.17971383 -0.33895805 0.0571928
v 0.18385532 -0.15686259 0.07586341
v 0.18488578 0.08785441 0.08744965
v 0.18259913 -0.14570525 0.08712203
v 0.18722269 0.03263232 0.09123506
v 0.18259913 -0.14570525 0.08712203
v 0.19068319 0.01828147 0.10824147
v 0.18378459 0.02225327 0.0921136
v 0.18757369 0.14783835 0.12081421
v 0.18344413 -0.11239219 0.12724927
v 0.1859989 0.26602364 0.14054804
v 0.17519113 0.26827407 0.15155558
v 0.19979103 0.28297767 0.13992392
v 0.17848977 -0.01921052 0.13224551
v 0.19064179 -0.0240539 0.19440782
v 0.19262572 -0.02336255 0.22635889
v 0.18320641 -0.03540186 0.21457745
v 0.17435125 0.2910288 0.2130743
v 0.18577263 -0.08702325 0.22683135
v 0.18670154 -0.1809715 0.22332427
v 0.17865741 0.28281921 0.23173362
v 0.18078697 0.15649238 0.233781
v 0.18608037 0.1384301 0.23118189
v 0.18413877 -0.18390736 0.23606229
v 0.17865741 0.28281921 0.23173362
v 0.18322881 -0.20065759 0.24927129
v 0.17105341 0.19182557 0.24210243
v 0.18793193 -0.17981368 0.24855712
v 0.18648529 -0.37156954 0.25165859
v 0.18573037 -0.02218206 0.26503226
v 0.18376917 -0.03240333 0.25075141
v 0.18570003 -0.08795201 0.26794043
v 0.17927197 -0.21274996 0.27107513
v 0.18300994 -0.37826666 0.26789331
v 0.18583669 0.06610035 0.28188992
v 0.19539857 0.05698297 0.26734751
v 0.1872514 0.04538011 0.28684855
v 0.19473451 0.03989261 0.27391279
v 0.18698156 0.024938 0.28960088
v 0.18687014 -0.12177975 0.30088833
v 0.18856162 -0.23439375 0.28280643
v 0.17666169 -0.24601161 0.30164206
v 0.1872001 -0.25976148 0.29880023
v 0.18541303 -0.27325284 0.3073884
v 0.18692248 -0.13865317 0.31556222
v 0.18688922 -0.27822733 0.31264207
v 0.18577136 -0.21509661 0.32459077
v 0.17953354 -0.27825561 0.32103795
v 0.18921252 -0.20626855 0.33208078
v 0.18577136 -0.21509661 0.32459077
v 0.18419927 -0.29356012 0.35529488
v 0.19216457 -0.29346174 0.35816944
v 0.18618222 -0.29815024 0.35819355
v 0.18147631 -0.30052382 0.36042506
v 0.17981853 -0.25479853 0.01251202
v 0.19077595 -0.25843635 0.02836155
v 0.1777795 -0.27895495 0.01323561
v 0.17908081 -0.30935857 0.02795295
v 0.17709759 -0.15570506 0.05790228
v 0.17911787 0.06908324 0.07473902
v 0.1801234 0.12017202 0.08827933
v 0.18180314 0.00754882 0.10110883
v 0.18620531 0.1313621 0.10579252
v 0.17898764 0.15234853 0.10585488
v 0.18757369 0.14783835 0.12081421
v 0.1808688 0.17186771 0.12902607
v 0.18734349 0.16053787 0.13195407
v 0.17869748 -0.01137016 0.11840903
v 0.17921056 -0.07830671 0.16547307
v 0.18285009 -0.08683571 0.17838985
v 0.17922075 -0.0724742 0.19692288
v 0.1666486 0.2857883 0.20042655
v 0.18122064 -0.07556727 0.22012109
v 0.18215646 -0.03712832 0.23523189
v 0.18207403 -0.07514501 0.2345659
v 0.16921516 0.28274414 0.2234173
v 0.17828324 0.17436568 0.23628138
v 0.17744641 0.16640785 0.2359214
v 0.18608037 0.1384301 0.23118189
v 0.18332918 -0.18948629 0.23708019
v 0.17993793 0.14173356 0.24123071
v 0.16250744 0.19582304 0.24352084
v 0.18376917 -0.03240333 0.25075141
v 0.16577852 0.2268694 0.24658535
v 0.18030223 -0.06981754 0.24541393
v 0.18793193 -0.17981368 0.24855712
v 0.18183589 -0.18918361 0.25245687
v 0.18413877 -0.18390736 0.23606229
v 0.18036743 -0.07361417 0.25783622
v 0.18078491 -0.19458525 0.2583262
v 0.18021646 0.08993236 0.27977797
v 0.17497431 -0.08956172 0.2874862
v 0.17906888 -0.10987508 0.30182031
v 0.17930928 0.0104894 0.29824331
v 0.18800053 0.00967437 0.28569672
v 0.17293029 -0.2620362 0.31428379
v 0.18541303 -0.27325284 0.3073884
v 0.17807144 -0.13648643 0.32782346
v 0.18541303 -0.27325284 0.3073884
v 0.17675713 -0.27350482 0.31759897
v 0.18688922 -0.27822733 0.31264207
v 0.17953354 -0.27825561 0.32103795
v 0.18921252 -0.20626855 0.33208078
v 0.17914242 -0.22086492 0.33770719
v 0.17999813 -0.17405859 0.35259786
v 0.18088883 -0.21360074 0.34510586
v 0.17285851 -0.37380701 0.34824204
v 0.17817469 -0.37672761 0.33459684
v 0.18928355 -0.3702333 0.33429497
v 0.18104106 -0.19187266 0.35515136
v 0.17666847 -0.30440259 0.36405557
v 0.17648073 -0.31228566 0.36844072
v 0.17529929 -0.32932606 0.37271467
v 0.17601974 -0.34218907 0.3713344
v 0.17728071 -0.22557992 0.01247695
v 0.17981853 -0.25479853 0.01251202
v 0.16850407 -0.19652264 0.00994071
v 0.17276479 -0.29775283 0.01364599
v 0.17105412 -0.16997485 0.02904444
v 0.17908081 -0.30935857 0.02795295
v 0.18339047 -0.32312438 0.04496747
v 0.17289013 -0.32457945 0.03191531
v 0.17599978 -0.16410673 0.04491096
v 0.17292279 -0.3381483 0.04610082
v 0.19036575 -0.32731059 0.06054636
v 0.1772639 -0.1405066 0.07534536
v 0.17539379 0.10468909 0.0753542
v 0.17908376 0.04827219 0.07500336
v 0.17673805 0.03245976 0.07609832
v 0.18722269 0.03263232 0.09123506
v 0.18378459 0.02225327 0.0921136
v 0.1729065 0.14523076 0.08896776
v 0.17850409 -0.12824081 0.09104944
v 0.17898764 0.15234853 0.10585488
v 0.17854337 -0.1119362 0.10654256
v 0.17191859 -0.01569889 0.10816716
v 0.18767227 0.16811444 0.13749698
v 0.19121265 0.17339371 0.14475048
v 0.1808688 0.17186771 0.12902607
v 0.17376183 0.1908147 0.13333687
v 0.17666546 -0.09254554 0.12475134
v 0.17955837 -0.0880259 0.14670163
v 0.17376183 0.1908147 0.13333687
v 0.17939503 0.18605514 0.13611014
v 0.19121265 0.17339371 0.14475048
v 0.17442806 -0.03678185 0.16617551
v 0.16831703 -0.03951271 0.15260132
v 0.17688806 -0.06831606 0.17837644
v 0.17263032 -0.04692605 0.19530246
v 0.18320641 -0.03540186 0.21457745
v 0.18215646 -0.03712832 0.23523189
v 0.17440577 -0.04892098 0.22634906
v 0.17132851 0.17708313 0.23955287
v 0.16905271 0.26802006 0.23783834
v 0.17254962 0.15595841 0.24510303
v 0.16051356 0.25045854 0.2420973
v 0.17193335 0.21845338 0.24680276
v 0.17550221 -0.06213779 0.23407011
v 0.17947459 -0.19484915 0.25075078
v 0.18183589 -0.18918361 0.25245687
v 0.17799772 -0.37946737 0.25058368
v 0.18078491 -0.19458525 0.2583262
v 0.17951374 -0.19940659 0.25587443
v 0.1822269 -0.19642691 0.26715311
v 0.17799085 -0.20078555 0.26590821
v 0.17951374 -0.19940659 0.25587443
v 0.17294635 -0.06990156 0.26860258
v 0.17471997 -0.20861696 0.27480093
v 0.17102399 -0.22119313 0.28729403
v 0.17315902 0.07913417 0.29794243
v 0.18638605 -0.00155508 0.28390181
v 0.17590408 0.05372 0.30171081
v 0.17455246 0.04289297 0.30562985
v 0.17443809 0.02982329 0.30604562
v 0.17707668 -0.22345662 0.32458362
v 0.17447354 -0.22179252 0.31046689
v 0.17675713 -0.27350482 0.31759897
v 0.17486034 -0.28092358 0.33031312
v 0.1775303 -0.15830378 0.34639889
v 0.17486034 -0.28092358 0.33031312
v 0.16859727 -0.28712952 0.34086478
v 0.17453852 -0.29337496 0.35211182
v 0.17496212 -0.20257342 0.36382988
v 0.17196071 -0.36451778 0.3613044
v 0.17120576 -0.35557613 0.36821178
v 0.16549389 -0.24606541 -0.00417055
v 0.16877794 -0.18095139 0.01811402
v 0.16964515 0.04922798 0.06290443
v 0.17008945 -0.13825291 0.05796676
v 0.17038828 -0.11851859 0.07479393
v 0.17143235 0.1238476 0.07520409
v 0.16979387 0.02195897 0.07199466
v 0.17248966 0.00333568 0.08917349
v 0.17127416 -0.10477003 0.09007326
v 0.17850409 -0.12824081 0.09104944
v 0.17854337 -0.1119362 0.10654256
v 0.17156787 -0.0913 0.10637085
v 0.17155474 0.16636573 0.10391772
v 0.17156787 -0.0913 0.10637085
v 0.17199266 -0.07279159 0.13625
v 0.17249291 -0.06271607 0.1577145
v 0.16884704 0.28501457 0.18582813
v 0.16958772 -0.05031364 0.18008043
v 0.17290081 -0.057107 0.20180717
v 0.17332526 -0.05706416 0.22997825
v 0.16818717 0.16854669 0.24431431
v 0.17349266 -0.04856091 0.2494555
v 0.17203338 -0.05700598 0.24614362
v 0.16341983 0.24461393 0.24422112
v 0.17242554 0.1302609 0.26298341
v 0.17112745 -0.04437023 0.26870725
v 0.17799085 -0.20078555 0.26590821
v 0.17954196 -0.20458759 0.28217828
v 0.17471997 -0.20861696 0.27480093
v 0.17163652 -0.08027702 0.28176874
v 0.17484747 -0.20815004 0.28246328
v 0.17102399 -0.22119313 0.28729403
v 0.1634488 -0.2351045 0.30262288
v 0.17249237 -0.001675 0.30212215
v 0.16869104 0.01385236 0.31060708
v 0.17142019 -0.1109596 0.31303459
v 0.1699129 -0.27619314 0.32418904
v 0.17130263 -0.14870612 0.34739184
v 0.16872059 -0.22971267 0.3530513
v 0.17914242 -0.22086492 0.33770719
v 0.17234135 -0.21882819 0.3611457
v 0.17300379 -0.18063109 0.3651818
v 0.16984382 -0.19718087 0.37150744
v 0.17120576 -0.35557613 0.36821178
v 0.16130352 -0.325156 0.37378323
v 0.16834593 -0.2641322 -0.00016521
v 0.16627216 -0.27769008 -0.00052515
v 0.16697332 -0.2335811 -0.0014237
v 0.1777795 -0.27895495 0.01323561
v 0.16854176 -0.30802411 0.01412371
v 0.16741638 -0.14855868 0.0426257
v 0.16802385 0.06203035 0.06022136
v 0.16964515 0.04922798 0.06290443
v 0.17908376 0.04827219 0.07500336
v 0.16516915 -0.01137903 0.0924054
v 0.17212795 0.18386935 0.1250103
v 0.17199266 -0.07279159 0.13625
v 0.16488764 -0.06593236 0.12265137
v 0.17249291 -0.06271607 0.1577145
v 0.16733891 -0.04953098 0.16436072
v 0.1713784 -0.05166801 0.19836366
v 0.1713784 -0.05166801 0.19836366
v 0.17262354 -0.05305078 0.23083854
v 0.17262354 -0.05305078 0.23083854
v 0.16395393 0.18608141 0.24285391
v 0.17139903 -0.05365029 0.24687783
v 0.17139903 -0.05365029 0.24687783
v 0.17349266 -0.04856091 0.2494555
v 0.16137163 0.13155876 0.2795473
v 0.17040451 0.10213586 0.28792292
v 0.1716765 -0.21209563 0.28061321
v 0.1716765 -0.21209563 0.28061321
v 0.17005518 -0.21658687 0.28837305
v 0.16767131 0.08713594 0.30231375
v 0.17669104 -0.21136387 0.29138839
v 0.17532696 -0.02001342 0.28700468
v 0.16410172 -0.01858422 0.30205044
v 0.17063828 0.0689234 0.30476663
v 0.17497431 -0.08956172 0.2874862
v 0.16493693 -0.09980619 0.30847085
v 0.17142019 -0.1109596 0.31303459
v 0.16156472 -0.2555804 0.31870317
v 0.16552748 0.03389108 0.31570849
v 0.1712666 -0.1307954 0.33173445
v 0.17094085 -0.23030965 0.34119937
v 0.16872059 -0.22971267 0.3530513
v 0.16998698 -0.16369873 0.36055809
v 0.16998698 -0.16369873 0.36055809
v 0.16523224 -0.17541526 0.37136725
v 0.17300379 -0.18063109 0.3651818
v 0.15754361 -0.31015569 0.36544362
v 0.16013913 -0.31775859 0.37092307
v 0.16192369 -0.1545554 0.02727304
v 0.1606079 -0.33507162 0.02763247
v 0.17292279 -0.3381483 0.04610082
v 0.17971383 -0.33895805 0.0571928
v 0.17080617 -0.34830755 0.05778997
v 0.16534165 -0.12096827 0.06095308
v 0.16349562 0.03290969 0.05960042
v 0.17673805 0.03245976 0.07609832
v 0.16272719 -0.09856948 0.07439834
v 0.16626823 -0.08448105 0.09927178
v 0.16518299 0.15826291 0.08663317
v 0.15648213 0.18933946 0.10389272
v 0.16479781 0.1951375 0.12672992
v 0.16103217 0.20781565 0.13565506
v 0.15723203 -0.0392301 0.12063236
v 0.15981047 -0.04920264 0.13691361
v 0.16446787 -0.04969525 0.15185465
v 0.16446787 -0.04969525 0.15185465
v 0.17722383 0.27505961 0.15572162
v 0.15780978 0.26879066 0.17117475
v 0.16958772 -0.05031364 0.18008043
v 0.16733891 -0.04953098 0.16436072
v 0.16764137 -0.04600104 0.16403204
v 0.14659898 0.27010861 0.20189501
v 0.16284882 0.27552348 0.22668493
v 0.15724775 0.2661843 0.23207781
v 0.15353937 0.23676327 0.24331461
v 0.15761483 0.20870994 0.24488516
v 0.16083325 0.1787632 0.24667361
v 0.1581296 0.15884992 0.26499921
v 0.16647702 -0.0558765 0.25988069
v 0.16076235 -0.05970553 0.27081686
v 0.17532696 -0.02001342 0.28700468
v 0.15955527 -0.04719618 0.2843402
v 0.17005518 -0.21658687 0.28837305
v 0.17163652 -0.08027702 0.28176874
v 0.16385613 -0.07992034 0.28888831
v 0.16275705 -0.22799402 0.29962757
v 0.1699129 -0.27619314 0.32418904
v 0.16197512 -0.1231396 0.33376339
v 0.1712666 -0.1307954 0.33173445
v 0.16148932 -0.27966732 0.33151767
v 0.16233937 -0.28294188 0.33397782
v 0.16276442 -0.14080863 0.34901926
v 0.17130263 -0.14870612 0.34739184
v 0.16341054 -0.29635081 0.35273725
v 0.15638392 -0.3701652 0.36313972
v 0.16094634 -0.21655352 0.37788022
v 0.16169123 -0.35417539 0.37180007
v 0.15834765 -0.34644151 0.37396324
v 0.15847333 -0.29127213 -0.00441527
v 0.17276479 -0.29775283 0.01364599
v 0.15825737 -0.16595477 0.01265731
v 0.15525521 -0.11760449 0.04237195
v 0.15826191 0.12852171 0.06056366
v 0.15864924 0.10221429 0.05320388
v 0.16674583 0.08939192 0.06027396
v 0.16460541 0.14116351 0.0744515
v 0.15649475 0.17634436 0.08927482
v 0.15774629 -0.06280487 0.10662899
v 0.16130254 -0.04039782 0.13386227
v 0.16183347 -0.04586008 0.14421904
v 0.16446787 -0.04969525 0.15185465
v 0.14882839 0.26944751 0.18958205
v 0.15724775 0.2661843 0.23207781
v 0.15471774 0.19263497 0.24505435
v 0.15943386 -0.05703329 0.2716983
v 0.15577471 -0.04765443 0.28885898
v 0.15955527 -0.04719618 0.2843402
v 0.15602043 -0.06857798 0.28318053
v 0.15809873 0.10920213 0.30164859
v 0.15580817 -0.08759185 0.30312213
v 0.16721156 -0.21986979 0.29701313
v 0.16208459 -0.22618952 0.30299148
v 0.16275705 -0.22799402 0.29962757
v 0.1497778 -0.01701025 0.31681162
v 0.15971634 0.07047242 0.31752205
v 0.15945989 0.05961815 0.31901148
v 0.15534827 0.00422974 0.32010591
v 0.1515796 0.04588158 0.32751122
v 0.15608394 -0.27377731 0.33051237
v 0.16276442 -0.14080863 0.34901926
v 0.16254619 -0.16037337 0.36507186
v 0.16998698 -0.16369873 0.36055809
v 0.15323971 -0.36334178 0.36990783
v 0.16254619 -0.16037337 0.36507186
v 0.15673296 -0.17161007 0.37650576
v 0.15425439 -0.22828034 0.37916675
v 0.15323971 -0.36334178 0.36990783
v 0.16163082 -0.19055839 0.37915063
v 0.16984382 -0.19718087 0.37150744
v 0.16243745 -0.20291223 0.37940624
v 0.16243745 -0.20291223 0.37940624
v 0.1505471 -0.25251383 -0.01937567
v 0.15468287 -0.18261921 -0.00190642
v 0.15276846 -0.3093662 -0.00051956
v 0.16007394 -0.32110611 0.01446874
v 0.14799006 -0.14953128 0.00949268
v 0.15509729 -0.14084272 0.02610367
v 0.1606079 -0.33507162 0.02763247
v 0.15466073 -0.34972739 0.03922758
v 0.15561669 0.04923703 0.0478825
v 0.15346318 -0.10472731 0.04915595
v 0.1571278 0.0162284 0.06000262
v 0.15349956 0.14168029 0.06103136
v 0.16537601 0.00488398 0.07760686
v 0.15421246 -0.0819006 0.0736483
v 0.15618671 -0.07251085 0.08964482
v 0.15139529 -0.03791693 0.10613842
v 0.15447173 0.20681562 0.12669948
v 0.15345155 -0.04705309 0.12092043
v 0.16183347 -0.04586008 0.14421904
v 0.14826502 0.26551759 0.18081175
v 0.14578722 0.26879507 0.21263492
v 0.14967348 0.20406432 0.24453802
v 0.15111879 0.18922341 0.24970035
v 0.15363206 0.17808165 0.25681376
v 0.16076235 -0.05970553 0.27081686
v 0.15201683 -0.06017146 0.2786105
v 0.17178026 -0.38461283 0.27786601
v 0.16136518 -0.38695571 0.29768866
v 0.15487173 -0.38744238 0.27573565
v 0.156735 -0.03254818 0.30109039
v 0.1528648 0.09925923 0.31495395
v 0.1559574 -0.10670427 0.32245696
v 0.1525017 -0.24244536 0.31546345
v 0.15332115 0.08719371 0.32028288
v 0.15778461 0.0264431 0.32210273
v 0.15075009 -0.2645987 0.32920054
v 0.15608394 -0.27377731 0.33051237
v 0.14654619 -0.2928572 0.34240457
v 0.15541549 -0.14879128 0.36079952
v 0.17234135 -0.21882819 0.3611457
v 0.1577432 -0.23638956 0.36563668
v 0.16254619 -0.16037337 0.36507186
v 0.15345787 -0.16732314 0.37558374
v 0.15673296 -0.17161007 0.37650576
v 0.14741458 -0.32934198 0.37524834
v 0.15930596 -0.20951356 -0.00571111
v 0.1510483 -0.22871581 -0.01769725
v 0.14802636 -0.27661699 -0.01828505
v 0.15488262 0.16098386 0.07414539
v 0.16537601 0.00488398 0.07760686
v 0.16516915 -0.01137903 0.0924054
v 0.15180492 -0.01470604 0.0778029
v 0.14300899 -0.03662886 0.09101625
v 0.15180492 -0.01470604 0.0778029
v 0.14918756 -0.05073513 0.10486442
v 0.14949694 0.19754964 0.1043556
v 0.14702258 0.2581414 0.17002861
v 0.15780978 0.26879066 0.17117475
v 0.14816037 0.26680842 0.22345796
v 0.14942172 0.25368804 0.2365616
v 0.15943386 -0.05703329 0.2716983
v 0.1424842 0.13431039 0.30348873
v 0.15663877 -0.23261964 0.30733338
v 0.15332852 -0.13090977 0.34652448
v 0.15345787 -0.16732314 0.37558374
v 0.14639901 -0.356783 0.37374556
v 0.15302394 -0.18722305 0.38440102
v 0.15392216 -0.20662312 0.38682884
v 0.16094634 -0.21655352 0.37788022
v 0.14339867 -0.2215202 0.39251021
v 0.14712261 -0.21113423 -0.01873742
v 0.15096907 -0.32571539 0.00973776
v 0.14601384 -0.12454876 0.02127036
v 0.14203496 -0.08865255 0.04348461
v 0.14104445 0.15893137 0.0573071
v 0.14948533 0.00375849 0.05970566
v 0.14112514 0.18192041 0.07551199
v 0.14885229 0.18732069 0.09055834
v 0.14834647 -0.04530846 0.10821719
v 0.15345155 -0.04705309 0.12092043
v 0.15447173 0.20681562 0.12669948
v 0.14819889 0.219648 0.13793932
v 0.16103217 0.20781565 0.13565506
v 0.14338744 -0.06279962 0.28623819
v 0.14670739 0.14871596 0.28850919
v 0.14419009 -0.07587291 0.29683661
v 0.15650998 -0.23146969 0.31069073
v 0.15072332 -0.23753083 0.31550762
v 0.15663877 -0.23261964 0.30733338
v 0.15072332 -0.23753083 0.31550762
v 0.1423507 -0.01141794 0.32523564
v 0.14594609 -0.25283059 0.32594919
v 0.14060165 0.07623179 0.33509997
v 0.14554296 0.0666587 0.33149242
v 0.14346059 0.0582681 0.33258131
v 0.14376353 0.02550535 0.33256799
v 0.14490426 -0.28725228 0.33863842
v 0.14260504 -0.30216524 0.34887403
v 0.14333016 -0.1481424 0.3641091
v 0.15001447 -0.3140651 0.36559823
v 0.14668003 -0.32521173 0.37413231
v 0.15425439 -0.22828034 0.37916675
v 0.1434999 -0.23879407 0.38261074
v 0.1404577 -0.18595894 0.38955909
v 0.1404577 -0.18595894 0.38955909
v 0.15425439 -0.22828034 0.37916675
v 0.14295374 -0.20062131 0.3933014
v 0.13868992 -0.18853451 -0.02134841
v 0.13746412 -0.1461046 -0.00259801
v 0.1479836 0.03756802 0.04260095
v 0.14091504 -0.06052739 0.07545255
v 0.14084838 -0.05061679 0.08806636
v 0.14115468 -0.0454307 0.09287734
v 0.14834647 -0.04530846 0.10821719
v 0.14054798 0.21885411 0.12356889
v 0.14862901 0.22417156 0.14473824
v 0.15085988 0.22843534 0.14811745
v 0.14862901 0.22417156 0.14473824
v 0.1405711 0.2323446 0.15250702
v 0.13229465 0.2478395 0.22993144
v 0.13887505 0.24002095 0.23751903
v 0.13799256 0.21583907 0.24168026
v 0.14423469 0.20185925 0.24596143
v 0.13998581 0.18739684 0.26835009
v 0.1423205 0.17659976 0.27476305
v 0.14142691 -0.05097475 0.3020972
v 0.14193299 -0.03296224 0.31517264
v 0.14347917 -0.09219768 0.31427518
v 0.14067875 -0.2471171 0.32690859
v 0.1417588 -0.10622323 0.32870856
v 0.14147258 -0.12474059 0.34536725
v 0.14019667 -0.31271145 0.35813507
v 0.14064896 -0.16429187 0.37682569
v 0.13784966 -0.36790875 0.36994815
v 0.14114635 -0.17514627 0.38371778
v 0.14278877 -0.22940575 0.38947231
v 0.1434999 -0.23879407 0.38261074
v 0.13724421 -0.21421559 0.39718795
v 0.13993266 -0.10105753 0.02843053
v 0.13601871 0.0533136 0.02944652
v 0.14085287 0.01904845 0.0422182
v 0.13774268 -0.08054324 0.04531014
v 0.13624167 0.1441049 0.04501065
v 0.13702877 0.17058299 0.06151247
v 0.14105588 -0.04104199 0.09175842
v 0.1362984 0.20128351 0.0915981
v 0.14949694 0.19754964 0.1043556
v 0.14885229 0.18732069 0.09055834
v 0.14046574 0.20594582 0.10309839
v 0.14115468 -0.0454307 0.09287734
v 0.12615763 0.25046629 0.2227412
v 0.13229465 0.2478395 0.22993144
v 0.13630217 0.20696558 0.24857315
v 0.15201683 -0.06017146 0.2786105
v 0.15577471 -0.04765443 0.28885898
v 0.14338744 -0.06279962 0.28623819
v 0.13835581 -0.0681609 0.29134414
v 0.14563017 -0.24099544 0.32100111
v 0.13867253 0.00159182 0.33185226
v 0.1409352 0.0963553 0.32858115
v 0.12876141 0.04514015 0.34223059
v 0.13848868 -0.27524534 0.33735579
v 0.14490426 -0.28725228 0.33863842
v 0.13911752 -0.31958762 0.36717555
v 0.1395853 -0.3403331 0.37566745
v 0.13437857 -0.36212781 0.37433851
v 0.13830744 -0.11946814 0.01222919
v 0.14152472 -0.32430169 0.00106711
v 0.14091693 -0.34027094 0.01518353
v 0.14498186 -0.35556063 0.03833176
v 0.14091693 -0.34027094 0.01518353
v 0.12707351 -0.0854257 0.02282171
v 0.14204924 0.1251307 0.04288773
v 0.13979937 -0.07300345 0.05834889
v 0.1346589 0.22953096 0.14368954
v 0.1405711 0.2323446 0.15250702
v 0.13388184 0.24773854 0.17138951
v 0.12723143 0.24976152 0.18207332
v 0.14702258 0.2581414 0.17002861
v 0.12946214 0.2548922 0.18927783
v 0.12985595 0.22587487 0.23738489
v 0.13421026 0.17113045 0.28935012
v 0.12890898 -0.04782375 0.31605181
v 0.13010867 0.13057525 0.31841376
v 0.12306869 -0.03417617 0.32934591
v 0.14594609 -0.25283059 0.32594919
v 0.14067875 -0.2471171 0.32690859
v 0.1359131 -0.25479206 0.33307612
v 0.13052873 0.01210178 0.33883795
v 0.1359131 -0.25479206 0.33307612
v 0.11794942 0.06006853 0.35452083
v 0.13089924 -0.29062781 0.34135953
v 0.13635537 -0.29530951 0.34222829
v 0.12718776 -0.32876369 0.37116179
v 0.13437857 -0.36212781 0.37433851
v 0.12941562 -0.21013917 -0.03540054
v 0.13794932 -0.23009869 -0.03029673
v 0.1249597 -0.18671407 -0.03394634
v 0.13215791 -0.17007814 -0.02065751
v 0.14051522 -0.16724509 -0.01019955
v 0.1298905 -0.0456293 0.07509365
v 0.1298905 -0.0456293 0.07509365
v 0.1270075 0.21923772 0.10638219
v 0.1346589 0.22953096 0.14368954
v 0.13193937 0.23645361 0.15874361
v 0.1405711 0.2323446 0.15250702
v 0.124136 0.2531485 0.19823535
v 0.12784694 0.25591916 0.21236396
v 0.12917593 0.22077526 0.24074541
v 0.12485697 0.18909848 0.28595006
v 0.13074006 -0.0647759 0.2950725
v 0.12838683 -0.06909852 0.29517952
v 0.12614989 0.16424084 0.3030622
v 0.11919809 -0.08245629 0.31064683
v 0.12368128 -0.02220026 0.3338919
v 0.12879114 0.10706453 0.33260277
v 0.12401941 0.09461062 0.34141666
v 0.12999246 -0.10353534 0.328215
v 0.14067875 -0.2471171 0.32690859
v 0.13867293 -0.24816997 0.33312097
v 0.1359131 -0.25479206 0.33307612
v 0.13867293 -0.24816997 0.33312097
v 0.13404156 -0.25294298 0.33468711
v 0.12621832 0.07801996 0.34569609
v 0.13089924 -0.29062781 0.34135953
v 0.12671776 -0.30556616 0.34574729
v 0.13370182 -0.13832919 0.35595915
v 0.13133448 -0.33571848 0.37560108
v 0.12587801 -0.35011593 0.37730002
v 0.12576669 -0.35759598 0.37662432
v 0.12724255 -0.17111945 0.38131613
v 0.14456835 -0.24668792 0.3697978
v 0.1313322 -0.24843581 0.38360023
v 0.12867752 -0.23747902 0.39617592
v 0.14295374 -0.20062131 0.3933014
v 0.12591459 -0.20869507 0.40102503
v 0.13724421 -0.21421559 0.39718795
v 0.12337866 -0.23013978 0.40188369
v 0.13053332 -0.29212067 -0.02618722
v 0.14229992 -0.29736483 -0.01571021
v 0.13739857 -0.30853105 -0.0127738
v 0.12334751 -0.11736646 -0.00610669
v 0.1250665 -0.09672112 0.00966954
v 0.12563375 -0.36045313 0.03021487
v 0.12174024 -0.3549974 0.0198781
v 0.13078889 0.10833474 0.02859772
v 0.14676733 0.10474198 0.04186167
v 0.1342461 0.08397261 0.02792856
v 0.1342461 0.08397261 0.02792856
v 0.14676733 0.10474198 0.04186167
v 0.14701509 0.08782791 0.03946329
v 0.12522106 -0.07673608 0.02882624
v 0.12545611 0.12873001 0.02984
v 0.13624167 0.1441049 0.04501065
v 0.14204924 0.1251307 0.04288773
v 0.1155529 -0.04448789 0.05458077
v 0.12604782 0.17731218 0.05641388
v 0.12801185 0.19288945 0.07264398
v 0.14112514 0.18192041 0.07551199
v 0.12921825 -0.04126259 0.07550491
v 0.12192331 0.23017778 0.12252399
v 0.12502135 0.23747396 0.15382729
v 0.12754881 0.241907 0.16816546
v 0.13649669 0.24190851 0.16396743
v 0.13649669 0.24190851 0.16396743
v 0.12754881 0.241907 0.16816546
v 0.13388184 0.24773854 0.17138951
v 0.12383284 0.23410244 0.23141822
v 0.12853296 0.21500957 0.24825513
v 0.12488239 0.20152679 0.27281168
v 0.12830855 -0.05875448 0.30544436
v 0.12890898 -0.04782375 0.31605181
v 0.14142691 -0.05097475 0.3020972
v 0.12431657 0.12729965 0.32500798
v 0.12484489 -0.10868601 0.33294165
v 0.12706596 -0.25630754 0.33908913
v 0.12436967 -0.26441416 0.34121132
v 0.12287453 0.05043555 0.348674
v 0.12648487 -0.12534167 0.34584236
v 0.12295854 -0.31149536 0.3503398
v 0.12774262 -0.14670093 0.36111614
v 0.14139739 -0.2504113 0.36618379
v 0.12195168 -0.257985 0.37027222
v 0.13800476 -0.25343236 0.35559839
v 0.12011269 -0.32410055 0.36462894
v 0.12518014 -0.25367546 0.38079086
v 0.12562095 -0.36605707 0.37321994
v 0.12562095 -0.36605707 0.37321994
v 0.12499603 -0.18779582 0.39283374
v 0.12267884 -0.24385419 0.39561525
v 0.1404577 -0.18595894 0.38955909
v 0.11764779 -0.2477933 -0.04705972
v 0.13201068 -0.2437617 -0.03596104
v 0.12559181 -0.26035932 -0.03974207
v 0.11673525 -0.17134774 -0.03613271
v 0.1218047 -0.14365347 -0.01919863
v 0.12830584 -0.32769296 -0.00485183
v 0.12659338 -0.34573102 0.01151138
v 0.13224809 0.03309024 0.02992862
v 0.12386521 0.01713891 0.02852834
v 0.12394398 0.15994658 0.04237837
v 0.12242122 0.14182676 0.03250792
v 0.12163272 0.20068294 0.07510666
v 0.12480471 0.21024871 0.09070008
v 0.11940782 0.24188431 0.2233614
v 0.12419669 0.2286768 0.2352065
v 0.12189874 -0.30299225 0.34366736
v 0.12182704 -0.34143153 0.3760463
v 0.12867752 -0.23747902 0.39617592
v 0.12238351 -0.19914591 0.39869556
v 0.12591459 -0.20869507 0.40102503
v 0.12191455 -0.22084482 0.40366375
v 0.11731001 -0.1300167 -0.01865661
v 0.12039977 0.09661721 0.01916596
v 0.13197263 6.817E-05 0.0447869
v 0.14019331 -0.01214604 0.06247725
v 0.11238356 -0.02088501 0.04217972
v 0.11899443 0.24242231 0.16490488
v 0.11729693 0.24618025 0.1792572
v 0.1201612 0.2482879 0.1849836
v 0.10910999 0.21999033 0.26912874
v 0.12107704 0.17763087 0.29908791
v 0.11708067 -0.0687954 0.30324301
v 0.10930446 -0.04862413 0.33086005
v 0.11703677 0.12149449 0.33309805
v 0.11859222 0.00667103 0.34396887
v 0.111849 -0.26554355 0.34872013
v 0.11892519 -0.27888453 0.34460953
v 0.12042168 -0.15247792 0.36266768
v 0.11966775 -0.16357903 0.37179434
v 0.11572877 -0.33451548 0.37086636
v 0.1116874 -0.09476025 -0.00486151
v 0.10913084 -0.0474258 0.04180557
v 0.11183855 0.18856716 0.05469456
v 0.11617346 -0.03681443 0.05750866
v 0.11402868 -0.03951114 0.05531984
v 0.11402868 -0.03951114 0.05531984
v 0.12921825 -0.04126259 0.07550491
v 0.1298905 -0.0456293 0.07509365
v 0.11402868 -0.03951114 0.05531984
v 0.11082843 0.2184424 0.08850996
v 0.10677292 0.23190133 0.10713793
v 0.12192331 0.23017778 0.12252399
v 0.11069623 0.24131019 0.1399693
v 0.11113273 0.24629328 0.17320548
v 0.11394913 0.24721844 0.19756605
v 0.11542488 0.24606079 0.21025781
v 0.11547776 0.24380524 0.21532553
v 0.11940782 0.24188431 0.2233614
v 0.11504795 0.23981073 0.2239463
v 0.11608125 0.23415221 0.23342608
v 0.11778212 0.22738005 0.24380304
v 0.10838864 0.20769356 0.28500119
v 0.11535087 -0.07339129 0.30470043
v 0.10579074 0.15027 0.32761922
v 0.10884959 -0.09936531 0.32549632
v 0.10720138 -0.10472079 0.32881513
v 0.11213318 -0.11346814 0.33347094
v 0.11592226 0.09230875 0.34630045
v 0.11749516 0.03026612 0.34759811
v 0.11904553 -0.25824031 0.34600514
v 0.12189874 -0.30299225 0.34366736
v 0.11321869 -0.30712733 0.34630331
v 0.1133507 0.07100714 0.35285988
v 0.114 -0.12480178 0.33999693
v 0.11117429 0.05335397 0.35939986
v 0.114 -0.12480178 0.33999693
v 0.11457608 -0.14193207 0.3509323
v 0.12774262 -0.14670093 0.36111614
v 0.12042168 -0.15247792 0.36266768
v 0.11419437 -0.37333784 0.36369202
v 0.12301465 -0.37630185 0.36195093
v 0.1124925 -0.35575375 0.37429962
v 0.11357439 -0.36433828 0.37169757
v 0.10835381 -0.24183568 0.40335923
v 0.12267884 -0.24385419 0.39561525
v 0.11234938 -0.21192302 0.40458417
v 0.1070882 -0.23175451 -0.05543035
v 0.10783744 -0.18660183 -0.04906908
v 0.13496102 -0.27767843 -0.02847241
v 0.1110194 -0.26696518 -0.048581
v 0.12436283 -0.3112908 -0.01753311
v 0.11877157 -0.3262696 -0.01208369
v 0.10841277 -0.31330803 -0.02808479
v 0.11146216 -0.07660495 0.01058779
v 0.11133255 0.06452972 0.0118478
v 0.12610078 0.05515131 0.02170719
v 0.11283921 0.0449861 0.01419946
v 0.10045777 -0.04753621 0.02950907
v 0.10983825 0.20694335 0.07235745
v 0.10605192 0.23908636 0.12430771
v 0.1129989 0.24714138 0.18589245
v 0.11504795 0.23981073 0.2239463
v 0.10716468 0.18904591 0.30336264
v 0.11076125 0.17099832 0.31296322
v 0.11088046 -0.0607566 0.31931666
v 0.11190091 -0.08713469 0.31645074
v 0.10837988 0.11486843 0.34073865
v 0.10169936 -0.02966133 0.34552768
v 0.10972271 -0.0148982 0.34517133
v 0.10734775 -0.30576834 0.34872901
v 0.11014811 0.04170816 0.3556537
v 0.11046231 -0.261868 0.3508428
v 0.11009365 -0.3167761 0.35061398
v 0.1091222 -0.32837141 0.36240253
v 0.12042168 -0.15247792 0.36266768
v 0.11218072 -0.15972205 0.36166531
v 0.11966775 -0.16357903 0.37179434
v 0.11012911 -0.34620512 0.37286997
v 0.10753307 -0.25776377 0.38589039
v 0.1098088 -0.17745709 0.38029635
v 0.11037482 -0.19080013 0.39320326
v 0.10963529 -0.25207371 0.39528638
v 0.11014667 -0.20150174 0.40027246
v 0.10950457 -0.22812924 0.4072791
v 0.12664445 -0.30386245 -0.02185589
v 0.10755045 -0.32772633 -0.01862996
v 0.10790142 -0.109147 -0.01828707
v 0.11026014 -0.06078103 0.02673998
v 0.10935556 0.17481805 0.04194068
v 0.12394398 0.15994658 0.04237837
v 0.11045967 0.1571262 0.03148349
v 0.10677292 0.23190133 0.10713793
v 0.11069157 0.24531168 0.20942728
v 0.10897285 0.24031956 0.22732958
v 0.10521152 -0.14186765 0.3434397
v 0.11457608 -0.14193207 0.3509323
v 0.10249201 0.08969042 0.35228562
v 0.11321869 -0.30712733 0.34630331
v 0.11150271 -0.15462476 0.35568956
v 0.11269067 -0.25939211 0.35330492
v 0.11046231 -0.261868 0.3508428
v 0.11904553 -0.25824031 0.34600514
v 0.11218072 -0.15972205 0.36166531
v 0.10110275 -0.32692915 0.35497007
v 0.10606593 -0.17151625 0.36792666
v 0.11357439 -0.36433828 0.37169757
v 0.10536019 -0.36845461 0.36466715
v 0.10191706 -0.21752775 0.40696818
v 0.10731218 -0.03174979 0.04418068
v 0.10493239 0.24878417 0.18456505
v 0.10431962 0.24864048 0.19719239
v 0.10897285 0.24031956 0.22732958
v 0.10106971 0.23219608 0.25778487
v 0.10595068 -0.07260065 0.31016594
v 0.11252942 -0.06776946 0.30837715
v 0.10137895 -0.08629417 0.31933358
v 0.10143992 0.12730344 0.33908984
v 0.10720138 -0.10472079 0.32881513
v 0.10793895 -0.12250291 0.3371214
v 0.11213318 -0.11346814 0.33347094
v 0.10793895 -0.12250291 0.3371214
v 0.09599158 0.01198609 0.35921848
v 0.09664708 -0.00159499 0.35652146
v 0.10017545 -0.28496346 0.3540327
v 0.10202019 -0.32021466 0.3524498
v 0.10418662 0.03235535 0.35675824
v 0.10278118 -0.26300403 0.35580218
v 0.10192273 -0.37916666 0.34775171
v 0.1094823 -0.38016102 0.3505182
v 0.1065954 -0.33932886 0.36778873
v 0.10606593 -0.17151625 0.36792666
v 0.10835381 -0.24183568 0.40335923
v 0.09529797 -0.07527 -0.00530023
v 0.10197126 -0.0366926 0.03998526
v 0.10197126 -0.0366926 0.03998526
v 0.0937522 0.20430516 0.05780226
v 0.09366675 0.2305422 0.09321681
v 0.09391631 0.24845269 0.1387721
v 0.09143524 0.25190255 0.15200175
v 0.12223244 -0.38629919 0.20075475
v 0.10755669 -0.38716027 0.21805659
v 0.1038838 -0.3860108 0.16980138
v 0.10081589 0.24570186 0.22143285
v 0.09614851 0.21927087 0.28334972
v 0.09432383 -0.06126506 0.33121169
v 0.1024278 -0.1533232 0.34722865
v 0.10617211 -0.15745805 0.35050797
v 0.09884786 0.11005224 0.34693152
v 0.09995017 -0.16934304 0.35340309
v 0.10202019 -0.32021466 0.3524498
v 0.10441772 0.05084283 0.36259559
v 0.10264377 -0.1690788 0.35486609
v 0.10242865 -0.34789386 0.36731282
v 0.10049573 -0.35659018 0.36539474
v 0.10536019 -0.36845461 0.36466715
v 0.10154076 -0.17982394 0.37531576
v 0.09480426 -0.2012908 0.39763433
v 0.09792901 -0.21381758 0.40527725
v 0.09536982 -0.23940758 0.40702099
v 0.09422077 -0.05650125 0.01225369
v 0.09314457 -0.03916516 0.02799247
v 0.09502991 0.18753871 0.04329533
v 0.09400739 0.17551783 0.03417852
v 0.0937095 0.21957518 0.07625444
v 0.0842646 0.2558682 0.16586044
v 0.09701194 0.25041589 0.20501795
v 0.09244263 0.23917054 0.2536346
v 0.09258162 0.20369406 0.30237117
v 0.09764341 -0.07202324 0.31674534
v 0.09454506 -0.077748 0.31782654
v 0.0950077 0.17713886 0.32058963
v 0.10137895 -0.08629417 0.31933358
v 0.09142615 -0.09994944 0.33138102
v 0.09227504 0.15700169 0.33293167
v 0.09402437 -0.11908846 0.34006733
v 0.09413022 -0.04245987 0.34387863
v 0.10521152 -0.14186765 0.3434397
v 0.08657394 -0.01505799 0.3592383
v 0.09299206 -0.32182989 0.3562783
v 0.09625222 -0.37001315 0.3532967
v 0.09501489 -0.37699446 0.34543732
v 0.09528848 -0.18117632 0.35911122
v 0.09488863 -0.26269668 0.36203578
v 0.09028615 -0.27144384 0.36229101
v 0.09682769 0.0486936 0.36519906
v 0.09097058 0.029223 0.36344504
v 0.0956053 -0.3312594 0.35483226
v 0.09747551 -0.33889621 0.35858119
v 0.09437639 -0.18428066 0.37025124
v 0.09419101 -0.18643701 0.37929511
v 0.09916876 -0.18880732 0.38664973
v 0.09379367 -0.24696182 0.40338793
v 0.09379367 -0.24696182 0.40338793
v 0.09500503 -0.23296794 0.40826821
v 0.10421384 -0.14096887 -0.03498967
v 0.08730543 -0.14533925 -0.05040577
v 0.10552195 -0.12396972 -0.02752821
v 0.09009863 -0.11782189 -0.03696977
v 0.08822386 -0.04576928 0.01750175
v 0.10201304 -0.01683448 0.03148549
v 0.09554301 -0.02598156 0.03127231
v 0.09144095 0.23948057 0.1089146
v 0.08240858 0.24886702 0.12385199
v 0.08249138 0.2489657 0.23854041
v 0.09423866 0.18788029 0.31402659
v 0.09548362 -0.13150895 0.34433985
v 0.08459714 0.12198779 0.34712029
v 0.09581831 -0.16325486 0.35277107
v 0.07911872 0.09446226 0.36031875
v 0.09062771 -0.17996582 0.35796314
v 0.0956053 -0.3312594 0.35483226
v 0.08741413 0.07060959 0.36251083
v 0.09460791 -0.34902966 0.35817492
v 0.09092455 -0.2536045 0.39646098
v 0.09502569 -0.25873095 0.38444498
v 0.09192385 -0.03235386 0.02943482
v 0.09144095 0.23948057 0.1089146
v 0.09244263 0.23917054 0.2536346
v 0.08343485 0.23190762 0.27712792
v 0.07938395 0.21848002 0.29797313
v 0.09142615 -0.09994944 0.33138102
v 0.09548362 -0.13150895 0.34433985
v 0.09216473 -0.36272198 0.35364318
v 0.090501 -0.36847734 0.35033083
v 0.09625222 -0.37001315 0.3532967
v 0.08721147 -0.188951 0.36132357
v 0.08229432 -0.28933406 0.36376026
v 0.09098487 -0.34048519 0.35543486
v 0.09460791 -0.34902966 0.35817492
v 0.08915003 -0.35773242 0.35316697
v 0.08101559 0.03666254 0.36802939
v 0.08755382 -0.19070558 0.36292648
v 0.08270702 -0.26187089 0.36858636
v 0.08153248 -0.20051815 0.38796741
v 0.08840923 -0.20172676 0.3950693
v 0.07743646 -0.03729822 0.01536178
v 0.07422912 0.25496539 0.13689895
v 0.07536916 0.25906581 0.18284687
v 0.07758074 0.25789422 0.19472581
v 0.07631051 0.24049136 0.26813647
v 0.08816981 -0.07267405 0.32328483
v 0.0759078 -0.07703128 0.32981208
v 0.0774874 -0.08117575 0.32940564
v 0.07015222 -0.11171003 0.3478187
v 0.09402437 -0.11908846 0.34006733
v 0.07989036 0.14295967 0.34386536
v 0.08016802 -0.04788318 0.34818843
v 0.069025 -0.03494251 0.36121783
v 0.08493865 -0.37493241 0.34625405
v 0.09501489 -0.37699446 0.34543732
v 0.09548362 -0.13150895 0.34433985
v 0.07635513 -0.14737175 0.35951519
v 0.1024278 -0.1533232 0.34722865
v 0.09581831 -0.16325486 0.35277107
v 0.08476789 -0.3422173 0.35677019
v 0.0956053 -0.3312594 0.35483226
v 0.08476789 -0.3422173 0.35677019
v 0.09098487 -0.34048519 0.35543486
v 0.07935561 0.04225728 0.36904401
v 0.07922594 0.01570843 0.36836925
v 0.08226807 -0.25731552 0.37119296
v 0.09075149 -0.26000711 0.36809582
v 0.084079 -0.21429193 0.40145236
v 0.08650655 -0.23083131 0.40719917
v 0.08650655 -0.23083131 0.40719917
v 0.09536982 -0.23940758 0.40702099
v 0.09500503 -0.23296794 0.40826821
v 0.10220112 -0.33359542 -0.01587879
v 0.07821353 -0.34533986 -0.01632267
v 0.07235944 -0.33770511 -0.02709385
v 0.07794645 -0.05727341 -0.00325212
v 0.08022743 -0.07524868 -0.01706257
v 0.07686508 0.21646459 0.06287355
v 0.07697321 0.22601375 0.07560656
v 0.07878733 0.23598857 0.09194767
v 0.07450614 0.25542367 0.22173755
v 0.07195541 0.2473242 0.25584644
v 0.07274178 0.20490138 0.31423312
v 0.07849018 0.1779137 0.32992196
v 0.07628951 -0.37823921 0.34315044
v 0.09369804 -0.3813813 0.33471996
v 0.07628951 -0.37823921 0.34315044
v 0.08217452 -0.36731112 0.35085422
v 0.07697942 -0.02277868 0.36214542
v 0.08915003 -0.35773242 0.35316697
v 0.08217452 -0.36731112 0.35085422
v 0.07823823 -0.31209895 0.36488539
v 0.07879795 0.07358247 0.36464265
v 0.07560465 0.00163461 0.36902052
v 0.07106082 -0.2699537 0.37220752
v 0.07651501 0.04957914 0.37016985
v 0.08174755 -0.22270656 0.40383264
v 0.08017062 -0.23742904 0.40398446
v 0.09379367 -0.24696182 0.40338793
v 0.07211031 -0.21801208 -0.0781981
v 0.09497008 -0.21672398 -0.06309507
v 0.08711964 -0.23299706 -0.06914638
v 0.07661065 -0.10067318 -0.03653101
v 0.09403034 -0.09388224 -0.02028979
v 0.07492726 -0.08257117 -0.02571218
v 0.0717838 0.16514497 0.01925781
v 0.07967709 0.17581652 0.02814769
v 0.09413894 0.16156845 0.0257267
v 0.07878733 0.23598857 0.09194767
v 0.07085357 0.24643035 0.10820377
v 0.07631051 0.24049136 0.26813647
v 0.07901504 0.15972188 0.33823544
v 0.06866286 -0.05838392 0.34665409
v 0.07480381 0.12300116 0.34995306
v 0.07635513 -0.14737175 0.35951519
v 0.07692812 -0.16851667 0.36380997
v 0.09581831 -0.16325486 0.35277107
v 0.07692812 -0.16851667 0.36380997
v 0.09062771 -0.17996582 0.35796314
v 0.07445794 -0.19426081 0.36795351
v 0.07634982 -0.32522383 0.36421859
v 0.07658011 -0.19986337 0.36878836
v 0.07591268 -0.20286432 0.38352317
v 0.07542034 -0.21548119 0.39715695
v 0.084079 -0.21429193 0.40145236
v 0.07542034 -0.21548119 0.39715695
v 0.08174755 -0.22270656 0.40383264
v 0.06734185 -0.03224557 0.0110551
v 0.07054988 -0.029266 0.01468902
v 0.07470462 0.25790071 0.1541457
v 0.06526341 0.23586756 0.28407001
v 0.07723424 -0.07131577 0.33163172
v 0.06338093 -0.09160131 0.34079748
v 0.05862958 0.14101189 0.35192347
v 0.0648011 -0.12367199 0.35576111
v 0.0721522 -0.36982241 0.35117489
v 0.07274263 -0.35600227 0.35624057
v 0.06577737 -0.34251973 0.36406922
v 0.06200759 -0.00154371 0.37583032
v 0.06907192 0.02448671 0.37242442
v 0.0699771 -0.24924359 0.37507477
v 0.05880298 -0.03999704 -0.00123359
v 0.06399157 0.21924676 0.06079831
v 0.06316718 0.25470725 0.12511343
v 0.05506946 0.26453781 0.16708836
v 0.05561677 0.26349419 0.20003082
v 0.06250525 -0.07974508 0.33624256
v 0.06532554 0.15298 0.34645543
v 0.07274263 -0.35600227 0.35624057
v 0.05599762 0.10651229 0.36056346
v 0.06424829 -0.13904731 0.36209464
v 0.06668311 0.08686059 0.36490232
v 0.06586856 -0.18052055 0.37066704
v 0.0625777 -0.3304067 0.36844677
v 0.06441386 0.05118909 0.37207431
v 0.06240713 -0.28479183 0.37308133
v 0.0682468 -0.20496337 0.3718501
v 0.07187603 -0.20577636 0.37269068
v 0.07522366 -0.25056535 0.37589493
v 0.07066138 -0.24468566 0.37645623
v 0.0699771 -0.24924359 0.37507477
v 0.0724931 -0.24239548 0.39475325
v 0.08183482 -0.24628174 0.40017959
v 0.07165267 -0.23153323 0.39834213
v 0.06086636 -0.06489158 -0.02094253
v 0.06306193 0.20367911 0.0438753
v 0.07891775 0.2003652 0.04676717
v 0.0638515 0.1878397 0.03103982
v 0.05487893 0.23254243 0.07563297
v 0.06250358 0.23983715 0.09066038
v 0.050859 0.26395002 0.15368488
v 0.06182867 0.25468755 0.24154159
v 0.05794929 0.22611655 0.30090719
v 0.06209324 0.19018042 0.32986453
v 0.05882562 -0.07613842 0.33750054
v 0.06149875 0.17274593 0.33980498
v 0.05627511 -0.04552716 0.36135182
v 0.05457707 -0.37427911 0.34981531
v 0.06125215 -0.15911441 0.36880735
v 0.05435308 0.06121479 0.37168783
v 0.0502232 -0.01393581 0.37934461
v 0.06447466 -0.31494367 0.37048492
v 0.05933583 0.03538188 0.37492463
v 0.05914411 0.0141191 0.37826025
v 0.06881668 -0.21272302 0.37392807
v 0.0639083 -0.23317443 0.37744039
v 0.07066138 -0.24468566 0.37645623
v 0.05834047 -0.08642109 -0.0380002
v 0.06250358 0.23983715 0.09066038
v 0.0508858 0.21623577 0.31484115
v 0.06043385 -0.07079908 0.33978713
v 0.05882562 -0.07613842 0.33750054
v 0.07723424 -0.07131577 0.33163172
v 0.05372163 0.11775263 0.35766006
v 0.05866741 -0.35437304 0.36117303
v 0.06577737 -0.34251973 0.36406922
v 0.05866741 -0.35437304 0.36117303
v 0.07274263 -0.35600227 0.35624057
v 0.07692812 -0.16851667 0.36380997
v 0.06125215 -0.15911441 0.36880735
v 0.06586856 -0.18052055 0.37066704
v 0.06290635 -0.21207571 0.37419832
v 0.06504179 -0.22389325 0.376791
v 0.06550109 -0.23128606 0.379915
v 0.06504179 -0.22389325 0.376791
v 0.0639083 -0.23317443 0.37744039
v 0.06261107 -0.36183113 -0.00106084
v 0.08869912 -0.36996239 0.02604244
v 0.05648545 -0.37046346 0.01201729
v 0.0483619 0.26084474 0.13608007
v 0.0482691 0.26616776 0.18382967
v 0.05026256 0.26152191 0.22245087
v 0.04580762 0.25444058 0.25626647
v 0.04852444 0.2490539 0.26894692
v 0.06526341 0.23586756 0.28407001
v 0.04785169 0.16981632 0.3461068
v 0.05008826 -0.366914 0.3564342
v 0.04772731 0.10586637 0.36218303
v 0.04903771 -0.15206163 0.37123865
v 0.05257202 0.04593646 0.37524337
v 0.05435637 -0.19454294 0.37645796
v 0.04780552 -0.27701041 0.37921122
v 0.05742283 -0.21823427 0.37742466
v 0.05937901 -0.26026806 0.37787494
v 0.06293045 -0.30727756 -0.05354246
v 0.06497282 -0.31383544 -0.04837132
v 0.05301228 -0.31896472 -0.05381974
v 0.0479542 0.25141439 0.10764851
v 0.04825148 0.23926593 0.28697097
v 0.04601007 -0.08150897 0.34348014
v 0.0500801 -0.11236424 0.356475
v 0.04214885 -0.0550096 0.36053601
v 0.04783125 -0.12634434 0.36301768
v 0.04626894 -0.03004987 0.37488124
v 0.04847588 -0.17131771 0.37576294
v 0.04847588 -0.17131771 0.37576294
v 0.05435637 -0.19454294 0.37645796
v 0.06586856 -0.18052055 0.37066704
v 0.04676619 -0.31190032 0.37666187
v 0.04961715 0.00627854 0.38268122
v 0.05044024 -0.25288856 0.38089439
v 0.05686751 -0.29426965 -0.06496298
v 0.0475917 -0.31264779 -0.06423138
v 0.06123387 -0.32559064 -0.04138949
v 0.04884712 -0.32896996 -0.04813613
v 0.04625685 -0.07517839 -0.03583385
v 0.03943623 0.2588577 0.12360414
v 0.04387392 0.22829261 0.30400792
v 0.04121934 0.20051017 0.33015764
v 0.03896182 0.15617804 0.35404736
v 0.04696944 -0.34340146 0.36853644
v 0.04197301 0.09853752 0.36523071
v 0.04820843 -0.32987401 0.3727544
v 0.04672978 -0.23463666 0.38171393
v 0.04838711 0.20380026 0.04035359
v 0.04047745 0.22208571 0.05808852
v 0.05487893 0.23254243 0.07563297
v 0.03919741 0.24461415 0.09107194
v 0.03962919 0.25929675 0.24191871
v 0.04825148 0.23926593 0.28697097
v 0.04450838 0.18387398 0.33956307
v 0.04200528 -0.07297646 0.34551808
v 0.06866286 -0.05838392 0.34665409
v 0.04214885 -0.0550096 0.36053601
v 0.04200528 -0.07297646 0.34551808
v 0.04516443 -0.35617399 0.36345574
v 0.04696944 -0.34340146 0.36853644
v 0.03807446 -0.03181496 0.37859932
v 0.04396107 0.02652565 0.38389328
v 0.03458763 -0.21511519 0.38368952
v 0.04343269 0.01365596 0.38650471
v 0.03441173 -0.14342901 -0.0767867
v 0.04883289 -0.12341037 -0.06314708
v 0.04247906 -0.14868686 -0.07612002
v 0.03978714 -0.07698569 0.34486794
v 0.03978714 -0.07698569 0.34486794
v 0.03953297 -0.37258455 0.35313028
v 0.0343851 0.12431848 0.3615312
v 0.03459735 0.05546614 0.37783048
v 0.03391179 -0.16495588 0.37762603
v 0.03223317 -0.18884322 0.38167566
v 0.03223317 -0.18884322 0.38167566
v 0.03355694 -0.00698501 0.39008439
v 0.03131756 -0.2347002 -0.09726238
v 0.03927847 -0.22964554 -0.09436176
v 0.04329962 -0.24708572 -0.08918696
v 0.05676661 0.0322326 -0.0086505
v 0.04762413 0.01740345 -0.00879189
v 0.03563403 0.02879641 -0.01525208
v 0.04047745 0.22208571 0.05808852
v 0.03174495 0.2365146 0.07625943
v 0.03354765 0.26833451 0.16742373
v 0.03253623 0.26791716 0.19877373
v 0.02914941 0.2506367 0.27162534
v 0.03597248 0.24341106 0.28386113
v 0.0278946 0.21652065 0.32009503
v 0.02984921 0.17594019 0.34758288
v 0.02953253 -0.36551523 0.35984775
v 0.03223564 -0.1115637 0.36143753
v 0.02807793 0.08439964 0.37103632
v 0.0317289 -0.14944026 0.37440607
v 0.03442997 0.07216081 0.37289613
v 0.02641759 -0.32142785 0.37917224
v 0.03815095 0.037336 0.38312009
v 0.02861058 -0.02414027 0.38727659
v 0.03301781 -0.25931603 0.38426006
v 0.03707681 0.00510581 0.39064693
v 0.02450889 0.25533152 0.10889867
v 0.02298829 0.26828581 0.15471348
v 0.01965988 0.2663596 0.22028653
v 0.03339938 0.23467515 0.29841056
v 0.03339938 0.23467515 0.29841056
v 0.02949745 0.19052534 0.33883822
v 0.02825618 -0.08093376 0.34934595
v 0.02917598 -0.09831416 0.35624489
v 0.03489238 -0.06009504 0.3589991
v 0.03145291 -0.33859372 0.37318808
v 0.02385463 -0.35251817 0.36795986
v 0.0287708 0.04470814 0.38345513
v 0.03177268 -0.29099664 0.3824155
v 0.02996767 -0.24192528 0.38544446
v 0.03223854 0.02412594 0.39202464
v 0.0214228 0.2654925 0.1382633
v 0.02068205 0.27011085 0.17662863
v 0.0233415 0.22665268 0.30992347
v 0.03302706 -0.37882307 0.34473541
v 0.00863893 -0.38238034 0.33614057
v 0.06523757 -0.38235271 0.33402565
v 0.01671931 0.15773669 0.35935932
v 0.01756115 0.10627761 0.36871505
v 0.02781707 -0.04015685 0.37872761
v 0.02772535 -0.30702797 0.3815403
v 0.02563181 -0.00905259 0.39420477
v 0.02531946 0.01548336 0.39979416
v 0.03911616 0.18589313 0.02420589
v 0.01978314 0.1898267 0.02509509
v 0.02814442 0.19977301 0.03397778
v 0.01841835 0.26959956 0.19633682
v 0.01126216 0.20259348 0.33278525
v 0.02335131 -0.07631319 0.35035101
v 0.01571688 0.14384656 0.36262819
v 0.01278392 -0.02981475 0.39157081
v 0.02536587 0.03281442 0.39150971
v 0.0192942 0.2269544 0.06207159
v 0.01719263 0.24842243 0.09397294
v 0.01512488 0.25789908 0.25499845
v 0.01756112 0.24302202 0.28781638
v 0.01436874 0.23490749 0.30040938
v 0.01298399 0.17355366 0.35161385
v 0.01469095 -0.04423215 0.3808825
v 0.01469095 -0.04423215 0.3808825
v 0.01630914 0.06281266 0.37817663
v 0.01584594 -0.33471018 0.37614214
v 0.01769429 0.04990141 0.38376093
v 0.0317289 -0.14944026 0.37440607
v 0.01329499 -0.15438196 0.37748992
v 0.03391179 -0.16495588 0.37762603
v 0.01869801 -0.21572998 0.38635129
v 0.01568428 0.01096384 0.40644532
v 0.01450312 -0.17323866 -0.10038324
v 0.03337987 -0.1851877 -0.0951739
v 0.01196994 -0.18536371 -0.10483257
v 0.00573909 -0.15826713 -0.09704388
v 0.01969584 -0.13658902 -0.07922665
v 0.01315811 0.2382779 0.07699351
v 0.01432782 0.26190549 0.12370919
v 0.00591666 0.26144096 0.24393673
v 0.00594226 0.25139245 0.27238497
v 0.01303995 -0.07398769 0.35454887
v 0.01451231 -0.0649944 0.36165744
v -0.00410631 -0.37212685 0.35646611
v 0.00452615 -0.36320212 0.36336645
v 0.01612199 -0.12828611 0.36940283
v 0.01671841 -0.17344008 0.38102913
v 0.03223317 -0.18884322 0.38167566
v 0.01695465 -0.30587256 0.38302118
v 0.01645561 -0.23372571 0.38730925
v 0.01658814 -0.26172641 0.38688171
v 0.01623627 -0.2888355 0.38509738
v 0.01669517 0.03715996 0.3923775
v 0.01577047 -0.01816963 0.39551133
v 0.01342411 0.00222402 0.40250611
v 0.01721654 0.02098526 0.40298924
v 0.01436874 0.23490749 0.30040938
v 0.01285843 -0.07877481 0.35268238
v 0.00647375 -0.09281453 0.35758013
v 0.01258364 -0.10738741 0.36255404
v 0.01612199 -0.12828611 0.36940283
v 0.0149243 -0.19506392 0.38447538
v 0.0149243 -0.19506392 0.38447538
v 0.01582647 0.13735096 -0.45281032
v 0.01662689 0.1175453 -0.44407457
v 0.01547237 0.11195111 -0.46009532
v 0.01530058 0.08411056 -0.45156196
v 0.0124734 0.17868528 -0.4518778
v 0.01604982 0.16227999 -0.43855891
v 0.01683319 0.15109935 -0.42910513
v 0.0164233 0.10123277 -0.43112272
v 0.01711845 0.13755134 -0.41597304
v 0.01533265 0.07912935 -0.42243358
v 0.01687015 0.11790166 -0.41068855
v 0.01675915 0.16848543 -0.40865731
v 0.01698237 0.16583222 -0.36850569
v 0.01567341 0.20636566 -0.38763604
v 0.01673945 0.13621546 -0.37868097
v 0.01603761 0.20791827 -0.3324008
v 0.01419806 0.22946475 -0.38837537
v 0.01646762 0.16299295 -0.32876149
v 0.01464797 0.22309835 -0.35922253
v 0.015286 0.12184242 -0.32234958
v 0.01487506 0.07339913 -0.37562817
v 0.01453899 0.2210983 -0.3457934
v 0.01611977 0.18721695 -0.29748523
v 0.01315373 0.21546869 -0.31589746
v 0.01563549 0.20534681 -0.30997902
v 0.014919 0.14637585 -0.28225449
v 0.01560809 0.19281828 -0.27433899
v 0.01432554 0.2044037 -0.28775257
v 0.01383868 0.19600296 -0.26132464
v 0.00242348 0.25608143 0.1079583
v 0.00165535 0.27044836 0.16747266
v 0.00061886 0.27083468 0.18309557
v -0.0004093 0.26983669 0.20337392
v 0.00485554 0.2170513 0.320802
v 0.00340947 0.18086481 0.34761214
v -0.00112651 0.08906576 0.37408614
v -0.00030101 0.07493689 0.3769663
v 0.00914358 0.02666629 0.40292645
v 0.0126537 0.01443138 0.40736908
v 0.01132179 0.02524256 -0.49315351
v 0.01260526 0.02370955 -0.49062994
v 0.0109411 0.01138199 -0.49802166
v 0.01178318 0.0039178 -0.49708626
v 0.0121649 0.05346951 -0.4841446
v 0.01320966 0.04148374 -0.48432177
v 0.01269314 0.01888479 -0.48462412
v 0.01134515 0.07199826 -0.48097777
v 0.01246791 0.09511058 -0.47352549
v 0.01429519 0.07593784 -0.47305691
v 0.01134515 0.07199826 -0.48097777
v 0.00749515 0.08567542 -0.4799034
v 0.01246791 0.09511058 -0.47352549
v 0.01413158 0.06091757 -0.47429562
v 0.01453785 0.09508294 -0.46899655
v 0.01366634 0.04218576 -0.46155024
v 0.01179528 0.01128901 -0.47354653
v 0.01111551 0.13193886 -0.46633941
v 0.01319156 0.03259595 -0.43735465
v 0.01226039 0.15782076 -0.45810059
v 0.01168934 0.01572367 -0.44965914
v 0.01143762 0.19968808 -0.44510144
v 0.01378415 0.18054755 -0.44566751
v 0.01356128 0.21407221 -0.43325752
v 0.01093917 0.23486133 -0.43407005
v 0.013582 0.04061523 -0.40561554
v 0.01117702 0.24267019 -0.42627215
v 0.01414479 0.22129752 -0.41656876
v 0.01057196 0.24737026 -0.41804984
v 0.01265774 0.23891602 -0.40659302
v 0.01024459 0.24217795 -0.39004907
v 0.01111448 0.23396438 -0.36216062
v 0.01236861 0.03126049 -0.34461588
v 0.01099678 -0.00080586 -0.36685646
v 0.01117019 0.0021286 -0.34249669
v 0.01098056 0.22607554 -0.33232236
v 0.0117018 0.04676221 -0.29290473
v 0.01250561 0.0881371 -0.27831516
v 0.01130994 0.21881521 -0.31209442
v 0.0119467 0.21030001 -0.28905198
v 0.01399801 0.16476999 -0.23041303
v 0.01186754 0.20325728 -0.26738781
v 0.01471039 0.18837194 -0.25049791
v 0.0113856 0.19510064 -0.24078491
v 0.01280142 0.13611302 -0.21986121
v 0.0109418 0.06779528 -0.24791729
v 0.01380762 0.18558784 -0.22980204
v 0.01094604 0.08205672 -0.22008
v 0.01121672 0.18606071 -0.21234463
v 0.01332522 0.17798617 -0.21043603
v 0.011983 0.12223505 -0.1895899
v 0.01257607 0.15380858 -0.19933441
v 0.01156034 0.17689864 -0.1917329
v 0.00753226 0.18273981 -0.18717986
v 0.01142615 0.15332679 -0.19035211
v 0.01118713 0.13019837 -0.18269147
v 0.01096271 0.11607556 -0.17453685
v 0.01161799 0.10544894 -0.17463695
v 0.01011847 0.10569634 -0.16465858
v 0.01108854 0.08904424 -0.14616056
v 0.01201773 0.08853301 -0.16129914
v 0.00371594 -0.20044674 -0.11009409
v 0.01633912 -0.20618282 -0.10622601
v -0.0003827 0.19328055 0.02752677
v 0.0163613 0.21584232 0.04892332
v 0.00194394 0.22400299 0.05814967
v -0.0005556 0.26628873 0.13763069
v -8.04E-05 0.26899973 0.15301587
v -0.00074274 0.22618963 0.31134832
v 0.00063813 -0.07579149 0.35548875
v 0.01258364 -0.10738741 0.36255404
v 0.00146171 -0.11694762 0.36640269
v -0.00021216 0.13297646 0.36712795
v -0.00353474 -0.35327682 0.36939201
v -0.00081196 0.06191513 0.38031933
v 0.00224545 -0.31901771 0.38132998
v -0.0003414 -0.21265465 0.38706037
v 0.00031098 -0.24504264 0.38811624
v 0.00099315 -0.29026726 0.38576272
v 0.00132447 0.0212194 0.40790203
v 0.00649322 0.01858857 -0.49850929
v 0.01132179 0.02524256 -0.49315351
v 0.0109411 0.01138199 -0.49802166
v 0.01076836 -0.00070997 -0.49762627
v 0.00742223 -0.00641558 -0.48930296
v 0.00515426 -0.00617613 -0.49802691
v 0.00715519 0.06559279 -0.48525017
v 0.0121649 0.05346951 -0.4841446
v 0.00614574 0.04291769 -0.49187458
v 0.0085396 -0.00410123 -0.47040218
v 0.00979378 0.00107397 -0.46280697
v 0.00846916 0.10945997 -0.4734242
v 0.00709185 -0.00692195 -0.445043
v 0.01111551 0.13193886 -0.46633941
v 0.0079709 0.15735479 -0.46163312
v 0.01226039 0.15782076 -0.45810059
v 0.00825162 0.19789627 -0.44949543
v 0.0124734 0.17868528 -0.4518778
v 0.01143762 0.19968808 -0.44510144
v 0.0091794 -0.00393037 -0.42050523
v 0.01106653 0.00743041 -0.41378266
v 0.00738054 0.22817822 -0.44152611
v 0.0082363 0.24448459 -0.4354741
v 0.01093917 0.23486133 -0.43407005
v 0.00763496 0.25295883 -0.42619699
v 0.0082363 0.24448459 -0.4354741
v 0.00693746 0.25004494 -0.43275139
v 0.00688516 -0.01181708 -0.40367544
v 0.00542263 -0.00849362 -0.45155349
v 0.00763496 0.25295883 -0.42619699
v 0.00702361 0.24930567 -0.40036288
v 0.01057196 0.24737026 -0.41804984
v 0.00184441 0.25654382 -0.42485449
v 0.0093333 -0.00994295 -0.38203079
v 0.01024459 0.24217795 -0.39004907
v 0.00716602 0.24382494 -0.38073009
v 0.00227528 0.24745309 -0.38537657
v 0.00687526 -0.01764714 -0.37114024
v 0.01111448 0.23396438 -0.36216062
v 0.00611933 0.23805381 -0.35750052
v 0.00875813 -0.0168918 -0.34383732
v 0.00650396 -0.02251506 -0.34356037
v 0.01098056 0.22607554 -0.33232236
v 0.00699113 0.22764297 -0.32666621
v 0.00218408 0.23151122 -0.33246008
v 0.00938241 -0.01446158 -0.32471508
v 0.00655652 -0.02511892 -0.32139844
v 0.01130994 0.21881521 -0.31209442
v 0.00842827 -0.02067954 -0.30992383
v 0.01037793 0.00488038 -0.29384312
v 0.00636991 -0.02920931 -0.29615104
v 0.00677929 0.21308801 -0.285732
v 0.0119467 0.21030001 -0.28905198
v 0.00854633 -0.01887471 -0.28557181
v 0.0069167 -0.03091548 -0.26875904
v 0.01186754 0.20325728 -0.26738781
v 0.00899525 -0.00555151 -0.25215641
v 0.00707936 0.20012805 -0.24670415
v 0.00197654 0.20714885 -0.26158962
v 0.00767586 -0.02524052 -0.24325907
v 0.0113856 0.19510064 -0.24078491
v 0.00921054 0.01841899 -0.2156902
v 0.00702284 0.19002317 -0.2107207
v 0.00764266 -0.02518155 -0.227442
v 0.00830366 -0.00696848 -0.19970481
v 0.01121672 0.18606071 -0.21234463
v 0.00164904 0.19559065 -0.22302862
v 0.00753226 0.18273981 -0.18717986
v 0.01109254 0.08437625 -0.18820952
v 0.00888702 0.17528597 -0.18382643
v 0.00894599 0.16295867 -0.18564291
v 0.00960241 0.01067159 -0.16644807
v 0.00894599 0.16295867 -0.18564291
v 0.00725283 0.15705764 -0.18340378
v 0.01142615 0.15332679 -0.19035211
v 0.01118713 0.13019837 -0.18269147
v 0.00687171 -0.02620481 -0.17760327
v 0.00872693 0.13452744 -0.17833151
v 0.002705 0.15522523 -0.18061356
v 0.00282884 0.14045648 -0.17581996
v 0.00730333 0.12784788 -0.17292473
v 0.01096271 0.11607556 -0.17453685
v 0.00174618 0.11988381 -0.16564532
v 0.00708143 0.11417395 -0.16500735
v 0.01011847 0.10569634 -0.16465858
v 0.01157909 0.05641655 -0.13930161
v 0.00854801 -0.01648864 -0.15925668
v 0.01046877 0.01975663 -0.15184723
v 0.00660189 0.10420769 -0.15544544
v 0.01108854 0.08904424 -0.14616056
v 0.00661487 0.09318998 -0.13964745
v 0.0016121 0.10401787 -0.15172678
v 0.00902195 -0.02551421 -0.1453591
v 0.00996323 0.08703095 -0.13816608
v 0.01169503 0.00244325 -0.12218312
v 0.01088027 0.07632704 -0.12313161
v 0.01088027 0.07632704 -0.12313161
v 0.01183138 0.07315404 -0.1324437
v 0.0118731 0.02714764 -0.12653361
v 0.00684454 0.08266547 -0.12103034
v 0.00177402 0.08190481 -0.11342511
v 0.01214958 0.05826747 -0.1185533
v 0.0115376 0.0682572 -0.11573641
v 0.00940615 -0.03928057 -0.12636927
v 0.01032404 -0.01668983 -0.10806193
v 0.00690483 0.07205282 -0.10221056
v 0.01027288 0.06536619 -0.10073109
v 0.01283863 0.02422612 -0.09918243
v 0.01160462 -0.00232404 -0.10874467
v 0.00862009 -0.03180182 -0.1119123
v 0.00764784 -0.05129712 -0.11276893
v 0.01027288 0.06536619 -0.10073109
v 0.01219646 0.05284607 -0.09334379
v 0.00509963 -0.03081524 -0.1045917
v 0.01165499 0.0078716 -0.09613916
v 0.00989348 -0.00775745 -0.09692363
v 0.0075296 -0.01335992 -0.09539872
v -0.00084153 -0.17424695 -0.1052724
v 0.00061454 0.06850114 -0.0898038
v 0.00786267 0.06206796 -0.08770506
v 0.01219646 0.05284607 -0.09334379
v 0.01147385 0.02354908 -0.08777276
v 0.00818425 0.00307371 -0.08774746
v 0.00966412 0.05112864 -0.08320937
v 0.00966412 0.05112864 -0.08320937
v 0.00242713 0.05949008 -0.08124282
v 0.00911325 0.02843064 -0.08155729
v 0.00426483 0.01284252 -0.08101513
v 0.0163613 0.21584232 0.04892332
v -0.00029294 0.20689355 0.03994514
v 0.00194394 0.22400299 0.05814967
v -0.00035368 0.23733313 0.07547426
v 0.00070103 0.24672055 0.0903138
v -0.00188266 0.26653081 0.22256595
v -0.0003068 0.24394691 0.28662628
v -0.00412846 0.16610551 0.35652933
v 0.00255971 -0.08189301 0.35472748
v -0.00410631 -0.37212685 0.35646611
v -0.00213463 -0.37834179 0.34799322
v 0.03953297 -0.37258455 0.35313028
v 0.00157971 -0.0468609 0.38029864
v -0.00010957 -0.06362572 0.36506402
v -0.00314698 -0.17615935 0.38167986
v -0.00071798 0.04672445 0.38799617
v 0.00679088 -0.03224875 0.39108682
v 0.00157971 -0.0468609 0.38029864
v 0.01469095 -0.04423215 0.3808825
v 0.00679088 -0.03224875 0.39108682
v 0.00271912 -0.01405447 0.39880857
v 0.00252488 -0.00130366 0.40315333
v -0.00260885 0.0102574 0.40633097
v -0.00072868 0.11089988 -0.47709996
v 0.00155956 -0.00854051 -0.4934158
v 0.00109867 0.17809112 -0.45928711
v 0.00101557 0.22756235 -0.44538793
v 0.00057695 0.2533949 -0.43442985
v 0.00693746 0.25004494 -0.43275139
v 0.00763496 0.25295883 -0.42619699
v 0.00184441 0.25654382 -0.42485449
v 0.00191181 -0.0171194 -0.39124763
v 0.0017 -0.0115874 -0.43312219
v 0.00121541 0.25438333 -0.41128537
v 0.00196582 0.24157061 -0.36448357
v 0.00222406 -0.02337552 -0.35674483
v 0.0025002 -0.02791185 -0.3280355
v 0.00324833 -0.03228905 -0.30147016
v 0.002294 0.21826594 -0.29488677
v 0.00512525 -0.03608132 -0.26724792
v 0.00641374 -0.0364489 -0.23723151
v 0.00283085 -0.04445062 -0.24320142
v 0.00263595 -0.03976504 -0.26715833
v 0.00500092 -0.04246931 -0.22104374
v 0.00227178 -0.04868929 -0.22186899
v 0.00200291 -0.05144325 -0.19204247
v 0.00421531 -0.0438947 -0.17536332
v 0.00169247 0.18541203 -0.18669003
v 0.00299248 0.17862038 -0.18022263
v 0.00753226 0.18273981 -0.18717986
v 0.00299248 0.17862038 -0.18022263
v 0.00888702 0.17528597 -0.18382643
v 0.00613456 -0.04491447 -0.14558998
v 0.0014339 -0.06219482 -0.15681842
v 0.00417635 -0.0564005 -0.14375018
v -0.00046753 0.0952736 -0.13763225
v 0.00640929 -0.05862981 -0.12622972
v -0.00106784 -0.07853354 -0.1403677
v 0.00446672 -0.0726296 -0.1199055
v 0.0061604 -0.0642878 -0.10983372
v 0.00397364 -0.0778954 -0.10920652
v 0.00232141 -0.09012465 -0.11045216
v 0.00313038 -0.04765782 -0.10414837
v 0.00186695 -0.06478973 -0.1005528
v 0.00322505 -0.07127284 -0.10347316
v -0.00257808 -0.03865498 -0.10136508
v -0.00092604 -0.02370938 -0.09500995
v -0.00212141 -0.03022421 -0.09911539
v -0.00096164 -0.15605859 -0.09791108
v 0.00186784 -0.0178281 -0.09210639
v 0.00189369 -0.00833732 -0.08638442
v 0.00242713 0.05949008 -0.08124282
v 0.00629134 0.04973715 -0.0797947
v 0.00076264 0.0517259 -0.07820959
v 0.00468864 0.02868645 -0.07887122
v -0.00910328 0.25960076 0.1164336
v -0.00461174 0.2578063 0.25544584
v 0.00113013 0.15622719 0.36107537
v 0.00146171 -0.11694762 0.36640269
v -0.00871351 -0.33626282 0.37664309
v 0.00031098 -0.24504264 0.38811624
v 0.00099315 -0.29026726 0.38576272
v 0.01658814 -0.26172641 0.38688171
v -0.00130499 0.02844321 0.4035514
v 0.00057695 0.2533949 -0.43442985
v -0.002074 0.25536129 -0.42574888
v -0.002207 0.24793075 -0.39128521
v -0.00259015 0.22830194 -0.32881361
v -0.00287528 0.21385746 -0.28878492
v -0.00050638 -0.03192382 -0.31208006
v -0.0017353 -0.03676573 -0.28799802
v -0.00187234 -0.0455099 -0.25189322
v -0.00307282 0.20294085 -0.25393075
v -0.00178176 -0.05119044 -0.22459747
v -0.00137097 -0.0555718 -0.19976637
v -0.00258444 0.18470655 -0.18704712
v -0.00192655 -0.06234756 -0.17608538
v -0.00139562 0.17860584 -0.18052927
v -0.00139562 0.17860584 -0.18052927
v -0.00165128 0.15820159 -0.18110366
v -0.00139131 0.14997537 -0.17915441
v -0.00131116 0.13488226 -0.17332374
v 0.00046625 -0.05721151 -0.17743261
v -0.00142952 0.12032072 -0.16576782
v -0.00189025 -0.07198643 -0.15569292
v -0.00183621 0.1067197 -0.15506074
v -0.00046753 0.0952736 -0.13763225
v -0.00132847 0.08742093 -0.12360588
v 0.00177402 0.08190481 -0.11342511
v -0.00073014 -0.08778781 -0.12966137
v -0.00114452 -0.10187498 -0.11179717
v -0.00180259 0.07452504 -0.10074086
v 0.00167804 -0.09035595 -0.10351124
v -0.00148123 -0.10811501 -0.09878467
v -0.00257808 -0.03865498 -0.10136508
v -0.00300228 -0.05228413 -0.09923054
v 0.00313038 -0.04765782 -0.10414837
v 0.00186695 -0.06478973 -0.1005528
v -0.00394227 -0.06022508 -0.09663206
v -0.00059449 -0.08569282 -0.09904043
v -0.00059449 -0.08569282 -0.09904043
v -0.00116809 -0.10262221 -0.09494724
v 0.00061454 0.06850114 -0.0898038
v -0.00116809 -0.10262221 -0.09494724
v -0.00478491 -0.09671284 -0.0933104
v -0.00254624 -0.11269398 -0.0918268
v -0.00112726 -0.01036935 -0.08584934
v -0.00100409 0.05938845 -0.08072966
v 0.00242713 0.05949008 -0.08124282
v -0.00167834 0.00538378 -0.08188475
v 0.00076264 0.0517259 -0.07820959
v -0.00112614 0.02390391 -0.07850654
v 0.00720641 -0.1202689 -0.07573758
v -0.0024858 -0.11805921 -0.08018772
v -0.00751595 -0.10944413 -0.07479912
v -0.01429833 0.21806544 0.05027814
v -0.01388294 -0.13737041 0.37185827
v -0.0155449 -0.15658599 0.37683755
v -0.00314698 -0.17615935 0.38167986
v -0.01486345 -0.0263643 0.3913303
v -0.00417851 0.24768318 -0.43576711
v -0.00621525 0.25088516 -0.42668861
v 0.00057695 0.2533949 -0.43442985
v -0.0029826 0.25190905 -0.40862426
v -0.00281564 0.24289812 -0.37599728
v -0.00281449 0.23695792 -0.35560825
v -0.0067665 0.19645703 -0.2427848
v -0.001875 0.19694901 -0.23191212
v -0.00139131 0.14997537 -0.17915441
v -0.00639647 0.13719605 -0.177773
v -0.00131116 0.13488226 -0.17332374
v -0.00142952 0.12032072 -0.16576782
v -0.00637335 0.11771713 -0.16772878
v -0.00183621 0.1067197 -0.15506074
v -0.00492096 -0.0723808 -0.16326261
v -0.00569172 -0.06316556 -0.18252204
v -0.00563396 -0.08397227 -0.14805123
v -0.00649882 0.09205168 -0.13856095
v -0.00545183 -0.09926596 -0.12814437
v -0.00577226 0.07826139 -0.11197061
v -0.00500152 -0.11331768 -0.10831163
v -0.00643838 -0.03827395 -0.10076736
v -0.0035523 -0.08440393 -0.09663112
v -0.00469666 -0.1242309 -0.08860321
v -0.00112726 -0.01036935 -0.08584934
v -0.00548166 -0.01120594 -0.08715634
v -0.00092604 -0.02370938 -0.09500995
v -0.00358494 -0.10723401 -0.08846256
v -0.00957066 -0.10300784 -0.08678486
v -0.00358494 -0.10723401 -0.08846256
v -0.0024858 -0.11805921 -0.08018772
v -0.00167834 0.00538378 -0.08188475
v -0.00492001 -0.11184121 -0.08159363
v -0.0024858 -0.11805921 -0.08018772
v -0.00149 -0.12146923 -0.08078169
v -0.00469666 -0.1242309 -0.08860321
v -0.00253107 -0.12812531 -0.08478165
v -0.00100409 0.05938845 -0.08072966
v -0.00710782 0.04783743 -0.08035564
v 0.00076264 0.0517259 -0.07820959
v -0.00748339 0.03089883 -0.07969783
v -0.00112614 0.02390391 -0.07850654
v -0.00649553 0.01395796 -0.08135384
v -0.01856303 0.20736262 0.03931066
v -0.01429833 0.21806544 0.05027814
v -0.01094828 0.22765028 0.06144322
v -0.01281941 0.25102779 0.27184129
v -0.02884306 0.21033271 0.32754132
v -0.01817437 -0.07640335 0.35456324
v -0.01669512 -0.08195645 0.35454249
v -0.01301611 -0.09212461 0.35720643
v -0.0150837 -0.10740587 0.36237302
v -0.01334092 -0.05141667 0.37528804
v -0.01620593 -0.04078388 0.38270199
v -0.01334092 -0.05141667 0.37528804
v -0.01379088 -0.32716343 0.37937909
v -0.01662008 0.0501371 0.38593203
v -0.01247387 -0.21518633 0.38635948
v -0.01453034 -0.31045043 0.38256839
v -0.01486345 -0.0263643 0.3913303
v -0.01620593 -0.04078388 0.38270199
v 0.00679088 -0.03224875 0.39108682
v -0.01487765 -0.00769321 0.39988011
v -0.00977291 0.02167949 0.40669906
v -0.01485621 0.00402643 0.40329337
v -0.00091974 0.19036724 -0.45526752
v -0.00769958 0.1763756 -0.45409516
v -0.00752989 0.20017672 -0.44713354
v -0.00678164 0.24540921 -0.43340597
v -0.00855527 0.2440514 -0.42118946
v -0.00613785 0.24753928 -0.40500924
v -0.00660652 0.10403659 -0.15636975
v -0.00962448 -0.08267888 -0.15437891
v -0.00930072 -0.07309659 -0.16734339
v -0.00991113 -0.10649733 -0.12525071
v -0.00995773 -0.09822373 -0.13577676
v -0.00997351 -0.11922467 -0.10868827
v -0.00910191 0.06725463 -0.10406474
v -0.00649074 0.06133659 -0.08598182
v -0.00959726 -0.04823372 -0.10017709
v -0.00812595 -0.06126101 -0.09615669
v -0.01016991 -0.01624021 -0.09239046
v -0.01017211 -0.02988429 -0.10023211
v -0.00212141 -0.03022421 -0.09911539
v -0.00961226 -0.08312809 -0.09640599
v -0.00933027 -0.09206701 -0.09398969
v -0.00968314 -0.13108341 -0.09197994
v -0.01057435 -0.10710803 -0.08161967
v -0.00968314 -0.13108341 -0.09197994
v -0.00786152 -0.13745087 -0.08991519
v -0.00492001 -0.11184121 -0.08159363
v -0.01846302 0.23925947 0.07724448
v -0.01669906 0.24780677 0.09193377
v -0.01613947 0.26876763 0.16294226
v -0.01826555 0.26924479 0.18498081
v -0.01843886 0.26527375 0.22395779
v -0.0171174 0.26104337 0.24160567
v -0.01592954 0.23723538 0.29715961
v -0.02534825 0.22324742 0.31526816
v -0.02534825 0.22324742 0.31526816
v -0.0296539 0.203343 0.33300242
v -0.02941661 0.17591138 0.3509917
v -0.01356487 -0.07002362 0.35857615
v -0.0150837 -0.10740587 0.36237302
v -0.01798741 -0.36645821 0.36188364
v -0.02603894 0.14384261 0.36535496
v -0.01506438 0.1320558 0.3679547
v -0.01785656 0.11264496 0.37140873
v -0.01757075 0.0619938 0.38055387
v -0.0189959 -0.18821396 0.38256559
v -0.01488523 -0.23620732 0.3870658
v -0.02032436 -0.26165661 0.38616914
v -0.01291867 -0.28902945 0.38517565
v -0.01453034 -0.31045043 0.38256839
v -0.01601209 0.04327986 0.39008191
v -0.01409995 0.02929505 0.40085775
v -0.0165699 0.01591006 0.40712073
v -0.01295296 0.0121267 0.40728256
v -0.01103874 0.06349988 -0.48171851
v -0.01221996 0.06128063 -0.47641948
v -0.01093634 0.0876892 -0.47431734
v -0.01377063 -0.04009936 -0.10422709
v -0.00643838 -0.03827395 -0.10076736
v -0.00959726 -0.04823372 -0.10017709
v -0.01421292 -0.06044223 -0.09906092
v -0.00812595 -0.06126101 -0.09615669
v -0.01488885 -0.0814253 -0.09964766
v -0.00961226 -0.08312809 -0.09640599
v -0.0134126 -0.09963083 -0.09097354
v -0.01228063 -0.10859758 -0.07666302
v -0.01228063 -0.10859758 -0.07666302
v -0.01224661 -0.10500359 -0.07081331
v -0.02244132 0.26209903 0.12788513
v -0.01731865 0.2656188 0.13928838
v -0.01763533 0.26834545 0.20468742
v -0.03274943 0.1573759 0.36096534
v -0.02567793 -0.35485864 0.3691715
v -0.02999842 0.09331591 0.37412125
v -0.02032436 -0.26165661 0.38616914
v -0.0139142 -0.02504691 -0.10254996
v -0.01487155 -0.05167874 -0.10316803
v -0.0179231 -0.08081191 -0.10458823
v -0.00961226 -0.08312809 -0.09640599
v -0.0179231 -0.08081191 -0.10458823
v -0.0134126 -0.09963083 -0.09097354
v -0.0134126 -0.09963083 -0.09097354
v -0.01839455 -0.11081252 -0.08435833
v -0.01057435 -0.10710803 -0.08161967
v -0.00957066 -0.10300784 -0.08678486
v -0.01967431 -0.11184406 -0.07589596
v -0.01228063 -0.10859758 -0.07666302
v -0.00114311 0.16407506 0.00683151
v -0.02991921 0.16850844 0.0086994
v -0.00689096 0.17754498 0.01503824
v -0.02727968 0.25524068 0.25692979
v -0.02856314 0.07434008 0.37760562
v -0.0189959 -0.18821396 0.38256559
v -0.01224661 -0.10500359 -0.07081331
v -0.03267352 0.24720223 0.0930566
v -0.03084263 0.25420362 0.10831046
v -0.03311674 0.24901459 0.27158421
v -0.03015174 0.24270387 0.28589407
v -0.03339157 -0.11076248 0.36120254
v -0.02963871 0.12228175 0.36986348
v -0.03063601 -0.17200851 0.37769288
v -0.03443673 -0.22959456 0.38440824
v -0.03371008 -0.2448179 0.38496765
v -0.02797893 -0.28397349 0.38374087
v -0.01291867 -0.28902945 0.38517565
v -0.03009611 -0.02989108 0.38644618
v -0.02380076 0.02380823 0.40065089
v -0.02179929 0.01061932 0.40427101
v -0.03581934 0.21357481 0.04594481
v -0.03284691 0.23826677 0.07704219
v -0.03315859 0.26326293 0.14139134
v -0.03427415 0.26622292 0.16926177
v -0.03287834 0.25974926 0.2374696
v -0.03942326 0.23413277 0.29881233
v -0.03485276 -0.06756672 0.35723114
v -0.03249329 -0.08789538 0.35360876
v -0.03198437 -0.14667369 0.37168944
v -0.03489657 -0.33820927 0.37531695
v -0.03346136 0.06184217 0.37965083
v -0.03374013 -0.32655883 0.37814769
v -0.03301059 0.04959024 0.3841604
v -0.03271481 -0.04533229 0.37693381
v -0.0330721 -0.2169929 0.38336957
v -0.03368357 -0.30987924 0.38078097
v -0.0322948 0.03889646 0.3891761
v -0.03200715 -0.01566946 0.39222947
v -0.0309951 -0.00139252 0.39657101
v -0.03760957 -0.07628707 -0.04278144
v -0.03128805 -0.05777391 -0.03069191
v -0.01728002 -0.07555285 -0.04702058
v -0.03533714 -0.03601818 -0.01167675
v -0.01611 -0.03642071 -0.01594456
v -0.03160188 0.2276327 0.06175541
v -0.03445848 0.26630715 0.19395566
v -0.03377054 0.26503828 0.21003588
v -0.033289 0.22791825 0.30883059
v -0.03339157 -0.11076248 0.36120254
v -0.03009611 -0.02989108 0.38644618
v -0.03174042 0.03244533 0.39299127
v -0.03444742 0.01889524 0.39585352
v -0.02416351 -0.16817681 -0.1008435
v -0.03515773 -0.16823554 -0.09813038
v -0.02143371 -0.14063078 -0.08961114
v -0.03411486 0.19638215 0.02961326
v -0.04624726 0.25871456 0.2295427
v -0.04765027 0.21995792 0.31660959
v -0.04052103 -0.07295854 0.35206538
v -0.05500208 -0.36789793 0.36194959
v -0.03637011 -0.37353382 0.35655764
v -0.01453034 -0.31045043 0.38256839
v -0.03368357 -0.30987924 0.38078097
v -0.03374013 -0.32655883 0.37814769
v -0.04149924 -0.15379497 -0.0898854
v -0.04652295 0.23570733 0.07565439
v -0.04249407 0.25429496 0.11405113
v -0.04765027 0.21995792 0.31660959
v -0.04768435 0.19477555 0.33756208
v -0.04591813 -0.07809555 0.34923542
v -0.04718184 -0.12778707 0.36303174
v -0.04993752 -0.35748222 0.36747873
v -0.04269924 -0.1613405 0.37273642
v -0.05079294 0.0817227 0.37481821
v -0.05517652 -0.18712668 0.37531638
v -0.0383446 -0.21089664 0.38213477
v -0.04526519 -0.29733241 0.37982357
v -0.03719895 -0.21913308 0.38471502
v -0.03743389 -0.23823726 0.38559553
v -0.04547113 -0.25344816 0.38299805
v -0.0492142 -0.25879592 0.38169304
v -0.04075148 0.03150706 0.38945219
v -0.04428994 0.01389261 0.39097252
v -0.0431758 -0.00122056 0.39081582
v -0.0480388 0.2211715 0.05600416
v -0.04927244 0.24471341 0.09340025
v -0.04833559 0.25770551 0.13023211
v -0.05432409 0.25922769 0.14726892
v -0.05203767 0.26032442 0.20946456
v -0.05304723 0.24992773 0.25699142
v -0.05036146 0.24097367 0.28225619
v -0.04999404 0.20683689 0.32884046
v -0.04775694 0.17248939 0.35157979
v -0.04660617 -0.10721211 0.35691494
v -0.06316021 -0.37283844 0.35822201
v -0.04782528 0.15463838 0.36112371
v -0.05104511 0.13392152 0.36600798
v -0.04557861 0.11629813 0.36964673
v -0.05327163 -0.04851671 0.3685284
v -0.03063601 -0.17200851 0.37769288
v -0.04742142 -0.32600376 0.37636602
v -0.04111394 -0.2117538 0.38412401
v -0.03719895 -0.21913308 0.38471502
v -0.03708042 -0.22326882 0.38744339
v -0.03443673 -0.22959456 0.38440824
v -0.03708042 -0.22326882 0.38744339
v -0.04796978 -0.01115571 0.38742149
v -0.03823533 -0.23332688 0.39337474
v -0.03743389 -0.23823726 0.38559553
v -0.03888624 -0.22836116 0.40083528
v -0.04697181 -0.08928946 0.35082695
v -0.03637011 -0.37353382 0.35655764
v -0.08293177 -0.37630671 0.35563415
v -0.04880627 -0.38051158 0.34740159
v -0.05738905 -0.03489397 0.37601078
v -0.05517652 -0.18712668 0.37531638
v -0.04754148 0.05868021 0.37847975
v -0.04814435 -0.1972602 0.37875137
v -0.04714179 -0.20313175 0.3811745
v -0.04526519 -0.29733241 0.37982357
v -0.04479368 -0.24736561 0.38499609
v -0.04111394 -0.2117538 0.38412401
v -0.04318942 -0.21114281 0.39958373
v -0.04011346 -0.21805982 0.39973742
v -0.03823533 -0.23332688 0.39337474
v -0.03888624 -0.22836116 0.40083528
v -0.0422039 -0.2380026 0.39905238
v -0.04562386 -0.21801057 0.40947077
v -0.04249257 -0.22975761 0.40645909
v -0.04249257 -0.22975761 0.40645909
v -0.04725837 -0.23749515 0.40825289
v -0.04974065 0.26263458 0.17380805
v -0.05810881 0.25954118 0.19778264
v -0.06461854 -0.07781762 0.34404153
v -0.04660617 -0.10721211 0.35691494
v -0.05612545 -0.06713428 0.3520425
v -0.05556011 -0.17967825 0.37313089
v -0.04742142 -0.32600376 0.37636602
v -0.05515829 0.03411414 0.38312623
v -0.05036375 -0.02295282 0.38319832
v -0.05917564 0.01610893 0.38455659
v -0.05924539 -0.00117885 0.38462564
v -0.04714179 -0.20313175 0.3811745
v -0.04985889 -0.20076337 0.39547363
v -0.04479368 -0.24736561 0.38499609
v -0.04894352 -0.24438815 0.40145561
v -0.04880253 -0.20560704 0.40337905
v -0.04562386 -0.21801057 0.40947077
v -0.04782273 -0.22504868 0.41155997
v -0.04249257 -0.22975761 0.40645909
v -0.04866821 -0.2340346 0.41096973
v -0.04866821 -0.2340346 0.41096973
v -0.05140641 -0.04725005 -0.0162256
v -0.06587292 -0.03766727 -0.00163602
v -0.04841171 -0.03034932 -0.00260511
v -0.06178964 0.24716327 0.10632157
v -0.07302005 0.24881664 0.12161101
v -0.06324377 0.23437281 0.28871298
v -0.06316021 -0.37283844 0.35822201
v -0.0674925 -0.34159362 0.36949733
v -0.05270831 -0.19569232 0.37879065
v -0.05738905 -0.03489397 0.37601078
v -0.05693646 -0.25503844 0.3829731
v -0.06060052 -0.20745541 0.41219768
v -0.06060052 -0.20745541 0.41219768
v -0.06208578 -0.2185991 0.41671863
v -0.0588278 -0.22595057 0.41647333
v -0.0513182 0.19876844 0.03346994
v -0.06328595 0.20931919 0.04619643
v -0.0643671 0.2219761 0.06126774
v -0.06603034 0.22998747 0.0738902
v -0.06254638 0.24053985 0.09098793
v -0.06464643 0.25180468 0.23483101
v -0.06784028 0.2410154 0.26928109
v -0.06350697 0.22563297 0.30342433
v -0.06313187 0.21781154 0.3144972
v -0.06313187 0.21781154 0.3144972
v -0.06155171 0.1980408 0.33272618
v -0.06773002 0.17864744 0.34304672
v -0.06752018 -0.08692275 0.34422657
v -0.05987727 0.15888801 0.35627419
v -0.06748798 -0.09693568 0.34686354
v -0.06680375 -0.3649953 0.36264682
v -0.06577401 0.09187765 0.37020671
v -0.06262077 -0.16058034 0.36607444
v -0.06737681 -0.35446408 0.36617053
v -0.06334192 0.0782268 0.3727231
v -0.07421304 0.05943235 0.37238973
v -0.05854718 -0.18801975 0.37685722
v -0.06855606 -0.31464854 0.37205952
v -0.0492142 -0.25879592 0.38169304
v -0.05854021 -0.27218917 0.37812296
v -0.04526519 -0.29733241 0.37982357
v -0.05270831 -0.19569232 0.37879065
v -0.05854718 -0.18801975 0.37685722
v -0.06038868 -0.25892317 0.37979686
v -0.05290936 -0.25104886 0.38666609
v -0.05693646 -0.25503844 0.3829731
v -0.0598249 -0.19015166 0.39595506
v -0.06093375 -0.20251645 0.40946877
v -0.06226462 -0.24269471 0.41090146
v -0.08176152 0.25102109 0.14939333
v -0.07053211 0.25600454 0.17990403
v -0.06608875 0.20505008 0.32627058
v -0.06887308 -0.07275161 0.34411705
v -0.06846061 -0.11969946 0.35358176
v -0.04718184 -0.12778707 0.36303174
v -0.06140362 0.14157252 0.36199188
v -0.06622542 -0.17950289 0.37026778
v -0.06853733 -0.33054009 0.3710511
v -0.07597474 -0.29077846 0.37072393
v -0.06855606 -0.31464854 0.37205952
v -0.07148256 0.03447841 0.37859288
v -0.06038868 -0.25892317 0.37979686
v -0.07442615 0.02062779 0.37982726
v -0.06387912 -0.01190307 0.38212341
v -0.06424712 -0.1828039 0.38698351
v -0.06922565 -0.18712018 0.39985764
v -0.06119472 -0.23334563 0.4154678
v -0.06119472 -0.23334563 0.4154678
v -0.0643671 0.2219761 0.06126774
v -0.0480388 0.2211715 0.05600416
v -0.07455308 -0.1443032 0.35687295
v -0.07290875 0.14622112 0.35722032
v -0.07766538 0.12412908 0.3617937
v -0.06262077 -0.16058034 0.36607444
v -0.07643521 0.11512093 0.3636083
v -0.07260622 -0.17055157 0.3647711
v -0.07957267 -0.04592129 0.36312258
v -0.05854718 -0.18801975 0.37685722
v -0.06935597 -0.27448654 0.37408864
v -0.06622542 -0.17950289 0.37026778
v -0.06964216 -0.17614795 0.38450834
v -0.08254936 0.23662908 0.09540617
v -0.08482673 0.24872646 0.13900368
v -0.08445452 0.25120229 0.16460173
v -0.08573318 0.24941804 0.20269108
v -0.0812805 0.23337799 0.27637997
v -0.07757412 0.19126189 0.3317875
v -0.07206696 -0.06751236 0.34629655
v -0.08260268 -0.12725139 0.35016161
v -0.07293941 0.07182335 0.37125543
v -0.07448518 -0.03466458 0.37164924
v -0.07515839 -0.02282206 0.37648356
v -0.07040609 -0.00135539 0.38178569
v -0.06093375 -0.20251645 0.40946877
v -0.06922565 -0.18712018 0.39985764
v -0.07778114 -0.19634725 0.40926731
v -0.07444619 -0.24072181 0.41246367
v -0.07457769 -0.21935183 0.41776249
v -0.07979554 0.20590852 0.0477805
v -0.08083183 0.2274503 0.07712375
v -0.08494261 0.24144855 0.10983776
v -0.08124931 0.2267023 0.28991032
v -0.07872644 0.21872093 0.30497596
v -0.08782435 0.20456356 0.31671488
v -0.06608875 0.20505008 0.32627058
v -0.07966742 -0.15701111 0.35751224
v -0.07260622 -0.17055157 0.3647711
v -0.07519095 -0.16931453 0.36480397
v -0.07260622 -0.17055157 0.3647711
v -0.07469497 -0.33762982 0.37027672
v -0.07656589 -0.31892323 0.37056664
v -0.06038868 -0.25892317 0.37979686
v -0.07334622 -0.25945574 0.3763009
v -0.07301488 -0.26362044 0.37406597
v -0.07301488 -0.26362044 0.37406597
v -0.07481061 -0.24500807 0.40823784
v -0.07805115 -0.2047736 0.41356683
v -0.07647637 -0.23260836 0.41632292
v -0.06627099 -0.09798165 -0.04579885
v -0.08219908 -0.08907337 -0.03222101
v -0.07249507 -0.07252836 -0.02658615
v -0.09689756 0.23449053 0.25605428
v -0.08045001 -0.07384093 0.33857766
v -0.08444335 -0.08217435 0.33670768
v -0.08977949 0.15509243 0.34795916
v -0.08545204 -0.10738058 0.34331518
v -0.07751325 -0.3626233 0.36511871
v -0.07947682 -0.37085065 0.36065191
v -0.08143873 0.10234806 0.3655723
v -0.07724261 -0.3448126 0.36968681
v -0.08490682 -0.29765919 0.36887974
v -0.07714652 -0.16719243 0.37896359
v -0.08605479 -0.16264065 0.38205776
v -0.09104824 -0.17065282 0.39246368
v -0.08102654 -0.18592225 0.40255922
v -0.08982812 0.21158281 0.059048
v -0.08601766 0.19356167 0.3264721
v -0.08846244 -0.0914968 0.33680186
v -0.0797575 -0.06185821 0.34893423
v -0.08109076 -0.15945445 0.35857996
v -0.08109076 -0.15945445 0.35857996
v -0.08066536 0.082613 0.36927173
v -0.07301488 -0.26362044 0.37406597
v -0.08951798 -0.26345268 0.36597192
v -0.06935597 -0.27448654 0.37408864
v -0.08632609 -0.27561033 0.36763957
v -0.07597474 -0.29077846 0.37072393
v -0.08018243 -0.32618213 0.37193719
v -0.08127765 -0.01920874 0.37622735
v -0.08605479 -0.16264065 0.38205776
v -0.07996359 0.18635644 0.02971089
v -0.09544987 0.19602858 0.04448002
v -0.08323026 0.24607669 0.22863056
v -0.09171499 0.24099399 0.2392457
v -0.08782435 0.20456356 0.31671488
v -0.09697457 0.15834412 0.34352791
v -0.0867546 -0.13960731 0.35185114
v -0.08493948 -0.15230533 0.35540873
v -0.09193831 0.12761971 0.35644892
v -0.09210759 0.09119266 0.36496279
v -0.09181179 0.07996527 0.36577198
v -0.08646825 -0.3558335 0.37430212
v -0.07448518 -0.03466458 0.37164924
v -0.08269006 -0.15846963 0.36985081
v -0.08525728 -0.25936323 0.36969316
v -0.08951798 -0.26345268 0.36597192
v -0.08490682 -0.29765919 0.36887974
v -0.08639215 -0.30676195 0.37019843
v -0.08466013 -0.32515293 0.37421116
v -0.08211378 -0.34260255 0.37341398
v -0.08645844 -0.15644805 0.37398911
v -0.0940557 0.03136609 0.3762162
v -0.09494112 0.01385484 0.37709072
v -0.09624702 -0.00058385 0.37569311
v -0.08849797 -0.22651534 0.41525921
v -0.09283015 -0.23488702 0.41072565
v -0.07444619 -0.24072181 0.41246367
v -0.08984005 -0.20821412 0.41382772
v -0.08847513 -0.18494251 -0.06885702
v -0.09255344 -0.1573327 -0.05907606
v -0.07500897 -0.17606458 -0.07683354
v -0.0961498 -0.07091309 -0.01326215
v -0.0820988 0.13682508 0.00240899
v -0.09547849 0.159648 0.01811458
v -0.08171894 0.16476521 0.01575
v -0.08982812 0.21158281 0.059048
v -0.10506526 0.23893963 0.127011
v -0.09426701 0.24806106 0.17834027
v -0.10289517 0.21874431 0.28607005
v -0.09082145 -0.07457241 0.33353585
v -0.09849871 -0.06634508 0.33464959
v -0.08820121 -0.14302172 0.35358861
v -0.09301182 0.11373299 0.36016789
v -0.08923309 -0.36619797 0.3703509
v -0.09130348 -0.37680471 0.36071172
v -0.07947682 -0.37085065 0.36065191
v -0.09111761 0.0677301 0.36796248
v -0.09443446 0.05004784 0.37134886
v -0.09324601 -0.2845411 0.36617869
v -0.09592155 -0.02227957 0.37035757
v -0.08922455 -0.14798249 0.36616087
v -0.09100537 -0.30879676 0.3729336
v -0.08646825 -0.3558335 0.37430212
v -0.09611302 -0.18332279 0.40213293
v -0.07444619 -0.24072181 0.41246367
v -0.09283015 -0.23488702 0.41072565
v -0.08821752 -0.24459417 0.40405959
v -0.09090903 -0.19580911 0.40920705
v -0.08984005 -0.20821412 0.41382772
v -0.09319728 -0.2182131 0.41476238
v -0.07457769 -0.21935183 0.41776249
v -0.08849797 -0.22651534 0.41525921
v -0.10313323 0.13765647 0.01060059
v -0.1068027 0.24356805 0.20024942
v -0.10704022 0.23951177 0.22374479
v -0.09547287 0.21101739 0.30376509
v -0.10168716 -0.10999244 0.33761632
v -0.09361267 -0.12455016 0.34607992
v -0.09086264 -0.13552645 0.35015625
v -0.09991129 -0.05064462 0.35131866
v -0.08820121 -0.14302172 0.35358861
v -0.08493948 -0.15230533 0.35540873
v -0.10068952 -0.03818515 0.36093998
v -0.09271438 -0.25475469 0.36901906
v -0.09324601 -0.2845411 0.36617869
v -0.09402975 -0.29887453 0.3693938
v -0.08490682 -0.29765919 0.36887974
v -0.09402975 -0.29887453 0.3693938
v -0.09715983 -0.14847206 0.3735275
v -0.09568636 -0.36048079 0.37944993
v -0.08923309 -0.36619797 0.3703509
v -0.09866334 -0.33076066 0.3879188
v -0.09620656 -0.34861079 0.38475582
v -0.09785677 -0.23764578 0.40610033
v -0.09976134 0.21934968 0.0757154
v -0.11092675 0.17391026 0.32854778
v -0.10916548 -0.08390037 0.32395124
v -0.1055541 -0.09704766 0.32990673
v -0.09501637 -0.12783346 0.3480874
v -0.10695897 0.1411211 0.34625325
v -0.10730729 0.118402 0.35370556
v -0.09086264 -0.13552645 0.35015625
v -0.09539811 -0.13631441 0.35984179
v -0.10214622 0.09529613 0.36021158
v -0.10131565 -0.26357996 0.35981196
v -0.10347925 -0.27593678 0.36244601
v -0.09592155 -0.02227957 0.37035757
v -0.10288095 -0.28867471 0.36700198
v -0.0963029 -0.37153596 0.36990771
v -0.09130348 -0.37680471 0.36071172
v -0.09715983 -0.14847206 0.3735275
v -0.10338168 -0.15414073 0.38076329
v -0.0976477 -0.32092035 0.38459092
v -0.08646825 -0.3558335 0.37430212
v -0.09620656 -0.34861079 0.38475582
v -0.09568636 -0.36048079 0.37944993
v -0.09971733 -0.34088647 0.38862094
v -0.10331792 -0.19835754 0.40803301
v -0.10203587 -0.21041268 0.4112426
v -0.09319728 -0.2182131 0.41476238
v -0.08282739 -0.0299473 0.01250799
v -0.11107834 -0.03946388 0.02331365
v -0.09974046 -0.0283417 0.02293069
v -0.11313121 0.22199884 0.09034578
v -0.11240718 0.23105818 0.11081491
v -0.11846948 0.24106069 0.18314002
v -0.11510874 0.23287147 0.23671485
v -0.11011536 0.20283982 0.30342576
v -0.10684308 0.19083017 0.31832433
v -0.1053296 -0.0689652 0.32710671
v -0.09887823 -0.11980043 0.34418201
v -0.09501637 -0.12783346 0.3480874
v -0.10347712 -0.25540477 0.35671452
v -0.10791263 -0.13091958 0.36143711
v -0.10702477 -0.01432459 0.36843961
v -0.10046084 -0.29654518 0.37084207
v -0.10525148 0.02062118 0.37406144
v -0.10841563 -0.3660703 0.38040727
v -0.10827502 -0.30615512 0.38523135
v -0.1119329 -0.15733635 0.38380659
v -0.10948422 -0.18667927 0.40193471
v -0.10575813 -0.22368887 0.4086442
v -0.08849797 -0.22651534 0.41525921
v -0.10575813 -0.22368887 0.4086442
v -0.09283015 -0.23488702 0.41072565
v -0.11379334 -0.07010219 -0.00116477
v -0.0972408 -0.05517445 -0.00012087
v -0.11119498 0.2058944 0.06401855
v -0.11124663 0.23979963 0.14368431
v -0.12229475 0.23846 0.16336726
v -0.10999566 0.22089592 0.27340013
v -0.10684308 0.19083017 0.31832433
v -0.11080536 -0.10310403 0.33418331
v -0.09887823 -0.11980043 0.34418201
v -0.10829213 -0.1224779 0.35293266
v -0.11182676 -0.26828155 0.35685125
v -0.10420011 0.08314656 0.36299431
v -0.10288095 -0.28867471 0.36700198
v -0.10046084 -0.29654518 0.37084207
v -0.11231665 0.0478878 0.3686434
v -0.11491185 0.00429031 0.36806077
v -0.10791263 -0.13091958 0.36143711
v -0.11187056 -0.35808623 0.38719687
v -0.10809348 -0.34757733 0.39143491
v -0.10809348 -0.34757733 0.39143491
v -0.11113863 -0.17144264 0.39366972
v -0.10575813 -0.22368887 0.4086442
v -0.10769344 -0.21766129 0.40867338
v -0.11765914 0.22670689 0.24921893
v -0.11631881 -0.07146107 0.31833681
v -0.11080536 -0.10310403 0.33418331
v -0.1093208 -0.11248612 0.34298563
v -0.11538167 -0.0487698 0.34510854
v -0.10702477 -0.01432459 0.36843961
v -0.11278363 -0.03056334 0.35966733
v -0.11476051 -0.27724573 0.36114031
v -0.10974959 -0.28714186 0.36740819
v -0.1148892 0.03735161 0.3693794
v -0.11115392 -0.1414537 0.37134591
v -0.11064249 -0.29447746 0.37715167
v -0.10046084 -0.29654518 0.37084207
v -0.11064249 -0.29447746 0.37715167
v -0.10827502 -0.30615512 0.38523135
v -0.11891655 -0.30940914 0.39401576
v -0.1079241 -0.32491058 0.39306197
v -0.11234535 -0.33417934 0.3954654
v -0.11362172 -0.19938818 0.40503195
v -0.11468649 0.23976086 0.21299173
v -0.11599024 -0.06597455 0.31963608
v -0.11511975 -0.09491674 0.32739961
v -0.12133618 0.13842705 0.33990574
v -0.11669356 -0.03907738 0.35230801
v -0.12145257 -0.25056493 0.34336308
v -0.11843847 0.10608999 0.35333192
v -0.11904478 0.09642895 0.35563651
v -0.11972206 0.07623735 0.36320466
v -0.11729338 -0.0096441 0.3639746
v -0.11623102 0.05791626 0.36680117
v -0.11729338 -0.0096441 0.3639746
v -0.12237209 -0.31921458 0.39843148
v -0.12076518 -0.07576751 0.31642532
v -0.10916548 -0.08390037 0.32395124
v -0.11803454 -0.0880956 0.322644
v -0.1055541 -0.09704766 0.32990673
v -0.11511975 -0.09491674 0.32739961
v -0.12450203 0.15826187 0.33043769
v -0.11904994 0.12172467 0.34694055
v -0.11729405 -0.24648818 0.34565532
v -0.1093208 -0.11248612 0.34298563
v -0.12224804 -0.1155647 0.34848934
v -0.10829213 -0.1224779 0.35293266
v -0.10791263 -0.13091958 0.36143711
v -0.12317881 -0.27825078 0.36264774
v -0.12160443 0.03038372 0.36731952
v -0.11942984 0.00881493 0.36731175
v -0.12276823 -0.13067271 0.36247036
v -0.1231214 -0.34783441 0.39480615
v -0.12179796 -0.33763853 0.39797989
v -0.12001374 -0.21496326 0.40042961
v -0.11327274 -0.22670466 0.40134019
v -0.11440171 0.17390557 0.03555837
v -0.12736362 0.18039159 0.0483189
v -0.10893708 0.19364949 0.04896885
v -0.12623052 0.20860818 0.07864606
v -0.12819114 0.22381318 0.10953456
v -0.13210365 0.22782667 0.12831433
v -0.12689655 0.24004228 0.19454189
v -0.12618397 0.23832962 0.21093547
v -0.12695928 0.23304045 0.22761263
v -0.12483365 0.21813816 0.25865024
v -0.12624793 0.20295496 0.28713614
v -0.12816131 0.18995626 0.30399942
v -0.12076518 -0.07576751 0.31642532
v -0.12828083 -0.10696225 0.33951163
v -0.12543546 -0.25775182 0.34423059
v -0.12224804 -0.1155647 0.34848934
v -0.12096432 -0.27570093 0.35867038
v -0.12038406 -0.28267729 0.36876389
v -0.1227496 -0.14602874 0.37428483
v -0.12953168 -0.28548154 0.38349724
v -0.12437403 -0.35928708 0.38816047
v -0.12710594 -0.15424585 0.37923446
v -0.12234537 -0.17098789 0.39027241
v -0.12340888 -0.20144922 0.39942938
v -0.12001374 -0.21496326 0.40042961
v -0.12809381 0.21740487 0.09529512
v -0.13095608 0.22361371 0.24139416
v -0.14119141 0.1715939 0.31352451
v -0.14119141 0.1715939 0.31352451
v -0.12629855 -0.0849957 0.31858799
v -0.12952597 -0.09643113 0.32832402
v -0.12863879 -0.26900432 0.34980395
v -0.12683475 0.09663713 0.3528364
v -0.11906562 -0.02564926 0.35736558
v -0.12687016 -0.03654482 0.34616306
v -0.12700407 0.07849199 0.36061174
v -0.13154127 -0.01062404 0.35704312
v -0.12524033 0.04965531 0.36339244
v -0.12332284 -0.00249785 0.36369884
v -0.12953168 -0.28548154 0.38349724
v -0.13272177 -0.29531509 0.39363527
v -0.13272177 -0.29531509 0.39363527
v -0.12709299 -0.18357036 0.39386189
v -0.13080558 -0.20051575 0.39369738
v -0.12736756 -0.06601094 0.01236601
v -0.12725341 -0.04132628 0.03521034
v -0.11607132 -0.05228861 0.01595319
v -0.13013707 0.23737107 0.17211379
v -0.12566885 -0.06254468 0.3096869
v -0.13074565 -0.07146764 0.30744955
v -0.12952597 -0.09643113 0.32832402
v -0.12687016 -0.03654482 0.34616306
v -0.12694895 -0.0483254 0.33676443
v -0.11669356 -0.03907738 0.35230801
v -0.13375072 -0.02605258 0.34834337
v -0.13211486 -0.2735534 0.35406712
v -0.12332284 -0.00249785 0.36369884
v -0.12874448 0.06369822 0.36092478
v -0.13175674 0.03766196 0.36252436
v -0.13637571 -0.13259786 0.3605563
v -0.12317881 -0.27825078 0.36264774
v -0.12794554 -0.27727145 0.36466503
v -0.12038406 -0.28267729 0.36876389
v -0.13080558 -0.20051575 0.39369738
v -0.13271385 -0.20542903 0.39081955
v -0.12001374 -0.21496326 0.40042961
v -0.13271385 -0.20542903 0.39081955
v -0.12599844 -0.21914801 0.39249808
v -0.13310148 -0.32349652 0.40200144
v -0.133766 0.23357292 0.15893584
v -0.1344976 0.24100009 0.19796988
v -0.13317735 0.23511823 0.22371879
v -0.13393846 0.19846877 0.28409442
v -0.12566885 -0.06254468 0.3096869
v -0.13364702 -0.0645696 0.30194375
v -0.13074565 -0.07146764 0.30744955
v -0.13074565 -0.07146764 0.30744955
v -0.13570884 -0.08020104 0.31049088
v -0.12911025 -0.24005626 0.33729097
v -0.14023611 -0.24302301 0.32903239
v -0.13320902 0.11312423 0.3428475
v -0.14260733 -0.26447067 0.33877334
v -0.13761395 -0.11455323 0.34467301
v -0.13651296 0.09169893 0.34911191
v -0.13769767 0.0526611 0.35664874
v -0.13211486 -0.2735534 0.35406712
v -0.1334791 0.01966593 0.36209667
v -0.13257472 -0.27650309 0.37436652
v -0.13763615 -0.15847865 0.37690908
v -0.13845567 -0.34523892 0.39652407
v -0.1421535 -0.29966229 0.39986596
v -0.13922663 -0.33455676 0.4006719
v -0.13089305 -0.08677803 -0.0006172
v -0.14079288 -0.07698949 0.01521676
v -0.13833798 -0.04047458 0.04822619
v -0.12765491 -0.03125925 0.04299438
v -0.14267525 0.18427283 0.0640166
v -0.1274423 0.19649404 0.06405088
v -0.14354663 0.21600391 0.11014109
v -0.14441873 0.2263547 0.14703886
v -0.14229079 0.23329984 0.16523398
v -0.14083049 0.23686135 0.17393322
v -0.14027652 0.23997872 0.18472597
v -0.13598207 0.240808 0.21133898
v -0.1377226 0.23033433 0.23094833
v -0.14157011 0.20445651 0.25790644
v -0.13694151 -0.05481617 0.30857968
v -0.13615991 -0.06080677 0.29937416
v -0.1429556 -0.08807206 0.31490785
v -0.14065517 0.16705953 0.31678569
v -0.13883187 -0.10046579 0.33054492
v -0.12828083 -0.10696225 0.33951163
v -0.14175183 -0.26949471 0.34398383
v -0.12863879 -0.26900432 0.34980395
v -0.14175183 -0.26949471 0.34398383
v -0.13211486 -0.2735534 0.35406712
v -0.13796723 0.07494224 0.3528935
v -0.14157449 0.00922884 0.35603294
v -0.14157449 0.00922884 0.35603294
v -0.13834777 -0.27337497 0.35372859
v -0.1328842 -0.27478775 0.36539838
v -0.14149636 -0.13826789 0.36260211
v -0.13664417 -0.27575737 0.38024482
v -0.13664417 -0.27575737 0.38024482
v -0.14322217 -0.16847964 0.37829405
v -0.13763703 -0.35814703 0.3880479
v -0.13564399 -0.36850548 0.37847576
v -0.14322217 -0.16847964 0.37829405
v -0.1345326 -0.1866778 0.3896938
v -0.12709299 -0.18357036 0.39386189
v -0.14357784 -0.27723825 0.3881661
v -0.14282151 -0.31170776 0.40305993
v -0.14271769 0.20810544 0.09329382
v -0.1458188 0.21912943 0.12221177
v -0.13598207 0.240808 0.21133898
v -0.13834733 0.2380262 0.2227916
v -0.13317735 0.23511823 0.22371879
v -0.13317735 0.23511823 0.22371879
v -0.13834733 0.2380262 0.2227916
v -0.1377226 0.23033433 0.23094833
v -0.1392238 0.22506261 0.23723108
v -0.14238122 0.21662301 0.24368122
v -0.13386181 0.21770042 0.24802475
v -0.13950877 -0.0699653 0.29875526
v -0.13570884 -0.08020104 0.31049088
v -0.14927204 0.15187921 0.31814304
v -0.14950971 0.13422085 0.3246845
v -0.13498755 -0.23345435 0.33620438
v -0.14051592 -0.23611894 0.32877776
v -0.12911025 -0.24005626 0.33729097
v -0.14051592 -0.23611894 0.32877776
v -0.15278886 -0.25648752 0.32783273
v -0.13375072 -0.02605258 0.34834337
v -0.14409493 -0.02270366 0.34240076
v -0.14321624 -0.03619559 0.33231559
v -0.12862328 -0.38231328 0.35355818
v -0.14110923 -0.37750778 0.36167368
v -0.14040489 -0.38278216 0.34477395
v -0.13652527 -0.21974435 0.37339669
v -0.14492978 -0.21738368 0.36346036
v -0.12409053 -0.23236793 0.37192807
v -0.13981427 -0.26913345 0.37065858
v -0.14300041 -0.26620591 0.37831876
v -0.149359 0.22838531 0.15724671
v -0.1344976 0.24100009 0.19796988
v -0.14027652 0.23997872 0.18472597
v -0.145009 0.24633613 0.20135731
v -0.14500399 0.24689727 0.2156705
v -0.14270453 0.22907326 0.23484692
v -0.1392238 0.22506261 0.23723108
v -0.14661898 0.20634077 0.25116482
v -0.14690942 0.19633082 0.26134449
v -0.14929415 0.17319845 0.3029815
v -0.1485353 -0.07987866 0.30032417
v -0.15642856 0.08918113 0.33551303
v -0.15324064 -0.00661075 0.34229749
v -0.14409493 -0.02270366 0.34240076
v -0.14677174 -0.12133231 0.34671971
v -0.14884825 -0.27138498 0.34428462
v -0.14847925 0.06840954 0.34613293
v -0.14506458 0.06071744 0.34989658
v -0.1489259 0.0006361 0.34846219
v -0.14884825 -0.27138498 0.34428462
v -0.14597531 0.040916 0.35432705
v -0.15007497 0.02607081 0.35177141
v -0.14290109 -0.27052593 0.35767496
v -0.14756434 -0.14113863 0.36069831
v -0.14322217 -0.16847964 0.37829405
v -0.14685155 -0.18180989 0.37869313
v -0.1345326 -0.1866778 0.3896938
v -0.14446948 -0.19633435 0.38023981
v -0.14612383 -0.35692644 0.38685843
v -0.14839424 -0.28366047 0.39599323
v -0.15183149 -0.31759787 0.40412802
v -0.14414391 -0.09814319 0.00323872
v -0.15650597 -0.09714879 0.01714588
v -0.15633385 0.20787641 0.10938109
v -0.14083049 0.23686135 0.17393322
v -0.14803241 0.24187343 0.18335015
v -0.15042971 0.24638274 0.1915019
v -0.15660408 0.25675794 0.2264577
v -0.14720321 0.24262773 0.2287409
v -0.14933501 0.22495462 0.24161464
v -0.14238122 0.21662301 0.24368122
v -0.14999506 0.20924895 0.24849109
v -0.14661898 0.20634077 0.25116482
v -0.14919309 -0.05944913 0.28373215
v -0.15165506 -0.06413886 0.28200138
v -0.15450448 -0.09497457 0.31441405
v -0.1429556 -0.08807206 0.31490785
v -0.150736 -0.03408337 0.3252632
v -0.14336117 -0.04576958 0.3202408
v -0.15412579 -0.10917246 0.33128512
v -0.15171026 -0.23376052 0.32040042
v -0.14789921 -0.227073 0.32791513
v -0.14163551 -0.22525199 0.34928283
v -0.1578671 -0.21804032 0.33309689
v -0.14991552 -0.27033305 0.34967509
v -0.15100566 -0.26042417 0.37456611
v -0.14902094 -0.26515865 0.38684449
v -0.14902094 -0.26515865 0.38684449
v -0.15590551 -0.33962756 0.39630195
v -0.15233903 -0.29446128 0.40157336
v -0.15213506 -0.32979923 0.40128699
v -0.1442515 -0.06655178 0.02870758
v -0.15004969 0.23542894 0.16923153
v -0.15542753 0.25598574 0.21134479
v -0.14270453 0.22907326 0.23484692
v -0.15194273 0.19796006 0.25367752
v -0.15194273 0.19796006 0.25367752
v -0.1548018 -0.07096478 0.28397009
v -0.14119141 0.1715939 0.31352451
v -0.15807657 0.16109878 0.30436182
v -0.14065517 0.16705953 0.31678569
v -0.15412579 -0.10917246 0.33128512
v -0.15264548 -0.22590084 0.32268438
v -0.15171026 -0.23376052 0.32040042
v -0.15588798 0.11030387 0.32967162
v -0.1595906 -0.02128634 0.32707292
v -0.15645511 -0.26575077 0.33121338
v -0.15418278 -0.12601313 0.34528503
v -0.1551924 -0.26237029 0.36113104
v -0.15703335 -0.15460771 0.36126658
v -0.1478145 0.17182049 0.05835271
v -0.16114075 0.17530146 0.07501636
v -0.16343267 0.21501742 0.14169157
v -0.15580887 0.22677106 0.15655085
v -0.15004969 0.23542894 0.16923153
v -0.15805984 0.23787381 0.16946957
v -0.16216858 0.25891796 0.20090066
v -0.15693238 0.25154915 0.23647736
v -0.15663151 0.24402799 0.24185768
v -0.15663151 0.24402799 0.24185768
v -0.15486835 0.21454874 0.24796282
v -0.15620089 0.20322321 0.24965858
v -0.14911905 0.18602796 0.27968884
v -0.15826139 0.17343071 0.28771761
v -0.15807657 0.16109878 0.30436182
v -0.14927204 0.15187921 0.31814304
v -0.16066755 -0.2363167 0.31467855
v -0.15645511 -0.26575077 0.33121338
v -0.16138606 -0.27138531 0.33254462
v -0.14260733 -0.26447067 0.33877334
v -0.14506458 0.06071744 0.34989658
v -0.16012271 0.04912788 0.34169438
v -0.14597531 0.040916 0.35432705
v -0.1578666 0.03525122 0.34547046
v -0.15007497 0.02607081 0.35177141
v -0.1616469 0.01745055 0.34109932
v -0.1610561 -0.27071631 0.34407848
v -0.15703335 -0.15460771 0.36126658
v -0.15691318 -0.17244162 0.36746347
v -0.15913488 -0.25643218 0.37384111
v -0.15844654 -0.25674555 0.38846573
v -0.15751098 -0.2742162 0.3973144
v -0.15562193 -0.26266086 0.39308634
v -0.14625525 0.15352613 0.04483478
v -0.16262338 0.14858609 0.05868446
v -0.15823466 0.16129002 0.06145891
v -0.16265562 0.1906334 0.09231521
v -0.14525703 0.19426435 0.07663765
v -0.17188029 0.20487945 0.1259113
v -0.15985741 0.25024977 0.18692392
v -0.16238685 0.26386338 0.21697119
v -0.16066848 0.2344752 0.2497551
v -0.16117765 0.2202774 0.25163311
v -0.16227254 0.1861224 0.25203985
v -0.16035524 -0.08407956 0.29283828
v -0.16261642 -0.092264 0.30233929
v -0.16359837 0.14051594 0.31081066
v -0.16249217 -0.01021474 0.33132535
v -0.16589873 0.07967267 0.32997039
v -0.15324064 -0.00661075 0.34229749
v -0.16138606 -0.27138531 0.33254462
v -0.1634731 -0.27318767 0.33566123
v -0.16353062 0.05766765 0.33547637
v -0.16288354 0.00482718 0.33720258
v -0.15418278 -0.12601313 0.34528503
v -0.16280873 -0.13722414 0.34617069
v -0.14756434 -0.14113863 0.36069831
v -0.16222793 -0.2599996 0.36112741
v -0.16255158 -0.18205225 0.36142802
v -0.16108587 -0.34491512 0.39094386
v -0.1556789 -0.36217928 0.37770745
v -0.15562193 -0.26266086 0.39308634
v -0.16481049 -0.2901842 0.40361333
v -0.16435263 -0.32048818 0.40181354
v -0.15036872 -0.15657228 -0.01901466
v -0.15856403 -0.16971175 -0.01542707
v -0.16343795 -0.14544865 -0.00268248
v -0.15623671 0.19968431 0.09588778
v -0.15580887 0.22677106 0.15655085
v -0.16492464 0.25125206 0.18267369
v -0.16484421 0.26016667 0.24439818
v -0.16967705 0.25373393 0.25455251
v -0.16233264 0.20826553 0.25130177
v -0.16280444 0.19796625 0.25009114
v -0.16299297 0.19247892 0.24984597
v -0.15946555 -0.06221814 0.26933384
v -0.1662605 -0.07042526 0.26740026
v -0.170728 0.15853186 0.2863839
v -0.16020766 -0.22749363 0.31325501
v -0.17055643 0.11439779 0.3154017
v -0.15588798 0.11030387 0.32967162
v -0.16368066 -0.10810772 0.32068965
v -0.1672499 -0.25265011 0.31696942
v -0.16698802 -0.12552632 0.33289126
v -0.14847925 0.06840954 0.34613293
v -0.16589873 0.07967267 0.32997039
v -0.16820276 -0.25388804 0.37312916
v -0.1556789 -0.36217928 0.37770745
v -0.16591452 -0.36360538 0.36896542
v -0.15094551 -0.37235278 0.36647275
v -0.16609636 -0.25248152 0.38766694
v -0.16830644 -0.25381529 0.39676598
v -0.16386667 -0.27819017 0.40190268
v -0.16481049 -0.2901842 0.40361333
v -0.17068823 -0.30008343 0.40401283
v -0.15183149 -0.31759787 0.40412802
v -0.1773877 0.27885914 0.21785931
v -0.17268836 0.27541083 0.23092628
v -0.171206 0.18332872 0.24783432
v -0.16604884 -0.05785425 0.25460854
v -0.17013822 -0.06499089 0.25223213
v -0.17396371 0.16949321 0.25938722
v -0.1725864 -0.07813055 0.26739594
v -0.16740891 -0.08300647 0.28196624
v -0.17200214 -0.09277295 0.28839076
v -0.15807657 0.16109878 0.30436182
v -0.17157787 0.14307931 0.30009833
v -0.16359837 0.14051594 0.31081066
v -0.16639306 0.10159425 0.32369009
v -0.17138515 -0.26823184 0.32218975
v -0.15642856 0.08918113 0.33551303
v -0.17138515 -0.26823184 0.32218975
v -0.16288354 0.00482718 0.33720258
v -0.1746102 0.00655047 0.32472849
v -0.1578666 0.03525122 0.34547046
v -0.17219988 0.0319833 0.33082923
v -0.1616469 0.01745055 0.34109932
v -0.16972113 -0.27307111 0.33929631
v -0.16952853 -0.26022664 0.35854265
v -0.16748184 -0.26008454 0.40170607
v -0.16748184 -0.26008454 0.40170607
v -0.17096233 -0.26998353 0.40684953
v -0.16435263 -0.32048818 0.40181354
v -0.1743881 0.18951079 0.10747107
v -0.16523732 0.2006067 0.10886198
v -0.17600131 0.20552891 0.13526946
v -0.17634925 0.20973611 0.14344907
v -0.17498973 0.2751624 0.24489184
v -0.17089662 0.1884281 0.24896178
v -0.16484421 0.26016667 0.24439818
v -0.1724852 0.26736537 0.25135177
v -0.17077601 0.19959769 0.25359994
v -0.17737985 0.25092149 0.26228291
v -0.17293821 0.23122253 0.26073238
v -0.18771644 0.15616225 0.25387686
v -0.16020766 -0.22749363 0.31325501
v -0.17224377 -0.22381416 0.30202514
v -0.16066755 -0.2363167 0.31467855
v -0.17399494 -0.27632952 0.32571474
v -0.17368245 -0.27747023 0.32937133
v -0.1634731 -0.27318767 0.33566123
v -0.1746245 -0.19512783 0.33541447
v -0.17284232 -0.20285581 0.33026031
v -0.15931672 -0.20848548 0.34902555
v -0.17040747 -0.19203052 0.34613261
v -0.1604273 -0.19229791 0.36095682
v -0.17170502 -0.15422277 0.34540191
v -0.17016569 -0.16841714 0.35106596
v -0.17682952 -0.25118816 0.38288993
v -0.17931531 -0.33395192 0.3887437
v -0.16714832 -0.34958655 0.38359621
v -0.18187836 -0.249496 0.39694363
v -0.17367524 -0.32630241 0.39656329
v -0.17710227 -0.26191983 0.40693414
v -0.1727827 -0.27525219 0.40703642
v -0.17133598 -0.28488159 0.40456766
v -0.17133598 -0.28488159 0.40456766
v -0.1732253 0.17847075 0.09382051
v -0.17876847 0.25111267 0.16814844
v -0.1662349 0.24073529 0.16810922
v -0.18526717 0.27886754 0.19831571
v -0.1724852 0.26736537 0.25135177
v -0.17739004 0.1760179 0.24669036
v -0.17798032 0.1716264 0.2485812
v -0.15854724 0.18363094 0.26116398
v -0.17798032 0.1716264 0.2485812
v -0.18463998 0.26629764 0.26501486
v -0.18552031 0.21979855 0.26764083
v -0.17951638 0.14462547 0.28577182
v -0.17157787 0.14307931 0.30009833
v -0.17875156 0.12430892 0.30132979
v -0.18412438 -0.23662195 0.29774693
v -0.17865455 0.09108035 0.31464747
v -0.17868339 0.06967176 0.31929499
v -0.18304463 0.05691331 0.31606391
v -0.17408982 0.04592329 0.32589033
v -0.17421468 -0.13673778 0.33216164
v -0.17368245 -0.27747023 0.32937133
v -0.17817584 -0.34905297 0.37630102
v -0.17495552 -0.25295809 0.40081251
v -0.17068823 -0.30008343 0.40401283
v -0.17917331 -0.30692157 0.40133491
v -0.16830644 -0.25381529 0.39676598
v -0.17495552 -0.25295809 0.40081251
v -0.16748184 -0.26008454 0.40170607
v -0.17495552 -0.25295809 0.40081251
v -0.17628728 0.25937551 0.18007734
v -0.18373293 0.24232724 0.26811633
v -0.1672499 -0.25265011 0.31696942
v -0.18055999 -0.26509225 0.31315297
v -0.18029881 -0.27959755 0.33113876
v -0.17987724 -0.27579847 0.33764216
v -0.18303309 -0.25925976 0.36237195
v -0.18055619 -0.2536408 0.37448236
v -0.17917331 -0.30692157 0.40133491
v -0.17367524 -0.32630241 0.39656329
v -0.16435263 -0.32048818 0.40181354
v -0.1858269 -0.25443935 0.40452373
v -0.18600512 -0.27055824 0.40911224
v -0.17418878 -0.05156829 0.11647028
v -0.18250458 -0.06078431 0.13998003
v -0.17732304 -0.04740888 0.13978584
v -0.1847679 0.20233819 0.14381614
v -0.17693755 0.23627631 0.15834711
v -0.18371162 0.24816814 0.1607701
v -0.18034665 -0.06273691 0.21198052
v -0.18820328 -0.07810053 0.22199742
v -0.17165759 -0.05896375 0.23835701
v -0.18445691 0.18135229 0.25004774
v -0.18412238 0.16797972 0.24291909
v -0.18744214 0.19226435 0.25754976
v -0.19107778 0.20824172 0.26668358
v -0.18363373 0.27909651 0.25661096
v -0.18156721 -0.0945143 0.27197978
v -0.17613375 -0.10773625 0.3014819
v -0.1788836 -0.21237414 0.29212099
v -0.18523474 -0.2140571 0.28580245
v -0.17638531 -0.01312644 0.31053463
v -0.1907281 -0.0092855 0.28948906
v -0.17417635 -0.02472886 0.30075815
v -0.18360312 -0.1237623 0.30382693
v -0.17569703 -0.12129867 0.31718436
v -0.18304463 0.05691331 0.31606391
v -0.18024941 0.02428631 0.31939784
v -0.17408982 0.04592329 0.32589033
v -0.18562891 -0.28110582 0.31762037
v -0.18734603 -0.2848824 0.32103625
v -0.18734603 -0.2848824 0.32103625
v -0.1903594 -0.31732708 0.39205661
v -0.19186038 -0.29252088 0.40146419
v -0.18187836 -0.249496 0.39694363
v -0.18396589 -0.28653467 0.40443069
v -0.18860336 -0.26295844 0.40867803
v -0.18629298 0.17078094 0.10933949
v -0.18369387 0.19039127 0.12673514
v -0.18662758 0.27076218 0.18057418
v -0.18705952 0.29077628 0.23184603
v -0.18206683 -0.07766663 0.2435642
v -0.1898701 0.29250997 0.24615835
v -0.18485077 0.17238127 0.24329609
v -0.18363373 0.27909651 0.25661096
v -0.18955755 0.25577736 0.27065384
v -0.18890163 0.14313477 0.26937851
v -0.18884483 0.12741189 0.28438389
v -0.18819766 -0.10605136 0.27214468
v -0.18952334 -0.1204817 0.28549835
v -0.17055643 0.11439779 0.3154017
v -0.19067527 0.0952343 0.29863521
v -0.17865455 0.09108035 0.31464747
v -0.18750796 -0.28513703 0.32648027
v -0.18999356 -0.26394591 0.357759
v -0.19248645 -0.25797915 0.37271708
v -0.19461291 -0.29948708 0.39781877
v -0.1903594 -0.31732708 0.39205661
v -0.1847679 0.20233819 0.14381614
v -0.18847585 0.19445162 0.14192562
v -0.19136022 0.19790812 0.14805368
v -0.19433744 0.26515314 0.16086532
v -0.19214021 0.26983747 0.16974871
v -0.1943794 0.29458708 0.21886645
v -0.19089232 0.16481607 0.23613237
v -0.19332007 -0.09060647 0.23075879
v -0.18834955 -0.0926817 0.25253293
v -0.20231339 0.24581014 0.27763152
v -0.19459112 0.10967848 0.28588146
v -0.18994667 0.078318 0.30442306
v -0.1956308 -0.25477672 0.29574165
v -0.19432582 0.03897795 0.30204913
v -0.19305716 0.02173098 0.30256549
v -0.19593193 -0.27929968 0.30587038
v -0.19508353 -0.28953975 0.3132638
v -0.19069116 -0.28160313 0.3361643
v -0.19082469 -0.25182956 0.38910604
v -0.1931763 -0.25385112 0.40051109
v -0.19461291 -0.29948708 0.39781877
v -0.1931763 -0.25385112 0.40051109
v -0.19536519 -0.27454004 0.40688503
v -0.19170214 -0.0887607 0.10659696
v -0.19819067 -0.09558395 0.12381625
v -0.18379468 -0.06651704 0.12745893
v -0.19355938 0.2517134 0.15291522
v -0.18328038 0.23563676 0.15405327
v -0.19528854 0.27988771 0.17957775
v -0.19612481 -0.08417007 0.16055016
v -0.19614783 -0.08490425 0.18272614
v -0.18327174 -0.0598164 0.17881812
v -0.20271882 0.29557329 0.2018861
v -0.19855879 0.17780353 0.24796864
v -0.19942072 0.29325992 0.26310295
v -0.20306912 0.28850108 0.27059683
v -0.19686714 -0.22733591 0.2818217
v -0.19552244 -0.29071561 0.32802811
v -0.18750796 -0.28513703 0.32648027
v -0.19103192 -0.34981233 0.36140043
v -0.20030525 -0.34796548 0.34836185
v -0.18771896 -0.36207396 0.34701383
v -0.19700569 -0.25716275 0.38195255
v -0.19302218 -0.08015828 0.14143167
v -0.19966443 0.28788722 0.1874184
v -0.20688035 0.31027877 0.23259734
v -0.19662423 0.16154735 0.23035569
v -0.19344674 0.15857208 0.23324466
v -0.20588653 0.30939394 0.24818633
v -0.20645368 0.1760691 0.24571924
v -0.20016278 0.30109277 0.25543749
v -0.19942072 0.29325992 0.26310295
v -0.20295425 0.18394047 0.25482702
v -0.20262097 0.20140415 0.26720917
v -0.2090988 0.27921686 0.27831647
v -0.20197062 0.23334357 0.2763375
v -0.20382226 0.21868876 0.27380899
v -0.19327591 -0.20172422 0.26988089
v -0.20582636 -0.21903743 0.26735243
v -0.20325856 -0.24780093 0.28511402
v -0.19828977 -0.29547143 0.31749564
v -0.19947854 -0.2959953 0.32526603
v -0.19854081 -0.26855776 0.35927832
v -0.1903594 -0.31732708 0.39205661
v -0.20096506 -0.30375609 0.39176357
v -0.19167222 -0.33440325 0.37804025
v -0.19966133 -0.25613508 0.39114025
v -0.20096506 -0.30375609 0.39176357
v -0.19902334 -0.25755978 0.40046358
v -0.19899584 -0.264736 0.40575916
v -0.2084863 0.27941924 0.15301812
v -0.19663113 0.17822929 0.14643914
v -0.20218821 0.17460081 0.1645498
v -0.1977946 0.18550047 0.15455052
v -0.20303202 0.28211457 0.16547814
v -0.19974834 0.15758944 0.22234972
v -0.1998122 0.1528758 0.22364508
v -0.19344674 0.15857208 0.23324466
v -0.2041617 0.26627243 0.2776767
v -0.19918269 0.09705172 0.28434816
v -0.20276038 0.0799084 0.28415826
v -0.20060073 -0.28856888 0.33854878
v -0.20473722 -0.26526985 0.373503
v -0.19966133 -0.25613508 0.39114025
v -0.19902334 -0.25755978 0.40046358
v -0.1931763 -0.25385112 0.40051109
v -0.20350859 -0.2790997 0.40195838
v -0.20096506 -0.30375609 0.39176357
v -0.20230018 -0.26452562 0.40321532
v -0.2064255 0.30327353 0.21182102
v -0.21548541 0.31282154 0.26466167
v -0.19977108 -0.19349542 0.25513387
v -0.2120688 -0.20659256 0.25011033
v -0.2042646 0.05934503 0.28420541
v -0.19559604 0.06441382 0.29885599
v -0.20418683 0.03082992 0.28518561
v -0.20751897 -0.30371675 0.33214173
v -0.20060073 -0.28856888 0.33854878
v -0.19700569 -0.25716275 0.38195255
v -0.20473722 -0.26526985 0.373503
v -0.2078684 -0.26722044 0.38427994
v -0.20619905 -0.31376395 0.37832329
v -0.19834445 -0.32679126 0.3771264
v -0.20690425 -0.26435307 0.39518148
v -0.20350859 -0.2790997 0.40195838
v -0.20700063 -0.29544002 0.39064661
v -0.20402126 -0.21558498 0.03067747
v -0.21233234 -0.21703456 0.04409117
v -0.20611471 -0.19263859 0.03942679
v -0.21889083 0.30072057 0.16622941
v -0.20776115 -0.11919121 0.1961513
v -0.20647751 -0.12271357 0.21851067
v -0.2027799 -0.10575263 0.20845114
v -0.1998122 0.1528758 0.22364508
v -0.20184696 0.15293543 0.21646878
v -0.21142522 0.12889002 0.22313572
v -0.21562137 0.31971961 0.24601781
v -0.21728109 0.19858995 0.26650277
v -0.21663666 0.21593963 0.27530974
v -0.21857947 0.29427016 0.27932379
v -0.21352291 -0.23890355 0.26833627
v -0.21961993 0.27061465 0.28486666
v -0.21324785 0.07231306 0.26205957
v -0.20634508 -0.33029377 0.36092132
v -0.20589148 -0.34376511 0.34086877
v -0.20829611 -0.27527326 0.39776653
v -0.22171597 0.2957488 0.15270661
v -0.22066373 0.31215751 0.19378345
v -0.20907281 -0.1746728 0.23137905
v -0.2121051 -0.16431738 0.21959384
v -0.21108191 -0.17958307 0.22627728
v -0.20856032 -0.1882135 0.2370799
v -0.22266929 0.3223218 0.26150465
v -0.22061484 0.18577033 0.25406066
v -0.20644285 0.01963828 0.27698001
v -0.21478304 0.02035368 0.25520015
v -0.21227123 0.00824271 0.25249553
v -0.21673238 0.30839708 0.27038312
v -0.21673238 0.30839708 0.27038312
v -0.22057661 0.23820691 0.28222489
v -0.21729213 0.24786663 0.28327101
v -0.20730688 -0.29127422 0.29496005
v -0.21271506 -0.282249 0.28439406
v -0.21248832 -0.2958377 0.28569445
v -0.20663562 -0.30177853 0.29973242
v -0.21222584 -0.30873287 0.28552842
v -0.20953684 -0.30978313 0.29531795
v -0.20659074 0.26737124 0.14790303
v -0.21277376 0.26322192 0.14266232
v -0.21714452 0.27085996 0.14050584
v -0.22009502 0.28070971 0.14289361
v -0.21404013 0.17297098 0.23725282
v -0.22171339 0.17227662 0.22502899
v -0.20482574 0.1626689 0.22361632
v -0.21613227 -0.2202716 0.25408688
v -0.22065453 -0.16763869 0.10960465
v -0.22323816 -0.17168279 0.12797503
v -0.21760365 -0.15555447 0.12525459
v -0.22508143 0.32663175 0.23298851
v -0.2143185 0.11148378 0.23850743
v -0.21995014 0.10919448 0.2197797
v -0.21933892 0.09519015 0.23638293
v -0.23284899 0.2025276 0.26693451
v -0.22945607 0.29779872 0.14682192
v -0.23342177 0.32905349 0.21511969
v -0.22576055 0.08027986 0.21991575
v -0.22349639 -0.23474284 0.25085503
v -0.21888611 -0.24754955 0.26409662
v -0.23153475 0.21349159 0.27417448
v -0.23186214 0.31168026 0.27930921
v -0.23341054 0.23302771 0.28257081
v -0.23324895 0.2642751 0.28853863
v -0.23710765 0.31179234 0.15537336
v -0.23182546 0.31329817 0.16733596
v -0.23581459 0.33801383 0.24799335
v -0.24166061 0.34117073 0.26195571
v -0.22820108 0.29210037 0.28481895
v -0.22817311 0.27479076 0.28719339
v -0.2363826 0.25124535 0.28730702
v -0.2235471 -0.17139898 0.14678974
v -0.23387486 -0.19973937 0.17690499
v -0.22237141 -0.17075808 0.16685952
v -0.23804441 0.32710025 0.19528864
v -0.22476737 -0.17980286 0.17999403
v -0.23185603 -0.20177518 0.19636174
v -0.23661627 0.33140203 0.27044404
v -0.23661627 0.33140203 0.27044404
v -0.23082055 -0.31210589 0.22394128
v -0.23510949 -0.30112255 0.22026497
v -0.23375545 -0.31582814 0.20686994
v -0.24520901 0.34554383 0.25955898
v -0.24375966 0.29944572 0.13989124
v -0.24539886 0.30962878 0.14753807
v -0.23491408 -0.20274675 0.13897929
v -0.23860914 -0.21608888 0.14512287
v -0.23668015 -0.20597336 0.16244785
v -0.24907832 0.32620081 0.17011736
v -0.25122863 0.33651352 0.19334175
v -0.25184605 0.34242132 0.21090114
v -0.24534188 0.34416369 0.23486111
v -0.24745421 0.22573797 0.27735773
v -0.24792728 0.33376914 0.27766106
v -0.25323221 0.32256445 0.28565273
v -0.25516304 0.31378344 0.2886363
v -0.24576652 0.29358706 0.28974667
v -0.24814595 0.27841136 0.29096103
v -0.24942693 0.26369193 0.29005101
v -0.26154548 0.36114663 0.25037187
v -0.255422 0.35112897 0.27226508
v -0.24849644 0.2458404 0.28621125
v -0.25444406 0.32055414 0.15491189
v -0.25685698 0.32842115 0.16579744
v -0.25327963 0.2147236 0.26705936
v -0.255422 0.35112897 0.27226508
v -0.2597197 0.35917494 0.26139319
v -0.26058766 0.34888476 0.27941409
v -0.26433232 0.34225276 0.18740392
v -0.26518545 0.36023921 0.23134048
v -0.25327963 0.2147236 0.26705936
v -0.26714879 0.21620816 0.25552708
v -0.25207239 0.20240362 0.25320762
v -0.26242796 0.22627702 0.270852
v -0.26118779 0.23809278 0.27945706
v -0.26456797 0.25109303 0.28454959
v -0.26026607 0.26291078 0.28866905
v -0.26537275 0.31006169 0.29187727
v -0.26188707 0.295847 0.29163927
v -0.26572856 0.32691595 0.16094922
v -0.26505601 0.3480545 0.19870651
v -0.26757357 0.34694603 0.28544244
v -0.26713565 0.28636333 0.29070118
v -0.27379468 0.34502417 0.18424721
v -0.26591709 0.36197346 0.27210188
v -0.26058766 0.34888476 0.27941409
v -0.26978096 0.31968686 0.15494272
v -0.28202683 0.34745592 0.18473843
v -0.27116394 0.35930547 0.21790311
v -0.27672586 0.36990279 0.24973853
v -0.27132004 0.21465228 0.24371135
v -0.25568765 0.20006856 0.2421871
v -0.27430981 0.36912686 0.25829634
v -0.27123386 0.24723224 0.27988717
v -0.27767846 0.36180207 0.28339145
v -0.2775448 0.350151 0.28860363
v -0.27563578 0.27580988 0.28612003
v -0.27987635 0.34084076 0.29150635
v -0.27846792 0.33581528 0.17081217
v -0.27814165 0.35706568 0.20438682
v -0.28449532 0.37206179 0.27299803
v -0.28385085 0.37065476 0.27567053
v -0.27767846 0.36180207 0.28339145
v -0.28071755 0.32758868 0.29305691
v -0.27815124 0.30895436 0.29254124
v -0.27841896 0.36717945 0.23211111
v -0.27637753 0.29114315 0.29001245
v -0.28651986 0.36554697 0.21755861
v -0.28398052 0.23331822 0.25487599
v -0.28250018 0.22631763 0.24302348
v -0.28311801 0.2675586 0.27921546
v -0.29829335 0.35043868 0.185946
v -0.29072288 0.29145813 0.28515396
v -0.2982645 0.3108598 0.28868169
v -0.29342854 0.32178131 0.29214966
v -0.28755066 0.3584995 0.20098457
v -0.2988815 0.3742893 0.23253834
v -0.29328939 0.37575823 0.24762499
v -0.29388666 0.24109639 0.24476093
v -0.28406394 0.24515623 0.26792166
v -0.29693455 0.24983032 0.25354224
v -0.29195064 0.26694095 0.27176329
v -0.29142773 0.3666994 0.28578681
v -0.29452997 0.28367728 0.27932987
v -0.29873928 0.36496589 0.28874224
v -0.2966879 0.34114909 0.17678632
v -0.30032951 0.36865434 0.21518815
v -0.30117491 0.37969095 0.26256761
v -0.29195064 0.26694095 0.27176329
v -0.29988891 0.26495588 0.2608901
v -0.29142773 0.3666994 0.28578681
v -0.3003417 0.35021937 0.29262409
v -0.29345998 0.32306677 0.16507949
v -0.30046621 0.33230007 0.17169897
v -0.28389192 0.32915351 0.16616513
v -0.30051893 0.36081776 0.20015888
v -0.30293071 0.27686152 0.26882052
v -0.30387694 0.26431057 0.25482449
v -0.31362015 0.38247469 0.27502304
v -0.30667683 0.29700336 0.27912408
v -0.31530291 0.35932451 0.19863443
v -0.3119022 0.37695152 0.28462878
v -0.30663234 0.3380585 0.29177704
v -0.3148621 0.3498013 0.18901934
v -0.31734955 0.37778208 0.2316021
v -0.31272089 0.31678823 0.28468132
v -0.3119022 0.37695152 0.28462878
v -0.31122354 0.35837597 0.29179746
v -0.31540799 0.36764446 0.21006323
v -0.31440616 0.37260184 0.21977445
v -0.3222585 0.38381568 0.25081706
v -0.32463992 0.38579345 0.26317328
v -0.31540325 0.37256661 0.28822547
v -0.3128483 0.33034477 0.28833708
v -0.32077035 0.30115014 0.27018815
v -0.31962934 0.31501016 0.27925989
v -0.31596646 0.27922481 0.25427425
v -0.32506302 0.28813878 0.24471195
v -0.30657282 0.26307178 0.24463363
v -0.32908073 0.38285205 0.28191876
v -0.32657546 0.37337267 0.28867397
v -0.32697988 0.36074507 0.28867704
v -0.32366869 0.35975349 0.20333511
v -0.33214185 0.38342708 0.24585396
v -0.32618266 0.34064013 0.28462112
v -0.3148621 0.3498013 0.18901934
v -0.33174568 0.34731713 0.19996081
v -0.33053154 0.35655731 0.20518798
v -0.32949045 0.36926231 0.21709131
v -0.33065465 0.37603292 0.22815424
v -0.32077035 0.30115014 0.27018815
v -0.33105168 0.30834904 0.26094905
v -0.31740615 0.28868228 0.26345906
v -0.33387098 0.3863776 0.27562234
v -0.32908073 0.38285205 0.28191876
v -0.33287814 0.37906387 0.2862899
v -0.33716437 0.36645818 0.28526601
v -0.34503484 0.38763219 0.26497573
v -0.33647382 0.33255595 0.27107614
v -0.33335188 0.34330207 0.28015462
v -0.31962934 0.31501016 0.27925989
v -0.34530196 0.38623542 0.27677301
v -0.34249485 0.37944388 0.28406996
v -0.33963028 0.35528371 0.21452397
v -0.33970028 0.37150791 0.2283287
v -0.33970028 0.37150791 0.2283287
v -0.34117106 0.37999329 0.2423301
v -0.34530196 0.38623542 0.27677301
v -0.34315166 0.36341473 0.28017381
v -0.33335188 0.34330207 0.28015462
v -0.34875605 0.37539878 0.24433383
v -0.35082737 0.38310039 0.26011959
v -0.34193996 0.38422602 0.25167814
v -0.3472563 0.38227621 0.27987045
v -0.34843561 0.376385 0.27973297
v -0.34875605 0.37539878 0.24433383
v -0.3515873 0.37612799 0.25140825
v -0.35082737 0.38310039 0.26011959
v -0.35273317 0.38254023 0.2732383
v -0.34843561 0.376385 0.27973297
v -0.35172942 0.37648308 0.27482751
v -0.34813082 0.35957429 0.27150509
v -0.34315166 0.36341473 0.28017381
v -0.35273317 0.38254023 0.2732383
v -0.3472563 0.38227621 0.27987045
v -0.35273317 0.38254023 0.2732383
v 0.32428682 0.34106842 0.1394192
v 0.31431922 0.34600419 0.13756855
v 0.3095803 0.33316287 0.12786029
v 0.31393683 0.32252195 0.12572904
v 0.30843064 0.30837172 0.12097237
v 0.30523717 0.31871799 0.12090679
v 0.30843064 0.30837172 0.12097237
v 0.29877919 0.3051638 0.11696247
v 0.30422059 0.29372519 0.12129747
v 0.29507446 0.32340598 0.12070514
v 0.29246718 0.31439605 0.11739919
v 0.29220858 0.29049349 0.11710849
v 0.29551628 0.33446589 0.12711439
v 0.30137673 0.2753998 0.20953621
v 0.28729656 0.29967541 0.11546329
v 0.29220858 0.29049349 0.11710849
v 0.29156953 0.28053284 0.12546
v 0.28847265 0.28682742 0.12121174
v 0.29156953 0.28053284 0.12546
v 0.27802378 0.31696773 0.119967
v 0.28665504 0.29199827 0.11885924
v 0.28326052 0.32944682 0.12549029
v 0.28354356 0.26969901 0.12708478
v 0.27680779 0.31189552 0.11979926
v 0.28302222 0.30186072 0.11803593
v 0.28354356 0.26969901 0.12708478
v 0.27064252 0.33043429 0.13048595
v 0.2721324 0.3050158 0.1175439
v 0.26774505 0.28855798 0.11679389
v 0.2716625 0.32077131 0.12464534
v 0.2649982 0.2666685 0.12034244
v 0.27100769 0.2595323 0.12468849
v 0.26637891 0.27636516 0.11838574
v 0.2662034 0.34027937 0.14248568
v 0.26841539 0.31397393 0.12111433
v 0.26428005 0.32118484 0.12615128
v 0.26450342 0.33329076 0.13703328
v 0.24891837 0.30088082 0.12049873
v 0.25227639 0.28759167 0.11732546
v 0.24880549 0.24703592 0.12199312
v 0.25711423 0.2455256 0.1245806
v 0.25711423 0.2455256 0.1245806
v 0.24878421 0.22207983 0.13280354
v 0.24564709 0.19171456 0.17011429
v 0.2480154 0.27175516 0.11797711
v 0.24747521 0.25806883 0.1194536
v 0.25216487 0.33173323 0.14202714
v 0.24053551 0.23190051 0.1250571
v 0.24053551 0.23190051 0.1250571
v 0.24432456 0.20752588 0.14174742
v 0.23915002 0.28815043 0.12005606
v 0.23487563 0.26406357 0.11986608
v 0.23041508 0.24875148 0.12102515
v 0.23555389 0.24039432 0.12231097
v 0.23173289 0.29778904 0.12541266
v 0.23254041 0.22106324 0.12856805
v 0.23968181 0.19225046 0.15592909
v 0.24883354 0.19931816 0.15495366
v 0.24564709 0.19171456 0.17011429
v 0.23968181 0.19225046 0.15592909
v 0.22456843 0.20045373 0.13924792
v 0.22903933 0.17676181 0.17191425
v 0.22346367 0.1825383 0.155295
v 0.22713812 0.27161846 0.12218142
v 0.22291459 0.28334647 0.12537143
v 0.22062662 0.22142373 0.12712266
v 0.23254041 0.22106324 0.12856805
v 0.21849337 0.20741411 0.13354827
v 0.22149952 0.19194262 0.14536832
v 0.2177622 0.23112729 0.12449135
v 0.22346367 0.1825383 0.155295
v 0.23968181 0.19225046 0.15592909
v 0.22054261 0.17064887 0.17048961
v 0.22054261 0.17064887 0.17048961
v 0.21564873 0.25253037 0.1243853
v 0.21673369 0.29088908 0.13193817
v 0.2102062 0.2809574 0.13163707
v 0.21849337 0.20741411 0.13354827
v 0.20886561 0.2744506 0.13023727
v 0.21399812 0.19742769 0.1392028
v 0.20858628 0.18517147 0.14669102
v 0.20858628 0.18517147 0.14669102
v 0.22346367 0.1825383 0.155295
v 0.21382536 0.17538184 0.15708686
v 0.20450613 0.23614958 0.12735918
v 0.20651038 0.22002696 0.12885015
v 0.21382536 0.17538184 0.15708686
v 0.19665669 0.25828537 0.13225654
v 0.1976465 0.19882892 0.13719231
v 0.21399812 0.19742769 0.1392028
v 0.2012217 0.2930713 0.14771354
v 0.20042165 0.17658743 0.14948992
v 0.21371935 -0.35653639 0.28041303
v 0.20549235 -0.3651295 0.30628407
v 0.1920969 0.24312945 0.13206351
v 0.1963897 0.18880533 0.14148898
v 0.1963897 0.18880533 0.14148898
v 0.21399812 0.19742769 0.1392028
v 0.20042165 0.17658743 0.14948992
v 0.20674437 0.15673447 0.17123678
v 0.18322553 0.21482177 0.13584864
v 0.19721447 -0.37029225 0.21283583
v 0.20427112 -0.36324257 0.21104889
v 0.20706992 -0.37067783 0.22701578
v 0.20878747 -0.34657004 0.25621945
v 0.19054456 0.20679474 0.13536493
v 0.186785 0.18462352 0.1407041
v 0.19623026 0.29447713 0.1551351
v 0.2020791 -0.36106598 0.19322087
v 0.1934644 -0.36953583 0.20279698
v 0.19423725 -0.37575373 0.21941707
v 0.19054903 -0.37734202 0.29199892
v 0.19096634 -0.37416354 0.31819212
v 0.19099437 -0.34644949 0.09092611
v 0.17722383 0.27505961 0.15572162
v 0.186785 0.18462352 0.1407041
v 0.18646243 -0.37058884 0.17973191
v 0.18841572 -0.37575912 0.21428961
v 0.19421917 -0.37725314 0.23000328
v 0.18643679 -0.37799534 0.31340379
v 0.17609093 -0.35224298 0.07211826
v 0.17311125 0.22578993 0.13957877
v 0.18522255 0.19791858 0.13746692
v 0.186785 0.18462352 0.1407041
v 0.19064179 -0.0240539 0.19440782
v 0.18553495 -0.37414479 0.20313331
v 0.17409709 0.24373202 0.14126448
v 0.18171804 0.19046208 0.13768131
v 0.18126579 -0.36934879 0.14907168
v 0.17939503 0.18605514 0.13611014
v 0.186785 0.18462352 0.1407041
v 0.19121265 0.17339371 0.14475048
v 0.18314295 -0.37693807 0.22794941
v 0.17670439 -0.38352287 0.29205772
v 0.17126201 -0.36313897 0.09055988
v 0.1733954 0.19771527 0.13635753
v 0.17700563 0.25364855 0.14199278
v 0.18171804 0.19046208 0.13768131
v 0.17536668 -0.36813161 0.12316688
v 0.1751782 -0.37759042 0.19613105
v 0.18074881 -0.37789592 0.21805686
v 0.18100856 -0.37833646 0.2373094
v 0.17971383 -0.33895805 0.0571928
v 0.17609093 -0.35224298 0.07211826
v 0.17288573 0.20694262 0.13791342
v 0.17939503 0.18605514 0.13611014
v 0.16287942 0.25232831 0.15119247
v 0.17083591 -0.37486413 0.15554357
v 0.17138793 -0.37657681 0.17191203
v 0.17286955 -0.38217101 0.32104692
v 0.1733954 0.19771527 0.13635753
v 0.17939503 0.18605514 0.13611014
v 0.17376183 0.1908147 0.13333687
v 0.1692239 -0.37150487 0.12524027
v 0.16833943 -0.38290387 0.23102188
v 0.16764829 -0.38343993 0.24219613
v 0.17324327 -0.38225251 0.25397778
v 0.16721156 -0.21986979 0.29701313
v 0.16823183 -0.38519469 0.30932364
v 0.16899812 -0.37938783 0.33846968
v 0.1632866 -0.36306697 0.07699349
v 0.1636477 0.21692292 0.14145949
v 0.16893062 -0.23028751 0.32678789
v 0.155729 -0.36089861 0.0596944
v 0.17248966 0.00333568 0.08917349
v 0.15790799 -0.37569019 0.12205275
v 0.16237326 0.21036141 0.1386092
v 0.16237326 0.21036141 0.1386092
v 0.16130266 0.23116626 0.14565802
v 0.1607693 -0.37807497 0.15241292
v 0.15598153 -0.38182843 0.18884762
v 0.15394889 -0.38346237 0.20323908
v 0.1584204 -0.38615161 0.25418943
v 0.16208459 -0.22618952 0.30299148
v 0.15760849 -0.38407165 0.33198383
v 0.15210512 -0.36821008 0.07478754
v 0.15972933 -0.37051409 0.09655622
v 0.15602766 0.23951106 0.15017268
v 0.1608323 -0.38428605 0.22766019
v 0.16025375 -0.23973469 0.34233454
v 0.15746512 -0.23819488 0.33044237
v 0.15499777 -0.24336725 0.35564563
v 0.15590121 -0.37885115 0.34929773
v 0.15251593 0.07036825 0.04386299
v 0.1502773 0.24798243 0.15790352
v 0.15663877 -0.23261964 0.30733338
v 0.14522263 -0.38762018 0.31759915
v 0.1577432 -0.23638956 0.36563668
v 0.14397331 -0.37513617 0.09062241
v 0.14665861 -0.38664392 0.23830891
v 0.14687674 -0.38833565 0.28815639
v 0.14762051 -0.2396493 0.32301661
v 0.14874759 -0.24787557 0.35349265
v 0.1334876 -0.38178915 0.12463187
v 0.14431742 -0.38162374 0.15236591
v 0.14308354 0.23667233 0.1553538
v 0.14191949 -0.38286343 0.16775897
v 0.13757972 -0.37291333 0.36483571
v 0.14004594 -0.36258134 0.04597448
v 0.14139588 -0.37004808 0.06599889
v 0.13903254 -0.37759963 0.09785979
v 0.13931483 -0.3843157 0.18854494
v 0.14563017 -0.24099544 0.32100111
v 0.13664357 -0.38537148 0.33714411
v 0.14279823 -0.24363369 0.32730073
v 0.14060128 -0.25090778 0.34212577
v 0.14264895 -0.38112783 0.34906265
v 0.13333546 -0.03384224 0.0758614
v 0.15180492 -0.01470604 0.0778029
v 0.14300899 -0.03662886 0.09101625
v 0.14142691 -0.05097475 0.3020972
v 0.13333546 -0.03384224 0.0758614
v 0.1305193 -0.37491325 0.07059181
v 0.12165237 -0.38797578 0.25876573
v 0.12830584 -0.32769296 -0.00485183
v 0.12604782 0.17731218 0.05641388
v 0.12020874 -0.02474606 0.05293069
v 0.12339431 -0.3814612 0.1030905
v 0.12296434 -0.38465729 0.15897933
v 0.12619412 -0.3885878 0.28607193
v 0.12415518 -0.38834932 0.31391627
v 0.13404156 -0.25294298 0.33468711
v 0.13504435 -0.25195622 0.33865494
v 0.12606546 -0.25516874 0.34317493
v 0.12893486 -0.28325769 -0.03120111
v 0.12610078 0.05515131 0.02170719
v 0.11784114 -0.36882317 0.04069714
v 0.12921825 -0.04126259 0.07550491
v 0.12246668 -0.37782219 0.0761098
v 0.12472178 -0.3859489 0.33478743
v 0.12706596 -0.25630754 0.33908913
v 0.12393078 -0.38197201 0.34972668
v 0.11515076 -0.21934508 -0.04858459
v 0.11987929 0.0770279 0.01714601
v 0.1167833 0.03332513 0.01841973
v 0.12242122 0.14182676 0.03250792
v 0.11310431 -0.27686119 -0.04410567
v 0.11826849 -0.29534447 -0.03278149
v 0.11987929 0.0770279 0.01714601
v 0.11342343 0.11535583 0.01812176
v 0.12545611 0.12873001 0.02984
v 0.13078889 0.10833474 0.02859772
v 0.11695195 0.00125018 0.03157049
v 0.11877157 -0.3262696 -0.01208369
v 0.11367209 -0.33541185 -0.00610107
v 0.10411928 -0.34774679 0.00261945
v 0.11987929 0.0770279 0.01714601
v 0.11283921 0.0449861 0.01419946
v 0.12039977 0.09661721 0.01916596
v 0.11233165 0.13169135 0.02225047
v 0.11045967 0.1571262 0.03148349
v 0.10531396 -0.37794387 0.06082516
v 0.10511544 -0.38312799 0.09884748
v 0.10276385 -0.38521284 0.13063195
v 0.11088046 -0.0607566 0.31931666
v 0.10806099 -0.38710874 0.31378278
v 0.11040527 -0.38567007 0.33105308
v 0.09823292 -0.29044908 -0.04709182
v 0.10671664 0.08439676 0.00980306
v 0.09577861 -0.36182317 0.01539751
v 0.10584924 0.14630482 0.02393701
v 0.0982743 -0.37499124 0.04396928
v 0.10947629 -0.38819608 0.28918502
v 0.10755045 -0.32772633 -0.01862996
v 0.1035363 0.10312595 0.01031163
v 0.10387748 0.00383777 0.02134542
v 0.10681084 -0.26067477 0.37234449
v 0.09357515 -0.15984197 -0.05135829
v 0.11133255 0.06452972 0.0118478
v 0.09959876 0.0513286 0.00655026
v 0.11283921 0.0449861 0.01419946
v 0.1167833 0.03332513 0.01841973
v 0.09754236 0.03359577 0.00809756
v 0.0957068 0.12662672 0.0119919
v 0.10160007 0.01410773 0.01541159
v 0.09458736 -0.38151613 0.07434628
v 0.09015568 -0.38761091 0.26230714
v 0.10278118 -0.26300403 0.35580218
v 0.10212894 -0.26057377 0.36111626
v 0.09346566 -0.24984382 -0.06386703
v 0.08762657 -0.30781031 -0.0429696
v 0.09478633 -0.31635693 -0.0339539
v 0.0962557 -0.3445003 -0.00671375
v 0.09754236 0.03359577 0.00809756
v 0.08825633 0.01914703 0.00722766
v 0.10160007 0.01410773 0.01541159
v 0.10584924 0.14630482 0.02393701
v 0.08498824 -0.19009438 -0.06633706
v 0.09347602 -0.18451929 -0.05921714
v 0.08699387 -0.27584982 -0.05996683
v 0.09046134 0.06793211 0.00169812
v 0.08728613 -0.38655651 0.18169518
v 0.08305383 -0.38722807 0.22526139
v 0.08071462 -0.38696459 0.28422976
v 0.08365963 -0.38621619 0.29072666
v 0.09064428 -0.38488436 0.31077567
v 0.09402148 -0.38335049 0.32656908
v 0.09432383 -0.06126506 0.33121169
v 0.09488863 -0.26269668 0.36203578
v 0.09075149 -0.26000711 0.36809582
v 0.08525757 -0.26667848 -0.06440255
v 0.0864244 -0.35507828 0.00079233
v 0.08904944 0.08644359 0.00196152
v 0.08024385 0.0487217 -0.00158938
v 0.08843389 -0.00232184 0.01556918
v 0.08271635 0.14585271 0.01370671
v 0.09192385 -0.03235386 0.02943482
v 0.10536019 -0.36845461 0.36466715
v 0.09216473 -0.36272198 0.35364318
v 0.09289782 -0.25964436 0.37528223
v 0.0957068 0.12662672 0.0119919
v 0.1035363 0.10312595 0.01031163
v 0.08492674 0.1056978 0.00293007
v 0.08256765 0.15303117 0.01690653
v 0.0767175 -0.01849101 0.01698576
v 0.07685371 -0.38120881 0.06240597
v 0.0745515 -0.38340813 0.07998501
v 0.07859973 -0.38529989 0.11524493
v 0.07747608 -0.38630235 0.15106742
v 0.07674022 -0.16736118 -0.06578607
v 0.07684353 -0.12437987 -0.04934359
v 0.08026379 -0.32822263 -0.03226426
v 0.08026379 -0.32822263 -0.03226426
v 0.08904944 0.08644359 0.00196152
v 0.08825633 0.01914703 0.00722766
v 0.07509862 0.00402343 0.00657814
v 0.08091601 -0.02528995 0.02169072
v 0.08091601 -0.02528995 0.02169072
v 0.09554301 -0.02598156 0.03127231
v 0.08080204 0.18757898 0.0369179
v 0.08183482 -0.24628174 0.40017959
v 0.0744313 -0.20121327 -0.07480842
v 0.07606135 -0.29554191 -0.0554028
v 0.09046134 0.06793211 0.00169812
v 0.06825542 0.06848123 -0.00712862
v 0.05676661 0.0322326 -0.0086505
v 0.06604598 -0.37474769 0.02737808
v 0.0601001 -0.378631 0.03946418
v 0.08258732 -0.38462886 0.31773287
v 0.08368681 -0.25612611 0.37506953
v 0.08226807 -0.25731552 0.37119296
v 0.08041706 -0.25347748 0.385515
v 0.08307067 -0.25067687 0.39514512
v 0.07540694 -0.24723274 -0.07447648
v 0.07299035 0.0874845 -0.00420274
v 0.08024385 0.0487217 -0.00158938
v 0.07663482 0.12843433 0.0056338
v 0.04162308 -0.38697153 0.18800738
v 0.07723424 -0.07131577 0.33163172
v 0.06386504 -0.2504454 -0.07968958
v 0.06657141 0.01366926 -0.00051117
v 0.06359602 -0.3863019 0.14446576
v 0.07404028 -0.38615698 0.30944502
v 0.0592264 -0.38483995 0.32219464
v 0.0724931 -0.24239548 0.39475325
v 0.06189112 -0.18604393 -0.07984619
v 0.05644421 -0.26651436 -0.077719
v 0.06285743 -0.14022921 -0.06374134
v 0.06038868 -0.28915122 -0.06567468
v 0.06123387 -0.32559064 -0.04138949
v 0.05695651 0.09301789 -0.00885325
v 0.06393328 0.11709522 -0.00158941
v 0.06438332 -0.02437766 0.0119165
v 0.06438332 -0.02437766 0.0119165
v 0.06134871 0.17508349 0.0218693
v 0.06429585 -0.38760152 0.25858739
v 0.07106826 -0.24440679 0.38506433
v 0.05299693 -0.19701599 -0.08704
v 0.0559396 -0.22592437 -0.08695949
v 0.06206369 -0.12211893 -0.05633073
v 0.0603628 -0.10824263 -0.0502518
v 0.05662668 -0.3523775 -0.01694794
v 0.05493375 -0.017848 0.00586724
v 0.05183638 -0.38464135 0.08874562
v 0.03952827 -0.38657525 0.16730626
v 0.05912173 -0.387003 0.29401025
v 0.06043385 -0.07079908 0.33978713
v 0.0695326 -0.21265663 0.38411334
v 0.07066138 -0.24468566 0.37645623
v 0.07106826 -0.24440679 0.38506433
v 0.06901838 -0.21930994 0.3912873
v 0.06901838 -0.21930994 0.3912873
v 0.05687808 -0.17341167 -0.07913359
v 0.05295688 -0.33571112 -0.03602904
v 0.04955029 -0.00473597 -0.00139177
v 0.05410741 0.13814251 0.00237122
v 0.05883304 0.15456316 0.01040363
v 0.06613634 -0.22322671 0.38573945
v 0.06613634 -0.22322671 0.38573945
v 0.06677037 -0.23020665 0.38867563
v 0.05263238 -0.28578088 -0.07107142
v 0.04112149 0.06577116 -0.01587161
v 0.04802997 0.04774417 -0.01355551
v 0.05493375 -0.017848 0.00586724
v 0.0767175 -0.01849101 0.01698576
v 0.04802548 -0.02371854 0.00336376
v 0.03983604 -0.37751612 0.02584519
v 0.0462294 -0.38271672 0.0614903
v 0.04389768 -0.38711506 0.22406401
v 0.05213225 -0.16771063 -0.07975291
v 0.04092259 0.11616311 -0.00823911
v 0.06657141 0.01366926 -0.00051117
v 0.04955029 -0.00473597 -0.00139177
v 0.04629533 -0.02971806 -0.00040859
v 0.04074223 -0.38580588 0.11926536
v 0.03921461 -0.20666797 -0.09546459
v 0.04215177 -0.2750639 -0.07996123
v 0.04528793 -0.09696715 -0.05081527
v 0.04884712 -0.32896996 -0.04813613
v 0.0450775 -0.05389638 -0.01974189
v 0.04283122 -0.35965377 -0.01173111
v 0.04477865 -0.36666781 -5.096E-05
v 0.03796332 0.15501802 0.00562312
v 0.05883304 0.15456316 0.01040363
v 0.05410741 0.13814251 0.00237122
v 0.0334464 -0.37497765 0.01368737
v 0.03911616 0.18589313 0.02420589
v 0.02600336 -0.38729113 0.27053747
v 0.04188582 -0.32221931 -0.05984429
v 0.03845806 -0.35020867 -0.02525088
v 0.04027879 -0.01747739 -0.00026152
v 0.03796332 0.15501802 0.00562312
v 0.03231814 0.17254886 0.01403401
v 0.02752761 -0.38082793 0.040223
v 0.03425976 -0.28631157 -0.08352081
v 0.04168316 -0.29603702 -0.07660894
v 0.02953757 0.13490795 -0.00452009
v 0.04092259 0.11616311 -0.00823911
v 0.0368854 -0.02228928 -0.00123284
v 0.00965361 -0.38642177 0.13240175
v 0.03409774 -0.2699554 -0.08451653
v 0.03447336 -0.30047998 -0.07909338
v 0.02998472 -0.30706105 -0.07717203
v 0.04188582 -0.32221931 -0.05984429
v 0.02871537 -0.33894578 -0.04717336
v 0.03107763 -0.08451068 -0.04782631
v 0.03067234 -0.34663147 -0.03593224
v 0.03147902 -0.04729231 -0.01998095
v 0.0328351 0.08530827 -0.016316
v 0.05695651 0.09301789 -0.00885325
v 0.0328351 0.08530827 -0.016316
v 0.03168084 0.21598463 0.05000949
v 0.01736752 -0.3847971 0.07940075
v 0.02758217 -0.1986818 -0.10050913
v 0.02544809 -0.21908119 -0.10233351
v 0.030172 -0.24666576 -0.09389147
v 0.01847646 -0.16599777 -0.09577402
v 0.02743296 -0.29439726 -0.08494321
v 0.02317955 -0.12370422 -0.07185356
v 0.02929345 -0.32508776 -0.06225723
v 0.02045836 0.06797992 -0.02080164
v 0.03013276 0.04705029 -0.01867718
v 0.03071048 -0.02786821 -0.00537271
v 0.02127605 0.0119508 -0.01499077
v 0.0245983 -0.37065983 0.00089757
v 0.02814442 0.19977301 0.03397778
v 0.02242954 -0.38487646 0.32305321
v 0.05457707 -0.37427911 0.34981531
v 0.01679607 -0.10098597 -0.06208871
v 0.02030986 0.03336152 -0.01954052
v 0.01758493 0.09622616 -0.01777912
v 0.01878639 -0.36562094 -0.00907045
v 0.02164662 -0.01750928 -0.00530244
v 0.02540101 -0.2672891 -0.08834112
v 0.02998472 -0.30706105 -0.07717203
v 0.01561875 -0.07828422 -0.04827766
v 0.01713607 0.11848965 -0.01203632
v 0.03231814 0.17254886 0.01403401
v 0.01898068 0.1729576 0.01305224
v 0.00762055 -0.38313192 0.05657419
v 0.01108587 -0.38629958 0.30940038
v 0.01738927 -0.2599234 -0.09230091
v 0.0156421 -0.25424185 -0.09539041
v 0.014502 -0.28086296 -0.09288658
v 0.01740874 -0.31185687 -0.07675605
v 0.02007371 -0.33230084 -0.05699414
v 0.01605041 -0.03114432 -0.01141777
v 0.01800664 -0.00728313 -0.00896715
v 0.01459528 0.14047612 -0.00424175
v 0.01566276 0.15476304 0.00248598
v 0.00912096 -0.3767114 0.01433376
v 0.03168084 0.21598463 0.05000949
v -0.00128608 -0.38136706 0.04058545
v 0.00218404 -0.38726321 0.24865663
v 0.00887065 -0.21869431 -0.10909122
v 0.00989511 -0.23217966 -0.10607841
v 0.01022659 -0.29469845 -0.08932192
v 0.01247007 -0.11117353 -0.06878191
v 0.02045836 0.06797992 -0.02080164
v 0.03013276 0.04705029 -0.01867718
v 0.01365819 0.04759542 -0.02195764
v 0.02030986 0.03336152 -0.01954052
v 0.01599372 -0.05623408 -0.03100757
v 0.01834803 -0.0234571 -0.00630615
v 0.00222699 -0.3729167 0.00230993
v 0.03168084 0.21598463 0.05000949
v 0.00777827 -0.25820419 -0.09620297
v 0.0117205 -0.13608101 -0.08169223
v 0.01740874 -0.31185687 -0.07675605
v 0.00644841 -0.34475517 -0.0464025
v 0.0114589 -0.35408422 -0.03169366
v 0.01588957 -0.36177865 -0.01768551
v 0.00392708 0.02100287 -0.01953674
v -0.00724682 -0.38526657 0.08855895
v -0.00129942 -0.38692898 0.15586664
v 0.0032539 -0.38734692 0.19707927
v -0.01883798 -0.38698846 0.29219154
v 0.0011625 -0.33161733 -0.06063119
v 0.00126073 0.06772444 -0.02337062
v 0.00020908 0.10284645 -0.01846381
v 0.00273647 0.11781487 -0.0138697
v 0.00306945 -0.02015772 -0.00698377
v 0.01178318 0.0039178 -0.49708626
v 0.00850477 0.00400123 -0.5002504
v 0.01076836 -0.00070997 -0.49762627
v 0.00572494 -0.00214786 -0.50010395
v 9.375E-05 -0.28145385 -0.09610012
v -0.00258025 -0.10139839 -0.06635714
v 4.028E-05 -0.05354616 -0.03080312
v 0.00016158 -0.35447434 -0.03252845
v 0.00091457 0.08883035 -0.02116005
v 0.00072583 0.03295458 -0.02175459
v 0.00223392 -0.36412981 -0.01641173
v 0.00187103 0.00618905 -0.01542109
v 0.00043338 0.14819019 -0.0014985
v 0.00515426 -0.00617613 -0.49802691
v -0.00043073 0.13178572 -0.47209096
v -0.00011776 0.1511524 -0.46710077
v 0.0010079 0.24187508 -0.44179344
v -0.00016935 -0.22234191 -0.11050063
v -0.00191858 -0.24680902 -0.10197758
v -0.00025659 -0.2679778 -0.09884376
v -0.00336923 -0.13979186 -0.08933848
v 0.01022659 -0.29469845 -0.08932192
v -0.00085243 -0.31261507 -0.07734506
v 0.00392708 0.02100287 -0.01953674
v 0.00187103 0.00618905 -0.01542109
v 0.01800664 -0.00728313 -0.00896715
v 0.00029072 -0.01275146 -0.00840905
v 0.00306945 -0.02015772 -0.00698377
v 0.00037561 -0.02820772 -0.01026303
v -0.00392909 0.0180211 -0.49947077
v -0.00126138 0.05187623 -0.49201825
v -0.00188404 0.03277468 -0.49638149
v -0.00097575 0.06839029 -0.48781899
v -0.00075304 0.07639897 -0.48514703
v -0.00035355 0.09171862 -0.48142049
v -0.00016497 -0.0098309 -0.45810509
v 0.0011259 0.20692527 -0.45092458
v -0.00069493 -0.02766479 -0.33607903
v -0.00093251 -0.20752823 -0.1109338
v -0.00084718 -0.19189169 -0.10921573
v -0.001423 -0.23177364 -0.10799973
v -0.00580784 -0.25357267 -0.10125772
v 0.00039694 -0.07708315 -0.04887601
v 7.07E-06 0.04751391 -0.02330188
v -0.01209082 0.1385676 -0.00659288
v -0.00746604 -0.38410446 0.06817759
v -0.04282514 -0.38344637 0.33732182
v -0.00298286 -0.00866404 -0.48941702
v -0.00114127 0.1693376 -0.46139258
v -0.00187344 0.22920303 -0.44383997
v -0.00174636 -0.01160129 -0.43471184
v -0.00109584 -0.0154203 -0.40591869
v -0.00126529 -0.02061267 -0.37413758
v -0.00481203 -0.05639821 -0.20262808
v -0.00084718 -0.19189169 -0.10921573
v 0.00371594 -0.20044674 -0.11009409
v -0.00093251 -0.20752823 -0.1109338
v 9.375E-05 -0.28145385 -0.09610012
v 0.01022659 -0.29469845 -0.08932192
v -0.01707747 -0.2868498 -0.09380247
v -0.01443867 -0.29871833 -0.08687069
v -0.022635 -0.38703418 0.23762465
v -0.00911739 0.00139653 -0.50016987
v -0.00919516 -0.00469885 -0.49791577
v -0.006425 0.03519984 -0.49363771
v -0.00919516 -0.00469885 -0.49791577
v 0.00515426 -0.00617613 -0.49802691
v 0.00155956 -0.00854051 -0.4934158
v -0.00919516 -0.00469885 -0.49791577
v 0.00155956 -0.00854051 -0.4934158
v -0.00298286 -0.00866404 -0.48941702
v -0.0078666 0.0752225 -0.4814904
v -0.00725834 0.10745327 -0.47363126
v -0.00016497 -0.0098309 -0.45810509
v -0.00530494 -0.00858104 -0.45986629
v -0.00174636 -0.01160129 -0.43471184
v -0.00417851 0.24768318 -0.43576711
v -0.002074 0.25536129 -0.42574888
v -0.00109584 -0.0154203 -0.40591869
v -0.00656406 -0.01225042 -0.41022849
v -0.00644955 -0.01815303 -0.3768619
v -0.00126529 -0.02061267 -0.37413758
v -0.0066986 -0.02384039 -0.349296
v -0.00069493 -0.02766479 -0.33607903
v -0.00700529 -0.02760631 -0.3255102
v -0.00050638 -0.03192382 -0.31208006
v -0.00461659 -0.03151724 -0.31117597
v -0.0017353 -0.03676573 -0.28799802
v -0.00680454 -0.04061451 -0.26688787
v -0.00187234 -0.0455099 -0.25189322
v -0.0064392 -0.04752244 -0.2383731
v -0.00522295 -0.05078527 -0.2250876
v -0.00178176 -0.05119044 -0.22459747
v -0.00481203 -0.05639821 -0.20262808
v -0.00016935 -0.22234191 -0.11050063
v -0.01144659 -0.2177366 -0.10871055
v -0.01140626 -0.20184284 -0.10916311
v -0.01516604 -0.17723218 -0.10533295
v -0.00084153 -0.17424695 -0.1052724
v -0.001423 -0.23177364 -0.10799973
v -0.00191858 -0.24680902 -0.10197758
v -0.01206365 -0.23456058 -0.10495447
v -0.00212141 -0.03022421 -0.09911539
v -0.00580784 -0.25357267 -0.10125772
v -0.00025659 -0.2679778 -0.09884376
v -0.01511681 -0.26013461 -0.10204057
v -0.01498551 -0.15377143 -0.09682181
v -0.01640519 -0.2743994 -0.09877964
v -0.02298595 -0.33837831 -0.04998658
v -0.01057795 -0.34694362 -0.04142101
v -0.01259611 -0.05933325 -0.03495841
v -0.01456557 0.06395476 -0.0231246
v -0.01611 -0.03642071 -0.01594456
v -0.01620521 0.12038944 -0.0134771
v -0.0173622 0.01056586 -0.01569347
v -0.01216643 -0.01656927 -0.00647757
v -0.01365021 -0.02387553 -0.00680248
v -0.01365021 -0.02387553 -0.00680248
v -0.01175291 -0.36438316 -0.01454314
v -0.01235631 0.15361516 0.00033912
v -0.01541021 0.19209184 0.02564016
v -0.02872342 -0.38687226 0.17765367
v -0.01127468 0.01299033 -0.49732226
v -0.00823507 -0.00654217 -0.48969489
v -0.00726673 -0.00685077 -0.45395699
v -0.00730279 0.14726312 -0.46282035
v -0.00769958 0.1763756 -0.45409516
v -0.00730279 0.14726312 -0.46282035
v -0.0101923 0.15484492 -0.45637119
v -0.00683354 0.22441319 -0.44048193
v -0.00187344 0.22920303 -0.44383997
v -0.00752989 0.20017672 -0.44713354
v -0.0029826 0.25190905 -0.40862426
v -0.002207 0.24793075 -0.39128521
v -0.00281564 0.24289812 -0.37599728
v -0.00628706 0.23857933 -0.37506476
v -0.00281449 0.23695792 -0.35560825
v -0.00619749 0.23068736 -0.34785238
v -0.00259015 0.22830194 -0.32881361
v -0.00628086 0.22333197 -0.32529512
v -0.00731459 -0.03242017 -0.30055061
v -0.0065011 0.21264268 -0.29514033
v -0.00287528 0.21385746 -0.28878492
v -0.00677998 0.20290847 -0.26308572
v -0.00677998 0.20290847 -0.26308572
v -0.00674222 0.18966666 -0.2159255
v -0.01013101 -0.04766556 -0.22403196
v -0.01050823 -0.05451934 -0.20187823
v -0.00676349 0.18246953 -0.18873805
v -0.00983958 -0.05833773 -0.19230808
v -0.00569172 -0.06316556 -0.18252204
v -0.00139562 0.17860584 -0.18052927
v -0.00676349 0.18246953 -0.18873805
v -0.00735269 0.1751738 -0.18491581
v -0.00139562 0.17860584 -0.18052927
v -0.00735269 0.1751738 -0.18491581
v -0.00165128 0.15820159 -0.18110366
v -0.00735848 0.1606658 -0.18580222
v -0.00683777 0.14989339 -0.18318756
v -0.00983958 -0.05833773 -0.19230808
v -0.00569172 -0.06316556 -0.18252204
v -0.00955505 -0.0660945 -0.1777193
v -0.00955505 -0.0660945 -0.1777193
v -0.00930072 -0.07309659 -0.16734339
v -0.01358538 -0.24285604 -0.10258196
v -0.00997351 -0.11922467 -0.10868827
v -0.00968314 -0.13108341 -0.09197994
v -0.01081155 -0.12943999 -0.09408218
v -0.01443867 -0.29871833 -0.08687069
v -0.00710782 0.04783743 -0.08035564
v -0.01241841 -0.31318906 -0.07620107
v -0.0146497 -0.09829048 -0.06421505
v -0.01868272 -0.32410711 -0.06568455
v -0.01728002 -0.07555285 -0.04702058
v -0.01412974 0.04762505 -0.02277783
v -0.01481971 0.03099952 -0.0207311
v -0.01746173 0.10738262 -0.01717065
v -0.01825118 -0.37502873 0.01278511
v -0.01099833 -0.37733531 0.01992765
v -0.02746128 -0.38616568 0.127298
v -0.01127468 0.01299033 -0.49732226
v -0.00911739 0.00139653 -0.50016987
v -0.01240054 0.00340246 -0.49749139
v -0.01141322 0.0391376 -0.48821306
v -0.01088594 -0.0035177 -0.4916226
v -0.0078666 0.0752225 -0.4814904
v -0.01141322 0.0391376 -0.48821306
v -0.00930586 -0.00383925 -0.47415179
v -0.00725834 0.10745327 -0.47363126
v -0.01021266 0.0025135 -0.46407714
v -0.01068453 0.12318016 -0.46513367
v -0.0114339 0.09864407 -0.46945363
v -0.01223383 0.09678354 -0.45953622
v -0.01205118 0.02175719 -0.45997405
v -0.01303466 0.00524025 -0.49255416
v -0.0114599 0.14948238 -0.45380783
v -0.01255634 0.04796197 -0.44889504
v -0.01287033 0.02408828 -0.4793117
v -0.00877 -0.00385346 -0.44475573
v -0.01223974 0.03217771 -0.43261659
v -0.01030906 0.18141583 -0.44739246
v -0.01211209 0.15927161 -0.43207854
v -0.0108807 0.19434495 -0.44070789
v -0.01052534 0.00549399 -0.43142015
v -0.00978278 0.22578709 -0.43238032
v -0.01172556 0.01916714 -0.39068803
v -0.01144554 0.19410814 -0.41720873
v -0.00948122 -0.00713527 -0.4036884
v -0.01107867 0.00515438 -0.3994351
v -0.00956994 0.23291051 -0.39063558
v -0.01072764 0.21193627 -0.39911339
v -0.01193469 0.15603878 -0.38449571
v -0.00941128 -0.01369382 -0.37842423
v -0.01110025 0.18606718 -0.34189498
v -0.00941011 0.22393516 -0.35918114
v -0.01174669 -0.00158503 -0.36051473
v -0.00946756 -0.01922685 -0.35642251
v -0.01087157 -0.01379221 -0.35841069
v -0.00970311 0.21500015 -0.3283332
v -0.00981367 -0.02243878 -0.338525
v -0.01087351 -0.02229519 -0.32159021
v -0.01001543 0.20798594 -0.31200516
v -0.01239333 0.13958178 -0.31037989
v -0.01203135 -0.01334759 -0.31966639
v -0.01223848 0.00216344 -0.30976948
v -0.0120995 0.16721424 -0.25767228
v -0.01008902 -0.03037612 -0.29298788
v -0.01074145 0.19876307 -0.29074007
v -0.00913269 0.20072235 -0.27465677
v -0.0113554 0.185987 -0.24975701
v -0.01016411 -0.03751894 -0.26574567
v -0.00971685 0.19074896 -0.24387158
v -0.0067665 0.19645703 -0.2427848
v -0.0120747 0.15831324 -0.23229195
v -0.01189379 0.08801791 -0.22246404
v -0.01210378 0.05248223 -0.27001196
v -0.01206465 0.01593877 -0.23150286
v -0.01222064 0.01619505 -0.26740396
v -0.00674222 0.18966666 -0.2159255
v -0.01020827 0.18455499 -0.22355908
v -0.01147979 0.17550761 -0.21629651
v -0.0122414 0.06388334 -0.17447095
v -0.01093348 0.17747873 -0.20564203
v -0.01193149 0.10567894 -0.23127457
v -0.01154641 0.14281379 -0.20366374
v -0.01210944 -0.04910701 -0.20853357
v -0.01030934 0.17325383 -0.19351912
v -0.01105118 0.14134453 -0.1923153
v -0.01165652 0.11285421 -0.19150649
v -0.01277605 0.00526275 -0.19702315
v -0.00735848 0.1606658 -0.18580222
v -0.00987887 0.13942988 -0.1863362
v -0.01179516 0.09361722 -0.17307562
v -0.00987887 0.13942988 -0.1863362
v -0.01065137 0.11964419 -0.18020535
v -0.00936257 0.12244558 -0.1769152
v -0.00936257 0.12244558 -0.1769152
v -0.01105509 0.10132956 -0.1694243
v -0.00958044 0.10476059 -0.16453789
v -0.00958044 0.10476059 -0.16453789
v -0.01165031 0.08484527 -0.15299541
v -0.00918034 0.09370688 -0.14913927
v -0.00918034 0.09370688 -0.14913927
v -0.01263563 0.04280382 -0.15281563
v -0.00962448 -0.08267888 -0.15437891
v -0.01377457 -0.08068548 -0.15239507
v -0.01114148 0.07937451 -0.13628368
v -0.00891601 0.08085539 -0.12588735
v -0.00891601 0.08085539 -0.12588735
v -0.00995773 -0.09822373 -0.13577676
v -0.01380901 -0.09570087 -0.1356667
v -0.0116475 0.05647751 -0.11473946
v -0.01064234 0.06768542 -0.11701439
v -0.01361316 0.01766208 -0.1318206
v -0.01288487 0.03455671 -0.1068572
v -0.0134917 -0.11081906 -0.11737866
v -0.00991113 -0.10649733 -0.12525071
v -0.0135675 -0.12070345 -0.10577047
v -0.00910191 0.06725463 -0.10406474
v -0.01249153 0.03589014 -0.09478546
v -0.01027248 0.05904709 -0.09640408
v -0.01498551 -0.15377143 -0.09682181
v -0.01027248 0.05904709 -0.09640408
v -0.00986882 0.04983614 -0.08659487
v -0.00968314 -0.13108341 -0.09197994
v -0.00786152 -0.13745087 -0.08991519
v -0.01267663 -0.13972192 -0.09089912
v -0.00986882 0.04983614 -0.08659487
v -0.01146775 0.02041841 -0.08674688
v -0.01090326 0.00251872 -0.08828256
v -0.01146775 0.02041841 -0.08674688
v -0.00748339 0.03089883 -0.07969783
v -0.01146775 0.02041841 -0.08674688
v -0.02573421 -0.35212433 -0.03136447
v -0.01830518 0.09023055 -0.02053702
v -0.03201618 -0.385465 0.32351401
v -0.0134806 0.01172741 -0.4922902
v -0.01248954 0.03327541 -0.48534888
v -0.01256571 0.07893081 -0.45469236
v -0.0124244 0.10640068 -0.39150721
v -0.0124251 0.06850351 -0.37872347
v -0.0121933 0.0490641 -0.31084248
v -0.01206497 -0.02115971 -0.28379345
v -0.01166892 -0.03179419 -0.26596969
v -0.01245541 0.13137183 -0.28319052
v -0.01278446 -0.01738324 -0.24573205
v -0.01302359 -0.02869736 -0.23603968
v -0.01306111 -0.03843076 -0.22089235
v -0.01180415 -0.04093904 -0.23156177
v -0.01355944 -0.02482004 -0.20983538
v -0.01486543 -0.0488647 -0.18948288
v -0.01348064 0.00146992 -0.17205949
v -0.01421089 -0.02185635 -0.17007388
v -0.01404339 -0.05638105 -0.18437482
v -0.01504905 -0.03702859 -0.17709599
v -0.01391536 -0.06929985 -0.16586344
v -0.01629422 -0.05689244 -0.17197324
v -0.01536983 -0.03415093 -0.14828049
v -0.01425453 0.00373997 -0.1398603
v -0.01527094 -0.01196538 -0.14326333
v -0.01441731 0.00290607 -0.11218607
v -0.01363789 0.00487107 -0.09807932
v -0.01469559 -0.00950498 -0.10119296
v -0.02629385 -0.19298407 -0.1055766
v -0.02188912 -0.23708841 -0.10077033
v -0.01090326 0.00251872 -0.08828256
v -0.01016991 -0.01624021 -0.09239046
v -0.0139142 -0.02504691 -0.10254996
v -0.01642204 -0.12478036 -0.09220442
v -0.01081155 -0.12943999 -0.09408218
v -0.01603427 -0.13109025 -0.08895268
v -0.0305344 -0.3081629 -0.07749723
v -0.03367221 0.08038457 -0.0201551
v -0.02857301 0.06120564 -0.02145575
v -0.02728188 -0.36864349 -0.00157175
v -0.03032805 0.1819746 0.01774281
v -0.01667031 -0.05146599 -0.17095962
v -0.01632529 -0.06876673 -0.15846711
v -0.017928 -0.07300927 -0.14666624
v -0.01786499 -0.06436327 -0.14743492
v -0.01635906 -0.04919054 -0.13757734
v -0.01753926 -0.08187057 -0.14181654
v -0.0179124 -0.05444592 -0.12672372
v -0.01693272 -0.02904895 -0.12293761
v -0.01812805 -0.09758216 -0.12378273
v -0.01759836 -0.04058653 -0.11655018
v -0.01639226 -0.02314182 -0.11080644
v -0.01791011 -0.04869499 -0.11210208
v -0.01809528 -0.11165716 -0.10782342
v -0.01377063 -0.04009936 -0.10422709
v -0.01487155 -0.05167874 -0.10316803
v -0.01884909 -0.06215683 -0.10841091
v -0.01421292 -0.06044223 -0.09906092
v -0.02282533 -0.24738069 -0.10030928
v -0.01942669 -0.12005433 -0.09140033
v -0.01844653 -0.10414714 -0.09304675
v -0.01839455 -0.11081252 -0.08435833
v -0.02267216 -0.12496977 -0.08468181
v -0.02267216 -0.12496977 -0.08468181
v -0.02613287 -0.13216388 -0.08487171
v -0.02833568 -0.10114118 -0.0638091
v -0.0146497 -0.09829048 -0.06421505
v -0.01224661 -0.10500359 -0.07081331
v -0.01259611 -0.05933325 -0.03495841
v -0.02965483 0.03191112 -0.01851461
v -0.02982118 0.13893867 -0.00629262
v -0.03170526 0.12509762 -0.01116
v -0.03160188 0.2276327 0.06175541
v -0.03258893 -0.38266689 0.06211
v -0.03235004 -0.38453266 0.08517479
v -0.06537933 -0.38647869 0.31822613
v -0.01975622 -0.07203854 -0.12799793
v -0.02011893 -0.08549155 -0.12535585
v -0.02037812 -0.07370433 -0.1162689
v -0.02055643 -0.09816036 -0.11190079
v -0.02088035 -0.08857604 -0.11331113
v -0.02029608 -0.09873634 -0.1021058
v -0.02042492 -0.10942704 -0.09876578
v -0.02907884 -0.20599373 -0.10519317
v -0.02738411 -0.21938758 -0.10421916
v -0.02788595 -0.25598314 -0.09972478
v -0.02525477 -0.26401725 -0.09998616
v -0.0202919 -0.11229599 -0.09051177
v -0.03390395 -0.27692062 -0.09421707
v -0.02232193 -0.11728042 -0.08434208
v -0.02232193 -0.11728042 -0.08434208
v -0.02658842 -0.1196943 -0.07922661
v -0.01967431 -0.11184406 -0.07589596
v -0.01967431 -0.11184406 -0.07589596
v -0.03615855 0.04767013 -0.01963362
v -0.03489245 -0.36008146 -0.01619126
v -0.03249605 -0.01195271 -0.00475582
v -0.03312447 -0.02675169 -0.0048576
v -0.03214027 -0.02034219 -0.0025881
v -0.03005373 0.15677895 0.00201111
v -0.05324396 -0.377599 0.03478263
v -0.03869233 -0.38134596 0.05157089
v -0.04542947 -0.38639876 0.14270417
v -0.03399915 -0.24166426 -0.09577
v -0.03576693 -0.2630541 -0.09608295
v -0.0345536 -0.29372582 -0.08630954
v -0.0305344 -0.3081629 -0.07749723
v -0.03156565 -0.11203528 -0.07130007
v -0.03206903 -0.32520846 -0.06132413
v -0.03178132 0.01895211 -0.01533869
v -0.05004213 -0.3871794 0.28145659
v -0.04135652 -0.17797597 -0.09852879
v -0.03316346 -0.12409189 -0.07908422
v -0.06515104 -0.38448969 0.33471853
v -0.04281967 -0.19306551 -0.09999246
v -0.04915714 -0.21300264 -0.09698025
v -0.05090698 -0.22819711 -0.09355412
v -0.05007063 -0.33110872 -0.04834869
v -0.05065073 -0.34585714 -0.03087883
v -0.04863164 0.06908523 -0.01806635
v -0.04802256 0.1075375 -0.01409187
v -0.04648996 0.14733094 -0.0010668
v -0.04707042 0.16591322 0.0085879
v -0.03874535 -0.24582034 -0.0927932
v -0.0474638 -0.2783365 -0.08687836
v -0.04915278 -0.29152954 -0.08126226
v -0.04678326 -0.30192822 -0.07648872
v -0.04920186 -0.11062551 -0.06364322
v -0.04973079 -0.31768748 -0.06190817
v -0.04703493 -0.09086138 -0.0501068
v -0.05223833 -0.06248327 -0.02791397
v -0.04776591 0.03531829 -0.01516383
v -0.05646288 0.13109285 -0.00618818
v -0.0502512 0.01366594 -0.00878664
v -0.05882625 -0.35493639 -0.01438165
v -0.06518108 -0.36408809 0.00393082
v -0.04976545 -0.01260277 0.0001826
v -0.04740375 -0.02185439 0.00149712
v -0.06461103 -0.375166 0.02970368
v -0.05351308 0.18242249 0.02027433
v -0.05235057 -0.37937543 0.04386441
v -0.04937526 -0.17076012 -0.09354387
v -0.04633802 -0.25329295 -0.08860689
v -0.04562137 -0.26728714 -0.08959096
v -0.05154661 -0.13988343 -0.07955411
v -0.05070595 -0.12457717 -0.0717041
v -0.04973079 -0.31768748 -0.06190817
v -0.06036172 -0.38243535 0.06859767
v -0.03743389 -0.23823726 0.38559553
v -0.05529116 -0.19812511 -0.09427401
v -0.07649802 -0.37269324 0.02767685
v -0.0806131 -0.38528091 0.11904515
v -0.0565753 -0.1868872 -0.0925378
v -0.06089384 -0.21803698 -0.09072334
v -0.05287311 -0.25950751 -0.0849626
v -0.05468944 -0.29453802 -0.07548781
v -0.06003347 0.09135391 -0.01432133
v -0.06202286 0.07107501 -0.01489975
v -0.06365599 0.04799339 -0.0127778
v -0.06394339 0.02935756 -0.00873987
v -0.06175639 -0.02695616 0.00496933
v -0.06014591 0.15581821 0.00517251
v -0.06820906 -0.38611543 0.15524316
v -0.0904936 -0.38660035 0.21927528
v -0.06624939 -0.1799521 -0.08464742
v -0.06109277 -0.23514907 -0.08762261
v -0.06028651 -0.2740714 -0.07791676
v -0.06408408 -0.1281087 -0.06632593
v -0.06014917 -0.30702883 -0.06354266
v -0.06637303 -0.33796594 -0.03200303
v -0.06616171 0.1120669 -0.00938426
v -0.06488234 0.14214601 -0.00022377
v -0.06432891 0.17323899 0.01596473
v -0.07457895 -0.38387978 0.0896204
v -0.06065254 -0.25009507 0.39980829
v -0.07295121 -0.21011013 -0.08377365
v -0.06462544 -0.15237521 -0.07731913
v -0.07953606 0.0205323 -0.00020327
v -0.0656896 -0.02091019 0.00851561
v -0.06196771 -0.25593004 0.38477504
v -0.07182131 -0.16001539 -0.07470273
v -0.06896748 -0.29208836 -0.06377159
v -0.06543339 -0.32260484 -0.04755079
v -0.06543339 -0.32260484 -0.04755079
v -0.07891589 -0.05923489 -0.01403989
v -0.07040566 -0.36114648 0.00127311
v -0.06787995 0.19598159 0.0344931
v -0.07489747 -0.3869701 0.25054306
v -0.07644038 -0.38719043 0.29872984
v -0.06038868 -0.25892317 0.37979686
v -0.07881796 -0.24320768 -0.07726768
v -0.06641631 -0.26858625 -0.076139
v -0.07615215 -0.3481335 -0.01415675
v -0.07836283 0.09238964 -0.00940296
v -0.07946936 -0.03686131 0.0055901
v -0.08544169 -0.36706042 0.02011005
v -0.07846273 -0.38036975 0.0601632
v -0.08871041 -0.38575307 0.16875702
v -0.08819433 -0.38159198 0.34633115
v -0.08582154 -0.37904921 0.35203606
v -0.06196771 -0.25593004 0.38477504
v -0.06065254 -0.25009507 0.39980829
v -0.07827424 -0.25095108 0.39846623
v -0.08366989 -0.20374139 -0.07603846
v -0.07850734 -0.13461098 -0.06042461
v -0.07426768 -0.31147566 -0.04802885
v -0.08413284 -0.12050539 -0.04916869
v -0.08107559 -0.32820347 -0.03104831
v -0.08220346 -0.3424986 -0.01637593
v -0.07711059 0.11636355 -0.00559868
v -0.08242043 0.04618746 -0.00605506
v -0.08366842 -0.02355387 0.01560424
v -0.08985876 -0.37721145 0.04962609
v -0.10910786 -0.38645601 0.25355724
v -0.09314974 -0.38673586 0.3079029
v -0.07481061 -0.24500807 0.40823784
v -0.0828812 -0.22863483 -0.0772199
v -0.07966724 -0.26354879 -0.07063665
v -0.08107559 -0.32820347 -0.03104831
v -0.08360644 0.07353738 -0.00852515
v -0.07970873 -0.01603308 0.01334007
v -0.09013359 -0.38154709 0.07411396
v -0.07947682 -0.37085065 0.36065191
v -0.07545079 -0.2566694 0.38075969
v -0.08381668 -0.28064677 -0.06082396
v -0.08985901 -0.28959039 -0.05237475
v -0.08693761 -0.35242903 -0.00130014
v -0.07979554 0.20590852 0.0477805
v -0.09191664 -0.3850044 0.32960579
v -0.0909435 -0.14294122 -0.05554619
v -0.0903856 -0.30880696 -0.04000591
v -0.09430866 0.12304585 0.00190422
v -0.09559181 0.04237813 0.00038661
v -0.09484147 -0.36162144 0.01577978
v -0.103212 -0.38364863 0.10113491
v -0.10515712 -0.38496169 0.14504398
v -0.08478242 -0.25574446 0.37638995
v -0.09785439 -0.21948659 -0.0681238
v -0.10269717 -0.25111094 -0.06062599
v -0.09650853 0.10991853 -0.00065164
v -0.09724542 0.06372353 -0.00235849
v -0.09801034 0.02162343 0.00830935
v -0.09639984 -0.04008659 0.01296071
v -0.09913893 -0.3746354 0.0452973
v -0.09130348 -0.37680471 0.36071172
v -0.08139087 -0.2514258 0.39607754
v -0.09829514 -0.23403946 -0.06684611
v -0.09829988 -0.10032699 -0.03015865
v -0.09998493 -0.32422864 -0.02305745
v -0.10164534 0.09108136 -0.0009069
v -0.09915578 0.07264165 -0.00225377
v -0.11078443 -0.33874398 -0.00345343
v -0.09588516 -0.01932203 0.02208342
v -0.09695842 0.00087505 0.01578473
v -0.09651491 0.17957695 0.03114845
v -0.11086029 -0.37094709 0.04357191
v -0.11079186 -0.38686982 0.29596862
v -0.09705519 -0.25007471 0.38078919
v -0.09693434 -0.24442898 0.39713109
v -0.10270464 -0.16103812 -0.05391173
v -0.10467466 -0.12826711 -0.04080875
v -0.10604295 -0.30921307 -0.03110431
v -0.10981536 -0.38444477 0.12838005
v -0.11057009 -0.38540587 0.19361643
v -0.10469116 -0.38254124 0.35094756
v -0.0982995 -0.25435877 0.36141518
v -0.10493986 -0.20913248 -0.06273676
v -0.11211804 -0.27421552 -0.04658564
v -0.09998493 -0.32422864 -0.02305745
v -0.10111929 -0.34804949 0.00122595
v -0.10869295 -0.0031752 0.02528171
v -0.10839691 -0.38079226 0.08080731
v -0.10131658 -0.38649359 0.32316801
v -0.10724197 -0.3851147 0.33721101
v -0.10347712 -0.25540477 0.35671452
v -0.10311864 -0.24542893 0.38608405
v -0.11606082 -0.11182611 -0.02580487
v -0.11272559 -0.08379354 -0.01165413
v -0.11038581 0.04808631 0.00735538
v -0.11341072 0.14499013 0.01840855
v -0.12383459 -0.35308516 0.02129192
v -0.112654 -0.36385238 0.03068103
v -0.1132952 -0.37651116 0.06277782
v -0.12181272 -0.38392079 0.16627625
v -0.12108303 -0.38560361 0.23937206
v -0.11031337 -0.3783991 0.3644869
v -0.10112901 -0.25113729 0.36115649
v -0.11004104 -0.37366679 0.37182182
v -0.0963029 -0.37153596 0.36990771
v -0.11841787 -0.17751005 -0.04793701
v -0.12780003 -0.31497717 -0.01452423
v -0.11830975 0.10282937 0.00883311
v -0.11405846 0.06394924 0.00684089
v -0.11209295 0.1197134 0.00893782
v -0.1122285 0.02625339 0.01536105
v -0.1087339 0.15739088 0.0225314
v -0.11399003 -0.00921141 0.03141268
v -0.11119498 0.2058944 0.06401855
v -0.10677822 -0.24746396 0.3556886
v -0.10841563 -0.3660703 0.38040727
v -0.11103614 -0.23580909 0.39535239
v -0.12816568 -0.23597507 -0.04599517
v -0.12147463 -0.2654857 -0.04374383
v -0.11391951 -0.15121348 -0.04435024
v -0.12511528 -0.29506955 -0.02854283
v -0.11453344 0.08245099 0.00544941
v -0.1138823 -0.03314154 0.02984125
v -0.11223681 -0.02170028 0.03250525
v -0.12744014 -0.38644695 0.31643337
v -0.11238322 -0.24625856 0.3499378
v -0.11439121 -0.2418765 0.35695711
v -0.11279738 -0.24214248 0.36923295
v -0.1130624 -0.23877798 0.38342565
v -0.12263895 -0.24758483 -0.04781038
v -0.12561993 0.13228685 0.02024168
v -0.11759575 -0.05646291 0.33293584
v -0.11729405 -0.24648818 0.34565532
v -0.12925658 -0.2210284 -0.04616551
v -0.12784652 -0.20045075 -0.04594419
v -0.13363035 -0.28194529 -0.02930545
v -0.12761363 -0.13133253 -0.02742952
v -0.1275585 -0.1007221 -0.01205769
v -0.12842028 -0.33000395 -0.00135928
v -0.12842028 -0.33000395 -0.00135928
v -0.12688097 0.07694629 0.01376187
v -0.12881142 -0.34651786 0.01632607
v -0.12591501 0.05482364 0.01632091
v -0.12749614 0.03330265 0.02484602
v -0.12727782 0.15626425 0.03167621
v -0.12359878 0.00846919 0.03258361
v -0.12669399 -0.02220394 0.04516981
v -0.13369295 -0.363554 0.04564852
v -0.13191022 -0.36986178 0.05905639
v -0.12583616 -0.37671506 0.07584167
v -0.12762576 -0.38106948 0.10635749
v -0.12847498 -0.38262522 0.1328239
v -0.12487589 -0.3862009 0.28860593
v -0.12694895 -0.0483254 0.33676443
v -0.12410235 -0.23859473 0.34372345
v -0.12273235 -0.37709832 0.3673366
v -0.12588066 -0.36920056 0.37891948
v -0.12902507 0.11535459 0.01759368
v -0.12999694 0.09524191 0.01576599
v -0.1281452 -0.01424219 0.04549434
v -0.12623052 0.20860818 0.07864606
v -0.12941851 -0.38409391 0.20057985
v -0.11599024 -0.06597455 0.31963608
v -0.11759575 -0.05646291 0.33293584
v -0.12613338 -0.05704346 0.32103756
v -0.1276636 -0.38526601 0.33547074
v -0.12897465 -0.2303668 0.36329362
v -0.13012528 -0.22413322 0.37952694
v -0.12588066 -0.36920056 0.37891948
v -0.1427808 -0.25807989 -0.03069208
v -0.13135807 -0.16534878 -0.03628411
v -0.14192002 -0.30166328 -0.01364872
v -0.1302544 0.17128868 0.04321884
v -0.13254039 -0.00482881 0.04753732
v -0.14436048 -0.3812533 0.17384365
v -0.13666452 -0.14903384 -0.02758409
v -0.14080863 -0.11800237 -0.01125539
v -0.14553373 -0.38245645 0.21354383
v -0.14165816 -0.38382262 0.25139675
v -0.14080001 -0.38513339 0.29517841
v -0.1464965 -0.18218823 -0.02856862
v -0.14383195 -0.32288283 0.00321005
v -0.14066331 -0.3396478 0.01749889
v -0.1438553 0.07673816 0.02742003
v -0.15656371 0.05753881 0.04252825
v -0.14282128 0.13331027 0.03276123
v -0.1398989 0.02448672 0.04128425
v -0.14402848 0.0110756 0.05365161
v -0.14198956 -0.37551945 0.09277213
v -0.15194128 -0.38190207 0.23529986
v -0.14541684 -0.38383919 0.2761806
v -0.14660351 -0.38471887 0.32099056
v -0.13564399 -0.36850548 0.37847576
v -0.14158882 -0.20809388 0.37836039
v -0.1345326 -0.1866778 0.3896938
v -0.14646332 -0.21036519 -0.03256626
v -0.14626214 -0.23470764 -0.03224317
v -0.1482892 -0.13390408 -0.01253134
v -0.14383195 -0.32288283 0.00321005
v -0.14616917 0.1089583 0.02998334
v -0.14859977 -0.34872225 0.03561958
v -0.1432471 0.03799317 0.03787047
v -0.14709868 -0.3568491 0.04614295
v -0.14115183 -0.03087896 0.05942927
v -0.14161879 -0.01935592 0.06189665
v -0.14525703 0.19426435 0.07663765
v -0.13973324 -0.38096851 0.14198409
v -0.14446948 -0.19633435 0.38023981
v -0.15006238 0.09175588 0.03212041
v -0.1457864 -0.0414561 0.05836918
v -0.14891803 -0.36927167 0.07919078
v -0.15153465 -0.37743914 0.12515095
v -0.14446542 -0.05518976 0.29463047
v -0.15890358 -0.27099136 -0.01445564
v -0.15611497 -0.12039705 0.0012557
v -0.1457295 -0.04879009 0.04999142
v -0.1475963 -0.36455819 0.06395624
v -0.15996215 0.00437032 0.07480769
v -0.15575737 -0.38159502 0.26380056
v -0.1496976 -0.21692652 0.35248429
v -0.14612383 -0.35692644 0.38685843
v -0.1604179 -0.24892017 -0.01847561
v -0.15882309 -0.29142514 -0.005962
v -0.15855332 -0.30341214 0.00054379
v -0.15858178 -0.33545685 0.02873528
v -0.15922523 0.04514899 0.04903949
v -0.16301712 -0.36004895 0.07339375
v -0.15294585 -0.02926053 0.07859624
v -0.15352029 -0.03763121 0.07526037
v -0.15623671 0.19968431 0.09588778
v -0.16185179 -0.36890578 0.09872236
v -0.1627903 -0.37263209 0.11826942
v -0.15951607 -0.38182509 0.28875753
v -0.15163572 -0.05365653 0.2849707
v -0.16107804 -0.38220555 0.30633554
v -0.16141166 -0.38162404 0.32548493
v -0.15387838 -0.21013093 0.35554498
v -0.1604273 -0.19229791 0.36095682
v -0.16053903 -0.22846077 -0.02057383
v -0.15868407 -0.32030672 0.01362716
v -0.15868407 -0.32030672 0.01362716
v -0.15842117 -0.08614992 0.02913005
v -0.16539346 0.08092231 0.04745029
v -0.1591122 0.1241192 0.04521086
v -0.1572762 0.13706154 0.04775307
v -0.16568305 0.03126034 0.06296893
v -0.15163061 -0.01416531 0.07413428
v -0.16068026 -0.37780935 0.16647285
v -0.16137615 -0.37835833 0.19190131
v -0.15778801 -0.03945546 0.30654964
v -0.16102521 -0.03169676 0.31397671
v -0.14884825 -0.27138498 0.34428462
v -0.15894687 -0.37796965 0.34770831
v -0.16399513 -0.1948179 -0.01530222
v -0.1591502 -0.20908384 -0.02120687
v -0.16311447 0.10564213 0.04569064
v -0.16415472 -0.34857896 0.05226061
v -0.15998477 -0.07527716 0.04285246
v -0.1583737 -0.05067426 0.07085901
v -0.15815486 -0.02826813 0.0875635
v -0.15828213 -0.37507874 0.12319089
v -0.16227254 0.1861224 0.25203985
v -0.15816453 -0.05240148 0.27328441
v -0.15797138 -0.04852872 0.28166223
v -0.15966009 -0.22211963 0.31600553
v -0.16020766 -0.22749363 0.31325501
v -0.16570404 -0.21365288 0.32357717
v -0.14884825 -0.27138498 0.34428462
v -0.16609339 -0.37833396 0.33624345
v -0.16505127 -0.3740207 0.35159361
v -0.16453102 -0.1165548 0.0137744
v -0.16002201 -0.03942833 0.08812015
v -0.15352029 -0.03763121 0.07526037
v -0.1583737 -0.05067426 0.07085901
v -0.1659878 -0.01234648 0.09280235
v -0.16102184 -0.02098107 0.09026984
v -0.16002201 -0.03942833 0.08812015
v -0.16523732 0.2006067 0.10886198
v -0.16420673 0.23001665 0.15960392
v -0.16914582 -0.37663332 0.20610912
v -0.17176092 -0.37675193 0.24760044
v -0.16023408 -0.05590238 0.266321
v -0.17692176 -0.21559465 -0.00442897
v -0.17339924 -0.24092683 -0.00738288
v -0.17142285 -0.17459838 -0.00377645
v -0.17652126 -0.25533342 -0.002324
v -0.17487825 -0.27513826 0.00175768
v -0.17412785 -0.13765092 0.014258
v -0.15858178 -0.33545685 0.02873528
v -0.17241018 -0.32447889 0.03266073
v -0.17105311 -0.10557664 0.03145805
v -0.17391768 -0.33751279 0.04881069
v -0.17585866 0.09176543 0.05871066
v -0.1724422 0.12620158 0.06039443
v -0.17284551 0.04475412 0.0629977
v -0.16895139 -0.05482446 0.0924099
v -0.17460302 -0.36049628 0.09340846
v -0.16578902 -0.03469153 0.10373782
v -0.15815486 -0.02826813 0.0875635
v -0.16788663 -0.02863952 0.1070032
v -0.16788663 -0.02863952 0.1070032
v -0.16959448 0.21811035 0.14911756
v -0.16959448 0.21811035 0.14911756
v -0.16956396 -0.37478396 0.1624506
v -0.17221695 -0.37728119 0.27775195
v -0.1686534 -0.04610382 0.2558445
v -0.17410676 -0.03230891 0.28659242
v -0.16568562 -0.21744345 0.31109953
v -0.17023669 -0.21676688 0.30391833
v -0.17040747 -0.19203052 0.34613261
v -0.16714832 -0.34958655 0.38359621
v -0.17230895 -0.31005901 0.01941104
v -0.1733072 -0.09032808 0.0509945
v -0.17391768 -0.33751279 0.04881069
v -0.17471845 0.0621763 0.06004903
v -0.17889898 -0.3532376 0.08158777
v -0.1732692 0.15731491 0.07715908
v -0.17560662 0.02292049 0.07917806
v -0.17941254 -0.08411436 0.0733142
v -0.1671202 -0.04431874 0.10271906
v -0.18280524 -0.36382681 0.1243551
v -0.17132565 0.22339228 0.15374872
v -0.16724697 -0.0522359 0.25152475
v -0.17610888 -0.03924217 0.25701076
v -0.17621839 -0.37756741 0.29301065
v -0.17468704 -0.37816188 0.31206965
v -0.16012271 0.04912788 0.34169438
v -0.17950112 -0.37314558 0.33350039
v -0.17983918 -0.15851064 0.01203461
v -0.17558941 -0.29480034 0.01230934
v -0.18010931 0.10327054 0.0647514
v -0.17914513 0.13584986 0.0731595
v -0.1733072 -0.09032808 0.0509945
v -0.17399828 6.124E-05 0.09437142
v -0.17552018 -0.01475795 0.10982017
v -0.17252 -0.04196398 0.12078513
v -0.17689185 -0.37170938 0.15901086
v -0.17719159 -0.37346521 0.1973612
v -0.17046887 -0.05260646 0.23974153
v -0.17264755 -0.04634386 0.24204801
v -0.17023669 -0.21676688 0.30391833
v -0.17708066 -0.20111597 0.31918064
v -0.17542136 -0.00420221 0.31805232
v -0.17525639 0.01865342 0.32650128
v -0.17456369 -0.37058702 0.34810069
v -0.17532508 -0.17855348 0.34356156
v -0.17671412 -0.36321706 0.3594701
v -0.17817584 -0.34905297 0.37630102
v -0.18113643 -0.19358754 0.00322508
v -0.1865688 -0.27776539 0.01561136
v -0.17803767 -0.12738235 0.02693298
v -0.17873639 -0.11141769 0.0406873
v -0.1816448 0.16138639 0.09294042
v -0.17807102 -0.06506483 0.10461206
v -0.17894526 -0.02465552 0.12679851
v -0.17188029 0.20487945 0.1259113
v -0.17894526 -0.02465552 0.12679851
v -0.17443055 -0.03278741 0.12434337
v -0.1761978 -0.03997105 0.13591735
v -0.18512817 -0.36545885 0.14097959
v -0.18178357 0.21305093 0.14726663
v -0.16959448 0.21811035 0.14911756
v -0.17634925 0.20973611 0.14344907
v -0.17786467 0.22170024 0.15111983
v -0.17786467 0.22170024 0.15111983
v -0.1738458 -0.04901477 0.22686358
v -0.1758232 -0.05705225 0.22066435
v -0.17862539 -0.04049953 0.24025643
v -0.18153439 -0.37175575 0.25401422
v -0.18683434 -0.02529863 0.26875106
v -0.1812977 -0.37287226 0.27621788
v -0.17789586 -0.20731963 0.29648143
v -0.18471518 -0.37303895 0.3135342
v -0.18844387 -0.23412289 0.00835599
v -0.1895711 -0.26470283 0.01453143
v -0.18780279 -0.18566358 0.01338791
v -0.18531664 -0.30557278 0.03141749
v -0.18628113 -0.32268494 0.04885105
v -0.18909587 -0.33161914 0.06257666
v -0.18876962 0.0817847 0.07424533
v -0.18436322 -0.3474488 0.07847917
v -0.1877054 0.02743782 0.09148043
v -0.18917382 -0.09124799 0.09080066
v -0.18799902 0.01084184 0.10515221
v -0.17600131 0.20552891 0.13526946
v -0.18017825 -0.03417613 0.14395091
v -0.17922626 -0.0406734 0.14983094
v -0.17788476 -0.04814018 0.20347403
v -0.17896621 -0.05185325 0.19674534
v -0.18944064 -0.36771375 0.20898701
v -0.17733975 -0.04427285 0.21915837
v -0.1878683 -0.03190248 0.23899357
v -0.18815984 -0.01667304 0.28506747
v -0.1788836 -0.21237414 0.29212099
v -0.18036258 0.01070497 0.31679538
v -0.18141951 -0.13816513 0.3212778
v -0.18100347 -0.19237593 0.32241896
v -0.18049736 -0.1559322 0.33261314
v -0.17941925 -0.18283048 0.33462721
v -0.1822601 -0.16813721 0.33226937
v -0.17941925 -0.18283048 0.33462721
v -0.18771896 -0.36207396 0.34701383
v -0.19032374 -0.15654591 0.02897205
v -0.19202103 -0.29411376 0.03108428
v -0.1872872 -0.10853025 0.06123935
v -0.1872872 -0.10853025 0.06123935
v -0.18839532 0.11311859 0.07751238
v -0.18877542 0.05867687 0.0779855
v -0.19445638 -0.33783463 0.07887867
v -0.19189389 0.05006492 0.08538286
v -0.18979304 0.1372657 0.09004122
v -0.19043431 -0.35288462 0.10364001
v -0.19418821 -0.35630706 0.12416262
v -0.19239525 -0.00168777 0.12533467
v -0.18759027 -0.01928009 0.13892373
v -0.19001766 0.20307539 0.14782605
v -0.18328972 -0.05964035 0.15248691
v -0.18067816 -0.05004089 0.159586
v -0.18673885 0.22707236 0.14985096
v -0.18673885 0.22707236 0.14985096
v -0.19010575 0.21976286 0.14758453
v -0.18131731 -0.04278824 0.16628443
v -0.18318337 -0.0585277 0.16463043
v -0.19386771 -0.36339909 0.16732037
v -0.18049681 -0.0485187 0.17834091
v -0.18262781 -0.04048839 0.18781056
v -0.1872893 -0.36844125 0.18666995
v -0.18270645 -0.0621621 0.19530451
v -0.18208499 -0.04016813 0.19995947
v -0.18122412 -0.0410048 0.20883963
v -0.18725367 -0.03431469 0.21572213
v -0.17951638 0.14462547 0.28577182
v -0.17789586 -0.20731963 0.29648143
v -0.18371145 -0.20367096 0.2839298
v -0.19078302 -0.36901098 0.29676437
v -0.18587586 -0.19238481 0.30338109
v -0.18865904 0.00141166 0.3021974
v -0.17868339 0.06967176 0.31929499
v -0.18750373 -0.17746319 0.3178671
v -0.18100347 -0.19237593 0.32241896
v -0.17817584 -0.34905297 0.37630102
v -0.17931531 -0.33395192 0.3887437
v -0.19268732 -0.20850831 0.01559527
v -0.19087577 -0.25076643 0.01311535
v -0.19547355 -0.17635681 0.02767024
v -0.19109584 -0.13925907 0.04246733
v -0.18909587 -0.33161914 0.06257666
v -0.19239525 -0.00168777 0.12533467
v -0.1863625 -0.02842617 0.15422493
v -0.19558106 0.24403492 0.14861062
v -0.18638806 -0.03414046 0.16927938
v -0.19731842 -0.02183659 0.20061462
v -0.1882365 -0.36723784 0.25050014
v -0.19344674 0.15857208 0.23324466
v -0.19078165 -0.36539292 0.27420887
v -0.18890163 0.14313477 0.26937851
v -0.19043846 -0.18398927 0.29812014
v -0.18371145 -0.20367096 0.2839298
v -0.18929332 -0.13715167 0.30278593
v -0.19043846 -0.18398927 0.29812014
v -0.18886487 -0.15469882 0.31464723
v -0.19270606 -0.36625749 0.32179585
v -0.19103192 -0.34981233 0.36140043
v -0.19534187 -0.13014291 0.05941407
v -0.19147694 -0.1070675 0.07382394
v -0.19311033 0.09422041 0.08116058
v -0.1971105 0.11012285 0.09093586
v -0.19978699 0.03519042 0.10571402
v -0.19898431 -0.34237748 0.09624062
v -0.19200119 0.15004189 0.10298162
v -0.19117726 0.17369883 0.12335787
v -0.19583729 -0.01946835 0.16675709
v -0.18989675 -0.07456399 0.19623722
v -0.20196901 -0.35882109 0.19357567
v -0.19309017 -0.36301598 0.25083792
v -0.1958092 -0.02374699 0.22723643
v -0.19452801 -0.02018771 0.25672209
v -0.19607811 0.12840079 0.26917261
v -0.19256203 -0.18492891 0.2819525
v -0.19046485 -0.19575581 0.27336547
v -0.19256203 -0.18492891 0.2819525
v -0.19388053 -0.12834053 0.2803497
v -0.19121423 -0.16794237 0.30870324
v -0.19499877 -0.35939592 0.33717912
v -0.20219877 -0.23959653 0.0266378
v -0.20310414 -0.16818872 0.04526353
v -0.20444489 -0.29845411 0.05186924
v -0.19534187 -0.13014291 0.05941407
v -0.19847052 0.06707662 0.09089742
v -0.20067905 0.0856863 0.09304494
v -0.1989699 -0.1105715 0.09343215
v -0.19872759 0.13044757 0.10362802
v -0.19982195 0.01642616 0.12074507
v -0.21012343 -0.3425478 0.12453237
v -0.19856447 0.15426902 0.12108724
v -0.19811767 -0.35726896 0.14320183
v -0.20493896 0.00913224 0.13920878
v -0.20718312 0.25439519 0.14420408
v -0.20718312 0.25439519 0.14420408
v -0.19797422 0.21577702 0.14661251
v -0.20331186 0.20646304 0.14845486
v -0.1977946 0.18550047 0.15455052
v -0.19663113 0.17822929 0.14643914
v -0.19631046 0.1976009 0.15093601
v -0.19963367 0.18787372 0.15646259
v -0.20507357 -0.35476938 0.16251741
v -0.19676073 -0.0894976 0.20578998
v -0.2004475 0.16756359 0.23694733
v -0.20188609 -0.01542604 0.23435232
v -0.19675352 -0.10488666 0.24288827
v -0.19430001 -0.11119286 0.26107338
v -0.19776887 0.13889036 0.25283399
v -0.19952267 -0.35527056 0.26733363
v -0.19940993 -0.18858212 0.25384343
v -0.19857055 -0.00866826 0.27087584
v -0.1958216 -0.17198429 0.28611454
v -0.19637407 -0.36049375 0.27770725
v -0.19669168 -0.36303872 0.29376444
v -0.19713098 -0.1409204 0.27989066
v -0.20254143 0.00674326 0.27943438
v -0.19275318 -0.15438756 0.30205595
v -0.19721413 -0.16240749 0.28520232
v -0.20050552 0.01100689 0.28661275
v -0.19552244 -0.29071561 0.32802811
v -0.19881241 -0.35858703 0.32679072
v -0.19499877 -0.35939592 0.33717912
v -0.19815971 -0.34250221 0.36005905
v -0.20374578 -0.25719172 0.03086966
v -0.20780121 -0.28098068 0.04385636
v -0.20874326 -0.31787914 0.07735408
v -0.20336001 -0.13382968 0.07671402
v -0.19445638 -0.33783463 0.07887867
v -0.2052502 -0.33235988 0.09013508
v -0.20451598 0.13948812 0.12269922
v -0.20424366 0.15568292 0.13884349
v -0.20128323 -0.09798727 0.14273965
v -0.20439012 0.2342594 0.14390962
v -0.20416406 -0.00273378 0.15525304
v -0.20155518 -0.09641834 0.17025137
v -0.2100939 -0.00541635 0.21368995
v -0.19985995 -0.10603452 0.22959432
v -0.19662423 0.16154735 0.23035569
v -0.20138603 -0.35764614 0.22140647
v -0.20166512 -0.35438418 0.24347849
v -0.20179959 -0.3525627 0.25513238
v -0.19863191 -0.12114915 0.25779703
v -0.19607811 0.12840079 0.26917261
v -0.2011846 -0.17431551 0.25985226
v -0.20326854 0.1109187 0.26843077
v -0.19910803 -0.15084127 0.27733776
v -0.2022649 -0.15848111 0.26426327
v -0.2007589 -0.35890573 0.30880517
v -0.20215687 -0.28285757 0.30039421
v -0.20065054 -0.29222694 0.30640855
v -0.21087863 -0.24638446 0.03977163
v -0.20603429 -0.15831953 0.05952397
v -0.20603429 -0.15831953 0.05952397
v -0.20466816 -0.1256631 0.09239752
v -0.20670411 0.05165492 0.11019181
v -0.20516388 0.1120372 0.10797348
v -0.2037506 -0.10913537 0.12313519
v -0.20761022 -0.33872652 0.10848894
v -0.2069322 0.02797805 0.12435899
v -0.20493896 0.00913224 0.13920878
v -0.21043798 -0.34684628 0.14165358
v -0.20099215 0.16987292 0.15437445
v -0.2138544 0.20041178 0.15404767
v -0.20275789 0.1697966 0.16657117
v -0.20275789 0.1697966 0.16657117
v -0.19963367 0.18787372 0.15646259
v -0.20581786 0.17831518 0.16666785
v -0.20705111 -0.00591105 0.1818347
v -0.20977116 -0.00340763 0.197613
v -0.21431953 -0.34760663 0.18987788
v -0.20184696 0.15293543 0.21646878
v -0.2004475 0.16756359 0.23694733
v -0.20380999 -0.12299234 0.23727562
v -0.20583047 -0.00618592 0.24987879
v -0.20424835 -0.1379008 0.25035122
v -0.20652001 0.12513229 0.24660575
v -0.20652001 0.12513229 0.24660575
v -0.20372331 -0.34969184 0.27792382
v -0.19952267 -0.35527056 0.26733363
v -0.19637407 -0.36049375 0.27770725
v -0.2031132 -0.00180296 0.26865748
v -0.2058799 -0.35062259 0.29585078
v -0.19669168 -0.36303872 0.29376444
v -0.2007589 -0.35890573 0.30880517
v -0.20622204 -0.34973815 0.32266444
v -0.20714428 -0.34905055 0.31113404
v -0.19881241 -0.35858703 0.32679072
v -0.20628272 -0.27737439 0.35803282
v -0.20721205 -0.2901786 0.34656757
v -0.19854081 -0.26855776 0.35927832
v -0.2052502 -0.33235988 0.09013508
v -0.20699602 0.0929496 0.10614054
v -0.20817024 0.07825331 0.10751046
v -0.20659843 -0.12465405 0.1051157
v -0.20833927 0.12340476 0.12160467
v -0.20689239 -0.11249585 0.14964312
v -0.21277376 0.26322192 0.14266232
v -0.21582371 0.22716242 0.14362061
v -0.20548557 0.15810572 0.1520927
v -0.2138544 0.20041178 0.15404767
v -0.21394129 0.18966353 0.16284195
v -0.20099215 0.16987292 0.15437445
v -0.20612879 0.15800622 0.16927418
v -0.20099215 0.16987292 0.15437445
v -0.20548557 0.15810572 0.1520927
v -0.20612879 0.15800622 0.16927418
v -0.20957893 0.00156183 0.16909693
v -0.20749126 -0.11329233 0.16393922
v -0.20598982 0.16925319 0.17657481
v -0.20505123 0.16113077 0.1791628
v -0.20780939 0.16628459 0.18167096
v -0.205163 0.15787813 0.20791861
v -0.20572597 0.15591669 0.20073126
v -0.20813181 0.14578462 0.19948193
v -0.21258661 -0.34783316 0.21034232
v -0.21446761 -0.34329653 0.22119606
v -0.20571192 -0.18163405 0.24059556
v -0.20601971 -0.16682835 0.24674356
v -0.20779397 -0.15177628 0.2409554
v -0.20701453 -0.34280404 0.26741356
v -0.20179959 -0.3525627 0.25513238
v -0.20973758 -0.34098276 0.251055
v -0.20987342 0.10541137 0.25667349
v -0.20668072 0.09353816 0.27086443
v -0.20971751 -0.33569184 0.28087237
v -0.2114149 -0.26239529 0.2809208
v -0.20671134 -0.30695605 0.30935726
v -0.20859128 -0.30985084 0.31704161
v -0.20230018 -0.26452562 0.40321532
v -0.21543857 -0.23499826 0.04775831
v -0.21484995 -0.26281741 0.04885241
v -0.21391019 -0.18344638 0.05950013
v -0.21694683 -0.28762692 0.06183226
v -0.20310414 -0.16818872 0.04526353
v -0.21391019 -0.18344638 0.05950013
v -0.21560584 -0.17162465 0.07462999
v -0.21983382 -0.3139697 0.09342132
v -0.20874326 -0.31787914 0.07735408
v -0.2052502 -0.33235988 0.09013508
v -0.22062312 -0.32285723 0.10877474
v -0.2143122 0.0655598 0.12333459
v -0.21199346 0.10542181 0.12209599
v -0.21161383 0.05068939 0.12184663
v -0.22303557 -0.32688174 0.122864
v -0.20919088 -0.12394143 0.13127325
v -0.21655804 -0.16004428 0.09573171
v -0.21346408 0.12340746 0.13767643
v -0.21475339 0.02189771 0.15020776
v -0.21670449 0.24876374 0.14211629
v -0.21747093 0.21628177 0.14663561
v -0.21186183 0.13902138 0.15336528
v -0.21353675 -0.13806407 0.14672351
v -0.21475339 0.02189771 0.15020776
v -0.21186183 0.13902138 0.15336528
v -0.21058011 0.145799 0.16490416
v -0.21950442 0.18503024 0.17210209
v -0.20716532 0.15077363 0.18946618
v -0.20716532 0.15077363 0.18946618
v -0.21706863 -0.34405896 0.16431861
v -0.20588204 0.1574351 0.18799956
v -0.20885846 0.16161801 0.19862905
v -0.2140391 0.16622512 0.21249239
v -0.20813181 0.14578462 0.19948193
v -0.21229181 0.13206567 0.21132191
v -0.21002091 -0.13277839 0.20481841
v -0.20970602 -0.14153704 0.22339986
v -0.21146493 -0.00174893 0.23187977
v -0.20645368 0.1760691 0.24571924
v -0.20166512 -0.35438418 0.24347849
v -0.21504858 -0.32924721 0.25414288
v -0.21367715 0.08714686 0.25643906
v -0.2111908 0.04981633 0.26923439
v -0.2121776 0.03233187 0.26558834
v -0.21216361 -0.32907727 0.26872844
v -0.2102997 -0.34010947 0.29945537
v -0.21156625 -0.32613397 0.29010037
v -0.21148869 -0.31859869 0.2910752
v -0.21124834 -0.31743938 0.30713418
v -0.21136878 -0.33956978 0.3141605
v -0.2120091 -0.3144592 0.32805917
v -0.21067548 -0.33650735 0.33644465
v -0.21150956 -0.30830532 0.3375625
v -0.21374227 -0.29341805 0.3604919
v -0.21151823 -0.28573063 0.36004707
v -0.21128871 -0.32380676 0.35452673
v -0.2110672 -0.27578732 0.37400773
v -0.21379544 -0.28216431 0.37611836
v -0.21161577 -0.30971846 0.37002531
v -0.21138287 -0.27272335 0.38639945
v -0.21124938 -0.29350516 0.38487867
v -0.21169595 -0.28166339 0.39038005
v -0.21887881 -0.20347853 0.06046501
v -0.22004969 -0.27998167 0.06218816
v -0.22062312 -0.32285723 0.10877474
v -0.21413761 0.08517877 0.12191469
v -0.21638386 0.03604785 0.1419303
v -0.21714452 0.27085996 0.14050584
v -0.21943393 0.11220316 0.15427242
v -0.21714225 -0.15368189 0.15943469
v -0.21649642 0.01607831 0.16782656
v -0.21623492 0.12499304 0.18463455
v -0.21508135 0.00744616 0.19005489
v -0.2163965 -0.15744312 0.18226564
v -0.21787964 0.17432226 0.18759014
v -0.21547136 -0.16138658 0.19711791
v -0.21758351 0.00934438 0.20015718
v -0.21508971 -0.17263965 0.21046121
v -0.21578404 -0.18659855 0.22187914
v -0.21142522 0.12889002 0.22313572
v -0.21446761 -0.34329653 0.22119606
v -0.21760292 0.01176212 0.23856321
v -0.22061484 0.18577033 0.25406066
v -0.21878172 -0.20328546 0.23683053
v -0.21399359 -0.31701574 0.27555469
v -0.21351466 -0.32836112 0.31491929
v -0.21366504 -0.32892281 0.32588267
v -0.2139595 -0.31635472 0.34367344
v -0.21282502 -0.32704684 0.34171608
v -0.21411192 -0.30592531 0.35261381
v -0.21406311 -0.30699015 0.36114734
v -0.21460836 -0.29319468 0.37406069
v -0.22146089 -0.22475633 0.06106236
v -0.22204855 -0.25751391 0.06112045
v -0.22191991 -0.19272397 0.07554047
v -0.22118792 -0.29811496 0.07908323
v -0.21983382 -0.3139697 0.09342132
v -0.2190859 0.09510701 0.13837349
v -0.22185723 0.07456263 0.14433137
v -0.21966882 0.05823258 0.14004204
v -0.21894993 0.0292708 0.15492468
v -0.23220401 0.22094594 0.14893958
v -0.22281648 0.20219788 0.15621287
v -0.21894993 0.0292708 0.15492468
v -0.21943393 0.11220316 0.15427242
v -0.22102477 0.11055226 0.16903487
v -0.22196774 0.10662219 0.18662193
v -0.22065294 0.02434822 0.17449862
v -0.22411828 -0.33689228 0.1781707
v -0.22065353 0.11290668 0.19980919
v -0.22551288 0.17559466 0.20210172
v -0.20813181 0.14578462 0.19948193
v -0.22410633 -0.33465958 0.20333086
v -0.21229181 0.13206567 0.21132191
v -0.22035788 0.01387846 0.2194057
v -0.21851212 -0.18052192 0.20750643
v -0.22410633 -0.33465958 0.20333086
v -0.21898554 -0.3309752 0.2367965
v -0.22224796 0.07023612 0.23681049
v -0.22111149 0.05699228 0.24173458
v -0.22203538 0.03882291 0.23871931
v -0.21880004 -0.31675008 0.25823611
v -0.21895814 -0.30285528 0.2681511
v -0.22084045 -0.26399165 0.26645371
v -0.21731608 -0.29362106 0.27534676
v -0.21887881 -0.20347853 0.06046501
v -0.22403224 -0.18743192 0.08955897
v -0.2230632 -0.33277255 0.14092655
v -0.23126231 0.28254822 0.1387721
v -0.23285775 0.24497111 0.14163172
v -0.22293328 0.0875183 0.15132026
v -0.23026799 0.22998406 0.14466518
v -0.22181688 0.04526085 0.15328339
v -0.22281648 0.20219788 0.15621287
v -0.23596999 0.20757063 0.16063972
v -0.22324286 0.02872055 0.18750378
v -0.22230986 -0.17834012 0.18991441
v -0.22321296 0.02196389 0.2044894
v -0.22445376 -0.20178534 0.22260521
v -0.22260645 0.02371319 0.23030922
v -0.2324816 0.1837111 0.2412181
v -0.2244326 -0.21908769 0.23901293
v -0.22524458 -0.32234254 0.22971241
v -0.22436906 -0.27136734 0.26077822
v -0.22696018 -0.23846963 0.07447406
v -0.22146089 -0.22475633 0.06106236
v -0.22204855 -0.25751391 0.06112045
v -0.22545299 -0.2151563 0.07514495
v -0.22684838 -0.2641384 0.07427788
v -0.22508371 -0.2790018 0.07345926
v -0.22508371 -0.2790018 0.07345926
v -0.22004969 -0.27998167 0.06218816
v -0.22118792 -0.29811496 0.07908323
v -0.22882313 -0.20807491 0.09184708
v -0.22958405 -0.29584041 0.09766857
v -0.228866 -0.30856919 0.10848966
v -0.22917005 -0.19697271 0.10407001
v -0.2309235 -0.19102161 0.13542014
v -0.22303557 -0.32688174 0.122864
v -0.23648266 0.26895258 0.13833003
v -0.22600172 0.05754211 0.16515195
v -0.22897151 -0.32923809 0.16269489
v -0.22475061 0.0917272 0.16834688
v -0.22674339 0.06869746 0.16833828
v -0.22475061 0.0917272 0.16834688
v -0.22600172 0.05754211 0.16515195
v -0.22181688 0.04526085 0.15328339
v -0.22449517 0.04185008 0.16874216
v -0.22691408 0.03893467 0.19833647
v -0.2303409 0.18524712 0.18737298
v -0.22727846 0.07746657 0.18587387
v -0.229431 -0.32953554 0.18410054
v -0.22411828 -0.33689228 0.1781707
v -0.22659513 0.08904161 0.19951253
v -0.23748581 0.18286134 0.21715432
v -0.22643061 0.03676918 0.21803845
v -0.22870272 -0.20116459 0.20924197
v -0.22467948 0.09231561 0.21379679
v -0.22789136 -0.32779223 0.20604178
v -0.23991327 0.18526462 0.22941746
v -0.22535683 0.05481885 0.22717871
v -0.22889914 -0.21405683 0.22474034
v -0.22997057 -0.29860348 0.23916242
v -0.22590964 -0.2521584 0.25356784
v -0.22607021 -0.29152158 0.25404167
v -0.23718999 0.20184097 0.26444748
v -0.2308352 -0.2785421 0.24520552
v -0.23009576 -0.22623394 0.08937421
v -0.22935331 -0.27733672 0.08536761
v -0.23199058 -0.26213512 0.09216835
v -0.23302178 -0.31767914 0.13906232
v -0.2230632 -0.33277255 0.14092655
v -0.23126231 0.28254822 0.1387721
v -0.22897151 -0.32923809 0.16269489
v -0.22674339 0.06869746 0.16833828
v -0.22785233 0.05752604 0.18569708
v -0.22883995 0.06626064 0.19953273
v -0.22824684 0.04744849 0.20208175
v -0.22811854 0.05443155 0.2138624
v -0.22985774 -0.24029022 0.24080738
v -0.24292339 0.19819148 0.25615555
v -0.23322906 -0.26158836 0.23956083
v -0.23388448 -0.24644481 0.10338245
v -0.23541597 -0.2182458 0.12184463
v -0.23398082 -0.28893673 0.10558283
v -0.23353285 -0.20745875 0.12055237
v -0.23615575 -0.30275604 0.12439161
v -0.23979466 0.21743695 0.15449822
v -0.23672923 -0.31695476 0.16399868
v -0.23979466 0.21743695 0.15449822
v -0.24187103 0.20395277 0.17069057
v -0.24863029 0.1999788 0.18661243
v -0.2483463 0.19419266 0.20119543
v -0.23701911 -0.31503886 0.18592253
v -0.23519056 -0.21766737 0.20735507
v -0.23583657 -0.23652574 0.22210333
v -0.23910721 -0.28882188 0.21378593
v -0.23718999 0.20184097 0.26444748
v -0.2387619 -0.27705559 0.11875039
v -0.23695508 -0.2625514 0.11231233
v -0.23841867 -0.29409957 0.12574835
v -0.23698157 -0.31053233 0.14285985
v -0.24941868 0.28041983 0.1384645
v -0.24778803 0.24698724 0.14418314
v -0.24717948 0.2360681 0.14819118
v -0.23785259 -0.215142 0.18451591
v -0.23785873 -0.30853951 0.19771868
v -0.2370533 -0.26586774 0.22782965
v -0.24307093 0.18975233 0.23926102
v -0.24186826 -0.26637155 0.13647708
v -0.24078512 -0.24217269 0.13700597
v -0.24221703 -0.28412801 0.13906825
v -0.2420013 -0.29868302 0.15144652
v -0.24375966 0.29944572 0.13989124
v -0.25251257 0.26451489 0.14003316
v -0.24291509 -0.24111401 0.15268452
v -0.24184477 -0.22729242 0.16541852
v -0.24192764 -0.30280313 0.1686105
v -0.25369328 0.21411423 0.17149436
v -0.24200697 -0.29647824 0.19066763
v -0.24182397 -0.23553783 0.1903587
v -0.24107014 -0.24558377 0.20565064
v -0.24206907 -0.26432547 0.20638366
v -0.25218731 0.31092608 0.14604951
v -0.24418488 -0.27731055 0.15118422
v -0.24487776 -0.26159769 0.1607887
v -0.25470948 0.22459075 0.16127227
v -0.24542351 -0.26704761 0.16922742
v -0.24415988 -0.24440372 0.1680015
v -0.24495822 -0.28585312 0.16855043
v -0.24493773 -0.25941762 0.18435867
v -0.24413717 -0.28045544 0.19076607
v -0.25431159 0.19698568 0.21441993
v -0.25347105 0.19565184 0.22945355
v -0.26342121 0.29175034 0.14202006
v -0.24717948 0.2360681 0.14819118
v -0.2559683 0.23306097 0.1553475
v -0.26421911 0.28237 0.14174874
v -0.25218731 0.31092608 0.14604951
v -0.26561269 0.30109119 0.1447226
v -0.26119509 0.25454551 0.14771704
v -0.26119509 0.25454551 0.14771704
v -0.26426107 0.21428885 0.18900275
v -0.26568183 0.31117919 0.14857253
v -0.26717025 0.2116086 0.20292564
v -0.26823804 0.26993898 0.14610587
v -0.26568183 0.31117919 0.14857253
v -0.2684525 0.24998374 0.15519227
v -0.27165326 0.21223588 0.22984251
v -0.26242796 0.22627702 0.270852
v -0.27010483 0.234492 0.1702728
v -0.27059522 0.22720858 0.18025427
v -0.27125534 0.23047048 0.26808047
v -0.27533489 0.28832781 0.14774826
v -0.26823804 0.26993898 0.14610587
v -0.28147817 0.2710585 0.1562959
v -0.2811439 0.22986245 0.19905329
v -0.27125534 0.23047048 0.26808047
v -0.26978096 0.31968686 0.15494272
v -0.28512269 0.31423411 0.15907232
v -0.28498259 0.26033431 0.16782534
v -0.28389192 0.32915351 0.16616513
v -0.27795321 0.22047737 0.2168963
v -0.28427395 0.29928595 0.15443315
v -0.28582793 0.28208095 0.15648912
v -0.28582793 0.28208095 0.15648912
v -0.28406394 0.24515623 0.26792166
v -0.28587109 0.24828383 0.1824258
v -0.28878602 0.2320618 0.23092434
v -0.29088542 0.30815226 0.16047141
v -0.28959477 0.23814648 0.20900968
v -0.2963731 0.30072245 0.16369329
v -0.30164781 0.27986932 0.17870201
v -0.29966179 0.25961074 0.199467
v -0.30059856 0.29554725 0.16801381
v -0.30046621 0.33230007 0.17169897
v -0.30030665 0.28347412 0.17331859
v -0.29885364 0.2663905 0.18756489
v -0.30702904 0.32421595 0.17192245
v -0.30059856 0.29554725 0.16801381
v -0.29785621 0.2482384 0.21670854
v -0.29674667 0.2440892 0.23081133
v -0.29930028 0.24978986 0.24589272
v -0.30293071 0.27686152 0.26882052
v -0.30648118 0.3101154 0.17044838
v -0.31476948 0.304499 0.18171012
v -0.30956835 0.27872866 0.19832048
v -0.30854672 0.26925293 0.21360844
v -0.30762085 0.26365978 0.2268181
v -0.30903485 0.26564953 0.23106645
v -0.31916392 0.33164814 0.1824182
v -0.31521931 0.31754026 0.17783047
v -0.31666887 0.33724535 0.18275304
v -0.31660715 0.29780751 0.18870126
v -0.31521931 0.31754026 0.17783047
v -0.30648118 0.3101154 0.17044838
v -0.32040691 0.293697 0.20175371
v -0.32093945 0.28563219 0.21868798
v -0.32461542 0.32988754 0.18792742
v -0.32461542 0.32988754 0.18792742
v -0.32987672 0.32262963 0.19667473
v -0.32366869 0.35975349 0.20333511
v -0.32998988 0.31292912 0.20246255
v -0.32904473 0.29488045 0.2323229
v -0.32891732 0.29786026 0.25308901
v -0.33230835 0.3071768 0.21632798
v -0.33347657 0.33931956 0.20087373
v -0.33347657 0.33931956 0.20087373
v -0.32949045 0.36926231 0.21709131
v -0.33943465 0.33739156 0.21147525
v -0.33680728 0.32228839 0.21283229
v -0.34008232 0.31905249 0.23212743
v -0.33621395 0.30940422 0.24600659
v -0.33874023 0.32195425 0.25750113
v -0.33963028 0.35528371 0.21452397
v -0.34261531 0.33315557 0.22352079
v -0.34225532 0.32518074 0.24585523
v -0.34621572 0.34115943 0.25667661
v -0.34604406 0.36244121 0.22867174
v -0.34604406 0.36244121 0.22867174
v -0.34687504 0.35442975 0.23004855
v -0.34690198 0.34349728 0.23281695
v -0.34711167 0.34058592 0.24593127
v -0.35131514 0.36541289 0.24528885
v -0.35131514 0.36541289 0.24528885
v -0.35174194 0.35753703 0.24764119
v -0.35208675 0.36189845 0.26064625
v -0.3515873 0.37612799 0.25140825
v -0.35466281 0.37479424 0.26358506
v -0.35466281 0.37479424 0.26358506
v -0.35273317 0.38254023 0.2732383
vt 0.93443 0.63869
vt 0.93003 0.6413
vt 0.93277 0.64048
vt 0.93491 0.63531
vt 0.93003 0.63557
vt 0.92697 0.64062
vt 0.48607 0.98586
vt 0.48095 0.98071
vt 0.48256 0.97617
vt 0.47948 0.98868
vt 0.47338 0.97728
vt 0.48489 0.99064
vt 0.48927 0.99178
vt 0.4869 0.9964
vt 0.48949 0.99959
vt 0.84619 0.38388
vt 0.84817 0.3883
vt 0.85367 0.38514
vt 0.85556 0.38784
vt 0.48348 0.99903
vt 0.94388 0.98884
vt 0.93492 0.98222
vt 0.94523 0.98058
vt 0.50872 0.39388
vt 0.5019 0.39462
vt 0.51051 0.38916
vt 0.50503 0.38811
vt 0.48004 0.97016
vt 0.4758 0.96876
vt 0.48684 0.97985
vt 0.46534 0.97707
vt 0.83359 0.38422
vt 0.84224 0.38754
vt 0.96151 0.98084
vt 0.96241 0.98884
vt 0.49864 0.37641
vt 0.49805 0.38532
vt 0.50644 0.39728
vt 0.4983 0.39987
vt 0.48416 0.96651
vt 0.46319 0.96597
vt 0.46701 0.96095
vt 0.82851 0.38842
vt 0.47141 0.99534
vt 0.45893 0.99093
vt 0.46055 0.98338
vt 0.85319 0.39271
vt 0.48272 0.3723
vt 0.48561 0.36587
vt 0.85757 0.39535
vt 0.85974 0.39366
vt 0.49071 0.39658
vt 0.47717 0.95998
vt 0.46878 0.95394
vt 0.07882 0.38945
vt 0.08448 0.38282
vt 0.08081 0.37893
vt 0.23238 0.04494
vt 0.23888 0.04552
vt 0.22635 0.05197
vt 0.45518 0.96426
vt 0.45245 0.97085
vt 0.83826 0.39397
vt 0.49122 0.3864
vt 0.48485 0.38862
vt 0.45898 0.94693
vt 0.45645 0.95483
vt 0.08448 0.39463
vt 0.82006 0.3938
vt 0.82924 0.39499
vt 0.44492 0.9763
vt 0.84587 0.39768
vt 0.44746 0.98682
vt 0.85364 0.39935
vt 0.47663 0.37434
vt 0.4748 0.94759
vt 0.46984 0.9461
vt 0.46494 0.94424
vt 0.48172 0.9542
vt 0.44882 0.95259
vt 0.4468 0.96128
vt 0.47359 0.35664
vt 0.48416 0.40235
vt 0.47445 0.38107
vt 0.44979 0.94403
vt 0.43747 0.96709
vt 0.85713 0.40412
vt 0.48752 0.40656
vt 0.47161 0.38838
vt 0.46498 0.9344
vt 0.84357 0.37286
vt 0.85489 0.37645
vt 0.84472 0.36795
vt 0.85272 0.37119
vt 0.85489 0.36488
vt 0.45953 0.93619
vt 0.45214 0.94058
vt 0.43962 0.94688
vt 0.21232 0.04472
vt 0.22258 0.04625
vt 0.21472 0.05394
vt 0.81347 0.40209
vt 0.82366 0.40175
vt 0.43245 0.95615
vt 0.83118 0.40253
vt 0.83604 0.40511
vt 0.42837 0.97237
vt 0.42971 0.98029
vt 0.84389 0.40751
vt 0.84997 0.40967
vt 0.45637 0.35398
vt 0.45855 0.36745
vt 0.48013 0.39943
vt 0.46524 0.37974
vt 0.45021 0.93288
vt 0.44391 0.93919
vt 0.20704 0.04846
vt 0.45794 0.36069
vt 0.47678 0.40868
vt 0.4714 0.39305
vt 0.44263 0.93409
vt 0.62124 0.2657
vt 0.62611 0.27727
vt 0.61079 0.26724
vt 0.61075 0.27727
vt 0.42228 0.966
vt 0.45471 0.34268
vt 0.85632 0.41324
vt 0.46908 0.40016
vt 0.8208 0.4096
vt 0.46781 0.40489
vt 0.44822 0.36844
vt 0.45238 0.38255
vt 0.44614 0.92861
vt 0.43127 0.93528
vt 0.42682 0.94171
vt 0.20005 0.04046
vt 0.42207 0.95639
vt 0.83153 0.41622
vt 0.99201 0.61837
vt 0.9996 0.61033
vt 0.98828 0.61208
vt 0.9996 0.62107
vt 0.44513 0.35124
vt 0.43993 0.92934
vt 0.43995 0.92555
vt 0.19783 0.04677
vt 0.8083 0.41452
vt 0.81343 0.41406
vt 0.82135 0.41644
vt 0.41809 0.95742
vt 0.42044 0.94966
vt 0.84031 0.41767
vt 0.44322 0.33743
vt 0.44061 0.34527
vt 0.44289 0.35726
vt 0.45812 0.40118
vt 0.42395 0.94174
vt 0.41586 0.94978
vt 0.41333 0.9613
vt 0.41556 0.96496
vt 0.44423 0.36996
vt 0.42963 0.93074
vt 0.42101 0.93962
vt 0.40858 0.94478
vt 0.40493 0.95293
vt 0.4154 0.97461
vt 0.41144 0.97471
vt 0.8532 0.42913
vt 0.41753 0.98219
vt 0.41531 0.98532
vt 0.40418 0.98135
vt 0.43696 0.34824
vt 0.43927 0.3577
vt 0.44688 0.39082
vt 0.446 0.38148
vt 0.18642 0.04646
vt 0.41652 0.9282
vt 0.40447 0.9343
vt 0.81042 0.42537
vt 0.82209 0.4234
vt 0.40609 0.96187
vt 0.83675 0.43368
vt 0.8437 0.43431
vt 0.4261 0.34951
vt 0.42507 0.34094
vt 0.44991 0.40573
vt 0.4275 0.35741
vt 0.44198 0.37672
vt 0.43854 0.36706
vt 0.41908 0.9218
vt 0.18667 0.04083
vt 0.82834 0.43383
vt 0.39566 0.94968
vt 0.3464 0.82769
vt 0.3464 0.81552
vt 0.33913 0.82206
vt 0.34055 0.81198
vt 0.39716 0.96809
vt 0.85753 0.4359
vt 0.85926 0.42075
vt 0.44726 0.39759
vt 0.80013 0.42574
vt 0.39805 0.9401
vt 0.85219 0.43516
vt 0.44406 0.39397
vt 0.43974 0.3824
vt 0.42971 0.36905
vt 0.81169 0.43258
vt 0.82045 0.43406
vt 0.39582 0.9571
vt 0.38341 0.95457
vt 0.40605 0.33837
vt 0.44654 0.40498
vt 0.40531 0.92423
vt 0.39822 0.92537
vt 0.09903 0.14226
vt 0.08571 0.14421
vt 0.08421 0.1376
vt 0.38815 0.93581
vt 0.38376 0.96535
vt 0.85062 0.43857
vt 0.8573 0.43898
vt 0.40697 0.33146
vt 0.44289 0.40574
vt 0.44245 0.40046
vt 0.43852 0.39461
vt 0.41313 0.35633
vt 0.42904 0.38353
vt 0.4264 0.37551
vt 0.42118 0.91481
vt 0.40637 0.91586
vt 0.79984 0.43282
vt 0.38727 0.97601
vt 0.85651 0.44216
vt 0.41021 0.34825
vt 0.8515 0.44076
vt 0.42309 0.38751
vt 0.41715 0.36663
vt 0.39537 0.91946
vt 0.38554 0.91893
vt 0.39218 0.92824
vt 0.81633 0.43773
vt 0.82535 0.43827
vt 0.36784 0.96202
vt 0.37514 0.95238
vt 0.8422 0.43853
vt 0.83483 0.43887
vt 0.84258 0.44288
vt 0.3737 0.97226
vt 0.39204 0.33189
vt 0.42649 0.39634
vt 0.79467 0.43497
vt 0.79716 0.44301
vt 0.80598 0.43629
vt 0.8057 0.44398
vt 0.85174 0.45267
vt 0.85646 0.46072
vt 0.39444 0.33847
vt 0.42314 0.39905
vt 0.41279 0.37543
vt 0.40758 0.36664
vt 0.39772 0.35672
vt 0.81595 0.44457
vt 0.38307 0.94527
vt 0.36482 0.94276
vt 0.83326 0.44925
vt 0.8473 0.45329
vt 0.39803 0.34945
vt 0.38022 0.92232
vt 0.38568 0.92846
vt 0.36959 0.933
vt 0.82541 0.44322
vt 0.36446 0.95048
vt 0.41256 0.38981
vt 0.40584 0.3813
vt 0.15976 0.04825
vt 0.15374 0.04302
vt 0.16428 0.04222
vt 0.82481 0.45377
vt 0.3584 0.9684
vt 0.84551 0.46414
vt 0.38509 0.3433
vt 0.4042 0.37196
vt 0.15468 0.03552
vt 0.79162 0.45837
vt 0.814 0.45477
vt 0.83747 0.46316
vt 0.39235 0.32545
vt 0.37615 0.31985
vt 0.38018 0.3288
vt 0.3932 0.36204
vt 0.80145 0.46339
vt 0.35557 0.94018
vt 0.84931 0.46881
vt 0.38078 0.33432
vt 0.40569 0.39504
vt 0.35172 0.94871
vt 0.82643 0.47081
vt 0.35556 0.95679
vt 0.3776 0.35219
vt 0.35987 0.5272
vt 0.36589 0.52891
vt 0.3602 0.53887
vt 0.35586 0.51953
vt 0.36345 0.5107
vt 0.37396 0.51664
vt 0.35813 0.50647
vt 0.3692 0.5015
vt 0.39243 0.37533
vt 0.38379 0.36284
vt 0.35227 0.55657
vt 0.35189 0.54622
vt 0.36559 0.55167
vt 0.36741 0.54148
vt 0.37581 0.55089
vt 0.37612 0.53508
vt 0.3389 0.55064
vt 0.35 0.53182
vt 0.3414 0.53244
vt 0.37956 0.52375
vt 0.38633 0.52658
vt 0.34677 0.51288
vt 0.33938 0.52179
vt 0.38467 0.50489
vt 0.81774 0.46942
vt 0.33743 0.51209
vt 0.37584 0.49936
vt 0.34613 0.49909
vt 0.35293 0.497
vt 0.38609 0.49131
vt 0.36148 0.49528
vt 0.8389 0.47257
vt 0.37045 0.48753
vt 0.37821 0.48806
vt 0.84598 0.48339
vt 0.36245 0.48772
vt 0.4118 0.4028
vt 0.39591 0.39906
vt 0.36812 0.32844
vt 0.38833 0.38425
vt 0.37479 0.3406
vt 0.37065 0.43305
vt 0.3777 0.43304
vt 0.37602 0.4374
vt 0.38284 0.43046
vt 0.38946 0.4388
vt 0.37265 0.42828
vt 0.3921 0.43253
vt 0.36735 0.42783
vt 0.37855 0.42643
vt 0.37033 0.42315
vt 0.37507 0.42242
vt 0.37933 0.42279
vt 0.38766 0.42419
vt 0.36692 0.42171
vt 0.69321 0.39165
vt 0.68569 0.39027
vt 0.6858 0.39729
vt 0.37147 0.41701
vt 0.37809 0.417
vt 0.69044 0.38595
vt 0.3499 0.57305
vt 0.36164 0.56226
vt 0.36415 0.56866
vt 0.37151 0.5593
vt 0.34009 0.56527
vt 0.34497 0.55521
vt 0.14093 0.03668
vt 0.38738 0.54514
vt 0.33468 0.54426
vt 0.39268 0.52346
vt 0.33197 0.53173
vt 0.80952 0.4688
vt 0.32836 0.52276
vt 0.39447 0.50422
vt 0.40109 0.5199
vt 0.34454 0.95486
vt 0.34126 0.94764
vt 0.39199 0.49534
vt 0.8408 0.48519
vt 0.3442 0.48979
vt 0.39861 0.48773
vt 0.3528 0.48878
vt 0.38731 0.48253
vt 0.38643 0.39067
vt 0.35429 0.48067
vt 0.37894 0.47631
vt 0.36536 0.47934
vt 0.39038 0.4545
vt 0.38969 0.44544
vt 0.394 0.45337
vt 0.38689 0.44973
vt 0.38583 0.44612
vt 0.39508 0.44767
vt 0.39453 0.43981
vt 0.38261 0.44678
vt 0.36845 0.43767
vt 0.36373 0.43347
vt 0.36311 0.42646
vt 0.53954 0.91923
vt 0.54408 0.91741
vt 0.54522 0.91345
vt 0.36231 0.41889
vt 0.94285 0.6111
vt 0.95182 0.61467
vt 0.94831 0.60785
vt 0.95034 0.62151
vt 0.9553 0.62678
vt 0.95808 0.61926
vt 0.684 0.38223
vt 0.33949 0.57349
vt 0.37484 0.57308
vt 0.38436 0.5691
vt 0.38863 0.56009
vt 0.39043 0.54894
vt 0.33403 0.56673
vt 0.39663 0.54645
vt 0.39816 0.53075
vt 0.1443 0.02557
vt 0.32003 0.53457
vt 0.40101 0.50653
vt 0.35011 0.93943
vt 0.3374 0.93612
vt 0.32998 0.50981
vt 0.33617 0.49855
vt 0.03355 0.6219
vt 0.05342 0.60509
vt 0.06158 0.61728
vt 0.35876 0.31422
vt 0.39412 0.47885
vt 0.40242 0.48669
vt 0.39131 0.47208
vt 0.38165 0.47272
vt 0.37443 0.47098
vt 0.38502 0.46261
vt 0.38687 0.4572
vt 0.39061 0.46606
vt 0.39528 0.45995
vt 0.39809 0.45743
vt 0.40204 0.45024
vt 0.37708 0.44985
vt 0.68459 0.41599
vt 0.67779 0.41492
vt 0.67985 0.42945
vt 0.68463 0.40753
vt 0.6763 0.40393
vt 0.55252 0.91518
vt 0.6786 0.3944
vt 0.5528 0.91033
vt 0.94595 0.61653
vt 0.67879 0.38602
vt 0.35746 0.58485
vt 0.36957 0.58143
vt 0.34783 0.58313
vt 0.39253 0.57024
vt 0.39849 0.56042
vt 0.32497 0.55899
vt 0.31749 0.5513
vt 0.40529 0.54405
vt 0.31335 0.54141
vt 0.4059 0.53293
vt 0.79824 0.47144
vt 0.83298 0.48532
vt 0.4051 0.49472
vt 0.32566 0.5
vt 0.41122 0.48803
vt 0.33947 0.47915
vt 0.40061 0.47763
vt 0.37297 0.37538
vt 0.3774 0.36678
vt 0.39634 0.47283
vt 0.34638 0.47775
vt 0.36397 0.46723
vt 0.38767 0.4666
vt 0.37991 0.46352
vt 0.3776 0.45882
vt 0.40364 0.4569
vt 0.6744 0.42097
vt 0.53372 0.92116
vt 0.53534 0.93333
vt 0.53948 0.9277
vt 0.54497 0.9206
vt 0.66641 0.39847
vt 0.93728 0.60956
vt 0.93792 0.61635
vt 0.94315 0.62133
vt 0.66796 0.39026
vt 0.94932 0.63168
vt 0.3653 0.59039
vt 0.38271 0.57882
vt 0.33898 0.58592
vt 0.32253 0.58002
vt 0.32518 0.57119
vt 0.40344 0.56476
vt 0.27317 0.92122
vt 0.26548 0.93364
vt 0.26496 0.92014
vt 0.29111 0.92514
vt 0.28956 0.93303
vt 0.27839 0.92781
vt 0.27222 0.93365
vt 0.40923 0.52238
vt 0.80483 0.48259
vt 0.61156 0.9781
vt 0.59782 0.9781
vt 0.59813 0.96788
vt 0.27789 0.94178
vt 0.28392 0.94828
vt 0.26279 0.94567
vt 0.25484 0.93642
vt 0.31586 0.52591
vt 0.34137 0.93086
vt 0.33803 0.92941
vt 0.29623 0.94054
vt 0.17502 0.98719
vt 0.16271 0.97975
vt 0.1742 0.98091
vt 0.29075 0.9496
vt 0.26967 0.95159
vt 0.15724 0.98719
vt 0.25661 0.9543
vt 0.41009 0.50388
vt 0.25928 0.96204
vt 0.33454 0.9513
vt 0.33433 0.94455
vt 0.27457 0.95902
vt 0.28704 0.96028
vt 0.40967 0.49442
vt 0.26792 0.96744
vt 0.32234 0.50569
vt 0.06833 0.60054
vt 0.28871 0.96636
vt 0.2773 0.96708
vt 0.26139 0.97288
vt 0.35469 0.32062
vt 0.26659 0.97533
vt 0.41206 0.48397
vt 0.40618 0.47989
vt 0.35774 0.33416
vt 0.35585 0.32683
vt 0.36007 0.34258
vt 0.36829 0.35686
vt 0.40047 0.46959
vt 0.34881 0.46814
vt 0.39598 0.46613
vt 0.3702 0.4627
vt 0.40399 0.46325
vt 0.37124 0.45549
vt 0.3719 0.44986
vt 0.5515 0.92338
vt 0.93185 0.61358
vt 0.95394 0.6404
vt 0.95918 0.6324
vt 0.37858 0.58957
vt 0.34158 0.5947
vt 0.35202 0.59205
vt 0.38728 0.58595
vt 0.394 0.57645
vt 0.32897 0.5888
vt 0.31065 0.57385
vt 0.30911 0.56033
vt 0.28282 0.90499
vt 0.28022 0.91591
vt 0.27198 0.90691
vt 0.29153 0.9138
vt 0.3018 0.55559
vt 0.60652 0.9657
vt 0.24549 0.93725
vt 0.25236 0.92679
vt 0.30916 0.93013
vt 0.30672 0.92108
vt 0.30405 0.53477
vt 0.30898 0.93797
vt 0.24381 0.94778
vt 0.30897 0.52755
vt 0.30783 0.52129
vt 0.24884 0.95483
vt 0.31338 0.51725
vt 0.81654 0.48137
vt 0.82358 0.48756
vt 0.31123 0.94865
vt 0.82968 0.48587
vt 0.30306 0.96262
vt 0.24649 0.96861
vt 0.41514 0.49546
vt 0.34877 0.30847
vt 0.35106 0.3072
vt 0.32653 0.4897
vt 0.24829 0.97858
vt 0.84276 0.49738
vt 0.14289 0.56746
vt 0.14277 0.55129
vt 0.15763 0.56302
vt 0.41632 0.48128
vt 0.41646 0.48507
vt 0.38092 0.39525
vt 0.15618 0.54228
vt 0.41344 0.47917
vt 0.67932 0.46072
vt 0.67977 0.46693
vt 0.68548 0.46265
vt 0.27467 0.98248
vt 0.33478 0.48093
vt 0.40747 0.47312
vt 0.33466 0.46903
vt 0.34087 0.47028
vt 0.68848 0.44712
vt 0.68051 0.44839
vt 0.67282 0.45281
vt 0.41153 0.46593
vt 0.3595 0.4598
vt 0.36397 0.4538
vt 0.36488 0.45135
vt 0.3677 0.44769
vt 0.54087 0.93674
vt 0.54416 0.93206
vt 0.66436 0.41044
vt 0.55615 0.92096
vt 0.93956 0.62263
vt 0.9414 0.62881
vt 0.95881 0.64375
vt 0.66824 0.38657
vt 0.35967 0.60461
vt 0.37393 0.59992
vt 0.34911 0.60389
vt 0.49406 0.89819
vt 0.48463 0.90337
vt 0.48051 0.89492
vt 0.40214 0.5762
vt 0.41171 0.5498
vt 0.40902 0.56312
vt 0.27309 0.89371
vt 0.2644 0.90366
vt 0.25727 0.91261
vt 0.30618 0.91084
vt 0.41567 0.53109
vt 0.29965 0.5458
vt 0.34083 0.9241
vt 0.33752 0.92102
vt 0.33155 0.92358
vt 0.33205 0.92813
vt 0.32368 0.92121
vt 0.32496 0.93301
vt 0.33407 0.93566
vt 0.30012 0.53005
vt 0.32746 0.94577
vt 0.31995 0.93617
vt 0.09152 0.42469
vt 0.08367 0.41596
vt 0.08397 0.42976
vt 0.30332 0.52012
vt 0.41595 0.50604
vt 0.41467 0.52061
vt 0.09645 0.42306
vt 0.08865 0.41517
vt 0.32865 0.94215
vt 0.24011 0.95736
vt 0.30747 0.51
vt 0.09483 0.41389
vt 0.0966 0.40702
vt 0.08779 0.40829
vt 0.07446 0.60814
vt 0.08539 0.60164
vt 0.31365 0.96162
vt 0.31763 0.50095
vt 0.12473 0.57642
vt 0.1278 0.56076
vt 0.25971 0.98873
vt 0.68046 0.4582
vt 0.15017 0.54102
vt 0.67951 0.44415
vt 0.6741 0.43939
vt 0.66748 0.44983
vt 0.34848 0.4563
vt 0.2796 0.47356
vt 0.27609 0.46918
vt 0.28976 0.46435
vt 0.28405 0.46161
vt 0.27514 0.46091
vt 0.28949 0.45575
vt 0.29515 0.45339
vt 0.28333 0.45334
vt 0.29457 0.45009
vt 0.29008 0.44646
vt 0.53072 0.93745
vt 0.53082 0.93256
vt 0.93302 0.61934
vt 0.94926 0.64436
vt 0.38851 0.59751
vt 0.38131 0.60354
vt 0.49551 0.88449
vt 0.39565 0.58849
vt 0.40648 0.58627
vt 0.50266 0.90537
vt 0.50653 0.89167
vt 0.41006 0.5775
vt 0.28168 0.8957
vt 0.29357 0.90222
vt 0.30256 0.5755
vt 0.8751 0.50919
vt 0.8751 0.49298
vt 0.86459 0.49778
vt 0.25535 0.90408
vt 0.24593 0.91728
vt 0.31574 0.91959
vt 0.32168 0.91281
vt 0.33459 0.91779
vt 0.34631 0.90947
vt 0.34384 0.91943
vt 0.34114 0.91689
vt 0.31667 0.937
vt 0.79501 0.48553
vt 0.57173 0.40124
vt 0.58155 0.40273
vt 0.57033 0.41281
vt 0.29503 0.53713
vt 0.58488 0.41281
vt 0.23509 0.9453
vt 0.2363 0.93192
vt 0.29183 0.52256
vt 0.31983 0.94655
vt 0.32071 0.95465
vt 0.23275 0.97474
vt 0.34467 0.30551
vt 0.23956 0.97839
vt 0.3469 0.31437
vt 0.3173 0.49338
vt 0.11071 0.58021
vt 0.10285 0.56563
vt 0.67528 0.47156
vt 0.67885 0.47031
vt 0.36936 0.38146
vt 0.6714 0.46238
vt 0.36389 0.36248
vt 0.35674 0.35088
vt 0.1317 0.54202
vt 0.32946 0.47697
vt 0.24731 0.99111
vt 0.14058 0.53075
vt 0.15123 0.52162
vt 0.1627 0.51886
vt 0.17239 0.52899
vt 0.26816 0.48145
vt 0.27988 0.48134
vt 0.28818 0.47459
vt 0.26106 0.48159
vt 0.25786 0.47711
vt 0.29518 0.46672
vt 0.34046 0.45992
vt 0.11803 0.12335
vt 0.12854 0.11443
vt 0.12499 0.12218
vt 0.35408 0.45076
vt 0.6687 0.43307
vt 0.66323 0.44193
vt 0.2692 0.45509
vt 0.27689 0.44675
vt 0.28289 0.4398
vt 0.54836 0.93459
vt 0.65627 0.39536
vt 0.94122 0.63525
vt 0.95349 0.65138
vt 0.46552 0.87741
vt 0.47151 0.88655
vt 0.46048 0.88683
vt 0.36985 0.61039
vt 0.4856 0.87872
vt 0.51645 0.89937
vt 0.30804 0.58206
vt 0.26376 0.89132
vt 0.30155 0.89181
vt 0.29928 0.56328
vt 0.86991 0.52355
vt 0.31536 0.91179
vt 0.31752 0.90168
vt 0.32426 0.90387
vt 0.28929 0.55523
vt 0.337 0.91415
vt 0.28541 0.54325
vt 0.28619 0.5382
vt 0.6872 0.52049
vt 0.68679 0.50952
vt 0.67951 0.51106
vt 0.28413 0.52218
vt 0.29722 0.51811
vt 0.81389 0.49791
vt 0.22623 0.9481
vt 0.30307 0.50978
vt 0.32887 0.95304
vt 0.33285 0.95128
vt 0.07505 0.59196
vt 0.07953 0.58732
vt 0.09041 0.59711
vt 0.30698 0.49686
vt 0.83545 0.50002
vt 0.34038 0.31145
vt 0.10184 0.59151
vt 0.0984 0.57615
vt 0.34357 0.32474
vt 0.36963 0.38666
vt 0.66813 0.46766
vt 0.32009 0.48181
vt 0.35826 0.36883
vt 0.23969 0.99058
vt 0.28398 0.48486
vt 0.28425 0.4945
vt 0.27159 0.49045
vt 0.318 0.27477
vt 0.31553 0.26088
vt 0.32876 0.26608
vt 0.25238 0.49459
vt 0.26708 0.49064
vt 0.67729 0.45466
vt 0.67331 0.45847
vt 0.25221 0.99959
vt 0.29237 0.48184
vt 0.25045 0.48677
vt 0.17737 0.51273
vt 0.33105 0.46066
vt 0.26136 0.4658
vt 0.13858 0.11696
vt 0.13078 0.12315
vt 0.35644 0.44628
vt 0.13122 0.11249
vt 0.54036 0.93956
vt 0.1438 0.1131
vt 0.29267 0.43464
vt 0.29892 0.43856
vt 0.28741 0.43627
vt 0.55332 0.93708
vt 0.56011 0.93412
vt 0.56063 0.92077
vt 0.65457 0.40226
vt 0.93634 0.63098
vt 0.65506 0.39039
vt 0.94377 0.64246
vt 0.47422 0.87449
vt 0.39865 0.59608
vt 0.49424 0.87707
vt 0.40604 0.59664
vt 0.27973 0.88443
vt 0.2712 0.88452
vt 0.69321 0.5397
vt 0.68328 0.55516
vt 0.68926 0.55836
vt 0.68138 0.53921
vt 0.32009 0.88934
vt 0.29313 0.57598
vt 0.28886 0.56732
vt 0.24483 0.90235
vt 0.33738 0.90332
vt 0.34223 0.90584
vt 0.23068 0.92463
vt 0.26319 0.5468
vt 0.79994 0.50288
vt 0.8086 0.49933
vt 0.538 0.24917
vt 0.53855 0.25845
vt 0.54527 0.24835
vt 0.26389 0.53281
vt 0.27446 0.52815
vt 0.25737 0.5193
vt 0.27538 0.51659
vt 0.2896 0.51499
vt 0.26783 0.50728
vt 0.2975 0.50957
vt 0.30365 0.50278
vt 0.27918 0.50375
vt 0.0901 0.58461
vt 0.29467 0.50243
vt 0.24875 0.50625
vt 0.34152 0.30328
vt 0.34285 0.31623
vt 0.25341 0.49841
vt 0.26717 0.4971
vt 0.29422 0.49085
vt 0.22344 0.98544
vt 0.66571 0.4654
vt 0.32902 0.2852
vt 0.31846 0.29321
vt 0.24249 0.49597
vt 0.30847 0.26972
vt 0.18642 0.52005
vt 0.18911 0.50588
vt 0.19509 0.51712
vt 0.29875 0.47868
vt 0.32313 0.47099
vt 0.112 0.13514
vt 0.1179 0.13114
vt 0.15718 0.50523
vt 0.16874 0.50406
vt 0.17667 0.50189
vt 0.24817 0.47288
vt 0.34392 0.44909
vt 0.14604 0.11848
vt 0.54821 0.93975
vt 0.26923 0.43456
vt 0.27656 0.43454
vt 0.2806 0.42383
vt 0.28985 0.41728
vt 0.92093 0.62368
vt 0.92957 0.62816
vt 0.95918 0.65819
vt 0.39095 0.60941
vt 0.48654 0.86836
vt 0.41546 0.58883
vt 0.51716 0.88703
vt 0.29419 0.88019
vt 0.52614 0.89028
vt 0.26213 0.88442
vt 0.29665 0.58827
vt 0.2539 0.89494
vt 0.25535 0.88328
vt 0.32894 0.89829
vt 0.27306 0.56757
vt 0.11482 0.03909
vt 0.11034 0.03064
vt 0.12774 0.03725
vt 0.22945 0.90622
vt 0.3464 0.26368
vt 0.36519 0.26074
vt 0.35911 0.27066
vt 0.8271 0.50641
vt 0.24578 0.51002
vt 0.30337 0.49835
vt 0.83912 0.51079
vt 0.33526 0.31076
vt 0.08488 0.57673
vt 0.30379 0.49036
vt 0.36652 0.39186
vt 0.31236 0.48126
vt 0.33716 0.33608
vt 0.29922 0.48362
vt 0.66665 0.45901
vt 0.19523 0.50691
vt 0.20646 0.51123
vt 0.2406 0.48506
vt 0.31731 0.46727
vt 0.66022 0.4502
vt 0.29942 0.26077
vt 0.30797 0.25284
vt 0.29424 0.24921
vt 0.30183 0.2436
vt 0.28933 0.23785
vt 0.25436 0.46014
vt 0.73696 0.39876
vt 0.72778 0.38676
vt 0.71981 0.39365
vt 0.3505 0.44263
vt 0.26138 0.44877
vt 0.35353 0.43971
vt 0.1557 0.11508
vt 0.55487 0.94091
vt 0.29667 0.42642
vt 0.30376 0.42774
vt 0.93197 0.6335
vt 0.63177 0.01116
vt 0.63339 0.0159
vt 0.63177 0.01942
vt 0.44919 0.86943
vt 0.44962 0.88138
vt 0.38368 0.61938
vt 0.39973 0.60815
vt 0.51386 0.87584
vt 0.28288 0.87248
vt 0.31314 0.87825
vt 0.24671 0.88925
vt 0.71746 0.9781
vt 0.72631 0.96736
vt 0.73093 0.97775
vt 0.74454 0.9691
vt 0.74108 0.9769
vt 0.23473 0.89847
vt 0.24814 0.54876
vt 0.25184 0.53966
vt 0.24054 0.53049
vt 0.81822 0.50996
vt 0.23941 0.51587
vt 0.37142 0.27066
vt 0.23733 0.50707
vt 0.83203 0.51361
vt 0.33764 0.32245
vt 0.33527 0.31769
vt 0.33472 0.29943
vt 0.30685 0.48915
vt 0.32867 0.30314
vt 0.33281 0.34126
vt 0.38036 0.26687
vt 0.34407 0.35966
vt 0.23252 0.50123
vt 0.10835 0.13905
vt 0.11523 0.14213
vt 0.1055 0.14752
vt 0.23294 0.49311
vt 0.12025 0.14126
vt 0.30225 0.27502
vt 0.23592 0.47221
vt 0.24597 0.46075
vt 0.28007 0.23204
vt 0.28824 0.22825
vt 0.71671 0.38117
vt 0.71078 0.39038
vt 0.25658 0.44099
vt 0.90994 0.61071
vt 0.90952 0.61898
vt 0.91388 0.61287
vt 0.91338 0.61975
vt 0.15543 0.10743
vt 0.16527 0.11343
vt 0.27406 0.42057
vt 0.29766 0.41605
vt 0.64495 0.40618
vt 0.64881 0.41351
vt 0.6556 0.41173
vt 0.28352 0.41579
vt 0.93466 0.643
vt 0.93822 0.64698
vt 0.94486 0.65504
vt 0.95062 0.66007
vt 0.46588 0.86478
vt 0.37002 0.6219
vt 0.48163 0.85661
vt 0.39484 0.6185
vt 0.4998 0.86238
vt 0.41661 0.88161
vt 0.40811 0.89231
vt 0.40644 0.88208
vt 0.50627 0.87059
vt 0.39731 0.88979
vt 0.40552 0.90284
vt 0.52634 0.88175
vt 0.3036 0.87066
vt 0.27082 0.87318
vt 0.88723 0.08276
vt 0.89531 0.07447
vt 0.8894 0.07066
vt 0.32817 0.87529
vt 0.28577 0.58813
vt 0.33365 0.88541
vt 0.27465 0.58051
vt 0.23163 0.89141
vt 0.7467 0.97615
vt 0.75222 0.9781
vt 0.34751 0.89659
vt 0.35948 0.89565
vt 0.2611 0.57187
vt 0.25616 0.5589
vt 0.73201 0.72851
vt 0.72735 0.72769
vt 0.71584 0.72851
vt 0.21642 0.9244
vt 0.21461 0.91569
vt 0.24036 0.54239
vt 0.20815 0.94047
vt 0.21524 0.95308
vt 0.2123 0.96487
vt 0.20509 0.95846
vt 0.33362 0.32623
vt 0.35733 0.38397
vt 0.32692 0.31334
vt 0.34778 0.37543
vt 0.34515 0.35277
vt 0.22869 0.50949
vt 0.30848 0.48045
vt 0.30488 0.48014
vt 0.65983 0.46139
vt 0.30746 0.4761
vt 0.31061 0.4771
vt 0.12456 0.13727
vt 0.12681 0.14058
vt 0.12167 0.14451
vt 0.22736 0.48674
vt 0.31393 0.46479
vt 0.31914 0.45555
vt 0.29004 0.27128
vt 0.28588 0.22158
vt 0.28528 0.25707
vt 0.28134 0.25172
vt 0.27886 0.24459
vt 0.16081 0.12063
vt 0.1548 0.12732
vt 0.70935 0.38238
vt 0.56063 0.94041
vt 0.26584 0.42651
vt 0.9154 0.62605
vt 0.91845 0.63411
vt 0.92675 0.63666
vt 0.2872 0.40758
vt 0.64449 0.39704
vt 0.95488 0.66787
vt 0.45171 0.8554
vt 0.49167 0.85821
vt 0.27057 0.86394
vt 0.52373 0.87055
vt 0.53842 0.87515
vt 0.31481 0.86876
vt 0.25339 0.86729
vt 0.2423 0.87884
vt 0.54959 0.8802
vt 0.53683 0.88761
vt 0.54958 0.89203
vt 0.56103 0.88564
vt 0.34206 0.88137
vt 0.26196 0.58357
vt 0.24772 0.56764
vt 0.23927 0.55586
vt 0.80978 0.50688
vt 0.22869 0.54418
vt 0.23003 0.52996
vt 0.22603 0.51282
vt 0.32814 0.32202
vt 0.20296 0.97184
vt 0.22316 0.50291
vt 0.34783 0.37101
vt 0.31381 0.29889
vt 0.20827 0.49411
vt 0.31032 0.47105
vt 0.13494 0.13374
vt 0.13445 0.13997
vt 0.23077 0.47684
vt 0.13759 0.13632
vt 0.74504 0.38798
vt 0.73499 0.37938
vt 0.2735 0.22677
vt 0.27197 0.2372
vt 0.24304 0.45302
vt 0.90992 0.62507
vt 0.25905 0.42662
vt 0.30497 0.40518
vt 0.3037 0.41765
vt 0.29664 0.40459
vt 0.27459 0.41102
vt 0.28232 0.40344
vt 0.64487 0.39031
vt 0.93739 0.65916
vt 0.44187 0.86027
vt 0.43382 0.86066
vt 0.4592 0.85572
vt 0.43479 0.87155
vt 0.41643 0.87088
vt 0.51469 0.86412
vt 0.2784 0.86169
vt 0.88904 0.09628
vt 0.89531 0.08898
vt 0.23318 0.88105
vt 0.35478 0.89124
vt 0.57909 0.89669
vt 0.57948 0.88641
vt 0.59045 0.90537
vt 0.23002 0.55393
vt 0.22718 0.53286
vt 0.20514 0.94189
vt 0.20216 0.96067
vt 0.22349 0.51294
vt 0.33094 0.33433
vt 0.20008 0.96984
vt 0.22107 0.50322
vt 0.21729 0.50399
vt 0.30239 0.30238
vt 0.29717 0.28407
vt 0.3148 0.46052
vt 0.13904 0.1394
vt 0.14447 0.13769
vt 0.28754 0.27683
vt 0.14222 0.13241
vt 0.27636 0.21278
vt 0.26666 0.21813
vt 0.28468 0.26654
vt 0.85775 0.34452
vt 0.84274 0.34229
vt 0.83829 0.34929
vt 0.72049 0.37372
vt 0.27258 0.24922
vt 0.25128 0.43872
vt 0.17195 0.11771
vt 0.17777 0.11323
vt 0.26532 0.41625
vt 0.79597 0.37265
vt 0.78377 0.3759
vt 0.78265 0.38284
vt 0.92888 0.65338
vt 0.93376 0.65625
vt 0.50825 0.85605
vt 0.39831 0.87599
vt 0.68459 0.58942
vt 0.68764 0.58178
vt 0.67973 0.58096
vt 0.53399 0.86734
vt 0.26041 0.8596
vt 0.25945 0.87214
vt 0.54941 0.86876
vt 0.56313 0.87915
vt 0.33609 0.87106
vt 0.35695 0.8754
vt 0.36241 0.8892
vt 0.37134 0.89182
vt 0.21445 0.89558
vt 0.59283 0.88848
vt 0.59635 0.89737
vt 0.23124 0.56178
vt 0.79052 0.50167
vt 0.79772 0.5156
vt 0.20691 0.93124
vt 0.20813 0.92201
vt 0.21017 0.92196
vt 0.81511 0.52548
vt 0.83273 0.51984
vt 0.34969 0.38756
vt 0.33985 0.3695
vt 0.33351 0.3511
vt 0.32594 0.33051
vt 0.3123 0.319
vt 0.21856 0.49409
vt 0.21752 0.48555
vt 0.18773 0.49174
vt 0.20602 0.48089
vt 0.31637 0.45539
vt 0.86274 0.33977
vt 0.85803 0.33551
vt 0.32087 0.44608
vt 0.7072 0.37679
vt 0.8229 0.34803
vt 0.82316 0.35548
vt 0.90975 0.63239
vt 0.9121 0.63367
vt 0.81021 0.35401
vt 0.81003 0.36121
vt 0.92323 0.64288
vt 0.63504 0.39825
vt 0.29129 0.39345
vt 0.94968 0.67138
vt 0.94486 0.66944
vt 0.42499 0.85713
vt 0.42309 0.87154
vt 0.4991 0.84984
vt 0.53186 0.85467
vt 0.31723 0.85699
vt 0.3016 0.85422
vt 0.29427 0.86074
vt 0.32515 0.86554
vt 0.34762 0.86873
vt 0.57731 0.87576
vt 0.21389 0.90382
vt 0.21043 0.90982
vt 0.20815 0.91452
vt 0.80798 0.52265
vt 0.83503 0.52689
vt 0.32669 0.34159
vt 0.21578 0.48514
vt 0.26142 0.19916
vt 0.2647 0.19793
vt 0.86281 0.32783
vt 0.28796 0.29077
vt 0.8474 0.33367
vt 0.31659 0.44969
vt 0.31933 0.44443
vt 0.73958 0.37977
vt 0.25607 0.22346
vt 0.27593 0.27009
vt 0.27349 0.26438
vt 0.26149 0.23506
vt 0.26506 0.25896
vt 0.90484 0.63295
vt 0.46605 0.90041
vt 0.46039 0.91513
vt 0.46605 0.91694
vt 0.6333 0.39246
vt 0.79451 0.36499
vt 0.78408 0.36924
vt 0.29736 0.38802
vt 0.95017 0.67917
vt 0.77347 0.37451
vt 0.77192 0.38229
vt 0.76657 0.3772
vt 0.28347 0.39606
vt 0.44577 0.84371
vt 0.48732 0.84446
vt 0.41364 0.85811
vt 0.40737 0.86867
vt 0.50774 0.84231
vt 0.5157 0.85098
vt 0.67956 0.60253
vt 0.67142 0.59361
vt 0.27051 0.85126
vt 0.54042 0.85496
vt 0.2504 0.85681
vt 0.32517 0.85518
vt 0.2426 0.86755
vt 0.55865 0.86253
vt 0.56769 0.86899
vt 0.21476 0.88627
vt 0.37061 0.88522
vt 0.59004 0.87825
vt 0.59648 0.8919
vt 0.80214 0.52287
vt 0.82124 0.52801
vt 0.32702 0.35078
vt 0.32204 0.34027
vt 0.31761 0.33193
vt 0.87233 0.32758
vt 0.8669 0.32311
vt 0.65152 0.44622
vt 0.64305 0.43638
vt 0.64214 0.44971
vt 0.26096 0.2108
vt 0.27904 0.28667
vt 0.8323 0.33972
vt 0.72937 0.36978
vt 0.27519 0.2803
vt 0.26595 0.24705
vt 0.71447 0.36499
vt 0.70862 0.36755
vt 0.91148 0.64663
vt 0.80066 0.35256
vt 0.17785 0.10455
vt 0.18854 0.11379
vt 0.45796 0.2022
vt 0.4489 0.20455
vt 0.44777 0.20124
vt 0.93335 0.66666
vt 0.47191 0.84801
vt 0.45939 0.84199
vt 0.43189 0.84558
vt 0.33731 0.86138
vt 0.38645 0.25165
vt 0.37793 0.241
vt 0.38925 0.23678
vt 0.21437 0.87598
vt 0.22965 0.86359
vt 0.58405 0.86982
vt 0.3627 0.87298
vt 0.09262 0.01847
vt 0.10171 0.01694
vt 0.82792 0.52933
vt 0.34221 0.38137
vt 0.87268 0.32572
vt 0.28535 0.30804
vt 0.73605 0.37424
vt 0.81278 0.34587
vt 0.78708 0.35701
vt 0.94394 0.67902
vt 0.77347 0.36803
vt 0.76227 0.37143
vt 0.75877 0.37992
vt 0.75144 0.36779
vt 0.46894 0.83796
vt 0.4033 0.86321
vt 0.52373 0.84301
vt 0.54824 0.84566
vt 0.33586 0.84846
vt 0.24264 0.85326
vt 0.35107 0.8564
vt 0.35511 0.86635
vt 0.58789 0.8701
vt 0.20942 0.89512
vt 0.75198 0.87163
vt 0.76338 0.87022
vt 0.75524 0.87798
vt 0.86098 0.31944
vt 0.29549 0.31542
vt 0.85184 0.32391
vt 0.16312 0.13693
vt 0.16878 0.13873
vt 0.16191 0.13881
vt 0.73227 0.36862
vt 0.25134 0.22891
vt 0.7221 0.36333
vt 0.26326 0.2775
vt 0.26482 0.27137
vt 0.26221 0.26728
vt 0.25662 0.24975
vt 0.90779 0.64449
vt 0.91474 0.65334
vt 0.79693 0.34586
vt 0.9269 0.65802
vt 0.93141 0.66513
vt 0.19475 0.10632
vt 0.20163 0.11247
vt 0.4329 0.20455
vt 0.77138 0.35679
vt 0.75072 0.37904
vt 0.7633 0.36291
vt 0.48091 0.83083
vt 0.50744 0.83264
vt 0.2636 0.84592
vt 0.57162 0.85495
vt 0.5803 0.85901
vt 0.5843 0.86043
vt 0.21001 0.88694
vt 0.75796 0.86129
vt 0.76818 0.87219
vt 0.0832 0.03974
vt 0.08021 0.04164
vt 0.07992 0.0333
vt 0.33088 0.3845
vt 0.33237 0.37672
vt 0.32359 0.36243
vt 0.32268 0.35092
vt 0.3075 0.34051
vt 0.304 0.33305
vt 0.25004 0.20182
vt 0.24992 0.21511
vt 0.83836 0.32865
vt 0.7255 0.36017
vt 0.8268 0.33212
vt 0.81297 0.3377
vt 0.91994 0.66022
vt 0.78501 0.34923
vt 0.62399 0.39481
vt 0.77806 0.35255
vt 0.74708 0.37039
vt 0.74219 0.37542
vt 0.75394 0.36145
vt 0.53813 0.84026
vt 0.2728 0.83526
vt 0.25252 0.84255
vt 0.55331 0.84359
vt 0.32674 0.84116
vt 0.34342 0.84863
vt 0.21163 0.87607
vt 0.73738 0.85073
vt 0.73908 0.86266
vt 0.72881 0.85906
vt 0.74363 0.85616
vt 0.20913 0.87691
vt 0.82359 0.54541
vt 0.82931 0.54484
vt 0.3182 0.35622
vt 0.21626 0.47796
vt 0.20531 0.47694
vt 0.21646 0.46994
vt 0.85574 0.31842
vt 0.72968 0.36435
vt 0.25025 0.23748
vt 0.26894 0.28775
vt 0.25083 0.26343
vt 0.70813 0.35604
vt 0.70059 0.35917
vt 0.92471 0.66496
vt 0.9344 0.67449
vt 0.94069 0.68654
vt 0.52475 0.83547
vt 0.40285 0.85536
vt 0.39219 0.86264
vt 0.66469 0.59434
vt 0.66772 0.61143
vt 0.54578 0.83059
vt 0.31511 0.84275
vt 0.56058 0.84891
vt 0.77257 0.86366
vt 0.77648 0.86948
vt 0.79231 0.53394
vt 0.79826 0.53879
vt 0.7944 0.52414
vt 0.80377 0.53733
vt 0.32229 0.37211
vt 0.29335 0.331
vt 0.24066 0.2081
vt 0.27405 0.30849
vt 0.23698 0.21933
vt 0.11035 0.42521
vt 0.10631 0.42779
vt 0.11035 0.43347
vt 0.24659 0.24519
vt 0.72065 0.35608
vt 0.24533 0.27427
vt 0.69925 0.35036
vt 0.90788 0.65213
vt 0.92412 0.67409
vt 0.62172 0.39049
vt 0.46685 0.82392
vt 0.45666 0.83169
vt 0.47988 0.81998
vt 0.49113 0.82622
vt 0.49444 0.83347
vt 0.58044 0.84821
vt 0.20787 0.86447
vt 0.75286 0.84827
vt 0.77482 0.5286
vt 0.78364 0.53322
vt 0.78105 0.52689
vt 0.80852 0.54225
vt 0.81781 0.54129
vt 0.31969 0.36864
vt 0.29325 0.34377
vt 0.85451 0.31268
vt 0.85166 0.31338
vt 0.28336 0.3283
vt 0.83826 0.31253
vt 0.23836 0.22671
vt 0.26455 0.296
vt 0.25767 0.29049
vt 0.82541 0.32489
vt 0.17976 0.14
vt 0.18328 0.13801
vt 0.18628 0.14126
vt 0.72463 0.35747
vt 0.72176 0.35461
vt 0.25443 0.28155
vt 0.90345 0.6524
vt 0.90827 0.66115
vt 0.8017 0.33742
vt 0.92912 0.67572
vt 0.93217 0.68413
vt 0.93481 0.68756
vt 0.77741 0.34363
vt 0.19665 0.11988
vt 0.20754 0.11943
vt 0.73897 0.36362
vt 0.52854 0.94273
vt 0.51778 0.94917
vt 0.51945 0.94091
vt 0.74141 0.3576
vt 0.42067 0.83644
vt 0.4193 0.84624
vt 0.41196 0.84636
vt 0.5225 0.82174
vt 0.5368 0.82599
vt 0.65342 0.60067
vt 0.65312 0.6082
vt 0.70992 0.47969
vt 0.69725 0.47909
vt 0.70543 0.49399
vt 0.29058 0.83354
vt 0.30294 0.8444
vt 0.293 0.84372
vt 0.55197 0.83109
vt 0.71454 0.4677
vt 0.70601 0.45579
vt 0.70166 0.46713
vt 0.57685 0.83342
vt 0.71358 0.83666
vt 0.72705 0.84114
vt 0.72127 0.85057
vt 0.21144 0.85722
vt 0.76543 0.84952
vt 0.78 0.53679
vt 0.78884 0.5377
vt 0.78862 0.53189
vt 0.08164 0.02404
vt 0.0772 0.0199
vt 0.08246 0.01801
vt 0.32205 0.38012
vt 0.31525 0.36365
vt 0.30061 0.35243
vt 0.85579 0.30536
vt 0.86033 0.29733
vt 0.86472 0.30798
vt 0.26874 0.30788
vt 0.82038 0.3236
vt 0.71982 0.34966
vt 0.71508 0.34756
vt 0.24738 0.26786
vt 0.8091 0.32946
vt 0.91015 0.66597
vt 0.79492 0.33634
vt 0.1968 0.12342
vt 0.20662 0.13032
vt 0.19416 0.12957
vt 0.91799 0.67441
vt 0.20911 0.12409
vt 0.61651 0.39329
vt 0.93799 0.69208
vt 0.76575 0.34716
vt 0.21581 0.11616
vt 0.53557 0.94917
vt 0.44402 0.81841
vt 0.44813 0.82842
vt 0.43801 0.82591
vt 0.4879 0.8139
vt 0.50588 0.81927
vt 0.6649 0.62816
vt 0.65848 0.61432
vt 0.26093 0.83389
vt 0.25131 0.82959
vt 0.33695 0.835
vt 0.3257 0.82399
vt 0.73247 0.83757
vt 0.74267 0.84313
vt 0.82335 0.55175
vt 0.32005 0.37625
vt 0.90481 0.66196
vt 0.92731 0.68178
vt 0.21334 0.11153
vt 0.7581 0.34863
vt 0.75358 0.353
vt 0.74586 0.35395
vt 0.5134 0.81593
vt 0.71665 0.4885
vt 0.24061 0.83957
vt 0.23227 0.85012
vt 0.22693 0.8297
vt 0.78605 0.54235
vt 0.79483 0.54516
vt 0.79904 0.54384
vt 0.29711 0.36772
vt 0.2847 0.33715
vt 0.84681 0.30654
vt 0.22719 0.21313
vt 0.26197 0.30624
vt 0.23878 0.2446
vt 0.71463 0.33847
vt 0.70666 0.34326
vt 0.79259 0.33052
vt 0.78205 0.33631
vt 0.92151 0.68098
vt 0.53518 0.81449
vt 0.57242 0.82578
vt 0.7202 0.82718
vt 0.21633 0.83744
vt 0.21501 0.8356
vt 0.77648 0.93099
vt 0.77324 0.94681
vt 0.77648 0.94752
vt 0.5798 0.83236
vt 0.74743 0.83392
vt 0.76188 0.83606
vt 0.76103 0.53371
vt 0.77042 0.54427
vt 0.79039 0.54842
vt 0.80631 0.54987
vt 0.81464 0.55105
vt 0.81795 0.55222
vt 0.32246 0.38745
vt 0.32018 0.38764
vt 0.31702 0.38191
vt 0.31304 0.37499
vt 0.2888 0.35849
vt 0.84369 0.3073
vt 0.26368 0.32423
vt 0.82343 0.31178
vt 0.81954 0.31233
vt 0.81659 0.31659
vt 0.25242 0.29105
vt 0.24171 0.25779
vt 0.71906 0.34312
vt 0.69223 0.34427
vt 0.6901 0.33862
vt 0.24574 0.28079
vt 0.80963 0.31853
vt 0.24004 0.27236
vt 0.19927 0.42025
vt 0.19399 0.43147
vt 0.19927 0.44062
vt 0.19361 0.44174
vt 0.61076 0.40144
vt 0.61608 0.40254
vt 0.92806 0.69151
vt 0.93127 0.69587
vt 0.73095 0.35303
vt 0.73385 0.36257
vt 0.74807 0.34629
vt 0.45167 0.80903
vt 0.4775 0.80694
vt 0.42953 0.83606
vt 0.43247 0.81681
vt 0.40798 0.83886
vt 0.39795 0.8399
vt 0.4048 0.82766
vt 0.54843 0.81804
vt 0.87268 0.69926
vt 0.88076 0.69004
vt 0.87025 0.68719
vt 0.56978 0.81699
vt 0.73585 0.82965
vt 0.76065 0.54479
vt 0.7986 0.54879
vt 0.8232 0.55427
vt 0.27865 0.34637
vt 0.27411 0.33497
vt 0.22839 0.20316
vt 0.83271 0.30968
vt 0.25474 0.30456
vt 0.22362 0.22744
vt 0.23033 0.23435
vt 0.69114 0.33481
vt 0.23847 0.26592
vt 0.71693 0.33707
vt 0.90688 0.67391
vt 0.91442 0.68054
vt 0.00849 0.57231
vt 0.01494 0.574
vt 0.01084 0.5814
vt 0.92364 0.68806
vt 0.21816 0.12911
vt 0.77081 0.33453
vt 0.76088 0.33954
vt 0.22078 0.12349
vt 0.75376 0.34241
vt 0.73849 0.34896
vt 0.41306 0.83751
vt 0.3955 0.83222
vt 0.52484 0.80957
vt 0.5611 0.82184
vt 0.70913 0.82317
vt 0.7 0.8327
vt 0.69629 0.82202
vt 0.75023 0.54096
vt 0.8134 0.5541
vt 0.31669 0.38867
vt 0.79964 0.31398
vt 0.80015 0.32127
vt 0.24448 0.29261
vt 0.9034 0.66802
vt 0.79193 0.32237
vt 0.20384 0.1413
vt 0.20394 0.14379
vt 0.1982 0.14185
vt 0.78837 0.32552
vt 0.90815 0.68282
vt 0.02061 0.5814
vt 0.60913 0.39432
vt 0.6049 0.40007
vt 0.74194 0.34186
vt 0.22003 0.82821
vt 0.79669 0.55396
vt 0.80449 0.55615
vt 0.82408 0.55814
vt 0.29967 0.37899
vt 0.8403 0.30161
vt 0.84516 0.30268
vt 0.83001 0.30328
vt 0.25434 0.31271
vt 0.98686 0.85729
vt 0.97519 0.85838
vt 0.98063 0.85496
vt 0.81114 0.31478
vt 0.22557 0.25279
vt 0.22393 0.24506
vt 0.70382 0.33017
vt 0.90529 0.67929
vt 0.23377 0.26201
vt 0.71639 0.33161
vt 0.60485 0.41247
vt 0.6092 0.41054
vt 0.91871 0.68647
vt 0.77786 0.32763
vt 0.22522 0.11746
vt 0.54631 0.80479
vt 0.21718 0.82416
vt 0.5782 0.82045
vt 0.73109 0.81673
vt 0.75733 0.82465
vt 0.76803 0.55503
vt 0.7755 0.5585
vt 0.63171 0.49809
vt 0.62125 0.48939
vt 0.62428 0.51854
vt 0.81867 0.56232
vt 0.28543 0.36835
vt 0.21717 0.20751
vt 0.7922 0.31454
vt 0.79015 0.31788
vt 0.24793 0.30405
vt 0.78203 0.31681
vt 0.68275 0.33042
vt 0.23597 0.27238
vt 0.78249 0.31863
vt 0.91975 0.6919
vt 0.9213 0.69703
vt 0.92724 0.70205
vt 0.7695 0.32862
vt 0.75112 0.33333
vt 0.74335 0.33842
vt 0.72839 0.34511
vt 0.56087 0.80858
vt 0.57446 0.81202
vt 0.71757 0.8146
vt 0.70852 0.81226
vt 0.74535 0.82071
vt 0.78274 0.56491
vt 0.80793 0.5622
vt 0.29832 0.3862
vt 0.27465 0.3581
vt 0.8368 0.29624
vt 0.83292 0.29684
vt 0.26554 0.34144
vt 0.9996 0.85903
vt 0.98999 0.86732
vt 0.25721 0.33062
vt 0.97735 0.86736
vt 0.21786 0.22098
vt 0.96322 0.86121
vt 0.21596 0.23968
vt 0.68215 0.32441
vt 0.59966 0.40735
vt 0.60055 0.41387
vt 0.77374 0.3175
vt 0.71694 0.3258
vt 0.71242 0.32303
vt 0.23164 0.27275
vt 0.22554 0.26328
vt 0.90736 0.6872
vt 0.91192 0.69012
vt 0.76815 0.32273
vt 0.76351 0.32645
vt 0.76122 0.33154
vt 0.2311 0.12439
vt 0.72374 0.3472
vt 0.73161 0.34283
vt 0.50469 0.80544
vt 0.49979 0.79282
vt 0.51519 0.80684
vt 0.51704 0.79588
vt 0.56854 0.80649
vt 0.22939 0.82085
vt 0.22356 0.81789
vt 0.74982 0.55144
vt 0.75806 0.55997
vt 0.82525 0.57629
vt 0.26902 0.34791
vt 0.96947 0.86732
vt 0.24356 0.31355
vt 0.7824 0.31513
vt 0.23287 0.29994
vt 0.77344 0.31405
vt 0.67603 0.32449
vt 0.23181 0.28595
vt 0.91407 0.69645
vt 0.22897 0.12974
vt 0.22291 0.13414
vt 0.57861 0.81119
vt 0.76848 0.82726
vt 0.83674 0.57197
vt 0.28376 0.37991
vt 0.27231 0.37003
vt 0.81825 0.30131
vt 0.80202 0.31073
vt 0.65598 0.32313
vt 0.65205 0.32192
vt 0.65219 0.32595
vt 0.76742 0.31487
vt 0.70196 0.31762
vt 0.66913 0.32042
vt 0.66467 0.3242
vt 0.65867 0.32084
vt 0.22128 0.26938
vt 0.76627 0.31574
vt 0.71861 0.31756
vt 0.75147 0.3233
vt 0.75023 0.32924
vt 0.57344 0.79959
vt 0.76482 0.56704
vt 0.79138 0.57274
vt 0.79858 0.57301
vt 0.28532 0.38865
vt 0.83234 0.29091
vt 0.82518 0.28593
vt 0.82378 0.28823
vt 0.80274 0.2934
vt 0.80784 0.30843
vt 0.24611 0.32565
vt 0.2089 0.2204
vt 0.20315 0.23157
vt 0.64736 0.31871
vt 0.64638 0.32493
vt 0.33589 0.61942
vt 0.31811 0.61942
vt 0.3305 0.60596
vt 0.32276 0.60372
vt 0.67005 0.31908
vt 0.70445 0.8814
vt 0.70534 0.87188
vt 0.70297 0.87521
vt 0.22139 0.27276
vt 0.21631 0.25856
vt 0.72172 0.31709
vt 0.71975 0.32247
vt 0.74142 0.32942
vt 0.73025 0.3375
vt 0.25692 0.1014
vt 0.26293 0.0973
vt 0.25871 0.09711
vt 0.6489 0.63655
vt 0.63249 0.63678
vt 0.63119 0.64574
vt 0.55772 0.7954
vt 0.5445 0.79364
vt 0.74093 0.80772
vt 0.75042 0.81056
vt 0.76152 0.81537
vt 0.81382 0.57875
vt 0.83368 0.5851
vt 0.26188 0.36228
vt 0.25539 0.34501
vt 0.58972 0.41742
vt 0.60098 0.42107
vt 0.64432 0.3136
vt 0.65262 0.31681
vt 0.20921 0.23731
vt 0.69658 0.86647
vt 0.69563 0.85909
vt 0.68853 0.31435
vt 0.22787 0.28924
vt 0.21176 0.25169
vt 0.7141 0.30993
vt 0.22126 0.27723
vt 0.73459 0.33065
vt 0.26102 0.10546
vt 0.26799 0.09947
vt 0.45533 0.78367
vt 0.45869 0.7993
vt 0.44859 0.79525
vt 0.5268 0.78795
vt 0.53309 0.80093
vt 0.53893 0.78891
vt 0.70058 0.79595
vt 0.7082 0.80242
vt 0.6985 0.81079
vt 0.73789 0.55624
vt 0.74738 0.56437
vt 0.84242 0.584
vt 0.2502 0.33484
vt 0.20125 0.21533
vt 0.2385 0.31619
vt 0.78481 0.30759
vt 0.77384 0.30861
vt 0.21948 0.42769
vt 0.20816 0.43614
vt 0.21948 0.43926
vt 0.75969 0.30989
vt 0.68071 0.31307
vt 0.7575 0.31283
vt 0.75067 0.31878
vt 0.74038 0.32324
vt 0.24697 0.10598
vt 0.24762 0.1118
vt 0.25186 0.10546
vt 0.57585 0.79259
vt 0.57809 0.7952
vt 0.7748 0.56924
vt 0.2734 0.38617
vt 0.82744 0.28451
vt 0.81212 0.28378
vt 0.23394 0.32917
vt 0.79365 0.29414
vt 0.65118 0.31066
vt 0.70534 0.86062
vt 0.67037 0.30661
vt 0.20319 0.25301
vt 0.21229 0.26543
vt 0.72657 0.30925
vt 0.56915 0.78481
vt 0.74315 0.79958
vt 0.75671 0.57188
vt 0.77965 0.58283
vt 0.79824 0.58698
vt 0.81857 0.27971
vt 0.24059 0.33407
vt 0.66052 0.31127
vt 0.22418 0.31156
vt 0.78472 0.29852
vt 0.22465 0.29873
vt 0.76507 0.30675
vt 0.67792 0.30418
vt 0.2153 0.28059
vt 0.70538 0.3044
vt 0.75283 0.30972
vt 0.75254 0.31177
vt 0.23109 0.14487
vt 0.23532 0.14615
vt 0.23305 0.14752
vt 0.26466 0.11314
vt 0.26713 0.10626
vt 0.25736 0.11218
vt 0.55044 0.78178
vt 0.72945 0.79554
vt 0.72697 0.80561
vt 0.71701 0.79346
vt 0.75666 0.79723
vt 0.76522 0.80522
vt 0.7716 0.58341
vt 0.82319 0.58916
vt 0.26257 0.37969
vt 0.24996 0.35543
vt 0.81893 0.2765
vt 0.24402 0.34562
vt 0.19461 0.2273
vt 0.64802 0.30002
vt 0.77285 0.30322
vt 0.21237 0.28805
vt 0.1944 0.24877
vt 0.68724 0.30522
vt 0.2092 0.27329
vt 0.20431 0.2621
vt 0.74846 0.30961
vt 0.73631 0.30568
vt 0.7294 0.30977
vt 0.53501 0.77715
vt 0.73533 0.56618
vt 0.25333 0.37393
vt 0.86079 0.05083
vt 0.85991 0.04669
vt 0.87187 0.04829
vt 0.22585 0.31804
vt 0.6619 0.30202
vt 0.06739 0.07479
vt 0.07005 0.08306
vt 0.06103 0.08306
vt 0.981 0.80537
vt 0.96968 0.80862
vt 0.981 0.81612
vt 0.74911 0.30605
vt 0.74181 0.30669
vt 0.25882 0.12398
vt 0.25448 0.12603
vt 0.26018 0.12582
vt 0.61971 0.62616
vt 0.63132 0.60607
vt 0.61403 0.6178
vt 0.76133 0.58229
vt 0.78808 0.58907
vt 0.81018 0.59325
vt 0.82907 0.6007
vt 0.8373 0.60093
vt 0.85075 0.59285
vt 0.2356 0.34689
vt 0.65378 0.29693
vt 0.21973 0.31308
vt 0.77222 0.29448
vt 0.20789 0.28034
vt 0.75961 0.30089
vt 0.7104 0.29483
vt 0.74541 0.3022
vt 0.72025 0.30231
vt 0.40162 0.79596
vt 0.3977 0.79942
vt 0.39326 0.79207
vt 0.74455 0.57806
vt 0.26475 0.39279
vt 0.81142 0.27147
vt 0.79476 0.2829
vt 0.1855 0.22339
vt 0.78597 0.28594
vt 0.19014 0.23989
vt 0.76179 0.30023
vt 0.0367 0.57883
vt 0.04489 0.59132
vt 0.03355 0.59132
vt 0.68945 0.29386
vt 0.19737 0.25996
vt 0.72488 0.29675
vt 0.40909 0.78776
vt 0.39717 0.78505
vt 0.38941 0.80121
vt 0.38601 0.79308
vt 0.5423 0.77061
vt 0.75308 0.5856
vt 0.25518 0.38439
vt 0.24188 0.3661
vt 0.2271 0.34143
vt 0.07882 0.07695
vt 0.2149 0.31048
vt 0.6785 0.29505
vt 0.73585 0.29486
vt 0.73007 0.78599
vt 0.74672 0.78478
vt 0.72447 0.56804
vt 0.73314 0.58039
vt 0.81968 0.60217
vt 0.84928 0.60363
vt 0.23813 0.35557
vt 0.84905 0.05083
vt 0.83035 0.27437
vt 0.8242 0.25718
vt 0.81387 0.26674
vt 0.66133 0.29358
vt 0.66977 0.29465
vt 0.18503 0.2409
vt 0.19827 0.27185
vt 0.74778 0.28785
vt 0.19498 0.26527
vt 0.49696 0.75794
vt 0.51014 0.76788
vt 0.494 0.76285
vt 0.84762 0.04802
vt 0.81138 0.26686
vt 0.64956 0.29068
vt 0.21712 0.32574
vt 0.20054 0.28924
vt 0.76036 0.29046
vt 0.05133 0.5781
vt 0.75945 0.28972
vt 0.18578 0.25664
vt 0.44146 0.759
vt 0.4452 0.76347
vt 0.4356 0.76868
vt 0.61552 0.7822
vt 0.60631 0.77669
vt 0.61338 0.76833
vt 0.71042 0.57336
vt 0.72242 0.58217
vt 0.77702 0.59527
vt 0.79416 0.60011
vt 0.83574 0.61261
vt 0.84486 0.61051
vt 0.24083 0.3797
vt 0.22787 0.35431
vt 0.65504 0.28427
vt 0.78911 0.27324
vt 0.20424 0.30612
vt 0.76795 0.28451
vt 0.20459 0.29821
vt 0.68384 0.28132
vt 0.19775 0.27875
vt 0.18043 0.24808
vt 0.72136 0.28561
vt 0.18964 0.26226
vt 0.74261 0.59196
vt 0.76867 0.59948
vt 0.80429 0.61042
vt 0.85451 0.61445
vt 0.25281 0.39244
vt 0.23235 0.36297
vt 0.80543 0.26189
vt 0.79581 0.26763
vt 0.81902 0.2558
vt 0.67308 0.2848
vt 0.66403 0.28041
vt 0.19462 0.28464
vt 0.70215 0.28438
vt 0.7319 0.28423
vt 0.19064 0.27297
vt 0.75933 0.59807
vt 0.78035 0.60377
vt 0.24301 0.38852
vt 0.56407 0.42131
vt 0.5507 0.42954
vt 0.58422 0.42462
vt 0.21576 0.34709
vt 0.20399 0.32003
vt 0.17809 0.23788
vt 0.69257 0.28193
vt 0.18095 0.25741
vt 0.18447 0.27011
vt 0.33718 0.00835
vt 0.33302 0.01948
vt 0.32612 0.01311
vt 0.79083 0.60774
vt 0.22699 0.37505
vt 0.80618 0.25782
vt 0.21188 0.34009
vt 0.17066 0.24855
vt 0.18921 0.27873
vt 0.71071 0.58688
vt 0.73239 0.59378
vt 0.82352 0.61811
vt 0.84436 0.62202
vt 0.24235 0.39811
vt 0.21844 0.35688
vt 0.17001 0.23783
vt 0.82198 0.23551
vt 0.19292 0.29727
vt 0.67555 0.27511
vt 0.1902 0.2898
vt 0.17069 0.46578
vt 0.15984 0.46981
vt 0.17259 0.47525
vt 0.7478 0.27802
vt 0.17853 0.26999
vt 0.47604 0.74373
vt 0.47038 0.75611
vt 0.46845 0.74222
vt 0.48513 0.73854
vt 0.50064 0.74882
vt 0.72061 0.59327
vt 0.75015 0.59999
vt 0.81574 0.62165
vt 0.83262 0.62614
vt 0.80403 0.25126
vt 0.80966 0.24723
vt 0.64968 0.26399
vt 0.65667 0.2689
vt 0.77487 0.26983
vt 0.16265 0.48136
vt 0.17259 0.48993
vt 0.69326 0.2753
vt 0.73712 0.27613
vt 0.72013 0.27511
vt 0.7035 0.27471
vt 0.18586 0.28266
vt 0.17427 0.2547
vt 0.17641 0.26584
vt 0.18137 0.27401
vt 0.85266 0.62624
vt 0.80154 0.25308
vt 0.79195 0.25396
vt 0.78555 0.26163
vt 0.16061 0.45323
vt 0.16247 0.49463
vt 0.76028 0.27635
vt 0.90496 0.13201
vt 0.9148 0.14047
vt 0.92066 0.13205
vt 0.93514 0.14176
vt 0.88118 0.12533
vt 0.88837 0.13609
vt 0.89319 0.14351
vt 0.92196 0.15079
vt 0.89874 0.15347
vt 0.93316 0.1596
vt 0.90907 0.15988
vt 0.87987 0.1525
vt 0.87474 0.17637
vt 0.85476 0.15833
vt 0.89332 0.17545
vt 0.84473 0.19031
vt 0.84167 0.15397
vt 0.86977 0.20004
vt 0.84048 0.17207
vt 0.89219 0.21076
vt 0.92867 0.18789
vt 0.83939 0.18024
vt 0.85077 0.21419
vt 0.83746 0.19866
vt 0.84248 0.20383
vt 0.87156 0.23
vt 0.84374 0.22675
vt 0.83926 0.21697
vt 0.83966 0.23383
vt 0.73928 0.60441
vt 0.77284 0.61311
vt 0.78118 0.61582
vt 0.79207 0.61922
vt 0.22913 0.38668
vt 0.21592 0.36366
vt 0.19023 0.31523
vt 0.18729 0.30749
vt 0.17894 0.27797
vt 0.17781 0.27188
vt 0.97563 0.12727
vt 0.97608 0.12917
vt 0.98433 0.12679
vt 0.98841 0.12868
vt 0.95806 0.1278
vt 0.96491 0.12985
vt 0.97785 0.13347
vt 0.94698 0.1263
vt 0.93254 0.12679
vt 0.94338 0.13059
vt 0.51161 0.69667
vt 0.50353 0.69978
vt 0.497 0.69587
vt 0.95215 0.13242
vt 0.93178 0.12971
vt 0.96075 0.14302
vt 0.9804 0.14122
vt 0.91031 0.12448
vt 0.96224 0.15878
vt 0.89413 0.12513
vt 0.97396 0.15445
vt 0.86803 0.12561
vt 0.8791 0.12874
vt 0.8579 0.13037
vt 0.84609 0.12623
vt 0.95239 0.17596
vt 0.84036 0.12953
vt 0.85102 0.1389
vt 0.83623 0.13348
vt 0.83927 0.14169
vt 0.83433 0.15075
vt 0.8344 0.16847
vt 0.94759 0.21316
vt 0.96961 0.20566
vt 0.96386 0.21935
vt 0.83387 0.18725
vt 0.93018 0.2407
vt 0.90415 0.2422
vt 0.83469 0.20031
vt 0.8358 0.21523
vt 0.85249 0.25714
vt 0.83628 0.22909
vt 0.84233 0.24143
vt 0.83654 0.24601
vt 0.86709 0.26816
vt 0.91073 0.26339
vt 0.84051 0.25399
vt 0.89798 0.27721
vt 0.83713 0.26416
vt 0.84166 0.26656
vt 0.86999 0.28817
vt 0.8536 0.27713
vt 0.83922 0.27766
vt 0.83461 0.27961
vt 0.85236 0.2825
vt 0.8643 0.29087
vt 0.871 0.29801
vt 0.87709 0.29975
vt 0.87521 0.30557
vt 0.88172 0.31914
vt 0.88453 0.31039
vt 0.45874 0.73759
vt 0.45645 0.74603
vt 0.32859 0.03094
vt 0.70025 0.58599
vt 0.7053 0.59649
vt 0.75617 0.61027
vt 0.76473 0.6121
vt 0.23014 0.39532
vt 0.79894 0.24594
vt 0.15777 0.44008
vt 0.15146 0.44666
vt 0.2011 0.33807
vt 0.66339 0.26369
vt 0.18391 0.3006
vt 0.68516 0.26652
vt 0.75015 0.2665
vt 0.73082 0.26597
vt 0.70249 0.26536
vt 0.17423 0.27661
vt 0.54501 0.70008
vt 0.5404 0.69631
vt 0.54916 0.69703
vt 0.99119 0.12916
vt 0.99344 0.13514
vt 0.99576 0.13024
vt 0.51603 0.69967
vt 0.5228 0.69545
vt 0.53008 0.70025
vt 0.98888 0.14571
vt 0.98458 0.14925
vt 0.48869 0.69937
vt 0.98659 0.16109
vt 0.47456 0.69779
vt 0.45921 0.7006
vt 0.45829 0.69721
vt 0.43408 0.70107
vt 0.44535 0.69743
vt 0.43226 0.69804
vt 0.9805 0.17488
vt 0.97277 0.17685
vt 0.41572 0.70215
vt 0.40575 0.70157
vt 0.41071 0.69838
vt 0.83418 0.12752
vt 0.84064 0.12355
vt 0.83689 0.12408
vt 0.98257 0.18615
vt 0.98894 0.15764
vt 0.03068 0.32301
vt 0.02928 0.33905
vt 0.03355 0.32871
vt 0.02639 0.32323
vt 0.97744 0.1984
vt 0.03256 0.34632
vt 0.02938 0.35161
vt 0.02606 0.34824
vt 0.98023 0.20613
vt 0.03302 0.36434
vt 0.02857 0.36638
vt 0.97499 0.22183
vt 0.97838 0.22299
vt 0.03243 0.38335
vt 0.02931 0.38636
vt 0.02614 0.38228
vt 0.97042 0.23255
vt 0.97621 0.23634
vt 0.0328 0.39649
vt 0.97156 0.24224
vt 0.95424 0.24727
vt 0.97427 0.25178
vt 0.02957 0.41284
vt 0.0334 0.41144
vt 0.96647 0.25615
vt 0.97058 0.26804
vt 0.03345 0.42519
vt 0.95329 0.27337
vt 0.03006 0.43769
vt 0.02662 0.42789
vt 0.96305 0.28192
vt 0.03325 0.44195
vt 0.93356 0.29058
vt 0.03 0.46009
vt 0.9604 0.29112
vt 0.94541 0.30422
vt 0.03355 0.45981
vt 0.02658 0.4521
vt 0.03041 0.47478
vt 0.89137 0.2954
vt 0.83856 0.28275
vt 0.84595 0.28396
vt 0.92978 0.32061
vt 0.41052 0.3153
vt 0.41073 0.31135
vt 0.40536 0.31142
vt 0.40268 0.29698
vt 0.95276 0.32042
vt 0.40656 0.29782
vt 0.41339 0.30915
vt 0.41144 0.29986
vt 0.40741 0.29258
vt 0.40218 0.28722
vt 0.41054 0.28592
vt 0.40682 0.28293
vt 0.40336 0.27874
vt 0.89919 0.32864
vt 0.94405 0.32948
vt 0.92212 0.32756
vt 0.40759 0.2744
vt 0.40426 0.26367
vt 0.40955 0.26269
vt 0.41116 0.27299
vt 0.9468 0.33918
vt 0.40677 0.25933
vt 0.92688 0.34777
vt 0.40794 0.24818
vt 0.88516 0.33471
vt 0.88854 0.32981
vt 0.91367 0.34099
vt 0.41229 0.24995
vt 0.41669 0.24659
vt 0.89473 0.34039
vt 0.88858 0.34036
vt 0.95137 0.35271
vt 0.93528 0.3594
vt 0.41509 0.23717
vt 0.88767 0.34958
vt 0.9108 0.3572
vt 0.92726 0.35633
vt 0.9447 0.36004
vt 0.95611 0.36268
vt 0.41211 0.23365
vt 0.89372 0.35593
vt 0.94295 0.36486
vt 0.91938 0.36171
vt 0.92822 0.36412
vt 0.93113 0.36633
vt 0.47463 0.73404
vt 0.42078 0.23067
vt 0.4164 0.22682
vt 0.40978 0.22515
vt 0.90937 0.3638
vt 0.92067 0.36764
vt 0.41383 0.22025
vt 0.89307 0.36233
vt 0.41998 0.22307
vt 0.90567 0.36677
vt 0.91414 0.3709
vt 0.31216 0.01795
vt 0.31795 0.02911
vt 0.30358 0.0254
vt 0.71771 0.60093
vt 0.72787 0.60271
vt 0.8025 0.62283
vt 0.84078 0.63227
vt 0.2077 0.35688
vt 0.79673 0.24858
vt 0.54081 0.41703
vt 0.54302 0.42317
vt 0.56686 0.41433
vt 0.81677 0.23538
vt 0.80598 0.24089
vt 0.15091 0.48383
vt 0.18002 0.29191
vt 0.17017 0.90372
vt 0.16235 0.91217
vt 0.17017 0.91446
vt 0.16686 0.24814
vt 0.16852 0.25948
vt 0.17081 0.26612
vt 0.17067 0.27255
vt 0.4885 0.70574
vt 0.9976 0.13365
vt 0.44711 0.70583
vt 0.4167 0.70666
vt 0.40093 0.70666
vt 0.40218 0.70233
vt 0.39836 0.70058
vt 0.39572 0.70379
vt 0.98507 0.19456
vt 0.98912 0.16922
vt 0.02561 0.3317
vt 0.02589 0.36165
vt 0.98241 0.21567
vt 0.97998 0.23311
vt 0.97758 0.24931
vt 0.02655 0.40659
vt 0.97346 0.26984
vt 0.96846 0.28734
vt 0.97443 0.28532
vt 0.976 0.2706
vt 0.96929 0.29781
vt 0.97328 0.29846
vt 0.96991 0.31633
vt 0.96265 0.32477
vt 0.02671 0.47432
vt 0.02764 0.47975
vt 0.41499 0.32686
vt 0.41835 0.32242
vt 0.4138 0.32202
vt 0.95807 0.3424
vt 0.97018 0.3388
vt 0.96445 0.34545
vt 0.41414 0.26323
vt 0.96254 0.35609
vt 0.97691 0.3512
vt 0.96952 0.36216
vt 0.96304 0.36653
vt 0.9707 0.36926
vt 0.97788 0.37065
vt 0.95267 0.36785
vt 0.96189 0.37256
vt 0.96605 0.3716
vt 0.94688 0.37058
vt 0.93755 0.37095
vt 0.94194 0.37033
vt 0.48631 0.73445
vt 0.93337 0.37046
vt 0.92703 0.37202
vt 0.88687 0.3654
vt 0.89324 0.36541
vt 0.89114 0.36847
vt 0.90492 0.36968
vt 0.74288 0.61213
vt 0.8209 0.62942
vt 0.20758 0.35001
vt 0.77719 0.25883
vt 0.67431 0.26015
vt 0.59458 0.03738
vt 0.61571 0.05496
vt 0.59659 0.05183
vt 0.1747 0.28067
vt 0.02508 0.31694
vt 0.02383 0.32268
vt 0.02323 0.34463
vt 0.02305 0.38506
vt 0.02322 0.41102
vt 0.98069 0.24325
vt 0.97987 0.25815
vt 0.97815 0.28064
vt 0.02345 0.43309
vt 0.9764 0.2975
vt 0.97415 0.31263
vt 0.02429 0.47436
vt 0.974 0.32755
vt 0.02488 0.47966
vt 0.42078 0.32146
vt 0.41644 0.31003
vt 0.415 0.30537
vt 0.41341 0.29587
vt 0.97094 0.32588
vt 0.41245 0.28612
vt 0.97594 0.34112
vt 0.41303 0.27577
vt 0.17506 0.82879
vt 0.17309 0.81934
vt 0.16951 0.81311
vt 0.98016 0.35909
vt 0.98503 0.37184
vt 0.1694 0.80407
vt 0.97693 0.37474
vt 0.98646 0.38043
vt 0.10192 0.4536
vt 0.09369 0.45318
vt 0.09721 0.44891
vt 0.08682 0.44893
vt 0.08874 0.45356
vt 0.0745 0.44863
vt 0.97355 0.37701
vt 0.98272 0.38178
vt 0.16623 0.79712
vt 0.06437 0.44752
vt 0.06702 0.45093
vt 0.98802 0.3853
vt 0.92829 0.37387
vt 0.16658 0.78921
vt 0.16451 0.78964
vt 0.91852 0.37459
vt 0.16488 0.78446
vt 0.90711 0.37367
vt 0.51087 0.74164
vt 0.51136 0.7351
vt 0.51775 0.73286
vt 0.3078 0.03609
vt 0.1429 0.46008
vt 0.14271 0.47218
vt 0.77221 0.2658
vt 0.15648 0.25578
vt 0.80434 0.97709
vt 0.80141 0.97185
vt 0.79979 0.97812
vt 0.02274 0.33355
vt 0.02271 0.35459
vt 0.02278 0.36772
vt 0.02069 0.44066
vt 0.02431 0.4468
vt 0.17401 0.87105
vt 0.17939 0.86447
vt 0.17627 0.86138
vt 0.1779 0.8515
vt 0.1815 0.85111
vt 0.17827 0.84098
vt 0.97809 0.33668
vt 0.97668 0.32395
vt 0.98198 0.34754
vt 0.17895 0.82734
vt 0.98704 0.36176
vt 0.17377 0.81008
vt 0.99138 0.37571
vt 0.10191 0.456
vt 0.07476 0.45105
vt 0.99428 0.38901
vt 0.82458 0.02025
vt 0.82381 0.02319
vt 0.81477 0.0209
vt 0.06015 0.4499
vt 0.06175 0.45412
vt 0.98434 0.38648
vt 0.9893 0.39298
vt 0.83452 0.02134
vt 0.05558 0.45175
vt 0.05214 0.44963
vt 0.50935 0.73569
vt 0.50654 0.73131
vt 0.50483 0.73441
vt 0.86783 0.0267
vt 0.86004 0.02921
vt 0.86324 0.02417
vt 0.84965 0.02744
vt 0.84605 0.02233
vt 0.8394 0.02518
vt 0.31638 0.03996
vt 0.6973 0.60499
vt 0.70641 0.60493
vt 0.82954 0.63686
vt 0.20892 0.39127
vt 0.79381 0.23602
vt 0.79123 0.23831
vt 0.78679 0.24334
vt 0.14083 0.44102
vt 0.81303 0.23195
vt 0.15439 0.90381
vt 0.15238 0.91165
vt 0.67988 0.25687
vt 0.173 0.29751
vt 0.74899 0.25902
vt 0.69059 0.25573
vt 0.82913 0.22462
vt 0.8196 0.22758
vt 0.831 0.23802
vt 0.16121 0.26631
vt 0.1698 0.27897
vt 0.16391 0.27203
vt 0.43948 0.70735
vt 0.4474 0.71247
vt 0.4327 0.71281
vt 0.80555 0.97482
vt 0.80444 0.96745
vt 0.79941 0.95878
vt 0.18159 0.84015
vt 0.98356 0.34327
vt 0.98064 0.33418
vt 0.99171 0.36431
vt 0.98893 0.35675
vt 0.99593 0.37618
vt 0.17573 0.80199
vt 0.17016 0.79212
vt 0.09586 0.45744
vt 0.08784 0.45599
vt 0.81976 0.02679
vt 0.81021 0.02736
vt 0.81026 0.02197
vt 0.07503 0.4548
vt 0.06955 0.45413
vt 0.9996 0.38802
vt 0.05805 0.45539
vt 0.50195 0.72869
vt 0.49858 0.73096
vt 0.51336 0.7317
vt 0.71686 0.61192
vt 0.72675 0.61301
vt 0.76794 0.62237
vt 0.77964 0.6266
vt 0.801 0.63233
vt 0.81117 0.63434
vt 0.84533 0.64348
vt 0.85689 0.65313
vt 0.21569 0.40003
vt 0.20611 0.38668
vt 0.19776 0.36923
vt 0.79898 0.23697
vt 0.77782 0.24704
vt 0.65397 0.25526
vt 0.19082 0.3501
vt 0.1934 0.34116
vt 0.18727 0.33163
vt 0.17536 0.30454
vt 0.76539 0.25571
vt 0.73653 0.25696
vt 0.60993 0.03347
vt 0.62017 0.04758
vt 0.63096 0.05496
vt 0.17168 0.29324
vt 0.16937 0.28408
vt 0.166 0.2777
vt 0.16675 0.27545
vt 0.91712 0.9717
vt 0.9175 0.96818
vt 0.90215 0.97156
vt 0.80355 0.02952
vt 0.8053 0.02454
vt 0.79922 0.02525
vt 0.79177 0.02623
vt 0.79195 0.02202
vt 0.78026 0.02456
vt 0.77971 0.02074
vt 0.06471 0.45664
vt 0.05556 0.45744
vt 0.5182 0.72977
vt 0.52182 0.73086
vt 0.74761 0.62115
vt 0.75479 0.61981
vt 0.79046 0.62903
vt 0.1909 0.3591
vt 0.66202 0.25023
vt 0.17643 0.32438
vt 0.72152 0.25286
vt 0.81237 0.03099
vt 0.7968 0.02878
vt 0.77985 0.02804
vt 0.93371 0.72001
vt 0.93547 0.72689
vt 0.94282 0.7149
vt 0.9046 0.41281
vt 0.89935 0.41997
vt 0.90536 0.42047
vt 0.90663 0.41647
vt 0.89954 0.42536
vt 0.90467 0.42381
vt 0.34884 0.03505
vt 0.34334 0.05091
vt 0.33939 0.03672
vt 0.81866 0.64266
vt 0.1726 0.31384
vt 0.14189 0.49169
vt 0.90663 0.42769
vt 0.72525 0.62233
vt 0.7349 0.62331
vt 0.82658 0.6486
vt 0.83584 0.64955
vt 0.77101 0.23809
vt 0.18364 0.33961
vt 0.13422 0.48201
vt 0.74108 0.24523
vt 0.73194 0.24517
vt 0.70842 0.2474
vt 0.70496 0.25646
vt 0.14707 0.25727
vt 0.16388 0.28347
vt 0.16246 0.27662
vt 0.30976 0.04946
vt 0.71475 0.62029
vt 0.7536 0.629
vt 0.76882 0.63345
vt 0.80672 0.64274
vt 0.84294 0.65771
vt 0.79518 0.22451
vt 0.78378 0.23141
vt 0.13232 0.46637
vt 0.67241 0.24425
vt 0.16711 0.30827
vt 0.6796 0.24463
vt 0.16453 0.30115
vt 0.81225 0.21971
vt 0.74863 0.24629
vt 0.69309 0.24297
vt 0.16257 0.29467
vt 0.15018 0.26577
vt 0.15444 0.27295
vt 0.48959 0.08917
vt 0.47702 0.08456
vt 0.49141 0.07701
vt 0.45999 0.08596
vt 0.46267 0.07456
vt 0.70394 0.61739
vt 0.78231 0.63701
vt 0.79122 0.63897
vt 0.8508 0.65634
vt 0.12966 0.4438
vt 0.82277 0.21719
vt 0.16147 0.29057
vt 0.15731 0.28404
vt 0.55348 0.08908
vt 0.55147 0.09527
vt 0.53703 0.08368
vt 0.32351 0.05028
vt 0.80047 0.64928
vt 0.20262 0.40447
vt 0.78986 0.22279
vt 0.65243 0.23262
vt 0.64815 0.24426
vt 0.49434 0.05254
vt 0.50602 0.05191
vt 0.50536 0.04133
vt 0.54158 0.09703
vt 0.7118 0.62814
vt 0.73652 0.6307
vt 0.8543 0.66708
vt 0.19405 0.38629
vt 0.78542 0.2211
vt 0.12207 0.45477
vt 0.65971 0.23551
vt 0.1264 0.47559
vt 0.16287 0.3234
vt 0.76789 0.23407
vt 0.75246 0.24322
vt 0.69942 0.23627
vt 0.74728 0.24368
vt 0.736 0.24312
vt 0.72713 0.23766
vt 0.72402 0.23513
vt 0.15651 0.2927
vt 0.15065 0.28417
vt 0.14765 0.27606
vt 0.69722 0.6266
vt 0.72291 0.63197
vt 0.74496 0.63616
vt 0.75361 0.64193
vt 0.78844 0.64956
vt 0.81543 0.65787
vt 0.83089 0.66086
vt 0.19662 0.39506
vt 0.18752 0.37214
vt 0.76953 0.2295
vt 0.64853 0.22774
vt 0.18266 0.3615
vt 0.17577 0.35133
vt 0.17409 0.34054
vt 0.80373 0.20937
vt 0.77545 0.24929
vt 0.51374 0.04091
vt 0.75167 0.24124
vt 0.98651 0.5002
vt 0.98536 0.50307
vt 0.98828 0.50673
vt 0.74497 0.24301
vt 0.1424 0.27195
vt 0.98268 0.50975
vt 0.98787 0.51198
vt 0.97769 0.50745
vt 0.77921 0.22371
vt 0.52182 0.4208
vt 0.49434 0.42712
vt 0.51562 0.42906
vt 0.81145 0.20358
vt 0.1198 0.49164
vt 0.15897 0.31009
vt 0.76129 0.23797
vt 0.75746 0.23818
vt 0.51374 0.05909
vt 0.73091 0.23834
vt 0.98551 0.49516
vt 0.97637 0.49687
vt 0.97736 0.50117
vt 0.96915 0.58929
vt 0.97442 0.58719
vt 0.97221 0.59254
vt 0.97063 0.50144
vt 0.97364 0.50855
vt 0.97806 0.58908
vt 0.97854 0.59419
vt 0.76905 0.643
vt 0.78111 0.65144
vt 0.77998 0.21079
vt 0.12127 0.44172
vt 0.78919 0.21268
vt 0.11917 0.48698
vt 0.67927 0.23619
vt 0.14925 0.29833
vt 0.1377 0.26603
vt 0.14287 0.2895
vt 0.13861 0.2802
vt 0.98526 0.48849
vt 0.97648 0.48923
vt 0.96317 0.59847
vt 0.97378 0.59813
vt 0.9728 0.49327
vt 0.05698 0.14851
vt 0.05409 0.15265
vt 0.0578 0.15708
vt 0.05175 0.15826
vt 0.98109 0.59344
vt 0.46622 0.09635
vt 0.45581 0.10533
vt 0.4533 0.09383
vt 0.72876 0.64086
vt 0.73589 0.64941
vt 0.8334 0.67006
vt 0.50572 0.42254
vt 0.6687 0.22431
vt 0.76242 0.23526
vt 0.12995 0.26092
vt 0.72673 0.23062
vt 0.96403 0.49235
vt 0.04993 0.13986
vt 0.04649 0.14633
vt 0.04684 0.1512
vt 0.31979 0.05999
vt 0.30957 0.0661
vt 0.69847 0.63713
vt 0.7072 0.63952
vt 0.71918 0.63943
vt 0.80115 0.66135
vt 0.82101 0.66917
vt 0.84302 0.6736
vt 0.85083 0.6763
vt 0.1938 0.40868
vt 0.18783 0.3929
vt 0.17905 0.38237
vt 0.77495 0.21151
vt 0.17775 0.36755
vt 0.76992 0.21416
vt 0.65401 0.2253
vt 0.15755 0.33295
vt 0.11385 0.47512
vt 0.66079 0.22482
vt 0.15542 0.3249
vt 0.14498 0.3177
vt 0.76714 0.23192
vt 0.68478 0.22253
vt 0.49412 0.29545
vt 0.50167 0.28856
vt 0.51749 0.29545
vt 0.98476 0.48269
vt 0.98392 0.47678
vt 0.72395 0.22822
vt 0.96524 0.60386
vt 0.96333 0.6077
vt 0.97319 0.4812
vt 0.9656 0.48919
vt 0.98246 0.6036
vt 0.75032 0.65845
vt 0.76927 0.65628
vt 0.1876 0.39953
vt 0.78135 0.20714
vt 0.75731 0.22054
vt 0.75821 0.23543
vt 0.17248 0.35838
vt 0.11256 0.487
vt 0.67531 0.22325
vt 0.51195 0.27587
vt 0.52668 0.27929
vt 0.14051 0.30297
vt 0.49353 0.28844
vt 0.13561 0.29607
vt 0.13324 0.27555
vt 0.97656 0.47452
vt 0.9681 0.47733
vt 0.98666 0.59928
vt 0.04405 0.15501
vt 0.29793 0.06569
vt 0.30156 0.05592
vt 0.74253 0.22393
vt 0.16777 0.36448
vt 0.15955 0.35375
vt 0.73665 0.23595
vt 0.15786 0.34853
vt 0.10792 0.48124
vt 0.79765 0.19424
vt 0.11789 0.4929
vt 0.5025 0.28126
vt 0.98526 0.46883
vt 0.97612 0.46912
vt 0.71838 0.6518
vt 0.74388 0.65878
vt 0.75847 0.66237
vt 0.77992 0.66921
vt 0.82385 0.67901
vt 0.17741 0.39412
vt 0.78374 0.20402
vt 0.74975 0.2143
vt 0.14874 0.32409
vt 0.80658 0.19407
vt 0.12385 0.27244
vt 0.13242 0.28301
vt 0.0511 0.13655
vt 0.05073 0.12434
vt 0.04289 0.12956
vt 0.98661 0.60906
vt 0.03933 0.14419
vt 0.30944 0.07636
vt 0.7067 0.64878
vt 0.7268 0.65498
vt 0.83238 0.68191
vt 0.84255 0.68392
vt 0.85034 0.6939
vt 0.85974 0.68254
vt 0.73442 0.22441
vt 0.7288 0.2329
vt 0.98552 0.45988
vt 0.98644 0.46137
vt 0.67083 0.21977
vt 0.68189 0.21786
vt 0.94936 0.47173
vt 0.94874 0.47983
vt 0.95152 0.48012
vt 0.49579 0.27963
vt 0.98349 0.61116
vt 0.04062 0.13483
vt 0.03563 0.15145
vt 0.49976 0.10785
vt 0.49052 0.11737
vt 0.48109 0.11046
vt 0.8098 0.68528
vt 0.77655 0.20104
vt 0.77219 0.20064
vt 0.16123 0.3752
vt 0.75983 0.20663
vt 0.65582 0.21863
vt 0.6501 0.21753
vt 0.15199 0.34291
vt 0.66656 0.21877
vt 0.51562 0.26983
vt 0.97677 0.46122
vt 0.9723 0.45663
vt 0.04262 0.10939
vt 0.04393 0.12191
vt 0.69183 0.65266
vt 0.17344 0.399
vt 0.76777 0.19992
vt 0.78559 0.19831
vt 0.73263 0.22451
vt 0.98677 0.45196
vt 0.14744 0.33195
vt 0.70623 0.22573
vt 0.71063 0.21552
vt 0.69947 0.22493
vt 0.70313 0.2145
vt 0.69229 0.21701
vt 0.67742 0.21581
vt 0.12158 0.27608
vt 0.04859 0.10351
vt 0.32483 0.0775
vt 0.31457 0.08635
vt 0.79524 0.67197
vt 0.80038 0.67905
vt 0.1755 0.40805
vt 0.15823 0.37968
vt 0.7421 0.2155
vt 0.73542 0.22007
vt 0.15291 0.36014
vt 0.14351 0.33987
vt 0.14068 0.33378
vt 0.65817 0.21253
vt 0.12039 0.26548
vt 0.97984 0.45325
vt 0.94969 0.4881
vt 0.95271 0.49091
vt 0.69341 0.21188
vt 0.68907 0.21177
vt 0.67783 0.21272
vt 0.66767 0.21549
vt 0.9764 0.45189
vt 0.1277 0.30699
vt 0.12294 0.29767
vt 0.11845 0.29019
vt 0.02911 0.14535
vt 0.02528 0.15081
vt 0.03507 0.15701
vt 0.03317 0.13402
vt 0.54735 0.13102
vt 0.53097 0.12963
vt 0.54609 0.1209
vt 0.47522 0.12554
vt 0.35534 0.08294
vt 0.33966 0.08833
vt 0.33888 0.08011
vt 0.30209 0.0828
vt 0.73323 0.66942
vt 0.76466 0.67055
vt 0.82792 0.69547
vt 0.77215 0.1956
vt 0.77435 0.18907
vt 0.73974 0.21558
vt 0.14877 0.35257
vt 0.12638 0.82731
vt 0.1346 0.82355
vt 0.13424 0.83182
vt 0.13802 0.32681
vt 0.13192 0.31775
vt 0.69983 0.20843
vt 0.11221 0.27818
vt 0.97956 0.44522
vt 0.68754 0.20865
vt 0.12086 0.83182
vt 0.03622 0.11708
vt 0.92517 0.47237
vt 0.92083 0.4834
vt 0.92821 0.4819
vt 0.03578 0.12627
vt 0.00202 0.71777
vt 0.0041 0.71127
vt 0.01415 0.71777
vt 0.00955 0.70868
vt 0.3513 0.09456
vt 0.77532 0.6818
vt 0.78912 0.68606
vt 0.84041 0.69512
vt 0.75445 0.19765
vt 0.74843 0.20713
vt 0.74356 0.21245
vt 0.7872 0.18431
vt 0.98649 0.4405
vt 0.98706 0.44663
vt 0.79586 0.18062
vt 0.94719 0.49297
vt 0.6439 0.10972
vt 0.63573 0.10557
vt 0.6342 0.11116
vt 0.69394 0.20727
vt 0.97285 0.44442
vt 0.64738 0.20322
vt 0.64083 0.20776
vt 0.67254 0.20153
vt 0.66251 0.20541
vt 0.92337 0.48705
vt 0.70189 0.66028
vt 0.1547 0.39496
vt 0.76349 0.18714
vt 0.7608 0.19083
vt 0.74605 0.20765
vt 0.14833 0.37294
vt 0.14224 0.35984
vt 0.98726 0.43521
vt 0.98072 0.43621
vt 0.13899 0.34529
vt 0.7138 0.20808
vt 0.70708 0.20435
vt 0.80716 0.17873
vt 0.6439 0.10311
vt 0.63817 0.20273
vt 0.63177 0.20652
vt 0.04611 0.09177
vt 0.04052 0.09526
vt 0.67872 0.2023
vt 0.03517 0.79545
vt 0.03517 0.7856
vt 0.02951 0.79122
vt 0.6665 0.20162
vt 0.0285 0.12426
vt 0.02594 0.13138
vt 0.02826 0.13853
vt 0.44624 0.11639
vt 0.44684 0.1367
vt 0.4413 0.12818
vt 0.70895 0.67001
vt 0.72204 0.67187
vt 0.76346 0.68615
vt 0.79597 0.69375
vt 0.83916 0.70544
vt 0.16129 0.40552
vt 0.76886 0.18589
vt 0.74931 0.20278
vt 0.98687 0.42967
vt 0.71917 0.2083
vt 0.97512 0.42982
vt 0.10812 0.28559
vt 0.6947 0.20275
vt 0.11895 0.30414
vt 0.64521 0.19451
vt 0.68732 0.19553
vt 0.03485 0.0957
vt 0.02823 0.11547
vt 0.01947 0.13683
vt 0.19685 0.44256
vt 0.18634 0.44746
vt 0.19685 0.44917
vt 0.47053 0.13742
vt 0.46308 0.12625
vt 0.6908 0.66654
vt 0.74181 0.67561
vt 0.75125 0.68542
vt 0.81933 0.69768
vt 0.85061 0.70864
vt 0.75552 0.19051
vt 0.98754 0.42367
vt 0.97943 0.42378
vt 0.71368 0.20093
vt 0.13486 0.33893
vt 0.69933 0.20204
vt 0.63835 0.10207
vt 0.12171 0.32128
vt 0.10875 0.29802
vt 0.04501 0.07737
vt 0.65189 0.1925
vt 0.66019 0.19606
vt 0.03138 0.7781
vt 0.03136 0.10546
vt 0.91531 0.49244
vt 0.02056 0.13317
vt 0.80354 0.69813
vt 0.76214 0.18052
vt 0.98828 0.4095
vt 0.98422 0.41645
vt 0.78254 0.17529
vt 0.80747 0.17001
vt 0.79611 0.1719
vt 0.70882 0.19761
vt 0.70124 0.19821
vt 0.11769 0.31609
vt 0.0399 0.08466
vt 0.69468 0.19496
vt 0.58569 0.7343
vt 0.58406 0.72686
vt 0.57518 0.72864
vt 0.68403 0.18744
vt 0.67515 0.19465
vt 0.66931 0.19224
vt 0.0227 0.12154
vt 0.78159 0.68892
vt 0.76477 0.17886
vt 0.75944 0.18497
vt 0.13962 0.37678
vt 0.78903 0.17204
vt 0.72754 0.19726
vt 0.13297 0.35627
vt 0.13013 0.3509
vt 0.12488 0.33899
vt 0.80563 0.16288
vt 0.12214 0.32791
vt 0.10307 0.29103
vt 0.67773 0.18499
vt 0.75905 0.18088
vt 0.0578 0.04273
vt 0.05197 0.04229
vt 0.05638 0.0515
vt 0.05178 0.0476
vt 0.14311 0.39001
vt 0.13652 0.36601
vt 0.72854 0.20093
vt 0.74962 0.19531
vt 0.74261 0.19062
vt 0.74295 0.20025
vt 0.73713 0.2042
vt 0.7095 0.1924
vt 0.1121 0.31419
vt 0.10752 0.30179
vt 0.03677 0.07418
vt 0.65978 0.18517
vt 0.66654 0.18597
vt 0.91348 0.50374
vt 0.91907 0.49781
vt 0.327 0.09857
vt 0.31957 0.10658
vt 0.31365 0.09481
vt 0.69788 0.67732
vt 0.71802 0.68152
vt 0.72861 0.68644
vt 0.76877 0.69306
vt 0.77852 0.69556
vt 0.7886 0.69933
vt 0.80898 0.70542
vt 0.8273 0.71289
vt 0.83876 0.71921
vt 0.05386 0.03402
vt 0.74694 0.18367
vt 0.72409 0.19366
vt 0.04158 0.06278
vt 0.71171 0.19464
vt 0.7047 0.19208
vt 0.03234 0.08495
vt 0.58569 0.71326
vt 0.65158 0.1846
vt 0.02771 0.08923
vt 0.02548 0.10152
vt 0.01637 0.11904
vt 0.0139 0.12711
vt 0.7089 0.67995
vt 0.79719 0.70559
vt 0.84539 0.73294
vt 0.13704 0.40585
vt 0.04845 0.03767
vt 0.04348 0.04542
vt 0.71827 0.19151
vt 0.12583 0.35351
vt 0.79604 0.16686
vt 0.78574 0.16546
vt 0.12156 0.34235
vt 0.79951 0.15553
vt 0.11475 0.32616
vt 0.1018 0.29672
vt 0.69971 0.18266
vt 0.57683 0.71116
vt 0.69239 0.17889
vt 0.01913 0.10748
vt 0.01191 0.11564
vt 0.46402 0.14708
vt 0.44392 0.14914
vt 0.45593 0.13972
vt 0.75505 0.69157
vt 0.76088 0.17192
vt 0.75528 0.17324
vt 0.75416 0.17822
vt 0.29582 0.77777
vt 0.28833 0.77331
vt 0.2933 0.78443
vt 0.78942 0.15875
vt 0.71678 0.18927
vt 0.80723 0.15743
vt 0.11651 0.335
vt 0.10805 0.32128
vt 0.02914 0.07113
vt 0.78375 0.45186
vt 0.78079 0.45059
vt 0.78267 0.45661
vt 0.19534 0.81383
vt 0.19214 0.81242
vt 0.18832 0.82273
vt 0.91215 0.51504
vt 0.91828 0.50811
vt 0.67479 0.17826
vt 0.74647 0.69194
vt 0.76949 0.69813
vt 0.78486 0.70204
vt 0.82511 0.71828
vt 0.27529 0.76162
vt 0.274 0.75542
vt 0.27046 0.75913
vt 0.04978 0.02686
vt 0.04499 0.03046
vt 0.73572 0.19466
vt 0.73768 0.18625
vt 0.12622 0.3661
vt 0.72417 0.18194
vt 0.03382 0.05742
vt 0.11889 0.35419
vt 0.10801 0.33197
vt 0.78374 0.44382
vt 0.1023 0.31183
vt 0.77446 0.45273
vt 0.02103 0.08769
vt 0.66114 0.17573
vt 0.68899 0.1725
vt 0.66795 0.17491
vt 0.47823 0.14916
vt 0.46852 0.15651
vt 0.43943 0.1588
vt 0.43603 0.14998
vt 0.31229 0.11723
vt 0.30665 0.10715
vt 0.71488 0.69145
vt 0.73716 0.69701
vt 0.7489 0.69797
vt 0.75454 0.69818
vt 0.76106 0.6995
vt 0.77668 0.70147
vt 0.78863 0.7065
vt 0.80797 0.71898
vt 0.28139 0.75675
vt 0.27605 0.75304
vt 0.03896 0.03375
vt 0.13615 0.4024
vt 0.03737 0.04593
vt 0.04098 0.05441
vt 0.71986 0.18281
vt 0.62611 0.08802
vt 0.62783 0.09684
vt 0.63096 0.08824
vt 0.11368 0.34485
vt 0.09406 0.30867
vt 0.80566 0.14353
vt 0.78132 0.44085
vt 0.77814 0.44832
vt 0.02487 0.07307
vt 0.70642 0.17935
vt 0.77013 0.45369
vt 0.01502 0.09108
vt 0.65194 0.17639
vt 0.64351 0.17745
vt 0.71342 0.39793
vt 0.70857 0.41134
vt 0.71342 0.41446
vt 0.70406 0.17333
vt 0.68156 0.17199
vt 0.704 0.68929
vt 0.72186 0.6944
vt 0.06546 0.97378
vt 0.05853 0.97258
vt 0.05763 0.97603
vt 0.62207 0.36522
vt 0.61874 0.3657
vt 0.62103 0.3597
vt 0.79277 0.70929
vt 0.79751 0.71408
vt 0.80144 0.7096
vt 0.27016 0.75202
vt 0.26489 0.75958
vt 0.12699 0.3965
vt 0.12207 0.38577
vt 0.94747 0.52817
vt 0.95114 0.5327
vt 0.95053 0.5237
vt 0.7415 0.18784
vt 0.73262 0.17627
vt 0.30303 0.77628
vt 0.30605 0.76965
vt 0.29727 0.76527
vt 0.46791 0.43571
vt 0.45941 0.43215
vt 0.46229 0.44233
vt 0.92535 0.51915
vt 0.92765 0.52682
vt 0.93256 0.51125
vt 0.77208 0.44633
vt 0.76691 0.44742
vt 0.74265 0.7013
vt 0.07297 0.97616
vt 0.08138 0.97545
vt 0.0726 0.96872
vt 0.06403 0.96679
vt 0.61888 0.35673
vt 0.62164 0.35496
vt 0.80283 0.72041
vt 0.81039 0.72503
vt 0.83772 0.73602
vt 0.26236 0.75037
vt 0.1057 0.36135
vt 0.79149 0.14163
vt 0.78651 0.15166
vt 0.02713 0.05885
vt 0.63096 0.10041
vt 0.10501 0.34555
vt 0.10517 0.33957
vt 0.7977 0.14202
vt 0.78167 0.43205
vt 0.10006 0.32776
vt 0.09337 0.32077
vt 0.77731 0.43996
vt 0.02085 0.07207
vt 0.21159 0.79881
vt 0.20358 0.79896
vt 0.20266 0.80912
vt 0.1956 0.80218
vt 0.65207 0.17111
vt 0.69891 0.16897
vt 0.67781 0.16662
vt 0.48234 0.15865
vt 0.47756 0.16825
vt 0.71115 0.69987
vt 0.0873 0.9781
vt 0.08377 0.97128
vt 0.07936 0.96737
vt 0.05918 0.95626
vt 0.05553 0.96622
vt 0.61645 0.35097
vt 0.62263 0.3484
vt 0.62108 0.34164
vt 0.62394 0.34097
vt 0.27562 0.74003
vt 0.27224 0.73856
vt 0.25148 0.7566
vt 0.25842 0.75995
vt 0.29871 0.75925
vt 0.29025 0.75976
vt 0.02698 0.0462
vt 0.74632 0.18072
vt 0.94675 0.53835
vt 0.93739 0.52849
vt 0.93936 0.54305
vt 0.77859 0.43346
vt 0.7647 0.44159
vt 0.7607 0.44853
vt 0.71122 0.16982
vt 0.66368 0.16486
vt 0.69183 0.16608
vt 0.67034 0.16688
vt 0.45907 0.16023
vt 0.75073 0.70309
vt 0.06827 0.9588
vt 0.04933 0.97325
vt 0.62478 0.33547
vt 0.80481 0.72652
vt 0.2672 0.73903
vt 0.87268 0.06613
vt 0.8604 0.06157
vt 0.87131 0.06925
vt 0.24315 0.7664
vt 0.94792 0.54264
vt 0.95271 0.54121
vt 0.11192 0.37375
vt 0.30747 0.75682
vt 0.72732 0.17284
vt 0.02191 0.05839
vt 0.76975 0.43488
vt 0.01172 0.07568
vt 0.32001 0.12057
vt 0.31304 0.13102
vt 0.72955 0.70863
vt 0.74127 0.70512
vt 0.09237 0.97471
vt 0.09436 0.97005
vt 0.07557 0.95572
vt 0.05239 0.95736
vt 0.04773 0.96034
vt 0.60623 0.35779
vt 0.61684 0.34264
vt 0.62034 0.33636
vt 0.82228 0.73051
vt 0.82761 0.74007
vt 0.83932 0.74534
vt 0.86152 0.07296
vt 0.7476 0.17418
vt 0.14783 0.7769
vt 0.14348 0.77597
vt 0.15116 0.78571
vt 0.82688 0.12004
vt 0.81493 0.11686
vt 0.81845 0.12893
vt 0.81015 0.12426
vt 0.80983 0.13254
vt 0.79984 0.12862
vt 0.7776 0.42582
vt 0.21715 0.78452
vt 0.20727 0.78921
vt 0.76164 0.43727
vt 0.75531 0.44303
vt 0.70419 0.16301
vt 0.71151 0.16428
vt 0.33263 0.1197
vt 0.3307 0.13188
vt 0.32393 0.12829
vt 0.2997 0.13425
vt 0.30301 0.12002
vt 0.7177 0.71218
vt 0.08381 0.96199
vt 0.06591 0.95173
vt 0.60639 0.34985
vt 0.61118 0.34251
vt 0.6246 0.32639
vt 0.25747 0.74294
vt 0.25155 0.74782
vt 0.8501 0.07013
vt 0.31447 0.7577
vt 0.09662 0.36011
vt 0.31637 0.76628
vt 0.78375 0.42183
vt 0.78127 0.42169
vt 0.81651 0.11029
vt 0.79264 0.13209
vt 0.23368 0.77496
vt 0.22564 0.77364
vt 0.22654 0.78616
vt 0.767 0.43153
vt 0.20095 0.78547
vt 0.65923 0.16165
vt 0.64622 0.16482
vt 0.75487 0.44791
vt 0.69397 0.15819
vt 0.67562 0.15994
vt 0.51643 0.16659
vt 0.52148 0.17386
vt 0.50622 0.17488
vt 0.2936 0.13052
vt 0.10155 0.97751
vt 0.08733 0.95973
vt 0.04909 0.94944
vt 0.5944 0.35479
vt 0.61537 0.33629
vt 0.61935 0.33127
vt 0.62141 0.32866
vt 0.27233 0.72836
vt 0.26558 0.72577
vt 0.82747 0.75234
vt 0.75254 0.17625
vt 0.83657 0.07952
vt 0.84224 0.09084
vt 0.24173 0.75815
vt 0.7394 0.16737
vt 0.2313 0.76479
vt 0.82845 0.1148
vt 0.82487 0.09932
vt 0.75867 0.43274
vt 0.44671 0.42222
vt 0.44215 0.42929
vt 0.45259 0.43
vt 0.75252 0.43866
vt 0.74748 0.44126
vt 0.70121 0.1586
vt 0.8967 0.39587
vt 0.89192 0.40124
vt 0.87833 0.39298
vt 0.06756 0.93866
vt 0.05915 0.94081
vt 0.62188 0.32111
vt 0.27401 0.71688
vt 0.2685 0.71486
vt 0.80951 0.74923
vt 0.25924 0.72459
vt 0.25694 0.73479
vt 0.24979 0.73776
vt 0.41835 0.73891
vt 0.40582 0.73315
vt 0.40524 0.74146
vt 0.83361 0.08867
vt 0.73044 0.16259
vt 0.83344 0.10075
vt 0.14388 0.76718
vt 0.32357 0.76032
vt 0.32461 0.75013
vt 0.34173 0.76573
vt 0.3395 0.7535
vt 0.33115 0.7625
vt 0.77747 0.4195
vt 0.76592 0.42713
vt 0.74579 0.44605
vt 0.71368 0.15449
vt 0.70537 0.1527
vt 0.87877 0.40124
vt 0.29546 0.14542
vt 0.28878 0.13936
vt 0.72246 0.71612
vt 0.72787 0.71707
vt 0.05093 0.93853
vt 0.61988 0.32346
vt 0.59631 0.36242
vt 0.58882 0.36135
vt 0.61467 0.32863
vt 0.59074 0.34918
vt 0.60023 0.3419
vt 0.80651 0.76152
vt 0.16941 0.76407
vt 0.16979 0.75381
vt 0.16427 0.76543
vt 0.13861 0.76838
vt 0.13742 0.7703
vt 0.1412 0.77683
vt 0.92702 0.55518
vt 0.9326 0.55422
vt 0.92851 0.54034
vt 0.19337 0.77659
vt 0.1951 0.78712
vt 0.21484 0.77212
vt 0.20734 0.77666
vt 0.75111 0.43184
vt 0.66363 0.14941
vt 0.65431 0.15758
vt 0.74246 0.434
vt 0.6702 0.15307
vt 0.71019 0.14762
vt 0.70209 0.15214
vt 0.69665 0.15419
vt 0.90097 0.39891
vt 0.30558 0.14216
vt 0.09906 0.95518
vt 0.09711 0.96532
vt 0.08033 0.93715
vt 0.04595 0.94241
vt 0.62267 0.31533
vt 0.62507 0.31402
vt 0.81052 0.73594
vt 0.80225 0.75021
vt 0.58151 0.35319
vt 0.59794 0.3312
vt 0.82819 0.76273
vt 0.838 0.75978
vt 0.39381 0.73251
vt 0.16054 0.74827
vt 0.82303 0.08545
vt 0.81403 0.09513
vt 0.80605 0.09735
vt 0.80575 0.10785
vt 0.22387 0.76333
vt 0.78184 0.41401
vt 0.65188 0.14986
vt 0.74305 0.43936
vt 0.68792 0.15658
vt 0.68262 0.1524
vt 0.85408 0.48223
vt 0.84923 0.48223
vt 0.85336 0.47727
vt 0.71819 0.1458
vt 0.09064 0.95139
vt 0.59025 0.34197
vt 0.15372 0.76523
vt 0.14438 0.7592
vt 0.77925 0.4105
vt 0.77551 0.41323
vt 0.75976 0.42169
vt 0.75414 0.42721
vt 0.02326 0.27562
vt 0.0157 0.28636
vt 0.01172 0.27969
vt 0.71338 0.14026
vt 0.70351 0.14362
vt 0.26963 0.62226
vt 0.26446 0.63824
vt 0.27338 0.63688
vt 0.72516 0.72331
vt 0.1064 0.96375
vt 0.10493 0.95508
vt 0.26738 0.68657
vt 0.25606 0.69312
vt 0.27204 0.70504
vt 0.61695 0.3145
vt 0.62469 0.30866
vt 0.60974 0.31837
vt 0.60022 0.32399
vt 0.57864 0.362
vt 0.24721 0.72619
vt 0.23989 0.74476
vt 0.17549 0.7456
vt 0.17369 0.74039
vt 0.3124 0.74296
vt 0.31416 0.72783
vt 0.30431 0.73904
vt 0.22952 0.74527
vt 0.23212 0.75409
vt 0.35376 0.74192
vt 0.3348 0.74534
vt 0.34764 0.75021
vt 0.13423 0.76063
vt 0.13148 0.76188
vt 0.78336 0.40336
vt 0.67305 0.14132
vt 0.68922 0.14285
vt 0.71921 0.13939
vt 0.69401 0.14683
vt 0.70753 0.14093
vt 0.30482 0.15542
vt 0.28867 0.15711
vt 0.09146 0.94172
vt 0.06067 0.92799
vt 0.25775 0.70781
vt 0.05249 0.92464
vt 0.62205 0.30967
vt 0.04442 0.93208
vt 0.58246 0.34559
vt 0.81752 0.76785
vt 0.39459 0.72039
vt 0.23913 0.7255
vt 0.23048 0.73365
vt 0.38891 0.74297
vt 0.3755 0.72891
vt 0.37426 0.74119
vt 0.78021 0.40429
vt 0.7605 0.41608
vt 0.7517 0.42005
vt 0.03382 0.27589
vt 0.02746 0.28636
vt 0.27619 0.16164
vt 0.28119 0.16489
vt 0.27662 0.16802
vt 0.10494 0.94251
vt 0.0989 0.94061
vt 0.06927 0.92451
vt 0.62425 0.30245
vt 0.24742 0.69871
vt 0.24714 0.71307
vt 0.57984 0.33561
vt 0.38352 0.72041
vt 0.36578 0.73289
vt 0.14825 0.74438
vt 0.34277 0.7318
vt 0.33292 0.73294
vt 0.13371 0.7511
vt 0.12769 0.75598
vt 0.77382 0.40576
vt 0.7437 0.42673
vt 0.73686 0.42864
vt 0.68434 0.14189
vt 0.71292 0.13517
vt 0.69981 0.13852
vt 0.24418 0.61952
vt 0.23995 0.63081
vt 0.25989 0.63074
vt 0.1112 0.94988
vt 0.11074 0.9618
vt 0.09295 0.93399
vt 0.24892 0.65323
vt 0.2494 0.66756
vt 0.26741 0.6639
vt 0.08043 0.92211
vt 0.61325 0.30618
vt 0.56533 0.36189
vt 0.56451 0.35608
vt 0.1642 0.73519
vt 0.12534 0.76467
vt 0.13077 0.76485
vt 0.08331 0.78239
vt 0.08694 0.77404
vt 0.07639 0.77402
vt 0.74549 0.42037
vt 0.2509 0.64079
vt 0.08866 0.92796
vt 0.0629 0.9112
vt 0.62456 0.29711
vt 0.62692 0.29896
vt 0.05357 0.91046
vt 0.61136 0.30137
vt 0.04822 0.9157
vt 0.04228 0.91864
vt 0.60739 0.30781
vt 0.5981 0.31639
vt 0.56445 0.34798
vt 0.58482 0.33034
vt 0.58996 0.32335
vt 0.18005 0.72878
vt 0.16791 0.72442
vt 0.15139 0.73597
vt 0.1233 0.75801
vt 0.12192 0.76268
vt 0.75775 0.4108
vt 0.09836 0.80205
vt 0.10772 0.80118
vt 0.09083 0.79247
vt 0.73981 0.42206
vt 0.03678 0.28138
vt 0.70973 0.13248
vt 0.70492 0.13481
vt 0.11052 0.93053
vt 0.76714 0.88922
vt 0.76313 0.89993
vt 0.76105 0.891
vt 0.10223 0.93072
vt 0.76927 0.93858
vt 0.77207 0.93838
vt 0.7714 0.94573
vt 0.57146 0.34403
vt 0.37574 0.71892
vt 0.36558 0.71863
vt 0.77069 0.39884
vt 0.74817 0.41208
vt 0.1349 0.80397
vt 0.13308 0.80889
vt 0.13663 0.81019
vt 0.69567 0.1334
vt 0.67965 0.13798
vt 0.70486 0.13227
vt 0.07499 0.91634
vt 0.04439 0.90324
vt 0.18424 0.71843
vt 0.17449 0.71284
vt 0.35372 0.71913
vt 0.35732 0.72892
vt 0.3375 0.7207
vt 0.1153 0.76641
vt 0.12423 0.77106
vt 0.13663 0.79893
vt 0.13157 0.79313
vt 0.12872 0.79857
vt 0.10441 0.79211
vt 0.09624 0.79154
vt 0.12881 0.80445
vt 0.12064 0.8078
vt 0.11312 0.80002
vt 0.53112 0.21755
vt 0.52848 0.22622
vt 0.51733 0.21683
vt 0.10318 0.91598
vt 0.22718 0.67705
vt 0.22582 0.6912
vt 0.2363 0.68449
vt 0.78756 0.76944
vt 0.78303 0.77061
vt 0.78951 0.78636
vt 0.05624 0.9022
vt 0.59356 0.30884
vt 0.58564 0.31701
vt 0.55457 0.35118
vt 0.15541 0.72365
vt 0.56253 0.33933
vt 0.36019 0.7046
vt 0.09688 0.78143
vt 0.09054 0.76959
vt 0.12313 0.80474
vt 0.1116 0.91792
vt 0.08721 0.90814
vt 0.19442 0.70149
vt 0.20014 0.6933
vt 0.1911 0.69832
vt 0.1863 0.70569
vt 0.04763 0.89648
vt 0.60001 0.30002
vt 0.33083 0.71625
vt 0.33032 0.70276
vt 0.32312 0.70226
vt 0.04002 0.90397
vt 0.55076 0.36069
vt 0.57464 0.32501
vt 0.57221 0.33042
vt 0.12493 0.74227
vt 0.12994 0.7344
vt 0.12163 0.73571
vt 0.11843 0.74579
vt 0.11347 0.73605
vt 0.11302 0.74272
vt 0.11469 0.93742
vt 0.12019 0.9377
vt 0.12093 0.93214
vt 0.11867 0.92609
vt 0.75622 0.94701
vt 0.75326 0.93875
vt 0.76494 0.93915
vt 0.16593 0.71453
vt 0.19426 0.62535
vt 0.19214 0.63662
vt 0.2022 0.63441
vt 0.06505 0.89656
vt 0.38234 0.68943
vt 0.38005 0.67773
vt 0.37232 0.68811
vt 0.58573 0.30335
vt 0.11623 0.91431
vt 0.07645 0.89371
vt 0.36279 0.67841
vt 0.15677 0.71153
vt 0.14986 0.72031
vt 0.58079 0.30956
vt 0.54196 0.35434
vt 0.57135 0.31767
vt 0.55893 0.33112
vt 0.11165 0.90456
vt 0.10396 0.90518
vt 0.05782 0.88573
vt 0.05022 0.88037
vt 0.55076 0.34568
vt 0.55717 0.33773
vt 0.5627 0.32434
vt 0.19276 0.64801
vt 0.17548 0.66656
vt 0.19376 0.66022
vt 0.0885 0.89437
vt 0.18837 0.66841
vt 0.17471 0.6782
vt 0.04363 0.88563
vt 0.53264 0.36412
vt 0.11096 0.6962
vt 0.11759 0.69342
vt 0.10871 0.68593
vt 0.05237 0.87736
vt 0.12368 0.90817
vt 0.11823 0.90242
vt 0.17305 0.64413
vt 0.1652 0.64804
vt 0.17138 0.65806
vt 0.10464 0.8922
vt 0.09132 0.88502
vt 0.08126 0.88077
vt 0.06669 0.88055
vt 0.569 0.30811
vt 0.52609 0.35892
vt 0.52774 0.34991
vt 0.53023 0.34465
vt 0.54226 0.33903
vt 0.5471 0.33131
vt 0.55237 0.32448
vt 0.06024 0.8653
vt 0.04599 0.86893
vt 0.5599 0.31716
vt 0.11472 0.89334
vt 0.1084 0.8882
vt 0.57216 0.29879
vt 0.51608 0.3657
vt 0.05371 0.86545
vt 0.51409 0.36039
vt 0.09658 0.87743
vt 0.07132 0.86611
vt 0.72106 0.96364
vt 0.71495 0.95457
vt 0.72706 0.95413
vt 0.56302 0.30022
vt 0.55816 0.30769
vt 0.55133 0.31254
vt 0.54824 0.31966
vt 0.52707 0.33848
vt 0.53428 0.33344
vt 0.11347 0.88472
vt 0.08997 0.8739
vt 0.51142 0.35517
vt 0.53582 0.32699
vt 0.09994 0.8722
vt 0.04853 0.86017
vt 0.04106 0.86608
vt 0.11969 0.88532
vt 0.10119 0.86716
vt 0.07971 0.86513
vt 0.06275 0.85547
vt 0.7144 0.94709
vt 0.72681 0.94708
vt 0.05769 0.85579
vt 0.55025 0.30737
vt 0.04229 0.85263
vt 0.50557 0.35205
vt 0.53646 0.31827
vt 0.50826 0.34652
vt 0.10997 0.87402
vt 0.08852 0.86398
vt 0.05072 0.84791
vt 0.04893 0.84822
vt 0.50079 0.35835
vt 0.5132 0.34007
vt 0.52184 0.33269
vt 0.07274 0.85757
vt 0.52985 0.32522
vt 0.08217 0.85576
vt 0.70093 0.95301
vt 0.7051 0.94598
vt 0.53659 0.3102
vt 0.10386 0.85752
vt 0.52338 0.31865
vt 0.51214 0.32484
vt 0.50991 0.33216
vt 0.09207 0.85921
vt 0.07554 0.84528
vt 0.06628 0.84585
vt 0.69423 0.94621
vt 0.69476 0.96171
vt 0.68864 0.95128
vt 0.53283 0.30409
vt 0.0426 0.84342
vt 0.52479 0.31232
vt 0.48998 0.35002
vt 0.11048 0.86183
vt 0.08573 0.84813
vt 0.05909 0.83882
vt 0.68071 0.96469
vt 0.67964 0.95629
vt 0.49246 0.35445
vt 0.49537 0.34227
vt 0.137 0.20219
vt 0.12453 0.20562
vt 0.13448 0.19139
vt 0.09493 0.85189
vt 0.52361 0.30292
vt 0.67899 0.95177
vt 0.05381 0.82973
vt 0.51384 0.31329
vt 0.09958 0.8442
vt 0.04711 0.83009
vt 0.49747 0.3341
vt 0.10707 0.8477
vt 0.07903 0.83478
vt 0.50315 0.3209
vt 0.47866 0.35056
vt 0.48723 0.34149
vt 0.09179 0.84086
vt 0.08555 0.83906
vt 0.06878 0.82831
vt 0.0622 0.8249
vt 0.47936 0.34639
vt 0.49769 0.32762
vt 0.50543 0.30677
vt 0.50049 0.31597
vt 0.66749 0.94994
vt 0.66079 0.94316
vt 0.67924 0.94516
vt 0.05166 0.81965
vt 0.47425 0.34185
vt 0.47913 0.33592
vt 0.09939 0.83823
vt 0.07321 0.82356
vt 0.48729 0.32629
vt 0.09726 0.21525
vt 0.08922 0.23508
vt 0.07862 0.23151
vt 0.091 0.83117
vt 0.08375 0.82797
vt 0.65351 0.95941
vt 0.64754 0.95186
vt 0.66159 0.95548
vt 0.05654 0.81764
vt 0.46801 0.34598
vt 0.46898 0.34177
vt 0.47199 0.3341
vt 0.06441 0.813
vt 0.63207 0.95699
vt 0.62595 0.96354
vt 0.64532 0.9657
vt 0.05773 0.81061
vt 0.46442 0.33798
vt 0.07181 0.24407
vt 0.04874 0.24133
vt 0.08677 0.82253
vt 0.07739 0.81907
vt 0.45854 0.3404
vt 0.46985 0.32926
vt 0.48253 0.32358
vt 0.07904 0.81371
vt 0.06872 0.80993
vt 0.07162 0.81694
vt 0.46026 0.33717
vt 0.46212 0.3336
vt 0.0321 0.25437
vt 0.02541 0.26021
vt 0.01221 0.26005
vt 0.06131 0.8062
vt 0.60352 0.95966
vt 0.60327 0.95586
vt 0.61415 0.95474
vt 0.61223 0.96123
vt 0.45473 0.33565
vt 0.59971 0.96028
vt 0.59943 0.9547
vt 0.20784 0.06108
vt 0.2039 0.05552
vt 0.19584 0.06121
vt 0.19434 0.06813
vt 0.45491 0.92971
vt 0.1881 0.06707
vt 0.18612 0.07332
vt 0.18011 0.07111
vt 0.17892 0.079
vt 0.18504 0.0613
vt 0.18052 0.06463
vt 0.17188 0.07562
vt 0.18977 0.05567
vt 0.41822 0.97562
vt 0.17297 0.06948
vt 0.44258 0.92166
vt 0.43642 0.92494
vt 0.16792 0.07645
vt 0.16653 0.08133
vt 0.17521 0.05787
vt 0.16929 0.0729
vt 0.18245 0.05351
vt 0.429 0.92025
vt 0.17267 0.05957
vt 0.17146 0.06674
vt 0.15859 0.08306
vt 0.1777 0.04703
vt 0.16783 0.06101
vt 0.15949 0.06658
vt 0.17406 0.05277
vt 0.14933 0.07527
vt 0.14883 0.08158
vt 0.15396 0.07146
vt 0.18063 0.0376
vt 0.16978 0.0552
vt 0.17096 0.04951
vt 0.17652 0.04137
vt 0.15631 0.05335
vt 0.15253 0.06071
vt 0.13418 0.0768
vt 0.13693 0.08146
vt 0.41078 0.90996
vt 0.39569 0.91168
vt 0.0675 0.14421
vt 0.14433 0.0657
vt 0.13838 0.07134
vt 0.17059 0.03569
vt 0.12402 0.07977
vt 0.39985 0.90388
vt 0.3858 0.91436
vt 0.14722 0.05495
vt 0.13565 0.06339
vt 0.12735 0.06794
vt 0.12583 0.07375
vt 0.14783 0.04716
vt 0.3919 0.90249
vt 0.37053 0.92256
vt 0.22272 0.52603
vt 0.21302 0.53143
vt 0.22272 0.53347
vt 0.37773 0.90477
vt 0.35493 0.93379
vt 0.3626 0.91569
vt 0.13547 0.05674
vt 0.13838 0.04965
vt 0.11123 0.07518
vt 0.11568 0.08098
vt 0.3806 0.89898
vt 0.37152 0.90627
vt 0.11451 0.06978
vt 0.98687 0.96983
vt 0.99636 0.97645
vt 0.97696 0.97645
vt 0.34925 0.93152
vt 0.12266 0.0598
vt 0.13856 0.04262
vt 0.13177 0.04431
vt 0.10349 0.08048
vt 0.1286 0.04684
vt 0.37345 0.89987
vt 0.36453 0.90115
vt 0.96446 0.08423
vt 0.95631 0.09132
vt 0.95513 0.08376
vt 0.11098 0.06179
vt 0.10477 0.06945
vt 0.35054 0.92264
vt 0.11666 0.0484
vt 0.091 0.07461
vt 0.09656 0.08306
vt 0.13211 0.03077
vt 0.96197 0.07699
vt 0.67945 0.43703
vt 0.66868 0.4245
vt 0.1084 0.05303
vt 0.08565 0.07854
vt 0.9711 0.07886
vt 0.97088 0.09132
vt 0.34829 0.91505
vt 0.0966 0.43017
vt 0.09217 0.06109
vt 0.67626 0.4832
vt 0.68209 0.48397
vt 0.67998 0.47383
vt 0.68451 0.45145
vt 0.09177 0.06791
vt 0.97211 0.07231
vt 0.13017 0.02555
vt 0.68292 0.49477
vt 0.67526 0.48966
vt 0.67279 0.47922
vt 0.66053 0.4354
vt 0.65775 0.42078
vt 0.4158 0.56742
vt 0.11379 0.02694
vt 0.35221 0.90598
vt 0.67304 0.50421
vt 0.67003 0.48291
vt 0.67178 0.4731
vt 0.6554 0.42427
vt 0.4232 0.57985
vt 0.09232 0.05147
vt 0.08548 0.06932
vt 0.08007 0.07573
vt 0.54527 0.26901
vt 0.66975 0.49008
vt 0.1003 0.04375
vt 0.08076 0.0708
vt 0.67302 0.5232
vt 0.1831 0.78519
vt 0.1802 0.78981
vt 0.1831 0.79711
vt 0.66559 0.47518
vt 0.65233 0.43751
vt 0.67369 0.55951
vt 0.0805 0.06413
vt 0.10569 0.04049
vt 0.17987 0.78471
vt 0.67221 0.53935
vt 0.66387 0.49531
vt 0.66495 0.48143
vt 0.66339 0.46946
vt 0.39708 0.89784
vt 0.68067 0.57108
vt 0.08424 0.05988
vt 0.07778 0.0715
vt 0.09836 0.03315
vt 0.66556 0.52024
vt 0.66409 0.51032
vt 0.6469 0.42194
vt 0.74899 0.88604
vt 0.7419 0.89036
vt 0.74425 0.88589
vt 0.66793 0.5386
vt 0.65575 0.47479
vt 0.65404 0.468
vt 0.656 0.46006
vt 0.15021 0.13589
vt 0.64551 0.42907
vt 0.64329 0.41258
vt 0.67039 0.56849
vt 0.08436 0.05115
vt 0.16622 0.12453
vt 0.66789 0.57979
vt 0.37828 0.25165
vt 0.66113 0.54151
vt 0.75744 0.8794
vt 0.08103 0.05398
vt 0.08909 0.04313
vt 0.65963 0.52307
vt 0.65293 0.50164
vt 0.65013 0.49315
vt 0.64694 0.46191
vt 0.15642 0.13675
vt 0.6375 0.41758
vt 0.66324 0.57055
vt 0.66526 0.5567
vt 0.09001 0.03637
vt 0.65155 0.47765
vt 0.1782 0.12363
vt 0.17352 0.12941
vt 0.18647 0.12105
vt 0.63532 0.40764
vt 0.28294 0.8481
vt 0.09056 0.02832
vt 0.32251 0.43989
vt 0.63204 0.42695
vt 0.30531 0.39354
vt 0.65616 0.5616
vt 0.64188 0.47284
vt 0.63609 0.4435
vt 0.17367 0.13715
vt 0.18855 0.12528
vt 0.64624 0.54231
vt 0.64979 0.52471
vt 0.08281 0.03139
vt 0.64677 0.51575
vt 0.62413 0.3991
vt 0.65985 0.58942
vt 0.65762 0.57671
vt 0.65238 0.55772
vt 0.64305 0.50356
vt 0.17382 0.13912
vt 0.62557 0.41666
vt 0.17819 0.13803
vt 0.18722 0.13375
vt 0.62799 0.40907
vt 0.9588 0.83364
vt 0.9713 0.84421
vt 0.95483 0.84421
vt 0.20489 0.46351
vt 0.21725 0.85245
vt 0.65037 0.5748
vt 0.62499 0.46361
vt 0.39851 0.84737
vt 0.34807 0.84192
vt 0.22418 0.83743
vt 0.64257 0.55611
vt 0.63654 0.52296
vt 0.6246 0.44703
vt 0.62064 0.43111
vt 0.18684 0.14013
vt 0.18792 0.13775
vt 0.19389 0.13983
vt 0.42557 0.83294
vt 0.27373 0.82777
vt 0.64671 0.59427
vt 0.95432 0.83099
vt 0.64496 0.57224
vt 0.61913 0.41901
vt 0.19194 0.14154
vt 0.61753 0.41022
vt 0.45968 0.8138
vt 0.28657 0.8211
vt 0.26084 0.82243
vt 0.71665 0.45962
vt 0.42714 0.82037
vt 0.41712 0.82872
vt 0.71514 0.50041
vt 0.30855 0.81428
vt 0.31778 0.82285
vt 0.30608 0.82679
vt 0.24127 0.82768
vt 0.66017 0.63412
vt 0.65466 0.62894
vt 0.6459 0.6222
vt 0.88076 0.70455
vt 0.26756 0.81824
vt 0.29814 0.81958
vt 0.31833 0.81363
vt 0.33815 0.81794
vt 0.63664 0.58304
vt 0.63239 0.56049
vt 0.62771 0.54192
vt 0.84718 0.29499
vt 0.61147 0.43266
vt 0.61131 0.4223
vt 0.41727 0.81374
vt 0.28984 0.81076
vt 0.63747 0.61278
vt 0.3268 0.80961
vt 0.63452 0.59391
vt 0.6147 0.44697
vt 0.65354 0.63902
vt 0.30051 0.80786
vt 0.24246 0.81776
vt 0.21369 0.13542
vt 0.4917 0.79688
vt 0.27873 0.81512
vt 0.27024 0.80845
vt 0.1496 0.88967
vt 0.15643 0.88586
vt 0.14592 0.8779
vt 0.31394 0.80251
vt 0.24869 0.81433
vt 0.6289 0.57608
vt 0.60634 0.46498
vt 0.20919 0.14481
vt 0.21153 0.14221
vt 0.43992 0.80168
vt 0.40523 0.81186
vt 0.40098 0.81936
vt 0.64259 0.6293
vt 0.25985 0.80897
vt 0.14714 0.86736
vt 0.15643 0.87062
vt 0.6885 0.81776
vt 0.47275 0.7909
vt 0.47697 0.79668
vt 0.42435 0.80251
vt 0.27911 0.80119
vt 0.61335 0.51326
vt 0.60621 0.4878
vt 0.59852 0.45295
vt 0.59954 0.44872
vt 0.60155 0.43602
vt 0.60198 0.42615
vt 0.83956 0.28545
vt 0.21504 0.14503
vt 0.21929 0.14329
vt 0.42942 0.79928
vt 0.63438 0.62372
vt 0.28971 0.7992
vt 0.26728 0.79625
vt 0.23784 0.80843
vt 0.68746 0.80159
vt 0.21983 0.81554
vt 0.65576 0.33349
vt 0.91654 0.70537
vt 0.22083 0.1391
vt 0.67502 0.80932
vt 0.66011 0.81391
vt 0.66144 0.80107
vt 0.69233 0.80208
vt 0.22721 0.80364
vt 0.61996 0.58503
vt 0.61673 0.57486
vt 0.61534 0.5536
vt 0.61091 0.53251
vt 0.48524 0.78494
vt 0.51149 0.78618
vt 0.39101 0.81407
vt 0.6381 0.65044
vt 0.64936 0.80351
vt 0.25074 0.80477
vt 0.24078 0.7986
vt 0.22336 0.80749
vt 0.58154 0.80241
vt 0.58275 0.81302
vt 0.71699 0.80479
vt 0.23582 0.13007
vt 0.46521 0.78422
vt 0.41105 0.80069
vt 0.63783 0.80439
vt 0.63803 0.78922
vt 0.25595 0.78306
vt 0.61769 0.60724
vt 0.61281 0.60046
vt 0.59613 0.43269
vt 0.22554 0.1424
vt 0.22466 0.1448
vt 0.23048 0.13813
vt 0.23267 0.13253
vt 0.43925 0.7893
vt 0.64986 0.79253
vt 0.62585 0.79767
vt 0.67595 0.79643
vt 0.58613 0.51453
vt 0.20625 0.2034
vt 0.43607 0.7823
vt 0.24589 0.79161
vt 0.60357 0.53794
vt 0.59196 0.43861
vt 0.58194 0.43253
vt 0.23969 0.13591
vt 0.47267 0.77509
vt 0.4258 0.78073
vt 0.50053 0.77625
vt 0.41269 0.78879
vt 0.62787 0.65915
vt 0.65318 0.78188
vt 0.66855 0.78737
vt 0.22309 0.79607
vt 0.58053 0.79077
vt 0.7077 0.79014
vt 0.59169 0.47003
vt 0.23723 0.14143
vt 0.46535 0.76953
vt 0.44911 0.77376
vt 0.51178 0.77653
vt 0.52055 0.77634
vt 0.6188 0.63803
vt 0.22618 0.78913
vt 0.60271 0.57214
vt 0.58717 0.52705
vt 0.58487 0.44946
vt 0.82076 0.27622
vt 0.74494 0.3147
vt 0.26799 0.12291
vt 0.2669 0.11848
vt 0.73919 0.3166
vt 0.25026 0.11732
vt 0.47972 0.77162
vt 0.62063 0.65397
vt 0.23364 0.78354
vt 0.68231 0.78199
vt 0.69338 0.78632
vt 0.73906 0.31143
vt 0.25315 0.12115
vt 0.25727 0.11913
vt 0.41374 0.78276
vt 0.63615 0.77124
vt 0.6251 0.77595
vt 0.5839 0.78382
vt 0.5846 0.79842
vt 0.58024 0.77942
vt 0.60259 0.61069
vt 0.60241 0.58883
vt 0.58354 0.49284
vt 0.48275 0.76852
vt 0.66793 0.77206
vt 0.60374 0.78954
vt 0.59227 0.77917
vt 0.57609 0.77761
vt 0.59305 0.55534
vt 0.45839 0.761
vt 0.41884 0.77353
vt 0.52719 0.76753
vt 0.61965 0.66318
vt 0.55789 0.77294
vt 0.6094 0.635
vt 0.60875 0.62668
vt 0.35822 0.01317
vt 0.36012 0.00041
vt 0.36999 0.00564
vt 0.60026 0.61869
vt 0.71651 0.77705
vt 0.56805 0.46714
vt 0.39007 0.78477
vt 0.60906 0.64548
vt 0.5841 0.77396
vt 0.69426 0.77258
vt 0.70687 0.77084
vt 0.59394 0.6034
vt 0.41142 0.76956
vt 0.40662 0.77639
vt 0.37002 0.02101
vt 0.38227 0.01664
vt 0.581 0.77174
vt 0.57367 0.55102
vt 0.42087 0.76742
vt 0.40316 0.77242
vt 0.39838 0.77138
vt 0.61678 0.67255
vt 0.60582 0.66156
vt 0.5354 0.75984
vt 0.60543 0.65307
vt 0.56249 0.76494
vt 0.6482 0.76596
vt 0.39742 0.00996
vt 0.39942 0.02565
vt 0.74183 0.77772
vt 0.58388 0.58141
vt 0.46188 0.75285
vt 0.44987 0.7531
vt 0.43426 0.76041
vt 0.48091 0.74642
vt 0.40594 0.7665
vt 0.50919 0.75172
vt 0.60871 0.67408
vt 0.63736 0.75782
vt 0.62453 0.76425
vt 0.57718 0.76721
vt 0.60278 0.75997
vt 0.59669 0.62762
vt 0.72833 0.7723
vt 0.56025 0.43604
vt 0.57612 0.415
vt 0.52405 0.74931
vt 0.61596 0.75836
vt 0.39143 0.03324
vt 0.59465 0.63486
vt 0.58403 0.76168
vt 0.42136 0.76143
vt 0.61215 0.68855
vt 0.53968 0.75084
vt 0.37856 0.03047
vt 0.34628 0.01421
vt 0.34488 0.02215
vt 0.58075 0.59592
vt 0.55508 0.44554
vt 0.42461 0.75523
vt 0.42788 0.75291
vt 0.41212 0.756
vt 0.60372 0.68774
vt 0.602 0.66979
vt 0.5749 0.75723
vt 0.59047 0.75915
vt 0.36524 0.02904
vt 0.35648 0.02651
vt 0.58622 0.62074
vt 0.31316 0.0087
vt 0.5774 0.60631
vt 0.55655 0.48287
vt 0.44843 0.74243
vt 0.44066 0.745
vt 0.40326 0.75609
vt 0.51723 0.74576
vt 0.40782 0.03554
vt 0.42131 0.0332
vt 0.41824 0.04278
vt 0.42747 0.04127
vt 0.55598 0.75395
vt 0.58034 0.75945
vt 0.58363 0.62883
vt 0.70315 0.57699
vt 0.42444 0.74882
vt 0.50064 0.74375
vt 0.39314 0.76512
vt 0.59204 0.66159
vt 0.59311 0.6507
vt 0.59397 0.64076
vt 0.60787 0.74867
vt 0.56873 0.57876
vt 0.56477 0.53838
vt 0.56286 0.51344
vt 0.53944 0.45924
vt 0.59099 0.67382
vt 0.40516 0.04669
vt 0.38564 0.04228
vt 0.37742 0.0388
vt 0.5829 0.75023
vt 0.55368 0.69599
vt 0.55361 0.69884
vt 0.55654 0.69691
vt 0.55715 0.7005
vt 0.4098 0.74733
vt 0.52412 0.73723
vt 0.55886 0.74453
vt 0.5866 0.65223
vt 0.39351 0.04383
vt 0.42428 0.05268
vt 0.58583 0.64092
vt 0.59846 0.74824
vt 0.35904 0.03615
vt 0.55982 0.70068
vt 0.4757 0.7059
vt 0.46378 0.70608
vt 0.4085 0.70667
vt 0.4453 0.73734
vt 0.42998 0.74079
vt 0.41771 0.74494
vt 0.4973 0.73375
vt 0.60157 0.70207
vt 0.59243 0.68964
vt 0.43166 0.05303
vt 0.43981 0.05727
vt 0.45118 0.05128
vt 0.45054 0.0623
vt 0.45518 0.06229
vt 0.57807 0.74791
vt 0.54547 0.7066
vt 0.52499 0.70519
vt 0.53658 0.70543
vt 0.51492 0.7052
vt 0.50987 0.70521
vt 0.50032 0.70524
vt 0.9932 0.15463
vt 0.42931 0.7063
vt 0.98259 0.22858
vt 0.45407 0.73533
vt 0.46376 0.73441
vt 0.43937 0.73812
vt 0.42544 0.73957
vt 0.54145 0.7418
vt 0.41607 0.05058
vt 0.36359 0.04445
vt 0.57084 0.59077
vt 0.5203 0.43473
vt 0.9996 0.1367
vt 0.45249 0.7071
vt 0.41555 0.70865
vt 0.9913 0.16866
vt 0.98815 0.18596
vt 0.9857 0.20532
vt 0.97649 0.31127
vt 0.57133 0.08013
vt 0.57707 0.0793
vt 0.58012 0.08344
vt 0.61983 0.10443
vt 0.63015 0.10426
vt 0.61743 0.11467
vt 0.58574 0.70172
vt 0.5433 0.49225
vt 0.55522 0.70978
vt 0.55907 0.7098
vt 0.53486 0.70862
vt 0.01011 0.9219
vt 0.019 0.9219
vt 0.01692 0.9186
vt 0.95869 0.96935
vt 0.96483 0.9651
vt 0.96173 0.96312
vt 0.51012 0.71039
vt 0.49014 0.71064
vt 0.95814 0.94448
vt 0.95538 0.94632
vt 0.95447 0.93082
vt 0.40406 0.71001
vt 0.79781 0.97256
vt 0.95186 0.91351
vt 0.94873 0.91686
vt 0.94662 0.89639
vt 0.94971 0.89419
vt 0.94516 0.87944
vt 0.94797 0.87084
vt 0.94344 0.86497
vt 0.94665 0.85612
vt 0.94417 0.85584
vt 0.94488 0.84136
vt 0.94118 0.82854
vt 0.94374 0.81888
vt 0.94058 0.81079
vt 0.94088 0.80252
vt 0.9429 0.80213
vt 0.94119 0.78865
vt 0.58837 0.08655
vt 0.58324 0.09177
vt 0.57471 0.08811
vt 0.5604 0.08553
vt 0.56112 0.07686
vt 0.5932 0.08991
vt 0.60147 0.09483
vt 0.5921 0.0967
vt 0.10711 0.45405
vt 0.60398 0.09882
vt 0.61296 0.10036
vt 0.60461 0.10547
vt 0.48829 0.72603
vt 0.61132 0.11028
vt 0.57535 0.66879
vt 0.58152 0.66027
vt 0.5559 0.73623
vt 0.40483 0.05607
vt 0.57373 0.73703
vt 0.37369 0.04904
vt 0.43371 0.06722
vt 0.45041 0.07016
vt 0.45411 0.07221
vt 0.58257 0.73998
vt 0.57759 0.64136
vt 0.3545 0.04275
vt 0.3284 0.03992
vt 0.54648 0.52859
vt 0.54823 0.7115
vt 0.95855 0.96418
vt 0.9529 0.94332
vt 0.4655 0.71163
vt 0.84833 0.97549
vt 0.86636 0.97577
vt 0.86097 0.97274
vt 0.81865 0.97569
vt 0.81633 0.97975
vt 0.83359 0.97546
vt 0.79682 0.96175
vt 0.79588 0.95087
vt 0.79629 0.94107
vt 0.79938 0.93976
vt 0.79623 0.92815
vt 0.79925 0.92255
vt 0.79645 0.91104
vt 0.79959 0.90815
vt 0.94192 0.84956
vt 0.80052 0.88873
vt 0.79775 0.88523
vt 0.80065 0.86838
vt 0.02061 0.42785
vt 0.02108 0.45715
vt 0.93738 0.80242
vt 0.93768 0.78837
vt 0.02136 0.4741
vt 0.93872 0.78223
vt 0.94194 0.77622
vt 0.79955 0.81496
vt 0.79992 0.82144
vt 0.80351 0.81792
vt 0.16625 0.88693
vt 0.17126 0.88719
vt 0.17241 0.87598
vt 0.17572 0.87943
vt 0.17777 0.87288
vt 0.45392 0.90289
vt 0.4515 0.89576
vt 0.45392 0.89215
vt 0.94092 0.77244
vt 0.94335 0.76543
vt 0.59618 0.09998
vt 0.96058 0.72422
vt 0.96483 0.71291
vt 0.96368 0.71416
vt 0.62469 0.11789
vt 0.17235 0.78378
vt 0.58523 0.69014
vt 0.52749 0.73036
vt 0.57995 0.68134
vt 0.54447 0.73143
vt 0.41373 0.05846
vt 0.4227 0.06176
vt 0.38082 0.05144
vt 0.57079 0.62487
vt 0.57413 0.6197
vt 0.5528 0.55822
vt 0.94842 0.97233
vt 0.95576 0.97219
vt 0.95371 0.97036
vt 0.53186 0.71281
vt 0.95669 0.96594
vt 0.91042 0.97435
vt 0.93202 0.97132
vt 0.95424 0.9557
vt 0.8908 0.97529
vt 0.94892 0.95093
vt 0.88043 0.97229
vt 0.8951 0.97059
vt 0.8945 0.96446
vt 0.93724 0.95184
vt 0.95186 0.96796
vt 0.86359 0.9702
vt 0.92047 0.94987
vt 0.9391 0.96349
vt 0.94944 0.93852
vt 0.92673 0.93767
vt 0.84435 0.97204
vt 0.85438 0.95923
vt 0.83588 0.9703
vt 0.94177 0.93237
vt 0.81662 0.97083
vt 0.92707 0.91098
vt 0.83208 0.95658
vt 0.94431 0.91398
vt 0.93654 0.91364
vt 0.80557 0.94783
vt 0.81891 0.94913
vt 0.84821 0.93097
vt 0.94376 0.89812
vt 0.82396 0.91135
vt 0.80532 0.92797
vt 0.93375 0.88982
vt 0.94314 0.8844
vt 0.94031 0.88649
vt 0.80521 0.90846
vt 0.94195 0.87348
vt 0.93906 0.86364
vt 0.80643 0.89774
vt 0.84509 0.88497
vt 0.9336 0.86404
vt 0.92311 0.86094
vt 0.8205 0.85904
vt 0.93893 0.84554
vt 0.80811 0.88375
vt 0.80415 0.87473
vt 0.80849 0.85767
vt 0.93839 0.82844
vt 0.80466 0.85507
vt 0.8008 0.85543
vt 0.82129 0.84273
vt 0.85959 0.82487
vt 0.88781 0.84644
vt 0.90211 0.81769
vt 0.90801 0.83866
vt 0.80014 0.83858
vt 0.80483 0.84215
vt 0.80884 0.83638
vt 0.86523 0.79275
vt 0.80596 0.83054
vt 0.85104 0.83305
vt 0.82527 0.82339
vt 0.93541 0.79312
vt 0.80629 0.82279
vt 0.82417 0.81652
vt 0.84025 0.81113
vt 0.90237 0.79575
vt 0.8119 0.8157
vt 0.82422 0.81264
vt 0.84808 0.79707
vt 0.1834 0.86873
vt 0.83447 0.80571
vt 0.18471 0.85689
vt 0.83224 0.8042
vt 0.84307 0.79627
vt 0.84019 0.79397
vt 0.18553 0.84373
vt 0.84969 0.78387
vt 0.84378 0.78308
vt 0.1832 0.83249
vt 0.87355 0.77649
vt 0.94675 0.7564
vt 0.94413 0.75503
vt 0.84997 0.77319
vt 0.84719 0.76734
vt 0.17898 0.81704
vt 0.9526 0.7431
vt 0.94991 0.74285
vt 0.85934 0.75669
vt 0.85332 0.75994
vt 0.8843 0.75991
vt 0.87048 0.74833
vt 0.95567 0.72991
vt 0.95571 0.7357
vt 0.95933 0.72164
vt 0.85127 0.75231
vt 0.86768 0.74155
vt 0.85475 0.74646
vt 0.54638 0.08168
vt 0.17608 0.79518
vt 0.85829 0.73913
vt 0.53369 0.07519
vt 0.53745 0.07524
vt 0.53793 0.07839
vt 0.17515 0.78712
vt 0.87503 0.73412
vt 0.83137 0.02852
vt 0.18553 0.77231
vt 0.17786 0.77496
vt 0.84216 0.03099
vt 0.57151 0.6551
vt 0.39009 0.05424
vt 0.52821 0.44192
vt 0.94822 0.96893
vt 0.93489 0.96859
vt 0.90384 0.95856
vt 0.8776 0.9265
vt 0.897 0.91252
vt 0.89662 0.86963
vt 0.93202 0.84177
vt 0.93507 0.82955
vt 0.84518 0.86772
vt 0.92347 0.82024
vt 0.92828 0.81263
vt 0.93129 0.80213
vt 0.93458 0.80793
vt 0.92167 0.79801
vt 0.93194 0.78194
vt 0.90031 0.78053
vt 0.91325 0.77532
vt 0.93546 0.77768
vt 0.92309 0.77675
vt 0.93981 0.76471
vt 0.93353 0.77027
vt 0.91654 0.76049
vt 0.89358 0.76217
vt 0.9031 0.76141
vt 0.88936 0.74593
vt 0.88583 0.73806
vt 0.89453 0.73739
vt 0.56683 0.09461
vt 0.59103 0.10316
vt 0.88541 0.73175
vt 0.8967 0.7305
vt 0.90351 0.73525
vt 0.95945 0.71304
vt 0.53229 0.07469
vt 0.53238 0.07909
vt 0.57438 0.69487
vt 0.39312 0.06406
vt 0.40412 0.06424
vt 0.56722 0.63505
vt 0.33431 0.04966
vt 0.93028 0.77061
vt 0.93801 0.76037
vt 0.93832 0.75272
vt 0.93356 0.75467
vt 0.92325 0.75165
vt 0.94254 0.74841
vt 0.92443 0.7444
vt 0.90938 0.7466
vt 0.94839 0.73535
vt 0.91486 0.74089
vt 0.90395 0.74058
vt 0.91872 0.7369
vt 0.95374 0.72386
vt 0.91225 0.73339
vt 0.91868 0.73089
vt 0.92575 0.73251
vt 0.92287 0.7269
vt 0.59613 0.1063
vt 0.95604 0.7129
vt 0.94675 0.71619
vt 0.9492 0.71022
vt 0.95733 0.70773
vt 0.52761 0.08237
vt 0.53098 0.08548
vt 0.50873 0.08464
vt 0.50796 0.07639
vt 0.51343 0.07514
vt 0.47992 0.07357
vt 0.41972 0.06999
vt 0.3614 0.05423
vt 0.36908 0.05693
vt 0.2977 0.04534
vt 0.55709 0.59721
vt 0.55468 0.58359
vt 0.50921 0.44896
vt 0.93462 0.74205
vt 0.94173 0.73821
vt 0.9336 0.735
vt 0.94659 0.72831
vt 0.94145 0.73074
vt 0.94533 0.72253
vt 0.95091 0.71884
vt 0.57306 0.09886
vt 0.58038 0.10114
vt 0.5993 0.11104
vt 0.6039 0.11169
vt 0.95132 0.7135
vt 0.60798 0.11992
vt 0.95321 0.70902
vt 0.52401 0.08008
vt 0.52295 0.08417
vt 0.94872 0.70537
vt 0.51819 0.07971
vt 0.41012 0.07073
vt 0.56446 0.64584
vt 0.4443 0.08111
vt 0.45327 0.08396
vt 0.44931 0.08263
vt 0.35072 0.05229
vt 0.54825 0.61585
vt 0.55475 0.60413
vt 0.54071 0.55118
vt 0.59031 0.1113
vt 0.60083 0.11713
vt 0.61621 0.12605
vt 0.62515 0.13006
vt 0.51631 0.08703
vt 0.57134 0.68023
vt 0.42653 0.07375
vt 0.52237 0.46925
vt 0.55562 0.10032
vt 0.52462 0.08871
vt 0.50744 0.43894
vt 0.56331 0.10389
vt 0.57207 0.11184
vt 0.5793 0.11682
vt 0.55895 0.67344
vt 0.55676 0.65943
vt 0.39673 0.07398
vt 0.3765 0.06801
vt 0.35442 0.06239
vt 0.34306 0.06073
vt 0.59117 0.11527
vt 0.60534 0.12809
vt 0.61139 0.13329
vt 0.61723 0.136
vt 0.51229 0.0977
vt 0.56056 0.68541
vt 0.49857 0.09552
vt 0.47748 0.09746
vt 0.41479 0.07959
vt 0.36241 0.06964
vt 0.42636 0.08573
vt 0.5502 0.64881
vt 0.5446 0.6371
vt 0.44173 0.09194
vt 0.44762 0.09244
vt 0.54225 0.62035
vt 0.33142 0.06272
vt 0.54776 0.61031
vt 0.54998 0.10375
vt 0.59301 0.12155
vt 0.60036 0.12414
vt 0.53106 0.1014
vt 0.52142 0.09952
vt 0.6251 0.14557
vt 0.54042 0.59657
vt 0.96367 0.59131
vt 0.56306 0.11215
vt 0.53557 0.6232
vt 0.52312 0.56921
vt 0.5569 0.11077
vt 0.57182 0.11989
vt 0.59451 0.12692
vt 0.61158 0.13807
vt 0.38325 0.07677
vt 0.39347 0.08101
vt 0.40525 0.08609
vt 0.41518 0.09025
vt 0.44829 0.10223
vt 0.34758 0.06896
vt 0.52612 0.54642
vt 0.50584 0.51102
vt 0.55068 0.11571
vt 0.58032 0.12451
vt 0.59995 0.13545
vt 0.52068 0.10815
vt 0.61668 0.14703
vt 0.54721 0.66432
vt 0.37134 0.07723
vt 0.35495 0.07296
vt 0.33615 0.06962
vt 0.52991 0.58582
vt 0.97446 0.60639
vt 0.56484 0.12543
vt 0.53547 0.11089
vt 0.41704 0.10172
vt 0.44366 0.10411
vt 0.96532 0.61047
vt 0.53794 0.11654
vt 0.60691 0.1476
vt 0.62368 0.1583
vt 0.54906 0.67801
vt 0.47028 0.11408
vt 0.54176 0.63983
vt 0.31955 0.06984
vt 0.51136 0.49057
vt 0.50495 0.46197
vt 0.9616 0.61116
vt 0.57999 0.13699
vt 0.59568 0.13745
vt 0.53961 0.65251
vt 0.37972 0.08655
vt 0.45237 0.11433
vt 0.53104 0.6295
vt 0.53096 0.60368
vt 0.5127 0.54083
vt 0.49239 0.43441
vt 0.49307 0.43026
vt 0.94584 0.47148
vt 0.93712 0.46736
vt 0.93449 0.4776
vt 0.55878 0.13092
vt 0.52119 0.11793
vt 0.61562 0.15943
vt 0.51076 0.12053
vt 0.53732 0.66906
vt 0.53585 0.6562
vt 0.36735 0.08258
vt 0.40277 0.09715
vt 0.44173 0.11633
vt 0.52554 0.61136
vt 0.49103 0.49278
vt 0.4941 0.45844
vt 0.92873 0.47345
vt 0.57176 0.13562
vt 0.58982 0.14374
vt 0.6227 0.17197
vt 0.38847 0.09246
vt 0.43805 0.11208
vt 0.52272 0.59678
vt 0.49579 0.42228
vt 0.94534 0.48002
vt 0.59728 0.15233
vt 0.60023 0.1596
vt 0.53183 0.64534
vt 0.68513 0.64551
vt 0.49226 0.44522
vt 0.52306 0.12679
vt 0.60993 0.16827
vt 0.36092 0.09118
vt 0.40222 0.10575
vt 0.52578 0.63411
vt 0.51219 0.58239
vt 0.50597 0.5568
vt 0.9454 0.4864
vt 0.56343 0.14275
vt 0.57787 0.15384
vt 0.36754 0.09399
vt 0.39097 0.10202
vt 0.41275 0.11295
vt 0.45098 0.12607
vt 0.52062 0.61518
vt 0.48857 0.42556
vt 0.93519 0.47979
vt 0.5706 0.14643
vt 0.49468 0.12816
vt 0.52432 0.6679
vt 0.3763 0.0996
vt 0.38611 0.10137
vt 0.51676 0.65294
vt 0.43652 0.12402
vt 0.42456 0.11862
vt 0.32656 0.08763
vt 0.51389 0.61799
vt 0.4852 0.46765
vt 0.93913 0.49224
vt 0.92981 0.48824
vt 0.53068 0.13645
vt 0.51101 0.13412
vt 0.6058 0.1778
vt 0.50524 0.56717
vt 0.49713 0.5287
vt 0.48204 0.43404
vt 0.94955 0.49835
vt 0.55632 0.14516
vt 0.58674 0.16722
vt 0.61536 0.18164
vt 0.5228 0.64654
vt 0.4242 0.12837
vt 0.51149 0.595
vt 0.48752 0.45033
vt 0.48234 0.44267
vt 0.9518 0.502
vt 0.93406 0.49432
vt 0.49824 0.14017
vt 0.48054 0.13678
vt 0.3963 0.11342
vt 0.34522 0.09974
vt 0.50747 0.63589
vt 0.51384 0.62693
vt 0.51059 0.60641
vt 0.49381 0.54629
vt 0.48565 0.50268
vt 0.47688 0.42639
vt 0.948 0.50044
vt 0.47592 0.42113
vt 0.48433 0.41961
vt 0.53602 0.14859
vt 0.60259 0.19359
vt 0.36708 0.10737
vt 0.38751 0.11201
vt 0.35947 0.10157
vt 0.40723 0.1208
vt 0.33866 0.09611
vt 0.42635 0.1344
vt 0.30232 0.09664
vt 0.94824 0.50569
vt 0.47547 0.41393
vt 0.92546 0.49689
vt 0.56397 0.1657
vt 0.58005 0.17005
vt 0.52256 0.14215
vt 0.59347 0.18312
vt 0.37815 0.1085
vt 0.44127 0.13888
vt 0.43407 0.13655
vt 0.47317 0.45749
vt 0.9495 0.51039
vt 0.94449 0.50992
vt 0.93905 0.50495
vt 0.93139 0.50105
vt 0.57106 0.16535
vt 0.34995 0.10808
vt 0.77388 0.17577
vt 0.9511 0.514
vt 0.55625 0.16292
vt 0.54604 0.15806
vt 0.58479 0.18332
vt 0.5076 0.149
vt 0.48847 0.14714
vt 0.61027 0.20212
vt 0.50494 0.65616
vt 0.37828 0.11715
vt 0.50444 0.64095
vt 0.38953 0.12165
vt 0.4 0.12935
vt 0.33572 0.10718
vt 0.41413 0.13547
vt 0.43034 0.14843
vt 0.49991 0.62048
vt 0.4999 0.61149
vt 0.50192 0.60022
vt 0.49752 0.58233
vt 0.49394 0.56686
vt 0.47781 0.47369
vt 0.77712 0.16861
vt 0.94773 0.51952
vt 0.46926 0.42622
vt 0.46535 0.41828
vt 0.35835 0.11203
vt 0.36844 0.11567
vt 0.42537 0.14748
vt 0.29533 0.10753
vt 0.48531 0.52685
vt 0.27348 0.76961
vt 0.28114 0.77498
vt 0.28052 0.76649
vt 0.47078 0.44629
vt 0.935 0.51685
vt 0.92525 0.51317
vt 0.64331 0.18357
vt 0.57087 0.18126
vt 0.52622 0.1551
vt 0.59206 0.19637
vt 0.3253 0.10849
vt 0.4189 0.14812
vt 0.47974 0.54463
vt 0.51573 0.15659
vt 0.49615 0.15687
vt 0.47431 0.52111
vt 0.47216 0.49794
vt 0.46778 0.47162
vt 0.53153 0.16735
vt 0.60212 0.2082
vt 0.49641 0.64337
vt 0.37438 0.12845
vt 0.38059 0.14246
vt 0.34544 0.11875
vt 0.40147 0.14239
vt 0.40716 0.15187
vt 0.49057 0.59235
vt 0.46793 0.50887
vt 0.46712 0.48351
vt 0.46158 0.45702
vt 0.45947 0.41995
vt 0.91788 0.52247
vt 0.0134 0.10677
vt 0.54636 0.17198
vt 0.5586 0.17714
vt 0.50387 0.16302
vt 0.49399 0.65723
vt 0.35759 0.12401
vt 0.49065 0.63113
vt 0.39371 0.13958
vt 0.49132 0.62294
vt 0.43092 0.16234
vt 0.42387 0.16101
vt 0.69095 0.69018
vt 0.48628 0.56289
vt 0.91148 0.52611
vt 0.36537 0.12956
vt 0.43684 0.16616
vt 0.48763 0.60179
vt 0.48134 0.57438
vt 0.27958 0.7471
vt 0.57271 0.19584
vt 0.49334 0.16784
vt 0.4433 0.16456
vt 0.48973 0.61122
vt 0.40561 0.16814
vt 0.4623 0.49219
vt 0.93159 0.53289
vt 0.45021 0.41398
vt 0.56171 0.1903
vt 0.58245 0.2033
vt 0.58825 0.20827
vt 0.48352 0.6398
vt 0.38588 0.14839
vt 0.47906 0.60812
vt 0.42499 0.17463
vt 0.43008 0.17504
vt 0.70172 0.69888
vt 0.47777 0.59187
vt 0.47528 0.58012
vt 0.45739 0.47758
vt 0.27978 0.73935
vt 0.45469 0.46727
vt 0.45244 0.45603
vt 0.92701 0.53529
vt 0.91643 0.54077
vt 0.55165 0.1853
vt 0.59651 0.21729
vt 0.48317 0.65345
vt 0.46857 0.17072
vt 0.36666 0.14288
vt 0.34604 0.13105
vt 0.33927 0.12853
vt 0.39075 0.15919
vt 0.41758 0.16895
vt 0.47101 0.55113
vt 0.46747 0.5361
vt 0.29394 0.74784
vt 0.30013 0.7502
vt 0.71859 0.17848
vt 0.45099 0.44263
vt 0.53343 0.18135
vt 0.5422 0.18047
vt 0.35476 0.13647
vt 0.47931 0.62297
vt 0.45894 0.17383
vt 0.4378 0.17799
vt 0.42246 0.18017
vt 0.47751 0.5765
vt 0.80423 0.73655
vt 0.27952 0.73032
vt 0.28354 0.73498
vt 0.94832 0.54908
vt 0.95197 0.54893
vt 0.94074 0.55096
vt 0.14484 0.78613
vt 0.44826 0.45017
vt 0.44652 0.44079
vt 0.48777 0.17463
vt 0.2771 0.60322
vt 0.27873 0.59468
vt 0.27034 0.59295
vt 0.41177 0.18194
vt 0.41771 0.18094
vt 0.42812 0.18316
vt 0.70805 0.70617
vt 0.10274 0.97186
vt 0.46103 0.52866
vt 0.45434 0.50402
vt 0.2764 0.72579
vt 0.54044 0.19445
vt 0.55416 0.19741
vt 0.52032 0.18388
vt 0.56029 0.20342
vt 0.57018 0.20853
vt 0.49757 0.18323
vt 0.60396 0.2273
vt 0.59429 0.23106
vt 0.4772 0.18101
vt 0.47189 0.62878
vt 0.35815 0.14867
vt 0.34082 0.141
vt 0.38221 0.15882
vt 0.26711 0.60727
vt 0.46992 0.59753
vt 0.27968 0.61305
vt 0.28355 0.60262
vt 0.419 0.19269
vt 0.28314 0.61523
vt 0.73389 0.71296
vt 0.11199 0.97591
vt 0.46612 0.55476
vt 0.45063 0.48574
vt 0.28245 0.71623
vt 0.29776 0.73187
vt 0.94777 0.5547
vt 0.95008 0.55941
vt 0.92159 0.55038
vt 0.43631 0.41809
vt 0.58744 0.22215
vt 0.46373 0.18564
vt 0.60011 0.24165
vt 0.37323 0.15476
vt 0.46771 0.60616
vt 0.32115 0.14075
vt 0.39166 0.17122
vt 0.24746 0.59797
vt 0.27399 0.61283
vt 0.46186 0.57973
vt 0.10959 0.97232
vt 0.27764 0.71422
vt 0.28896 0.7147
vt 0.44685 0.47688
vt 0.44588 0.46535
vt 0.34988 0.76289
vt 0.44019 0.45311
vt 0.50812 0.18923
vt 0.57923 0.21708
vt 0.35083 0.15013
vt 0.3327 0.14616
vt 0.24414 0.58388
vt 0.40308 0.18252
vt 0.40957 0.19359
vt 0.27579 0.62425
vt 0.46199 0.55788
vt 0.45712 0.53504
vt 0.2765 0.70574
vt 0.28121 0.70641
vt 0.17421 0.75475
vt 0.93609 0.56061
vt 0.31805 0.74679
vt 0.33168 0.75057
vt 0.4409 0.4437
vt 0.20076 0.77238
vt 0.43692 0.43639
vt 0.43072 0.42419
vt 0.52749 0.19411
vt 0.56796 0.21857
vt 0.48896 0.18703
vt 0.47717 0.18875
vt 0.31454 0.1491
vt 0.26033 0.61606
vt 0.41294 0.20511
vt 0.28071 0.14821
vt 0.28668 0.62783
vt 0.28141 0.62622
vt 0.2778 0.63387
vt 0.45868 0.57002
vt 0.26964 0.15558
vt 0.27065 0.14515
vt 0.2748 0.15331
vt 0.11354 0.97067
vt 0.26493 0.14902
vt 0.27795 0.69637
vt 0.27213 0.69252
vt 0.28624 0.70374
vt 0.447 0.50154
vt 0.3017 0.71821
vt 0.44476 0.48785
vt 0.94837 0.56803
vt 0.43917 0.46554
vt 0.54627 0.20726
vt 0.56085 0.21644
vt 0.52081 0.19861
vt 0.58135 0.2306
vt 0.5891 0.24232
vt 0.59244 0.25139
vt 0.35922 0.16121
vt 0.46382 0.60968
vt 0.38558 0.17953
vt 0.24241 0.6098
vt 0.39315 0.18952
vt 0.27708 0.15371
vt 0.28224 0.63895
vt 0.27837 0.64313
vt 0.27697 0.68015
vt 0.2741 0.67576
vt 0.44767 0.52991
vt 0.2808 0.69045
vt 0.29382 0.70077
vt 0.30914 0.72648
vt 0.95243 0.56852
vt 0.32683 0.74428
vt 0.22191 0.75602
vt 0.93063 0.56346
vt 0.21247 0.76346
vt 0.92148 0.56104
vt 0.2055 0.76385
vt 0.19734 0.76704
vt 0.4315 0.44518
vt 0.50238 0.19901
vt 0.57392 0.23022
vt 0.46945 0.19922
vt 0.23167 0.59214
vt 0.34267 0.15594
vt 0.37056 0.16748
vt 0.45569 0.61256
vt 0.3736 0.17341
vt 0.32744 0.15631
vt 0.45815 0.59434
vt 0.45404 0.58204
vt 0.3973 0.2034
vt 0.2923 0.63544
vt 0.27324 0.16537
vt 0.26591 0.64635
vt 0.27293 0.65029
vt 0.116 0.96497
vt 0.25803 0.15305
vt 0.26171 0.15872
vt 0.27825 0.65432
vt 0.26744 0.65431
vt 0.44991 0.55565
vt 0.27518 0.66294
vt 0.28148 0.66868
vt 0.452 0.54295
vt 0.26678 0.67516
vt 0.28255 0.67685
vt 0.2827 0.6829
vt 0.28924 0.68622
vt 0.40603 0.72306
vt 0.17884 0.74782
vt 0.1799 0.73925
vt 0.43647 0.4764
vt 0.9383 0.57278
vt 0.32114 0.73461
vt 0.36163 0.74453
vt 0.19907 0.75573
vt 0.1906 0.76074
vt 0.07991 0.79289
vt 0.08734 0.80085
vt 0.53151 0.20614
vt 0.55371 0.21343
vt 0.51238 0.2048
vt 0.49008 0.20057
vt 0.45969 0.62344
vt 0.30223 0.62594
vt 0.28755 0.64557
vt 0.1156 0.95327
vt 0.28501 0.65586
vt 0.29761 0.67489
vt 0.4426 0.50473
vt 0.79319 0.76354
vt 0.43776 0.49057
vt 0.40432 0.71157
vt 0.93661 0.57932
vt 0.95166 0.57625
vt 0.22116 0.74434
vt 0.19352 0.74462
vt 0.21168 0.75201
vt 0.43231 0.46138
vt 0.42497 0.4351
vt 0.48056 0.20669
vt 0.23225 0.60018
vt 0.35121 0.16293
vt 0.3408 0.165
vt 0.37764 0.18806
vt 0.45185 0.60147
vt 0.31744 0.15963
vt 0.29898 0.16263
vt 0.29598 0.65326
vt 0.25746 0.67604
vt 0.44077 0.54134
vt 0.43869 0.50536
vt 0.29904 0.69172
vt 0.30459 0.7094
vt 0.39456 0.71006
vt 0.19151 0.73496
vt 0.18396 0.73115
vt 0.94377 0.58636
vt 0.22528 0.73035
vt 0.20375 0.74926
vt 0.42756 0.452
vt 0.54439 0.22037
vt 0.5035 0.21276
vt 0.57194 0.24422
vt 0.21795 0.5922
vt 0.36302 0.17434
vt 0.35275 0.17214
vt 0.22977 0.61283
vt 0.3273 0.16659
vt 0.38613 0.19928
vt 0.44179 0.58551
vt 0.31012 0.16889
vt 0.44948 0.57107
vt 0.31229 0.63416
vt 0.11943 0.94414
vt 0.23017 0.15683
vt 0.26133 0.16598
vt 0.26594 0.1735
vt 0.28259 0.1774
vt 0.28924 0.17456
vt 0.27492 0.17224
vt 0.28068 0.17885
vt 0.44241 0.56064
vt 0.24709 0.68249
vt 0.61922 0.29914
vt 0.30609 0.69469
vt 0.2383 0.70647
vt 0.23507 0.71813
vt 0.80729 0.77425
vt 0.43059 0.49652
vt 0.1872 0.71756
vt 0.31358 0.71592
vt 0.19974 0.73599
vt 0.43285 0.48934
vt 0.43175 0.47916
vt 0.21759 0.73024
vt 0.32352 0.71894
vt 0.21102 0.74437
vt 0.2053 0.73458
vt 0.32628 0.72305
vt 0.77785 0.39876
vt 0.42608 0.4589
vt 0.07984 0.76776
vt 0.08886 0.78112
vt 0.55263 0.22631
vt 0.56275 0.23806
vt 0.57962 0.2613
vt 0.21513 0.60361
vt 0.59364 0.26198
vt 0.44641 0.6078
vt 0.31756 0.17499
vt 0.30428 0.17892
vt 0.23892 0.64277
vt 0.24559 0.16327
vt 0.30677 0.64503
vt 0.241 0.66002
vt 0.31148 0.68085
vt 0.23697 0.69796
vt 0.7689 0.94419
vt 0.43678 0.52457
vt 0.43236 0.51144
vt 0.43001 0.50447
vt 0.22855 0.71599
vt 0.81881 0.77821
vt 0.19636 0.71988
vt 0.38336 0.70867
vt 0.21155 0.729
vt 0.20621 0.7213
vt 0.4268 0.4703
vt 0.13068 0.74636
vt 0.12517 0.75078
vt 0.54471 0.23013
vt 0.49442 0.21725
vt 0.20013 0.59376
vt 0.22016 0.61304
vt 0.36717 0.18873
vt 0.33565 0.17459
vt 0.2311 0.63119
vt 0.44434 0.59559
vt 0.37805 0.20055
vt 0.38723 0.21165
vt 0.44036 0.57465
vt 0.2914 0.18224
vt 0.2672 0.18417
vt 0.28748 0.18916
vt 0.76502 0.90231
vt 0.7591 0.89148
vt 0.75989 0.90071
vt 0.30767 0.6616
vt 0.31093 0.67101
vt 0.4315 0.54602
vt 0.77098 0.93439
vt 0.76483 0.94821
vt 0.22642 0.70301
vt 0.31387 0.70262
vt 0.21782 0.71159
vt 0.80465 0.78505
vt 0.39147 0.69495
vt 0.08684 0.73229
vt 0.08242 0.72611
vt 0.07911 0.73242
vt 0.31785 0.71339
vt 0.0872 0.74324
vt 0.07814 0.74211
vt 0.08162 0.75102
vt 0.08779 0.759
vt 0.08841 0.75231
vt 0.08132 0.76155
vt 0.12668 0.78359
vt 0.12114 0.776
vt 0.13296 0.78443
vt 0.58758 0.26937
vt 0.34595 0.17835
vt 0.35333 0.1824
vt 0.22094 0.62085
vt 0.32633 0.17934
vt 0.22975 0.64778
vt 0.22137 0.15742
vt 0.2462 0.17439
vt 0.29892 0.1855
vt 0.7479 0.89003
vt 0.75181 0.89747
vt 0.76696 0.89562
vt 0.77097 0.90602
vt 0.41835 0.6353
vt 0.41028 0.63411
vt 0.41043 0.64521
vt 0.31147 0.65325
vt 0.22974 0.65671
vt 0.76327 0.9082
vt 0.76753 0.91098
vt 0.76378 0.91198
vt 0.76749 0.92927
vt 0.76876 0.92474
vt 0.77486 0.92387
vt 0.42946 0.53339
vt 0.42522 0.52732
vt 0.19065 0.70805
vt 0.2001 0.7108
vt 0.2089 0.70622
vt 0.09107 0.72556
vt 0.08386 0.71868
vt 0.09192 0.71531
vt 0.37942 0.70089
vt 0.37297 0.70996
vt 0.09617 0.73372
vt 0.14189 0.73202
vt 0.11502 0.75199
vt 0.11258 0.75675
vt 0.12855 0.80938
vt 0.53685 0.23266
vt 0.55142 0.23879
vt 0.50743 0.22592
vt 0.56276 0.25035
vt 0.19444 0.5848
vt 0.18451 0.59485
vt 0.19156 0.60403
vt 0.10627 0.61717
vt 0.10182 0.60592
vt 0.09264 0.61334
vt 0.43232 0.59973
vt 0.35673 0.19425
vt 0.33569 0.1846
vt 0.36532 0.19588
vt 0.43025 0.59051
vt 0.22198 0.63689
vt 0.19875 0.61659
vt 0.32223 0.18867
vt 0.37693 0.21725
vt 0.2302 0.16645
vt 0.25361 0.17988
vt 0.30934 0.19267
vt 0.21365 0.64693
vt 0.32247 0.64004
vt 0.39763 0.63544
vt 0.4022 0.64267
vt 0.75093 0.90463
vt 0.77216 0.91816
vt 0.40627 0.65821
vt 0.43273 0.5621
vt 0.76849 0.91678
vt 0.76471 0.92309
vt 0.75979 0.93154
vt 0.77315 0.77794
vt 0.78185 0.78586
vt 0.21899 0.68288
vt 0.21429 0.69478
vt 0.31551 0.69119
vt 0.75874 0.95369
vt 0.08212 0.71182
vt 0.09987 0.71645
vt 0.36854 0.70078
vt 0.34764 0.70989
vt 0.33756 0.70841
vt 0.10011 0.72579
vt 0.09396 0.74531
vt 0.10246 0.73937
vt 0.10725 0.73992
vt 0.10789 0.75025
vt 0.09438 0.75417
vt 0.1087 0.76331
vt 0.09539 0.76716
vt 0.11162 0.76941
vt 0.11725 0.78368
vt 0.12142 0.78412
vt 0.10138 0.77797
vt 0.12512 0.79237
vt 0.12148 0.79284
vt 0.10778 0.78745
vt 0.12527 0.79894
vt 0.11497 0.79658
vt 0.12054 0.80013
vt 0.5174 0.23246
vt 0.55801 0.24994
vt 0.10108 0.6266
vt 0.34644 0.18942
vt 0.36976 0.21033
vt 0.21366 0.15767
vt 0.32416 0.20141
vt 0.20435 0.65525
vt 0.32095 0.65137
vt 0.38928 0.65566
vt 0.31751 0.66548
vt 0.20283 0.66953
vt 0.75566 0.91528
vt 0.20094 0.67895
vt 0.3199 0.67135
vt 0.19453 0.68772
vt 0.18616 0.69513
vt 0.39294 0.67996
vt 0.09006 0.69688
vt 0.3246 0.69349
vt 0.74795 0.95755
vt 0.17552 0.70372
vt 0.10798 0.72969
vt 0.10102 0.75483
vt 0.10034 0.76131
vt 0.10647 0.77235
vt 0.10062 0.77055
vt 0.11138 0.77822
vt 0.1101 0.78277
vt 0.11615 0.79079
vt 0.5283 0.23829
vt 0.54576 0.24551
vt 0.17863 0.60546
vt 0.56624 0.26188
vt 0.57409 0.27149
vt 0.33739 0.19674
vt 0.34728 0.20484
vt 0.35731 0.20557
vt 0.37138 0.2193
vt 0.24528 0.18962
vt 0.74299 0.89266
vt 0.32793 0.64238
vt 0.38027 0.6368
vt 0.37947 0.64625
vt 0.37753 0.65738
vt 0.32687 0.65478
vt 0.42459 0.55533
vt 0.38175 0.6654
vt 0.75119 0.92446
vt 0.40331 0.66468
vt 0.41997 0.54013
vt 0.39459 0.67239
vt 0.32455 0.68217
vt 0.18927 0.68579
vt 0.09609 0.68492
vt 0.09879 0.70552
vt 0.3578 0.68902
vt 0.35047 0.69258
vt 0.34003 0.69161
vt 0.10801 0.71828
vt 0.11681 0.72405
vt 0.14015 0.72169
vt 0.12269 0.72845
vt 0.1723 0.59616
vt 0.18183 0.61393
vt 0.42939 0.57848
vt 0.12409 0.92116
vt 0.22664 0.18013
vt 0.33861 0.20602
vt 0.2389 0.18415
vt 0.36209 0.21584
vt 0.26318 0.19073
vt 0.73482 0.89624
vt 0.33069 0.66225
vt 0.18977 0.67461
vt 0.32821 0.67281
vt 0.17571 0.69448
vt 0.33108 0.68759
vt 0.74339 0.94794
vt 0.16565 0.70428
vt 0.10448 0.70041
vt 0.1356 0.71795
vt 0.15155 0.60579
vt 0.15958 0.59698
vt 0.14016 0.59741
vt 0.16529 0.60579
vt 0.13644 0.60598
vt 0.55516 0.25662
vt 0.12755 0.60546
vt 0.12642 0.59802
vt 0.11585 0.60856
vt 0.16951 0.61594
vt 0.11819 0.6207
vt 0.11078 0.62723
vt 0.17616 0.62306
vt 0.18017 0.6417
vt 0.09916 0.63545
vt 0.20719 0.17321
vt 0.35248 0.22061
vt 0.42178 0.56632
vt 0.33239 0.21481
vt 0.34542 0.22015
vt 0.36758 0.64652
vt 0.3463 0.6465
vt 0.33763 0.64002
vt 0.33711 0.64993
vt 0.33769 0.66793
vt 0.74564 0.91476
vt 0.35961 0.65808
vt 0.09951 0.67288
vt 0.09393 0.66959
vt 0.36704 0.66588
vt 0.74235 0.93317
vt 0.3378 0.67952
vt 0.17549 0.68608
vt 0.36961 0.6744
vt 0.10089 0.68611
vt 0.73986 0.94035
vt 0.34851 0.68388
vt 0.16805 0.69529
vt 0.11921 0.70505
vt 0.14659 0.71306
vt 0.12354 0.71425
vt 0.58466 0.30044
vt 0.13103 0.70803
vt 0.15886 0.61478
vt 0.12888 0.61307
vt 0.13793 0.6171
vt 0.1063 0.64579
vt 0.09566 0.64644
vt 0.19904 0.16359
vt 0.09901 0.65989
vt 0.35339 0.64771
vt 0.34774 0.65909
vt 0.35365 0.6669
vt 0.3429 0.66952
vt 0.34759 0.67598
vt 0.15302 0.70486
vt 0.73268 0.95676
vt 0.14068 0.70408
vt 0.14725 0.62361
vt 0.16379 0.63422
vt 0.12264 0.62571
vt 0.1701 0.63322
vt 0.11513 0.6372
vt 0.24598 0.19801
vt 0.10753 0.6606
vt 0.72927 0.89132
vt 0.73347 0.90349
vt 0.73174 0.91397
vt 0.73372 0.92308
vt 0.10908 0.67343
vt 0.16529 0.6846
vt 0.15463 0.69333
vt 0.12471 0.6891
vt 0.73371 0.96322
vt 0.12986 0.63361
vt 0.13806 0.6294
vt 0.12024 0.63798
vt 0.11095 0.64813
vt 0.19353 0.17863
vt 0.2197 0.19124
vt 0.2286 0.19568
vt 0.16633 0.67111
vt 0.1131 0.68019
vt 0.138 0.697
vt 0.73639 0.94607
vt 0.13628 0.64387
vt 0.15007 0.64374
vt 0.12627 0.64573
vt 0.11827 0.65312
vt 0.18093 0.16659
vt 0.20437 0.18737
vt 0.15083 0.65291
vt 0.15888 0.66008
vt 0.11619 0.66307
vt 0.72431 0.90381
vt 0.12011 0.6757
vt 0.15453 0.67462
vt 0.14907 0.68358
vt 0.13851 0.68423
vt 0.12076 0.8988
vt 0.13036 0.65265
vt 0.13935 0.65793
vt 0.71978 0.89633
vt 0.13642 0.66285
vt 0.14915 0.66182
vt 0.12587 0.66277
vt 0.14092 0.67141
vt 0.12921 0.67541
vt 0.72963 0.93078
vt 0.72996 0.93969
vt 0.1792 0.18544
vt 0.71822 0.88483
vt 0.71576 0.89155
vt 0.18621 0.18974
vt 0.16731 0.16909
vt 0.17061 0.18384
vt 0.20905 0.19991
vt 0.70425 0.88341
vt 0.7194 0.91483
vt 0.16153 0.18035
vt 0.71887 0.9233
vt 0.19417 0.19909
vt 0.12409 0.89089
vt 0.70335 0.8903
vt 0.71581 0.93896
vt 0.71205 0.9657
vt 0.70915 0.9019
vt 0.71176 0.9087
vt 0.70655 0.96273
vt 0.17655 0.19743
vt 0.69432 0.88058
vt 0.68862 0.88902
vt 0.7059 0.92
vt 0.55746 0.29728
vt 0.15102 0.1814
vt 0.1491 0.19745
vt 0.69197 0.89817
vt 0.11586 0.87323
vt 0.71042 0.93099
vt 0.16304 0.20187
vt 0.17615 0.21134
vt 0.68165 0.88754
vt 0.54563 0.29768
vt 0.69659 0.9085
vt 0.70077 0.9385
vt 0.15181 0.20525
vt 0.6987 0.92533
vt 0.15525 0.21408
vt 0.67627 0.90338
vt 0.68566 0.91806
vt 0.15708 0.22155
vt 0.11707 0.86224
vt 0.67522 0.89948
vt 0.6833 0.91021
vt 0.12921 0.21495
vt 0.66927 0.89408
vt 0.69083 0.92922
vt 0.69248 0.93778
vt 0.6882 0.94649
vt 0.67208 0.96121
vt 0.14192 0.22047
vt 0.65945 0.90294
vt 0.67314 0.91584
vt 0.67728 0.92587
vt 0.67961 0.93422
vt 0.67792 0.93669
vt 0.11489 0.22533
vt 0.13016 0.22713
vt 0.11067 0.22069
vt 0.66194 0.90839
vt 0.65255 0.89829
vt 0.65956 0.89369
vt 0.66208 0.91697
vt 0.66494 0.92785
vt 0.11231 0.23319
vt 0.64242 0.90362
vt 0.64463 0.91105
vt 0.07833 0.22306
vt 0.64942 0.91586
vt 0.65703 0.93529
vt 0.65418 0.94752
vt 0.65088 0.92485
vt 0.09504 0.24158
vt 0.63391 0.91124
vt 0.06001 0.22878
vt 0.63314 0.91888
vt 0.642 0.9214
vt 0.64159 0.93331
vt 0.6467 0.9423
vt 0.63852 0.9485
vt 0.62204 0.91806
vt 0.63395 0.9269
vt 0.63679 0.94104
vt 0.62623 0.94651
vt 0.61565 0.92669
vt 0.05488 0.25212
vt 0.62033 0.9287
vt 0.62655 0.93167
vt 0.62717 0.9399
vt 0.03892 0.26403
vt 0.61181 0.93734
vt 0.61642 0.93961
vt 0.61284 0.94743
vt 0.60462 0.94034
vt 0.6045 0.94844
vt 0.0153 0.27149
vt 0.0004 0.27078
usemtl mat0
f 1/1 2/2 3/3
f 1/1 4/4 5/5
f 2/2 1/1 5/5
f 6/6 2/2 5/5
f 7/7 8/8 9/9
f 8/8 10/10 11/11
f 7/7 12/12 8/8
f 7/7 13/13 12/12
f 12/12 10/10 8/8
f 13/13 14/14 12/12
f 13/13 15/15 14/14
f 16/16 17/17 18/18
f 12/12 14/14 10/10
f 18/18 17/17 19/19
f 14/14 20/20 10/10
f 21/21 22/22 23/23
f 24/24 25/25 26/26
f 26/26 25/25 27/27
f 9/9 8/8 28/28
f 28/28 8/8 29/29
f 29/29 8/8 11/11
f 30/30 7/7 9/9
f 11/11 10/10 31/31
f 30/30 13/13 7/7
f 32/32 33/33 16/16
f 21/21 34/34 35/35
f 16/16 33/33 17/17
f 21/21 23/23 34/34
f 36/36 27/27 37/37
f 24/24 38/38 25/25
f 38/38 39/39 25/25
f 27/27 25/25 37/37
f 40/40 9/9 28/28
f 40/40 30/30 9/9
f 11/11 41/41 42/42
f 29/29 11/11 42/42
f 11/11 31/31 41/41
f 43/43 33/33 32/32
f 44/44 45/45 46/46
f 17/17 47/47 19/19
f 36/36 37/37 48/48
f 36/36 48/48 49/49
f 47/47 50/50 19/19
f 19/19 50/50 51/51
f 39/39 52/52 25/25
f 53/53 29/29 54/54
f 55/55 56/56 57/57
f 53/53 28/28 29/29
f 54/54 29/29 42/42
f 58/58 59/59 60/60
f 41/41 31/31 61/61
f 31/31 62/62 61/61
f 43/43 63/63 33/33
f 31/31 46/46 62/62
f 33/33 63/63 17/17
f 37/37 64/64 48/48
f 52/52 65/65 64/64
f 54/54 42/42 66/66
f 66/66 42/42 67/67
f 68/68 56/56 55/55
f 42/42 41/41 67/67
f 41/41 61/61 67/67
f 43/43 69/69 70/70
f 43/43 70/70 63/63
f 62/62 46/46 71/71
f 63/63 72/72 17/17
f 17/17 72/72 47/47
f 46/46 45/45 73/73
f 47/47 74/74 50/50
f 64/64 75/75 48/48
f 64/64 65/65 75/75
f 76/76 53/53 77/77
f 53/53 54/54 77/77
f 77/77 54/54 78/78
f 79/79 53/53 76/76
f 67/67 61/61 80/80
f 80/80 61/61 81/81
f 61/61 62/62 81/81
f 46/46 73/73 71/71
f 47/47 72/72 74/74
f 49/49 48/48 82/82
f 39/39 83/83 52/52
f 65/65 84/84 75/75
f 66/66 67/67 85/85
f 67/67 80/80 85/85
f 81/81 62/62 86/86
f 62/62 71/71 86/86
f 74/74 87/87 50/50
f 50/50 87/87 51/51
f 39/39 88/88 83/83
f 52/52 89/89 65/65
f 65/65 89/89 84/84
f 90/90 76/76 77/77
f 91/91 92/92 93/93
f 93/93 92/92 94/94
f 94/94 95/95 93/93
f 96/96 66/66 97/97
f 97/97 66/66 85/85
f 85/85 80/80 98/98
f 99/99 100/100 101/101
f 69/69 102/102 103/103
f 69/69 103/103 70/70
f 80/80 81/81 104/104
f 81/81 86/86 104/104
f 70/70 105/105 63/63
f 105/105 106/106 63/63
f 86/86 71/71 107/107
f 63/63 106/106 72/72
f 71/71 73/73 108/108
f 109/109 110/110 74/74
f 72/72 109/109 74/74
f 74/74 110/110 87/87
f 48/48 111/111 82/82
f 48/48 75/75 111/111
f 84/84 112/112 75/75
f 83/83 113/113 52/52
f 89/89 114/114 84/84
f 96/96 97/97 115/115
f 97/97 85/85 116/116
f 85/85 98/98 116/116
f 101/101 117/117 99/99
f 80/80 104/104 98/98
f 70/70 103/103 105/105
f 106/106 109/109 72/72
f 71/71 108/108 107/107
f 75/75 112/112 118/118
f 75/75 118/118 111/111
f 88/88 119/119 83/83
f 113/113 120/120 89/89
f 52/52 113/113 89/89
f 97/97 121/121 115/115
f 97/97 116/116 121/121
f 122/122 123/123 124/124
f 123/123 125/125 124/124
f 107/107 126/126 86/86
f 82/82 111/111 127/127
f 110/110 128/128 87/87
f 113/113 83/83 129/129
f 113/113 129/129 120/120
f 84/84 114/114 112/112
f 102/102 130/130 103/103
f 103/103 130/130 105/105
f 119/119 131/131 83/83
f 83/83 131/131 129/129
f 114/114 132/132 112/112
f 89/89 133/133 114/114
f 115/115 121/121 134/134
f 116/116 135/135 121/121
f 116/116 136/136 135/135
f 116/116 98/98 136/136
f 117/117 137/137 99/99
f 98/98 104/104 136/136
f 104/104 138/138 136/136
f 130/130 106/106 105/105
f 106/106 139/139 109/109
f 140/140 141/141 142/142
f 143/143 141/141 140/140
f 111/111 144/144 127/127
f 120/120 133/133 89/89
f 134/134 145/145 146/146
f 121/121 135/135 145/145
f 147/147 137/137 117/117
f 148/148 149/149 102/102
f 102/102 149/149 130/130
f 130/130 150/150 106/106
f 138/138 151/151 152/152
f 106/106 150/150 139/139
f 139/139 153/153 109/109
f 127/127 144/144 154/154
f 144/144 155/155 154/154
f 112/112 156/156 118/118
f 118/118 156/156 144/144
f 112/112 132/132 156/156
f 129/129 131/131 157/157
f 114/114 133/133 132/132
f 158/158 152/152 159/159
f 152/152 151/151 159/159
f 151/151 160/160 159/159
f 151/151 161/161 160/160
f 109/109 153/153 110/110
f 144/144 156/156 155/155
f 133/133 162/162 132/132
f 163/163 158/158 164/164
f 159/159 165/165 164/164
f 158/158 159/159 164/164
f 149/149 150/150 130/130
f 159/159 160/160 166/166
f 167/167 168/168 161/161
f 161/161 168/168 160/160
f 110/110 169/169 128/128
f 167/167 170/170 168/168
f 171/171 172/172 168/168
f 170/170 171/171 168/168
f 156/156 173/173 155/155
f 132/132 162/162 156/156
f 156/156 174/174 173/173
f 129/129 157/157 175/175
f 133/133 176/176 162/162
f 129/129 175/175 120/120
f 175/175 176/176 133/133
f 120/120 175/175 133/133
f 177/177 137/137 147/147
f 163/163 164/164 178/178
f 164/164 179/179 178/178
f 164/164 165/165 179/179
f 180/180 150/150 149/149
f 150/150 181/181 139/139
f 159/159 166/166 165/165
f 160/160 182/182 166/166
f 160/160 168/168 182/182
f 183/183 184/184 110/110
f 153/153 183/183 110/110
f 110/110 184/184 169/169
f 173/173 185/185 186/186
f 131/131 187/187 157/157
f 156/156 162/162 174/174
f 174/174 188/188 173/173
f 162/162 189/189 190/190
f 162/162 190/190 174/174
f 163/163 178/178 191/191
f 177/177 192/192 137/137
f 148/148 180/180 149/149
f 139/139 181/181 193/193
f 165/165 166/166 194/194
f 195/195 196/196 197/197
f 197/197 196/196 198/198
f 182/182 168/168 199/199
f 169/169 200/200 201/201
f 187/187 202/202 157/157
f 188/188 185/185 173/173
f 157/157 202/202 175/175
f 176/176 189/189 162/162
f 190/190 188/188 174/174
f 203/203 180/180 148/148
f 179/179 165/165 204/204
f 139/139 193/193 153/153
f 168/168 172/172 199/199
f 169/169 205/205 200/200
f 175/175 206/206 207/207
f 175/175 189/189 176/176
f 175/175 207/207 189/189
f 207/207 208/208 189/189
f 189/189 208/208 190/190
f 180/180 209/209 150/150
f 150/150 209/209 181/181
f 181/181 210/210 193/193
f 211/211 212/212 194/194
f 169/169 184/184 205/205
f 185/185 213/213 186/186
f 187/187 214/214 202/202
f 202/202 206/206 175/175
f 190/190 208/208 188/188
f 191/191 178/178 215/215
f 215/215 179/179 216/216
f 209/209 210/210 181/181
f 217/217 218/218 219/219
f 204/204 194/194 220/220
f 211/211 199/199 221/221
f 211/211 221/221 212/212
f 184/184 222/222 205/205
f 205/205 223/223 200/200
f 186/186 213/213 224/224
f 225/225 226/226 214/214
f 214/214 226/226 202/202
f 202/202 226/226 206/206
f 206/206 226/226 227/227
f 208/208 228/228 188/188
f 207/207 229/229 230/230
f 207/207 230/230 208/208
f 231/231 191/191 232/232
f 203/203 233/233 180/180
f 180/180 233/233 209/209
f 199/199 234/234 221/221
f 222/222 235/235 223/223
f 188/188 236/236 185/185
f 185/185 236/236 213/213
f 206/206 227/227 229/229
f 206/206 229/229 207/207
f 237/237 235/235 222/222
f 188/188 228/228 236/236
f 227/227 238/238 229/229
f 230/230 239/239 208/208
f 208/208 239/239 228/228
f 240/240 216/216 241/241
f 216/216 242/242 241/241
f 243/243 244/244 210/210
f 212/212 245/245 246/246
f 247/247 248/248 249/249
f 247/247 249/249 222/222
f 222/222 249/249 237/237
f 234/234 250/250 221/221
f 224/224 213/213 251/251
f 225/225 252/252 226/226
f 226/226 252/252 227/227
f 227/227 252/252 238/238
f 253/253 254/254 255/255
f 254/254 256/256 255/255
f 255/255 256/256 243/243
f 257/257 258/258 235/235
f 259/259 251/251 213/213
f 225/225 260/260 252/252
f 236/236 259/259 213/213
f 238/238 261/261 229/229
f 229/229 261/261 230/230
f 230/230 261/261 239/239
f 261/261 262/262 239/239
f 239/239 263/263 228/228
f 256/256 264/264 243/243
f 243/243 264/264 244/244
f 265/265 246/246 266/266
f 248/248 267/267 249/249
f 221/221 250/250 245/245
f 249/249 268/268 237/237
f 237/237 268/268 235/235
f 235/235 268/268 257/257
f 228/228 269/269 236/236
f 236/236 269/269 259/259
f 262/262 263/263 239/239
f 263/263 269/269 228/228
f 270/270 271/271 272/272
f 264/264 273/273 244/244
f 273/273 267/267 248/248
f 245/245 274/274 246/246
f 260/260 275/275 252/252
f 252/252 275/275 238/238
f 238/238 276/276 261/261
f 277/277 278/278 279/279
f 273/273 280/280 267/267
f 246/246 274/274 266/266
f 250/250 281/281 245/245
f 268/268 282/282 257/257
f 269/269 283/283 259/259
f 261/261 284/284 262/262
f 278/278 285/285 279/279
f 286/286 256/256 254/254
f 264/264 287/287 273/273
f 287/287 280/280 273/273
f 267/267 288/288 249/249
f 249/249 288/288 268/268
f 289/289 251/251 290/290
f 259/259 291/291 251/251
f 238/238 275/275 276/276
f 284/284 292/292 262/262
f 262/262 292/292 263/263
f 286/286 293/293 256/256
f 266/266 294/294 272/272
f 268/268 288/288 282/282
f 257/257 282/282 295/295
f 257/257 295/295 258/258
f 251/251 291/291 290/290
f 259/259 296/296 291/291
f 260/260 297/297 275/275
f 283/283 296/296 259/259
f 269/269 263/263 283/283
f 266/266 298/298 294/294
f 266/266 274/274 298/298
f 267/267 280/280 299/299
f 274/274 300/300 298/298
f 263/263 301/301 283/283
f 302/302 303/303 304/304
f 302/302 305/305 306/306
f 302/302 306/306 303/303
f 303/303 306/306 307/307
f 305/305 308/308 306/306
f 306/306 309/309 307/307
f 276/276 310/310 284/284
f 284/284 311/311 292/292
f 263/263 292/292 301/301
f 312/312 313/313 314/314
f 313/313 304/304 314/314
f 314/314 304/304 315/315
f 314/314 315/315 316/316
f 315/315 317/317 316/316
f 318/318 319/319 313/313
f 318/318 320/320 319/319
f 315/315 303/303 317/317
f 313/313 319/319 304/304
f 304/304 303/303 315/315
f 319/319 302/302 304/304
f 317/317 321/321 322/322
f 319/319 305/305 302/302
f 303/303 307/307 317/317
f 307/307 321/321 317/317
f 320/320 323/323 319/319
f 320/320 324/324 323/323
f 323/323 305/305 319/319
f 321/321 325/325 322/322
f 287/287 326/326 280/280
f 321/321 307/307 325/325
f 324/324 327/327 323/323
f 323/323 308/308 305/305
f 307/307 309/309 328/328
f 328/328 325/325 307/307
f 267/267 299/299 288/288
f 327/327 329/329 323/323
f 329/329 330/330 323/323
f 306/306 308/308 309/309
f 323/323 330/330 308/308
f 328/328 331/331 325/325
f 330/330 332/332 308/308
f 288/288 333/333 282/282
f 332/332 334/334 309/309
f 308/308 332/332 309/309
f 334/334 335/335 328/328
f 309/309 334/334 328/328
f 328/328 335/335 331/331
f 295/295 282/282 336/336
f 330/330 337/337 332/332
f 332/332 337/337 334/334
f 338/338 339/339 297/297
f 296/296 340/340 291/291
f 275/275 341/341 276/276
f 276/276 341/341 310/310
f 301/301 342/342 283/283
f 284/284 310/310 311/311
f 343/343 344/344 345/345
f 344/344 346/346 347/347
f 343/343 348/348 344/344
f 346/346 349/349 347/347
f 343/343 350/350 348/348
f 344/344 348/348 351/351
f 344/344 351/351 346/346
f 350/350 352/352 348/348
f 352/352 353/353 348/348
f 348/348 353/353 351/351
f 351/351 354/354 346/346
f 354/354 355/355 346/346
f 346/346 355/355 349/349
f 350/350 356/356 352/352
f 353/353 354/354 351/351
f 357/357 358/358 359/359
f 356/356 360/360 352/352
f 352/352 360/360 353/353
f 353/353 360/360 361/361
f 353/353 361/361 354/354
f 357/357 362/362 358/358
f 363/363 364/364 365/365
f 363/363 312/312 364/364
f 365/365 364/364 366/366
f 367/367 368/368 312/312
f 364/364 314/314 366/366
f 312/312 314/314 364/364
f 366/366 314/314 316/316
f 367/367 318/318 368/368
f 368/368 313/313 312/312
f 368/368 318/318 313/313
f 278/278 369/369 285/285
f 316/316 317/317 370/370
f 317/317 322/322 370/370
f 371/371 320/320 318/318
f 370/370 322/322 372/372
f 371/371 373/373 320/320
f 293/293 374/374 287/287
f 373/373 324/324 320/320
f 287/287 374/374 326/326
f 373/373 375/375 324/324
f 280/280 326/326 299/299
f 375/375 327/327 324/324
f 372/372 376/376 377/377
f 325/325 376/376 372/372
f 298/298 378/378 379/379
f 325/325 380/380 376/376
f 300/300 281/281 378/378
f 325/325 331/331 380/380
f 282/282 333/333 381/381
f 329/329 382/382 330/330
f 380/380 331/331 383/383
f 291/291 340/340 290/290
f 382/382 384/384 330/330
f 335/335 385/385 331/331
f 331/331 385/385 383/383
f 330/330 384/384 337/337
f 297/297 386/386 275/275
f 283/283 342/342 296/296
f 342/342 340/340 296/296
f 384/384 387/387 337/337
f 275/275 386/386 341/341
f 334/334 388/388 335/335
f 335/335 388/388 385/385
f 292/292 311/311 301/301
f 337/337 387/387 389/389
f 337/337 389/389 334/334
f 389/389 388/388 334/334
f 390/390 391/391 392/392
f 393/393 394/394 391/391
f 393/393 391/391 390/390
f 391/391 395/395 392/392
f 391/391 347/347 395/395
f 347/347 396/396 395/395
f 345/345 344/344 397/397
f 397/397 344/344 394/394
f 344/344 347/347 391/391
f 394/394 344/344 391/391
f 398/398 343/343 345/345
f 398/398 399/399 343/343
f 347/347 349/349 396/396
f 399/399 400/400 350/350
f 401/401 402/402 403/403
f 400/400 356/356 350/350
f 400/400 404/404 356/356
f 405/405 406/406 407/407
f 406/406 408/408 409/409
f 406/406 409/409 410/410
f 362/362 411/411 358/358
f 412/412 367/367 363/363
f 363/363 367/367 312/312
f 365/365 366/366 413/413
f 413/413 366/366 414/414
f 366/366 415/415 414/414
f 370/370 416/416 415/415
f 417/417 318/318 367/367
f 416/416 370/370 418/418
f 370/370 372/372 418/418
f 372/372 419/419 418/418
f 285/285 369/369 420/420
f 371/371 421/421 373/373
f 419/419 372/372 377/377
f 377/377 376/376 422/422
f 423/423 379/379 424/424
f 375/375 425/425 327/327
f 376/376 380/380 422/422
f 380/380 383/383 422/422
f 425/425 426/426 327/327
f 426/426 329/329 327/327
f 427/427 428/428 429/429
f 381/381 336/336 282/282
f 340/340 430/430 290/290
f 426/426 382/382 329/329
f 383/383 431/431 432/432
f 385/385 431/431 383/383
f 382/382 387/387 384/384
f 385/385 388/388 433/433
f 385/385 433/433 431/431
f 388/388 434/434 433/433
f 389/389 435/435 388/388
f 435/435 434/434 388/388
f 436/436 437/437 390/390
f 436/436 390/390 438/438
f 390/390 392/392 439/439
f 438/438 390/390 439/439
f 439/439 392/392 440/440
f 437/437 393/393 390/390
f 392/392 395/395 440/440
f 440/440 395/395 441/441
f 397/397 394/394 393/393
f 345/345 397/397 442/442
f 395/395 396/396 441/441
f 443/443 444/444 445/445
f 443/443 446/446 444/444
f 446/446 447/447 444/444
f 403/403 402/402 448/448
f 359/359 447/447 446/446
f 359/359 449/449 447/447
f 403/403 448/448 450/450
f 359/359 358/358 449/449
f 405/405 451/451 406/406
f 451/451 408/408 406/406
f 358/358 411/411 452/452
f 358/358 452/452 449/449
f 453/453 363/363 365/365
f 453/453 365/365 454/454
f 454/454 365/365 413/413
f 412/412 363/363 455/455
f 414/414 415/415 456/456
f 412/412 417/417 367/367
f 416/416 457/457 415/415
f 416/416 418/418 457/457
f 458/458 318/318 417/417
f 458/458 371/371 318/318
f 458/458 459/459 371/371
f 419/419 460/460 418/418
f 459/459 461/461 371/371
f 419/419 462/462 460/460
f 461/461 421/421 371/371
f 419/419 377/377 462/462
f 293/293 463/463 374/374
f 421/421 375/375 373/373
f 288/288 299/299 464/464
f 422/422 383/383 465/465
f 288/288 464/464 333/333
f 466/466 426/426 425/425
f 383/383 432/432 465/465
f 432/432 467/467 465/465
f 426/426 468/468 382/382
f 431/431 469/469 432/432
f 341/341 470/470 310/310
f 310/310 471/471 311/311
f 431/431 472/472 469/469
f 382/382 473/473 387/387
f 431/431 433/433 472/472
f 389/389 387/387 474/474
f 389/389 474/474 435/435
f 433/433 434/434 475/475
f 433/433 475/475 438/438
f 435/435 476/476 434/434
f 434/434 476/476 475/475
f 475/475 436/436 438/438
f 477/477 437/437 436/436
f 477/477 397/397 393/393
f 477/477 393/393 437/437
f 440/440 441/441 478/478
f 444/444 479/479 445/445
f 480/480 481/481 401/401
f 401/401 481/481 482/482
f 401/401 482/482 483/483
f 401/401 483/483 402/402
f 402/402 483/483 448/448
f 449/449 484/484 447/447
f 405/405 485/485 486/486
f 405/405 486/486 487/487
f 405/405 487/487 451/451
f 451/451 487/487 408/408
f 452/452 488/488 449/449
f 408/408 489/489 409/409
f 453/453 454/454 490/490
f 454/454 413/413 491/491
f 492/492 412/412 455/455
f 413/413 414/414 491/491
f 491/491 414/414 456/456
f 493/493 494/494 412/412
f 494/494 417/417 412/412
f 415/415 457/457 456/456
f 417/417 494/494 458/458
f 457/457 418/418 495/495
f 418/418 460/460 495/495
f 496/496 497/497 498/498
f 499/499 500/500 501/501
f 501/501 502/502 496/496
f 496/496 502/502 497/497
f 377/377 503/503 462/462
f 463/463 504/504 374/374
f 505/505 506/506 507/507
f 500/500 508/508 501/501
f 509/509 508/508 500/500
f 501/501 508/508 502/502
f 497/497 510/510 511/511
f 421/421 512/512 375/375
f 513/513 424/424 514/514
f 500/500 515/515 509/509
f 516/516 517/517 518/518
f 377/377 422/422 503/503
f 515/515 519/519 509/509
f 508/508 520/520 502/502
f 516/516 521/521 517/517
f 510/510 522/522 511/511
f 512/512 425/425 375/375
f 422/422 523/523 503/503
f 509/509 520/520 508/508
f 510/510 520/520 522/522
f 520/520 524/524 522/522
f 379/379 525/525 526/526
f 509/509 527/527 520/520
f 422/422 465/465 523/523
f 519/519 528/528 509/509
f 527/527 524/524 520/520
f 465/465 529/529 523/523
f 509/509 528/528 527/527
f 527/527 530/530 524/524
f 531/531 466/466 425/425
f 333/333 464/464 381/381
f 429/429 428/428 532/532
f 533/533 534/534 528/528
f 528/528 534/534 527/527
f 534/534 530/530 527/527
f 524/524 530/530 535/535
f 465/465 467/467 529/529
f 340/340 536/536 430/430
f 530/530 537/537 535/535
f 467/467 432/432 538/538
f 432/432 539/539 538/538
f 342/342 540/540 340/340
f 540/540 541/541 340/340
f 469/469 539/539 432/432
f 301/301 542/542 342/342
f 542/542 540/540 342/342
f 310/310 470/470 471/471
f 471/471 543/543 301/301
f 311/311 471/471 301/301
f 382/382 468/468 473/473
f 472/472 433/433 544/544
f 473/473 545/545 387/387
f 438/438 546/546 433/433
f 433/433 546/546 544/544
f 545/545 474/474 387/387
f 474/474 547/547 435/435
f 435/435 547/547 476/476
f 476/476 436/436 475/475
f 547/547 477/477 476/476
f 440/440 478/478 548/548
f 476/476 477/477 436/436
f 549/549 397/397 477/477
f 549/549 442/442 397/397
f 549/549 550/550 442/442
f 483/483 551/551 448/448
f 485/485 552/552 486/486
f 449/449 488/488 484/484
f 487/487 489/489 408/408
f 409/409 553/553 554/554
f 490/490 454/454 555/555
f 492/492 455/455 556/556
f 556/556 455/455 557/557
f 454/454 491/491 555/555
f 555/555 491/491 558/558
f 558/558 491/491 559/559
f 560/560 412/412 492/492
f 491/491 456/456 559/559
f 560/560 493/493 412/412
f 456/456 457/457 495/495
f 493/493 561/561 494/494
f 494/494 562/562 458/458
f 563/563 564/564 565/565
f 562/562 459/459 458/458
f 564/564 496/496 565/565
f 566/566 564/564 563/563
f 496/496 498/498 565/565
f 459/459 567/567 461/461
f 501/501 496/496 564/564
f 499/499 501/501 564/564
f 566/566 499/499 564/564
f 505/505 507/507 568/568
f 511/511 569/569 570/570
f 499/499 571/571 500/500
f 499/499 572/572 571/571
f 573/573 421/421 461/461
f 571/571 574/574 515/515
f 571/571 515/515 500/500
f 573/573 512/512 421/421
f 569/569 511/511 575/575
f 573/573 576/576 512/512
f 576/576 577/577 512/512
f 511/511 578/578 575/575
f 577/577 579/579 512/512
f 511/511 522/522 578/578
f 579/579 425/425 512/512
f 299/299 580/580 581/581
f 515/515 582/582 519/519
f 522/522 524/524 578/578
f 579/579 531/531 425/425
f 299/299 583/583 464/464
f 519/519 582/582 584/584
f 584/584 528/528 519/519
f 524/524 585/585 578/578
f 529/529 586/586 523/523
f 430/430 587/587 588/588
f 584/584 533/533 528/528
f 589/589 426/426 466/466
f 524/524 590/590 585/585
f 381/381 591/591 336/336
f 592/592 593/593 594/594
f 535/535 590/590 524/524
f 538/538 595/595 596/596
f 339/339 597/597 386/386
f 340/340 541/541 536/536
f 593/593 598/598 594/594
f 538/538 539/539 599/599
f 538/538 599/599 595/595
f 600/600 601/601 602/602
f 534/534 603/603 537/537
f 604/604 468/468 426/426
f 469/469 605/605 539/539
f 301/301 543/543 542/542
f 604/604 606/606 468/468
f 468/468 607/607 473/473
f 608/608 609/609 610/610
f 544/544 546/546 611/611
f 607/607 545/545 473/473
f 612/612 547/547 474/474
f 612/612 613/613 547/547
f 613/613 549/549 477/477
f 547/547 613/613 477/477
f 549/549 614/614 550/550
f 614/614 615/615 550/550
f 481/481 616/616 482/482
f 482/482 617/617 483/483
f 617/617 551/551 483/483
f 444/444 447/447 618/618
f 448/448 551/551 619/619
f 447/447 484/484 618/618
f 486/486 620/620 487/487
f 487/487 620/620 621/621
f 487/487 621/621 489/489
f 409/409 489/489 553/553
f 553/553 622/622 554/554
f 452/452 623/623 488/488
f 624/624 490/490 625/625
f 626/626 556/556 557/557
f 626/626 557/557 624/624
f 624/624 557/557 453/453
f 624/624 453/453 490/490
f 625/625 490/490 555/555
f 627/627 628/628 629/629
f 559/559 456/456 630/630
f 630/630 456/456 495/495
f 495/495 631/631 632/632
f 495/495 460/460 631/631
f 561/561 562/562 494/494
f 633/633 565/565 634/634
f 565/565 498/498 634/634
f 562/562 567/567 459/459
f 634/634 498/498 635/635
f 636/636 499/499 566/566
f 498/498 570/570 635/635
f 462/462 637/637 631/631
f 636/636 572/572 499/499
f 567/567 638/638 461/461
f 462/462 503/503 637/637
f 638/638 573/573 461/461
f 639/639 514/514 640/640
f 641/641 642/642 643/643
f 640/640 514/514 642/642
f 642/642 644/644 643/643
f 514/514 645/645 642/642
f 642/642 645/645 644/644
f 646/646 576/576 573/573
f 644/644 647/647 648/648
f 649/649 650/650 651/651
f 576/576 652/652 577/577
f 523/523 653/653 654/654
f 649/649 655/655 656/656
f 649/649 656/656 650/650
f 424/424 526/526 657/657
f 574/574 582/582 515/515
f 575/575 578/578 658/658
f 577/577 659/659 579/579
f 581/581 583/583 299/299
f 660/660 661/661 662/662
f 660/660 662/662 656/656
f 663/663 532/532 664/664
f 582/582 665/665 584/584
f 578/578 585/585 658/658
f 579/579 666/666 531/531
f 531/531 666/666 466/466
f 667/667 668/668 592/592
f 592/592 668/668 593/593
f 535/535 537/537 669/669
f 535/535 669/669 590/590
f 589/589 604/604 426/426
f 602/602 670/670 600/600
f 593/593 671/671 598/598
f 603/603 669/669 537/537
f 468/468 606/606 607/607
f 672/672 673/673 674/674
f 545/545 675/675 474/474
f 676/676 677/677 678/678
f 675/675 612/612 474/474
f 677/677 679/679 678/678
f 680/680 679/679 677/677
f 679/679 681/681 678/678
f 678/678 681/681 682/682
f 613/613 614/614 549/549
f 680/680 683/683 679/679
f 679/679 683/683 681/681
f 681/681 684/684 682/682
f 683/683 685/685 681/681
f 681/681 685/685 684/684
f 686/686 481/481 687/687
f 481/481 686/686 616/616
f 552/552 688/688 486/486
f 486/486 688/688 620/620
f 489/489 689/689 553/553
f 555/555 558/558 690/690
f 691/691 555/555 690/690
f 692/692 627/627 629/629
f 558/558 559/559 693/693
f 559/559 630/630 693/693
f 693/693 630/630 694/694
f 695/695 627/627 696/696
f 630/630 495/495 697/697
f 698/698 563/563 633/633
f 699/699 563/563 698/698
f 563/563 565/565 633/633
f 561/561 700/700 562/562
f 701/701 702/702 703/703
f 699/699 566/566 563/563
f 634/634 635/635 704/704
f 635/635 705/705 704/704
f 635/635 570/570 705/705
f 643/643 706/706 707/707
f 706/706 572/572 636/636
f 708/708 643/643 707/707
f 709/709 710/710 711/711
f 708/708 641/641 643/643
f 711/711 639/639 640/640
f 711/711 640/640 708/708
f 706/706 712/712 572/572
f 463/463 713/713 504/504
f 708/708 640/640 641/641
f 643/643 648/648 706/706
f 712/712 571/571 572/572
f 714/714 715/715 716/716
f 638/638 717/717 573/573
f 715/715 718/718 716/716
f 648/648 712/712 706/706
f 717/717 646/646 573/573
f 569/569 575/575 719/719
f 569/569 719/719 720/720
f 717/717 721/721 646/646
f 647/647 712/712 648/648
f 646/646 652/652 576/576
f 575/575 658/658 719/719
f 647/647 722/722 712/712
f 722/722 582/582 574/574
f 712/712 722/722 574/574
f 722/722 723/723 582/582
f 656/656 662/662 650/650
f 723/723 665/665 582/582
f 659/659 666/666 579/579
f 658/658 585/585 724/724
f 587/587 725/725 588/588
f 585/585 726/726 724/724
f 536/536 727/727 587/587
f 666/666 728/728 466/466
f 729/729 730/730 667/667
f 590/590 726/726 585/585
f 466/466 728/728 589/589
f 601/601 731/731 732/732
f 341/341 386/386 733/733
f 600/600 734/734 601/601
f 471/471 735/735 543/543
f 543/543 736/736 542/542
f 737/737 593/593 668/668
f 589/589 738/738 604/604
f 669/669 739/739 590/590
f 593/593 737/737 671/671
f 737/737 740/740 671/671
f 738/738 606/606 604/604
f 671/671 741/741 598/598
f 598/598 741/741 742/742
f 598/598 742/742 743/743
f 744/744 676/676 745/745
f 745/745 676/676 746/746
f 609/609 674/674 610/610
f 744/744 677/677 676/676
f 676/676 678/678 746/746
f 744/744 747/747 748/748
f 744/744 748/748 677/677
f 746/746 678/678 749/749
f 607/607 750/750 545/545
f 748/748 680/680 677/677
f 678/678 682/682 749/749
f 750/750 675/675 545/545
f 751/751 752/752 753/753
f 675/675 754/754 612/612
f 754/754 613/613 612/612
f 673/673 755/755 756/756
f 757/757 683/683 680/680
f 757/757 758/758 683/683
f 758/758 759/759 683/683
f 683/683 759/759 685/685
f 616/616 760/760 617/617
f 617/617 760/760 551/551
f 488/488 761/761 484/484
f 621/621 762/762 489/489
f 553/553 763/763 622/622
f 764/764 765/765 766/766
f 767/767 624/624 625/625
f 768/768 629/629 765/765
f 768/768 692/692 629/629
f 630/630 697/697 694/694
f 696/696 769/769 695/695
f 770/770 561/561 493/493
f 633/633 634/634 771/771
f 772/772 699/699 698/698
f 634/634 704/704 771/771
f 773/773 562/562 700/700
f 774/774 701/701 703/703
f 775/775 636/636 776/776
f 773/773 567/567 562/562
f 777/777 707/707 776/776
f 778/778 567/567 773/773
f 779/779 707/707 777/777
f 776/776 707/707 775/775
f 779/779 708/708 707/707
f 775/775 706/706 636/636
f 707/707 706/706 775/775
f 709/709 711/711 779/779
f 778/778 780/780 567/567
f 779/779 711/711 708/708
f 567/567 780/780 638/638
f 780/780 781/781 717/717
f 780/780 717/717 638/638
f 782/782 783/783 784/784
f 781/781 785/785 717/717
f 785/785 721/721 717/717
f 721/721 786/786 646/646
f 646/646 786/786 652/652
f 787/787 581/581 580/580
f 658/658 788/788 719/719
f 786/786 789/789 652/652
f 652/652 789/789 577/577
f 577/577 789/789 659/659
f 647/647 790/790 723/723
f 647/647 723/723 722/722
f 658/658 724/724 788/788
f 791/791 790/790 647/647
f 664/664 792/792 793/793
f 664/664 793/793 794/794
f 659/659 795/795 666/666
f 464/464 796/796 381/381
f 587/587 727/727 725/725
f 727/727 797/797 725/725
f 798/798 799/799 729/729
f 381/381 796/796 591/591
f 536/536 800/800 727/727
f 597/597 801/801 386/386
f 541/541 800/800 536/536
f 730/730 668/668 667/667
f 601/601 802/802 731/731
f 386/386 801/801 733/733
f 541/541 540/540 800/800
f 728/728 803/803 589/589
f 734/734 802/802 601/601
f 341/341 733/733 470/470
f 470/470 804/804 471/471
f 471/471 804/804 735/735
f 543/543 735/735 736/736
f 590/590 805/805 726/726
f 806/806 807/807 808/808
f 803/803 738/738 589/589
f 809/809 810/810 811/811
f 590/590 739/739 805/805
f 812/812 747/747 744/744
f 812/812 744/744 813/813
f 808/808 813/813 745/745
f 808/808 745/745 806/806
f 814/814 610/610 815/815
f 669/669 816/816 739/739
f 813/813 744/744 745/745
f 745/745 746/746 806/806
f 746/746 817/817 806/806
f 818/818 748/748 747/747
f 817/817 746/746 749/749
f 740/740 741/741 671/671
f 743/743 742/742 819/819
f 606/606 820/820 607/607
f 607/607 820/820 750/750
f 748/748 821/821 680/680
f 821/821 757/757 680/680
f 752/752 822/822 823/823
f 754/754 824/824 613/613
f 824/824 614/614 613/613
f 752/752 825/825 822/822
f 826/826 616/616 686/686
f 825/825 827/827 822/822
f 684/684 685/685 828/828
f 684/684 828/828 829/829
f 685/685 759/759 830/830
f 830/830 828/828 685/685
f 760/760 831/831 551/551
f 831/831 832/832 619/619
f 551/551 831/831 619/619
f 832/832 833/833 619/619
f 484/484 761/761 834/834
f 688/688 835/835 620/620
f 620/620 835/835 621/621
f 621/621 835/835 762/762
f 623/623 836/836 488/488
f 762/762 837/837 489/489
f 489/489 837/837 689/689
f 553/553 689/689 763/763
f 625/625 691/691 767/767
f 838/838 765/765 764/764
f 838/838 768/768 765/765
f 690/690 693/693 839/839
f 840/840 692/692 768/768
f 839/839 693/693 841/841
f 693/693 694/694 841/841
f 692/692 696/696 627/627
f 772/772 698/698 842/842
f 698/698 633/633 842/842
f 842/842 633/633 843/843
f 843/843 633/633 771/771
f 770/770 700/700 561/561
f 844/844 845/845 846/846
f 844/844 847/847 845/845
f 848/848 776/776 772/772
f 848/848 777/777 776/776
f 849/849 773/773 700/700
f 850/850 773/773 849/849
f 704/704 705/705 851/851
f 850/850 778/778 773/773
f 852/852 779/779 777/777
f 853/853 779/779 852/852
f 709/709 779/779 853/853
f 705/705 720/720 854/854
f 855/855 780/780 778/778
f 713/713 856/856 504/504
f 856/856 857/857 504/504
f 858/858 859/859 860/860
f 504/504 857/857 580/580
f 861/861 781/781 780/780
f 861/861 862/862 781/781
f 781/781 862/862 785/785
f 861/861 863/863 862/862
f 864/864 785/785 862/862
f 863/863 864/864 862/862
f 785/785 865/865 721/721
f 721/721 865/865 786/786
f 865/865 789/789 786/786
f 863/863 866/866 864/864
f 785/785 864/864 865/865
f 865/865 867/867 789/789
f 789/789 868/868 659/659
f 864/864 869/869 865/865
f 868/868 795/795 659/659
f 794/794 870/870 798/798
f 866/866 869/869 864/864
f 865/865 871/871 867/867
f 794/794 793/793 870/870
f 870/870 799/799 798/798
f 863/863 872/872 866/866
f 865/865 869/869 871/871
f 797/797 873/873 725/725
f 727/727 874/874 797/797
f 872/872 875/875 866/866
f 869/869 807/807 871/871
f 795/795 728/728 666/666
f 800/800 874/874 727/727
f 875/875 876/876 866/866
f 866/866 876/876 869/869
f 807/807 877/877 871/871
f 799/799 730/730 729/729
f 876/876 808/808 869/869
f 808/808 807/807 869/869
f 807/807 806/806 877/877
f 726/726 878/878 724/724
f 802/802 734/734 879/879
f 876/876 875/875 813/813
f 813/813 808/808 876/876
f 880/880 809/809 811/811
f 880/880 881/881 809/809
f 806/806 817/817 877/877
f 875/875 812/812 813/813
f 812/812 882/882 818/818
f 818/818 747/747 812/812
f 809/809 883/883 810/810
f 884/884 819/819 885/885
f 884/884 885/885 886/886
f 817/817 749/749 887/887
f 803/803 888/888 738/738
f 889/889 751/751 890/890
f 738/738 888/888 606/606
f 741/741 891/891 742/742
f 742/742 891/891 892/892
f 742/742 892/892 819/819
f 819/819 892/892 893/893
f 888/888 820/820 606/606
f 748/748 894/894 821/821
f 750/750 895/895 675/675
f 675/675 895/895 754/754
f 822/822 827/827 896/896
f 826/826 897/897 616/616
f 616/616 897/897 760/760
f 757/757 898/898 758/758
f 897/897 831/831 760/760
f 898/898 899/899 758/758
f 758/758 899/899 759/759
f 759/759 899/899 900/900
f 759/759 900/900 830/830
f 830/830 901/901 828/828
f 688/688 902/902 903/903
f 903/903 835/835 688/688
f 763/763 904/904 622/622
f 691/691 690/690 905/905
f 768/768 906/906 840/840
f 694/694 697/697 907/907
f 908/908 769/769 696/696
f 909/909 772/772 842/842
f 908/908 910/910 769/769
f 843/843 771/771 911/911
f 912/912 700/700 770/770
f 911/911 771/771 913/913
f 911/911 913/913 914/914
f 912/912 849/849 700/700
f 848/848 915/915 777/777
f 913/913 704/704 851/851
f 915/915 852/852 777/777
f 850/850 916/916 778/778
f 917/917 918/918 919/919
f 916/916 855/855 778/778
f 705/705 854/854 920/920
f 855/855 861/861 780/780
f 921/921 922/922 923/923
f 581/581 924/924 583/583
f 925/925 872/872 863/863
f 867/867 871/871 926/926
f 867/867 926/926 868/868
f 868/868 926/926 795/795
f 591/591 796/796 927/927
f 797/797 928/928 873/873
f 793/793 929/929 870/870
f 871/871 877/877 926/926
f 870/870 929/929 799/799
f 877/877 930/930 926/926
f 597/597 931/931 801/801
f 795/795 932/932 728/728
f 933/933 800/800 540/540
f 799/799 929/929 730/730
f 872/872 882/882 875/875
f 542/542 933/933 540/540
f 882/882 812/812 875/875
f 877/877 934/934 930/930
f 932/932 803/803 728/728
f 877/877 817/817 934/934
f 726/726 805/805 878/878
f 817/817 887/887 934/934
f 815/815 610/610 935/935
f 886/886 936/936 937/937
f 938/938 818/818 882/882
f 932/932 939/939 803/803
f 610/610 674/674 935/935
f 803/803 939/939 888/888
f 885/885 936/936 886/886
f 818/818 938/938 748/748
f 674/674 756/756 940/940
f 883/883 941/941 810/810
f 810/810 941/941 942/942
f 938/938 894/894 748/748
f 888/888 939/939 820/820
f 819/819 893/893 885/885
f 941/941 943/943 942/942
f 942/942 943/943 944/944
f 944/944 943/943 945/945
f 894/894 946/946 821/821
f 947/947 948/948 949/949
f 750/750 820/820 895/895
f 821/821 946/946 757/757
f 895/895 950/950 754/754
f 946/946 951/951 757/757
f 754/754 950/950 824/824
f 950/950 952/952 824/824
f 827/827 953/953 896/896
f 897/897 954/954 831/831
f 757/757 951/951 898/898
f 829/829 955/955 956/956
f 828/828 901/901 955/955
f 835/835 903/903 957/957
f 835/835 957/957 4/4
f 958/958 959/959 960/960
f 835/835 1/1 762/762
f 961/961 764/764 766/766
f 766/766 962/962 961/961
f 767/767 691/691 963/963
f 963/963 691/691 905/905
f 906/906 768/768 838/838
f 905/905 839/839 964/964
f 840/840 965/965 692/692
f 965/965 696/696 692/692
f 908/908 696/696 965/965
f 966/966 909/909 842/842
f 967/967 772/772 909/909
f 967/967 848/848 772/772
f 914/914 913/913 968/968
f 969/969 970/970 971/971
f 913/913 851/851 968/968
f 849/849 916/916 850/850
f 971/971 972/972 973/973
f 851/851 920/920 974/974
f 975/975 976/976 855/855
f 976/976 861/861 855/855
f 976/976 977/977 863/863
f 976/976 863/863 861/861
f 581/581 978/978 924/924
f 979/979 925/925 863/863
f 922/922 980/980 923/923
f 979/979 981/981 925/925
f 796/796 982/982 927/927
f 983/983 984/984 874/874
f 874/874 984/984 797/797
f 984/984 928/928 797/797
f 873/873 928/928 985/985
f 981/981 872/872 925/925
f 926/926 930/930 986/986
f 926/926 986/986 795/795
f 800/800 983/983 874/874
f 928/928 987/987 985/985
f 981/981 882/882 872/872
f 795/795 986/986 932/932
f 736/736 988/988 542/542
f 987/987 881/881 985/985
f 881/881 880/880 985/985
f 922/922 989/989 980/980
f 735/735 990/990 736/736
f 991/991 882/882 981/981
f 992/992 993/993 994/994
f 734/734 935/935 879/879
f 991/991 995/995 882/882
f 992/992 889/889 993/993
f 995/995 938/938 882/882
f 889/889 996/996 993/993
f 881/881 997/997 809/809
f 809/809 997/997 883/883
f 997/997 941/941 883/883
f 938/938 998/998 894/894
f 999/999 946/946 894/894
f 945/945 1000/1000 1001/1001
f 949/949 1002/1002 1003/1003
f 946/946 1004/1004 951/951
f 1005/1005 1006/1006 1007/1007
f 1006/1006 1008/1008 1007/1007
f 1004/1004 898/898 951/951
f 1009/1009 1010/1010 953/953
f 898/898 1011/1011 899/899
f 899/899 1011/1011 900/900
f 955/955 901/901 1012/1012
f 1013/1013 1014/1014 1015/1015
f 900/900 1016/1016 830/830
f 830/830 1016/1016 901/901
f 957/957 5/5 4/4
f 1/1 1017/1017 762/762
f 762/762 1018/1018 837/837
f 837/837 1019/1019 689/689
f 689/689 1020/1020 763/763
f 763/763 1020/1020 904/904
f 1021/1021 764/764 961/961
f 1022/1022 767/767 963/963
f 1023/1023 838/838 1021/1021
f 1021/1021 838/838 764/764
f 963/963 905/905 1024/1024
f 1023/1023 906/906 838/838
f 1024/1024 905/905 964/964
f 1025/1025 840/840 906/906
f 1026/1026 1027/1027 1028/1028
f 1025/1025 1029/1029 840/840
f 1028/1028 1027/1027 1030/1030
f 1027/1027 1031/1031 1030/1030
f 1029/1029 965/965 840/840
f 1032/1032 908/908 965/965
f 1033/1033 909/909 966/966
f 966/966 842/842 843/843
f 966/966 843/843 1034/1034
f 843/843 911/911 1034/1034
f 1032/1032 910/910 908/908
f 1035/1035 1036/1036 1037/1037
f 1038/1038 848/848 967/967
f 1039/1039 849/849 912/912
f 1040/1040 848/848 1038/1038
f 1041/1041 849/849 1039/1039
f 968/968 851/851 1042/1042
f 851/851 974/974 1042/1042
f 1041/1041 916/916 849/849
f 970/970 972/972 971/971
f 972/972 1043/1043 973/973
f 972/972 1044/1044 1043/1043
f 1045/1045 1046/1046 709/709
f 1047/1047 1048/1048 916/916
f 1049/1049 1050/1050 1051/1051
f 1048/1048 855/855 916/916
f 854/854 1052/1052 1053/1053
f 1048/1048 975/975 855/855
f 975/975 1054/1054 976/976
f 1054/1054 977/977 976/976
f 788/788 1055/1055 1052/1052
f 788/788 1056/1056 1055/1055
f 977/977 979/979 863/863
f 583/583 924/924 796/796
f 1057/1057 1058/1058 1056/1056
f 983/983 1059/1059 984/984
f 801/801 1060/1060 733/733
f 928/928 1061/1061 987/987
f 733/733 1062/1062 470/470
f 470/470 1062/1062 804/804
f 1063/1063 988/988 736/736
f 542/542 988/988 933/933
f 1064/1064 991/991 981/981
f 930/930 1065/1065 986/986
f 930/930 1066/1066 1065/1065
f 986/986 1065/1065 932/932
f 879/879 935/935 1067/1067
f 1066/1066 1068/1068 1065/1065
f 1065/1065 1068/1068 1069/1069
f 1065/1065 1069/1069 932/932
f 1069/1069 939/939 932/932
f 935/935 940/940 1067/1067
f 1070/1070 1071/1071 1072/1072
f 996/996 1070/1070 1072/1072
f 995/995 1073/1073 938/938
f 1069/1069 1074/1074 939/939
f 939/939 1075/1075 820/820
f 941/941 997/997 1076/1076
f 941/941 1076/1076 943/943
f 998/998 999/999 894/894
f 1001/1001 1000/1000 1077/1077
f 1078/1078 1079/1079 943/943
f 1079/1079 1080/1080 945/945
f 943/943 1079/1079 945/945
f 945/945 1080/1080 1000/1000
f 948/948 1002/1002 949/949
f 999/999 1004/1004 946/946
f 896/896 1081/1081 1082/1082
f 1002/1002 1083/1083 1003/1003
f 831/831 954/954 1084/1084
f 831/831 1084/1084 832/832
f 1004/1004 1085/1085 898/898
f 898/898 1085/1085 1011/1011
f 902/902 1086/1086 1087/1087
f 902/902 1087/1087 903/903
f 1087/1087 1088/1088 903/903
f 900/900 1011/1011 1016/1016
f 903/903 1088/1088 957/957
f 957/957 1088/1088 5/5
f 1016/1016 1089/1089 901/901
f 761/761 1090/1090 834/834
f 1/1 3/3 1017/1017
f 836/836 1090/1090 761/761
f 762/762 1017/1017 1018/1018
f 689/689 1019/1019 1020/1020
f 904/904 1020/1020 1091/1091
f 1021/1021 961/961 1092/1092
f 1093/1093 1025/1025 906/906
f 966/966 1034/1034 1094/1094
f 1095/1095 1032/1032 965/965
f 1032/1032 1096/1096 910/910
f 1097/1097 1038/1038 967/967
f 1098/1098 914/914 1099/1099
f 914/914 968/968 1099/1099
f 1096/1096 1100/1100 1101/1101
f 968/968 1042/1042 1099/1099
f 1100/1100 1102/1102 1101/1101
f 1100/1100 1103/1103 1102/1102
f 1104/1104 1045/1045 1040/1040
f 1105/1105 1047/1047 1041/1041
f 974/974 920/920 1042/1042
f 1106/1106 1048/1048 1047/1047
f 1107/1107 1048/1048 1106/1106
f 1107/1107 975/975 1048/1048
f 1107/1107 1054/1054 975/975
f 857/857 1108/1108 787/787
f 1109/1109 1110/1110 1054/1054
f 1054/1054 1110/1110 977/977
f 1110/1110 979/979 977/977
f 1110/1110 1111/1111 979/979
f 924/924 982/982 796/796
f 979/979 1111/1111 981/981
f 1111/1111 1064/1064 981/981
f 1060/1060 1062/1062 733/733
f 933/933 1059/1059 983/983
f 800/800 933/933 983/983
f 984/984 1112/1112 1061/1061
f 984/984 1061/1061 928/928
f 1057/1057 1113/1113 1058/1058
f 1064/1064 1114/1114 991/991
f 804/804 1062/1062 1115/1115
f 1057/1057 878/878 1113/1113
f 735/735 804/804 990/990
f 987/987 1116/1116 881/881
f 1114/1114 995/995 991/991
f 936/936 1117/1117 937/937
f 936/936 885/885 1117/1117
f 1118/1118 1074/1074 1069/1069
f 881/881 1116/1116 997/997
f 1071/1071 1119/1119 1120/1120
f 1073/1073 998/998 938/938
f 1073/1073 1121/1121 998/998
f 1119/1119 1122/1122 1120/1120
f 1123/1123 1124/1124 947/947
f 947/947 1124/1124 948/948
f 1076/1076 1078/1078 943/943
f 1000/1000 1125/1125 1077/1077
f 1080/1080 1126/1126 1000/1000
f 999/999 1127/1127 1004/1004
f 1008/1008 1006/1006 1128/1128
f 1008/1008 1128/1128 1086/1086
f 953/953 1010/1010 1081/1081
f 1004/1004 1129/1129 1085/1085
f 1012/1012 1130/1130 1131/1131
f 901/901 1132/1132 1012/1012
f 901/901 1089/1089 1132/1132
f 1133/1133 1134/1134 1016/1016
f 1011/1011 1133/1133 1016/1016
f 1016/1016 1134/1134 1089/1089
f 3/3 2/2 1017/1017
f 836/836 1135/1135 1090/1090
f 1018/1018 1136/1136 837/837
f 837/837 1136/1136 1019/1019
f 1092/1092 961/961 1137/1137
f 1137/1137 961/961 1138/1138
f 1139/1139 1021/1021 1092/1092
f 961/961 1140/1140 1138/1138
f 1093/1093 906/906 1023/1023
f 1026/1026 1028/1028 1141/1141
f 1142/1142 1029/1029 1025/1025
f 1095/1095 965/965 1142/1142
f 1142/1142 965/965 1029/1029
f 1143/1143 966/966 1094/1094
f 1144/1144 1145/1145 1035/1035
f 1095/1095 1096/1096 1032/1032
f 1099/1099 1042/1042 1146/1146
f 1104/1104 1147/1147 1045/1045
f 1105/1105 1106/1106 1047/1047
f 1147/1147 1046/1046 1045/1045
f 1148/1148 1149/1149 1150/1150
f 1151/1151 1109/1109 1054/1054
f 1151/1151 1054/1054 1107/1107
f 1152/1152 1110/1110 1109/1109
f 787/787 1108/1108 978/978
f 1055/1055 1058/1058 1153/1153
f 1152/1152 1111/1111 1110/1110
f 1058/1058 1154/1154 1153/1153
f 1152/1152 1155/1155 1111/1111
f 933/933 1156/1156 1059/1059
f 1059/1059 1112/1112 984/984
f 1058/1058 1113/1113 1157/1157
f 1058/1058 1157/1157 1154/1154
f 1155/1155 1158/1158 1114/1114
f 1155/1155 1114/1114 1111/1111
f 1111/1111 1114/1114 1064/1064
f 1061/1061 1116/1116 987/987
f 1114/1114 1073/1073 995/995
f 937/937 1117/1117 1159/1159
f 1116/1116 1160/1160 1161/1161
f 1116/1116 1161/1161 997/997
f 1074/1074 1162/1162 939/939
f 1120/1120 1122/1122 1163/1163
f 939/939 1162/1162 1075/1075
f 1163/1163 1122/1122 1164/1164
f 1161/1161 1165/1165 997/997
f 1122/1122 1166/1166 1164/1164
f 1165/1165 1076/1076 997/997
f 1077/1077 1125/1125 1167/1167
f 1125/1125 1168/1168 1167/1167
f 1076/1076 1169/1169 1078/1078
f 998/998 1127/1127 999/999
f 1170/1170 1171/1171 1172/1172
f 1000/1000 1126/1126 1125/1125
f 948/948 1173/1173 1002/1002
f 1079/1079 1174/1174 1080/1080
f 1080/1080 1174/1174 1126/1126
f 1127/1127 1175/1175 1004/1004
f 1081/1081 1010/1010 1176/1176
f 1175/1175 1129/1129 1004/1004
f 1010/1010 1177/1177 1176/1176
f 1129/1129 1178/1178 1085/1085
f 1088/1088 6/6 5/5
f 1085/1085 1178/1178 1011/1011
f 1012/1012 1132/1132 1130/1130
f 1178/1178 1133/1133 1011/1011
f 1179/1179 1180/1180 1181/1181
f 1017/1017 1182/1182 1183/1183
f 1017/1017 1183/1183 1018/1018
f 1184/1184 1142/1142 1025/1025
f 1028/1028 1030/1030 1185/1185
f 1186/1186 1187/1187 1188/1188
f 1189/1189 1096/1096 1095/1095
f 1190/1190 1191/1191 1098/1098
f 1192/1192 1100/1100 1096/1096
f 1192/1192 1193/1193 1100/1100
f 1194/1194 1104/1104 1038/1038
f 1193/1193 1103/1103 1100/1100
f 1195/1195 1147/1147 1104/1104
f 1149/1149 1103/1103 1193/1193
f 1149/1149 1148/1148 1103/1103
f 1196/1196 1046/1046 1147/1147
f 1046/1046 1196/1196 1197/1197
f 920/920 1053/1053 1198/1198
f 1149/1149 1199/1199 1200/1200
f 1200/1200 1150/1150 1149/1149
f 1201/1201 1151/1151 1107/1107
f 1202/1202 1203/1203 856/856
f 856/856 1203/1203 857/857
f 1055/1055 1204/1204 1205/1205
f 1206/1206 1055/1055 1205/1205
f 857/857 1203/1203 1108/1108
f 1055/1055 1153/1153 1204/1204
f 978/978 1207/1207 924/924
f 982/982 1208/1208 927/927
f 931/931 1209/1209 1060/1060
f 804/804 1210/1210 990/990
f 1063/1063 1211/1211 988/988
f 1059/1059 1212/1212 1112/1112
f 1061/1061 1213/1213 1116/1116
f 1159/1159 1214/1214 1158/1158
f 1158/1158 1214/1214 1114/1114
f 1214/1214 1073/1073 1114/1114
f 1159/1159 1117/1117 1214/1214
f 1215/1215 1121/1121 1073/1073
f 1117/1117 1216/1216 1217/1217
f 1162/1162 1218/1218 1075/1075
f 1219/1219 1220/1220 1170/1170
f 1218/1218 1221/1221 1075/1075
f 1170/1170 1220/1220 1171/1171
f 1076/1076 1165/1165 1169/1169
f 1002/1002 1173/1173 1083/1083
f 1083/1083 1173/1173 1222/1222
f 1172/1172 1223/1223 1224/1224
f 1225/1225 1226/1226 1128/1128
f 1128/1128 1226/1226 1086/1086
f 1224/1224 1223/1223 1227/1227
f 1086/1086 1226/1226 1087/1087
f 1224/1224 1227/1227 1228/1228
f 1228/1228 1227/1227 1179/1179
f 1088/1088 1229/1229 6/6
f 6/6 1229/1229 2/2
f 1090/1090 1230/1230 1013/1013
f 2/2 1182/1182 1017/1017
f 1090/1090 1135/1135 1230/1230
f 1089/1089 1231/1231 1132/1132
f 1018/1018 1183/1183 1136/1136
f 1020/1020 1232/1232 1091/1091
f 1134/1134 1231/1231 1089/1089
f 1019/1019 1233/1233 1020/1020
f 1234/1234 1235/1235 1141/1141
f 1236/1236 1025/1025 1093/1093
f 1237/1237 1095/1095 1142/1142
f 1237/1237 1189/1189 1095/1095
f 1238/1238 1097/1097 1239/1239
f 1239/1239 1097/1097 1240/1240
f 1189/1189 1192/1192 1096/1096
f 1194/1194 1038/1038 1241/1241
f 1194/1194 1242/1242 1104/1104
f 1104/1104 1242/1242 1195/1195
f 1243/1243 1149/1149 1193/1193
f 1195/1195 1196/1196 1147/1147
f 1053/1053 1244/1244 1198/1198
f 1244/1244 1053/1053 1245/1245
f 1053/1053 1206/1206 1245/1245
f 1245/1245 1206/1206 1246/1246
f 1206/1206 1205/1205 1246/1246
f 1203/1203 1247/1247 1108/1108
f 927/927 1208/1208 1248/1248
f 804/804 1115/1115 1210/1210
f 933/933 988/988 1156/1156
f 1156/1156 1249/1249 1212/1212
f 1156/1156 1212/1212 1059/1059
f 1212/1212 1213/1213 1061/1061
f 1112/1112 1212/1212 1061/1061
f 1213/1213 1160/1160 1116/1116
f 1214/1214 1215/1215 1073/1073
f 1117/1117 1250/1250 1214/1214
f 1117/1117 1217/1217 1250/1250
f 1167/1167 1251/1251 1252/1252
f 1253/1253 1220/1220 1219/1219
f 1160/1160 1254/1254 1161/1161
f 1220/1220 1255/1255 1171/1171
f 1254/1254 1165/1165 1161/1161
f 1218/1218 1256/1256 1221/1221
f 1256/1256 1257/1257 1221/1221
f 1123/1123 1258/1258 1124/1124
f 1125/1125 1259/1259 1168/1168
f 948/948 1124/1124 1173/1173
f 1169/1169 1260/1260 1078/1078
f 1260/1260 1261/1261 1078/1078
f 1078/1078 1261/1261 1079/1079
f 1126/1126 1262/1262 1125/1125
f 1079/1079 1261/1261 1174/1174
f 1261/1261 1263/1263 1174/1174
f 1171/1171 1223/1223 1172/1172
f 1128/1128 1264/1264 1225/1225
f 1265/1265 1266/1266 1267/1267
f 2/2 1229/1229 1182/1182
f 1135/1135 1268/1268 1230/1230
f 1269/1269 1180/1180 1179/1179
f 1269/1269 1270/1270 1180/1180
f 1132/1132 1231/1231 1271/1271
f 1232/1232 1272/1272 1091/1091
f 1020/1020 1233/1233 1232/1232
f 1180/1180 1273/1273 1181/1181
f 1181/1181 1273/1273 1274/1274
f 1273/1273 1275/1275 1274/1274
f 1134/1134 1276/1276 1231/1231
f 1092/1092 1137/1137 1277/1277
f 1278/1278 1093/1093 1023/1023
f 1279/1279 1141/1141 1280/1280
f 1281/1281 1184/1184 1025/1025
f 1280/1280 1028/1028 1185/1185
f 1282/1282 1142/1142 1184/1184
f 1282/1282 1237/1237 1142/1142
f 1283/1283 1186/1186 1284/1284
f 1285/1285 1094/1094 1190/1190
f 1237/1237 1286/1286 1189/1189
f 1190/1190 1098/1098 1287/1287
f 1288/1288 1241/1241 1238/1238
f 1098/1098 1289/1289 1287/1287
f 1286/1286 1192/1192 1189/1189
f 1290/1290 1193/1193 1192/1192
f 1290/1290 1291/1291 1193/1193
f 1291/1291 1243/1243 1193/1193
f 1042/1042 1198/1198 1292/1292
f 1293/1293 1197/1197 1196/1196
f 1294/1294 1199/1199 1149/1149
f 1295/1295 1200/1200 1199/1199
f 1203/1203 1296/1296 1247/1247
f 1108/1108 1247/1247 978/978
f 1207/1207 1297/1297 924/924
f 924/924 1297/1297 982/982
f 990/990 1211/1211 1063/1063
f 1211/1211 1298/1298 988/988
f 1298/1298 1249/1249 988/988
f 988/988 1249/1249 1156/1156
f 1249/1249 1299/1299 1212/1212
f 1212/1212 1300/1300 1213/1213
f 1250/1250 1215/1215 1214/1214
f 1301/1301 1302/1302 1219/1219
f 1219/1219 1302/1302 1253/1253
f 1303/1303 1304/1304 1305/1305
f 1220/1220 1253/1253 1255/1255
f 1167/1167 1168/1168 1306/1306
f 1254/1254 1307/1307 1165/1165
f 1171/1171 1255/1255 1308/1308
f 1124/1124 1309/1309 1173/1173
f 1165/1165 1307/1307 1310/1310
f 1165/1165 1310/1310 1169/1169
f 1310/1310 1260/1260 1169/1169
f 1174/1174 1311/1311 1126/1126
f 1171/1171 1308/1308 1223/1223
f 1222/1222 1173/1173 1312/1312
f 1222/1222 1312/1312 1313/1313
f 1226/1226 1314/1314 1087/1087
f 1087/1087 1314/1314 1229/1229
f 1315/1315 1269/1269 1227/1227
f 1316/1316 1317/1317 1177/1177
f 1318/1318 1319/1319 1320/1320
f 1136/1136 1321/1321 1019/1019
f 1019/1019 1321/1321 1233/1233
f 1180/1180 1270/1270 1273/1273
f 1322/1322 1139/1139 1323/1323
f 1324/1324 1138/1138 1234/1234
f 1282/1282 1184/1184 1281/1281
f 1286/1286 1290/1290 1192/1192
f 1288/1288 1325/1325 1241/1241
f 1325/1325 1194/1194 1241/1241
f 1326/1326 1327/1327 1328/1328
f 1146/1146 1329/1329 1330/1330
f 1331/1331 1149/1149 1243/1243
f 1293/1293 1196/1196 1332/1332
f 1332/1332 1196/1196 1195/1195
f 1149/1149 1331/1331 1294/1294
f 1294/1294 1295/1295 1199/1199
f 918/918 1333/1333 1334/1334
f 978/978 1247/1247 1207/1207
f 1297/1297 1335/1335 982/982
f 982/982 1335/1335 1208/1208
f 1335/1335 1248/1248 1208/1208
f 1060/1060 1336/1336 1062/1062
f 1337/1337 1302/1302 1301/1301
f 1160/1160 1338/1338 1254/1254
f 1258/1258 1339/1339 1124/1124
f 1339/1339 1309/1309 1124/1124
f 1125/1125 1262/1262 1259/1259
f 1174/1174 1263/1263 1311/1311
f 1311/1311 1262/1262 1126/1126
f 1223/1223 1308/1308 1340/1340
f 1223/1223 1340/1340 1227/1227
f 1340/1340 1315/1315 1227/1227
f 1269/1269 1315/1315 1341/1341
f 1233/1233 1342/1342 1232/1232
f 1270/1270 1343/1343 1273/1273
f 1343/1343 1344/1344 1275/1275
f 1273/1273 1343/1343 1275/1275
f 1275/1275 1344/1344 1345/1345
f 1344/1344 1346/1346 1345/1345
f 1347/1347 1322/1322 1323/1323
f 1277/1277 1138/1138 1324/1324
f 1279/1279 1280/1280 1348/1348
f 1349/1349 1237/1237 1282/1282
f 1350/1350 1290/1290 1286/1286
f 1288/1288 1351/1351 1325/1325
f 1289/1289 1330/1330 1352/1352
f 1353/1353 1242/1242 1325/1325
f 1242/1242 1353/1353 1354/1354
f 1354/1354 1195/1195 1242/1242
f 1331/1331 1355/1355 1294/1294
f 1198/1198 1245/1245 1356/1356
f 1357/1357 1358/1358 1359/1359
f 1062/1062 1210/1210 1115/1115
f 990/990 1298/1298 1211/1211
f 1299/1299 1300/1300 1212/1212
f 1302/1302 1360/1360 1253/1253
f 1213/1213 1361/1361 1160/1160
f 1361/1361 1338/1338 1160/1160
f 1253/1253 1362/1362 1255/1255
f 1338/1338 1307/1307 1254/1254
f 1363/1363 1364/1364 1365/1365
f 1339/1339 1366/1366 1309/1309
f 1262/1262 1367/1367 1259/1259
f 1309/1309 1368/1368 1173/1173
f 1310/1310 1369/1369 1260/1260
f 1370/1370 1371/1371 1261/1261
f 1263/1263 1372/1372 1311/1311
f 1311/1311 1372/1372 1262/1262
f 1173/1173 1368/1368 1312/1312
f 1225/1225 1373/1373 1226/1226
f 1226/1226 1373/1373 1314/1314
f 1314/1314 1374/1374 1229/1229
f 1229/1229 1374/1374 1182/1182
f 1315/1315 1375/1375 1341/1341
f 1182/1182 1376/1376 1377/1377
f 1182/1182 1377/1377 1183/1183
f 1317/1317 1378/1378 1379/1379
f 1183/1183 1377/1377 1136/1136
f 1136/1136 1377/1377 1321/1321
f 1320/1320 1319/1319 1380/1380
f 1270/1270 1381/1381 1343/1343
f 1345/1345 1346/1346 1382/1382
f 1343/1343 1383/1383 1344/1344
f 1384/1384 1278/1278 1322/1322
f 1385/1385 1236/1236 1278/1278
f 1281/1281 1236/1236 1385/1385
f 1386/1386 1285/1285 1190/1190
f 1387/1387 1291/1291 1290/1290
f 1387/1387 1388/1388 1291/1291
f 1388/1388 1243/1243 1291/1291
f 1195/1195 1354/1354 1332/1332
f 1388/1388 1331/1331 1243/1243
f 1331/1331 1389/1389 1355/1355
f 1292/1292 1356/1356 1390/1390
f 1391/1391 1358/1358 1357/1357
f 1358/1358 1392/1392 1359/1359
f 1393/1393 1394/1394 1395/1395
f 1209/1209 1396/1396 1336/1336
f 1336/1336 1397/1397 1062/1062
f 1210/1210 1398/1398 990/990
f 990/990 1398/1398 1298/1298
f 1298/1298 1398/1398 1399/1399
f 1298/1298 1399/1399 1249/1249
f 1399/1399 1299/1299 1249/1249
f 1299/1299 1400/1400 1300/1300
f 1400/1400 1401/1401 1300/1300
f 1401/1401 1213/1213 1300/1300
f 1306/1306 1402/1402 1251/1251
f 1306/1306 1403/1403 1402/1402
f 1168/1168 1259/1259 1306/1306
f 1255/1255 1404/1404 1308/1308
f 1366/1366 1405/1405 1309/1309
f 1404/1404 1406/1406 1308/1308
f 1309/1309 1405/1405 1368/1368
f 1369/1369 1370/1370 1260/1260
f 1260/1260 1370/1370 1261/1261
f 1261/1261 1371/1371 1263/1263
f 1406/1406 1340/1340 1308/1308
f 1340/1340 1406/1406 1407/1407
f 1264/1264 1373/1373 1225/1225
f 1340/1340 1407/1407 1375/1375
f 1340/1340 1375/1375 1315/1315
f 1182/1182 1408/1408 1376/1376
f 1341/1341 1375/1375 1409/1409
f 1268/1268 1410/1410 1230/1230
f 1341/1341 1411/1411 1381/1381
f 1382/1382 1346/1346 1412/1412
f 1382/1382 1412/1412 1413/1413
f 1344/1344 1383/1383 1414/1414
f 1384/1384 1322/1322 1347/1347
f 1349/1349 1281/1281 1385/1385
f 1349/1349 1282/1282 1281/1281
f 1415/1415 1286/1286 1237/1237
f 1415/1415 1237/1237 1349/1349
f 1416/1416 1285/1285 1386/1386
f 1415/1415 1350/1350 1286/1286
f 1190/1190 1287/1287 1417/1417
f 1290/1290 1350/1350 1418/1418
f 1351/1351 1288/1288 1419/1419
f 1420/1420 1353/1353 1325/1325
f 1329/1329 1292/1292 1421/1421
f 1388/1388 1389/1389 1331/1331
f 1422/1422 1423/1423 1424/1424
f 1422/1422 1425/1425 1423/1423
f 1421/1421 1390/1390 1426/1426
f 1425/1425 1357/1357 1423/1423
f 1425/1425 1391/1391 1357/1357
f 1335/1335 1427/1427 1248/1248
f 1248/1248 1427/1427 1428/1428
f 1062/1062 1397/1397 1210/1210
f 1399/1399 1429/1429 1299/1299
f 1299/1299 1429/1429 1400/1400
f 1401/1401 1361/1361 1213/1213
f 1430/1430 1431/1431 1432/1432
f 1360/1360 1433/1433 1253/1253
f 1253/1253 1433/1433 1362/1362
f 1362/1362 1404/1404 1255/1255
f 1366/1366 1434/1434 1405/1405
f 1262/1262 1435/1435 1367/1367
f 1310/1310 1436/1436 1369/1369
f 1372/1372 1435/1435 1262/1262
f 1263/1263 1371/1371 1437/1437
f 1437/1437 1372/1372 1263/1263
f 1313/1313 1438/1438 1439/1439
f 1408/1408 1440/1440 1376/1376
f 1321/1321 1441/1441 1233/1233
f 1233/1233 1441/1441 1342/1342
f 1342/1342 1442/1442 1272/1272
f 1341/1341 1409/1409 1411/1411
f 1343/1343 1381/1381 1383/1383
f 1344/1344 1414/1414 1346/1346
f 1443/1443 1349/1349 1385/1385
f 1444/1444 1348/1348 1445/1445
f 1284/1284 1446/1446 1447/1447
f 1443/1443 1415/1415 1349/1349
f 1415/1415 1448/1448 1350/1350
f 1449/1449 1419/1419 1288/1288
f 1420/1420 1325/1325 1351/1351
f 1450/1450 1387/1387 1290/1290
f 1358/1358 1451/1451 1392/1392
f 1392/1392 1451/1451 1452/1452
f 1453/1453 1454/1454 1455/1455
f 1455/1455 1456/1456 1296/1296
f 1336/1336 1396/1396 1397/1397
f 1397/1397 1457/1457 1210/1210
f 1210/1210 1457/1457 1398/1398
f 1361/1361 1458/1458 1338/1338
f 1403/1403 1459/1459 1402/1402
f 1338/1338 1460/1460 1307/1307
f 1460/1460 1436/1436 1307/1307
f 1367/1367 1461/1461 1259/1259
f 1259/1259 1461/1461 1403/1403
f 1307/1307 1436/1436 1310/1310
f 1462/1462 1463/1463 1464/1464
f 1372/1372 1465/1465 1435/1435
f 1368/1368 1466/1466 1312/1312
f 1312/1312 1438/1438 1313/1313
f 1369/1369 1467/1467 1370/1370
f 1438/1438 1468/1468 1439/1439
f 1373/1373 1469/1469 1314/1314
f 1314/1314 1469/1469 1374/1374
f 1440/1440 1470/1470 1377/1377
f 1471/1471 1410/1410 1268/1268
f 1384/1384 1347/1347 1472/1472
f 1347/1347 1473/1473 1472/1472
f 1384/1384 1474/1474 1475/1475
f 1475/1475 1476/1476 1384/1384
f 1387/1387 1477/1477 1388/1388
f 1421/1421 1426/1426 1478/1478
f 1477/1477 1389/1389 1388/1388
f 1425/1425 1479/1479 1391/1391
f 1480/1480 1481/1481 1482/1482
f 1247/1247 1456/1456 1483/1483
f 1207/1207 1483/1483 1297/1297
f 1297/1297 1484/1484 1335/1335
f 1485/1485 1429/1429 1398/1398
f 1398/1398 1429/1429 1399/1399
f 1400/1400 1486/1486 1401/1401
f 1401/1401 1458/1458 1361/1361
f 1487/1487 1488/1488 1360/1360
f 1360/1360 1488/1488 1433/1433
f 1458/1458 1489/1489 1338/1338
f 1362/1362 1490/1490 1404/1404
f 1435/1435 1491/1491 1367/1367
f 1436/1436 1492/1492 1493/1493
f 1406/1406 1494/1494 1407/1407
f 1495/1495 1496/1496 1497/1497
f 1498/1498 1499/1499 1466/1466
f 1312/1312 1466/1466 1438/1438
f 1436/1436 1500/1500 1369/1369
f 1370/1370 1467/1467 1371/1371
f 1467/1467 1437/1437 1371/1371
f 1437/1437 1465/1465 1372/1372
f 1373/1373 1501/1501 1469/1469
f 1469/1469 1502/1502 1374/1374
f 1407/1407 1503/1503 1375/1375
f 1374/1374 1502/1502 1408/1408
f 1503/1503 1409/1409 1375/1375
f 1377/1377 1470/1470 1321/1321
f 1321/1321 1504/1504 1441/1441
f 1504/1504 1505/1505 1441/1441
f 1441/1441 1505/1505 1342/1342
f 1342/1342 1505/1505 1506/1506
f 1342/1342 1506/1506 1442/1442
f 1409/1409 1507/1507 1411/1411
f 1508/1508 1379/1379 1509/1509
f 1412/1412 1510/1510 1413/1413
f 1511/1511 1512/1512 1513/1513
f 1414/1414 1514/1514 1346/1346
f 1384/1384 1472/1472 1474/1474
f 1515/1515 1516/1516 1517/1517
f 1518/1518 1443/1443 1385/1385
f 1519/1519 1415/1415 1443/1443
f 1448/1448 1415/1415 1519/1519
f 1446/1446 1520/1520 1521/1521
f 1447/1447 1446/1446 1521/1521
f 1522/1522 1523/1523 1524/1524
f 1525/1525 1526/1526 1527/1527
f 1448/1448 1528/1528 1350/1350
f 1528/1528 1418/1418 1350/1350
f 1529/1529 1530/1530 1531/1531
f 1450/1450 1532/1532 1387/1387
f 1533/1533 1534/1534 1535/1535
f 1329/1329 1421/1421 1536/1536
f 1536/1536 1421/1421 1478/1478
f 1422/1422 1479/1479 1425/1425
f 1479/1479 1537/1537 1391/1391
f 1391/1391 1451/1451 1358/1358
f 1480/1480 1538/1538 1481/1481
f 1481/1481 1539/1539 1540/1540
f 1541/1541 1542/1542 1543/1543
f 1483/1483 1484/1484 1297/1297
f 1396/1396 1544/1544 1397/1397
f 1397/1397 1544/1544 1457/1457
f 1457/1457 1485/1485 1398/1398
f 1429/1429 1545/1545 1546/1546
f 1429/1429 1546/1546 1400/1400
f 1486/1486 1458/1458 1401/1401
f 1360/1360 1547/1547 1487/1487
f 1433/1433 1488/1488 1362/1362
f 1362/1362 1488/1488 1490/1490
f 1548/1548 1547/1547 1549/1549
f 1403/1403 1461/1461 1459/1459
f 1460/1460 1550/1550 1436/1436
f 1367/1367 1491/1491 1461/1461
f 1494/1494 1551/1551 1407/1407
f 1493/1493 1500/1500 1436/1436
f 1499/1499 1552/1552 1466/1466
f 1466/1466 1552/1552 1553/1553
f 1466/1466 1553/1553 1438/1438
f 1467/1467 1554/1554 1437/1437
f 1551/1551 1555/1555 1407/1407
f 1407/1407 1555/1555 1503/1503
f 1502/1502 1556/1556 1408/1408
f 1503/1503 1557/1557 1409/1409
f 1558/1558 1559/1559 1560/1560
f 1440/1440 1561/1561 1470/1470
f 1409/1409 1557/1557 1507/1507
f 1508/1508 1562/1562 1558/1558
f 1471/1471 1563/1563 1410/1410
f 1506/1506 1564/1564 1442/1442
f 1411/1411 1565/1565 1381/1381
f 1379/1379 1566/1566 1509/1509
f 1511/1511 1567/1567 1512/1512
f 1346/1346 1514/1514 1510/1510
f 1568/1568 1569/1569 1570/1570
f 1571/1571 1475/1475 1474/1474
f 1572/1572 1518/1518 1385/1385
f 1519/1519 1443/1443 1518/1518
f 1573/1573 1447/1447 1574/1574
f 1575/1575 1417/1417 1576/1576
f 1577/1577 1419/1419 1578/1578
f 1528/1528 1450/1450 1418/1418
f 1579/1579 1422/1422 1534/1534
f 1580/1580 1479/1479 1422/1422
f 1391/1391 1537/1537 1451/1451
f 1539/1539 1454/1454 1453/1453
f 1427/1427 1581/1581 1428/1428
f 1457/1457 1582/1582 1485/1485
f 1485/1485 1545/1545 1429/1429
f 1338/1338 1489/1489 1460/1460
f 1490/1490 1406/1406 1404/1404
f 1406/1406 1490/1490 1494/1494
f 1550/1550 1492/1492 1436/1436
f 1438/1438 1553/1553 1468/1468
f 1369/1369 1500/1500 1467/1467
f 1469/1469 1583/1583 1502/1502
f 1503/1503 1555/1555 1557/1557
f 1408/1408 1556/1556 1440/1440
f 1470/1470 1504/1504 1321/1321
f 1504/1504 1584/1584 1505/1505
f 1411/1411 1507/1507 1565/1565
f 1379/1379 1585/1585 1566/1566
f 1381/1381 1565/1565 1586/1586
f 1381/1381 1586/1586 1587/1587
f 1414/1414 1587/1587 1588/1588
f 1414/1414 1588/1588 1514/1514
f 1572/1572 1475/1475 1571/1571
f 1589/1589 1518/1518 1572/1572
f 1522/1522 1524/1524 1590/1590
f 1591/1591 1592/1592 1593/1593
f 1579/1579 1580/1580 1422/1422
f 1481/1481 1538/1538 1594/1594
f 1481/1481 1594/1594 1539/1539
f 1539/1539 1594/1594 1595/1595
f 1539/1539 1595/1595 1596/1596
f 1454/1454 1596/1596 1456/1456
f 1545/1545 1597/1597 1546/1546
f 1400/1400 1546/1546 1486/1486
f 1486/1486 1598/1598 1458/1458
f 1487/1487 1599/1599 1488/1488
f 1598/1598 1489/1489 1458/1458
f 1461/1461 1600/1600 1459/1459
f 1550/1550 1601/1601 1492/1492
f 1465/1465 1437/1437 1602/1602
f 1552/1552 1603/1603 1553/1553
f 1553/1553 1604/1604 1468/1468
f 1501/1501 1583/1583 1469/1469
f 1556/1556 1561/1561 1440/1440
f 1605/1605 1606/1606 1557/1557
f 1470/1470 1607/1607 1504/1504
f 1607/1607 1584/1584 1504/1504
f 1557/1557 1606/1606 1507/1507
f 1608/1608 1519/1519 1518/1518
f 1609/1609 1532/1532 1450/1450
f 1610/1610 1579/1579 1534/1534
f 1611/1611 1536/1536 1612/1612
f 1613/1613 1614/1614 1615/1615
f 1616/1616 1477/1477 1532/1532
f 1617/1617 1580/1580 1579/1579
f 1479/1479 1618/1618 1537/1537
f 1480/1480 1619/1619 1620/1620
f 1480/1480 1620/1620 1538/1538
f 1594/1594 1621/1621 1595/1595
f 1596/1596 1622/1622 1483/1483
f 1483/1483 1622/1622 1623/1623
f 1483/1483 1623/1623 1484/1484
f 1484/1484 1623/1623 1624/1624
f 1625/1625 1626/1626 1544/1544
f 1626/1626 1627/1627 1582/1582
f 1544/1544 1626/1626 1582/1582
f 1582/1582 1628/1628 1485/1485
f 1485/1485 1628/1628 1545/1545
f 1629/1629 1486/1486 1546/1546
f 1488/1488 1599/1599 1630/1630
f 1460/1460 1631/1631 1550/1550
f 1490/1490 1632/1632 1494/1494
f 1494/1494 1633/1633 1551/1551
f 1551/1551 1634/1634 1555/1555
f 1465/1465 1602/1602 1435/1435
f 1493/1493 1635/1635 1500/1500
f 1554/1554 1636/1636 1437/1437
f 1552/1552 1637/1637 1603/1603
f 1468/1468 1604/1604 1638/1638
f 1604/1604 1639/1639 1638/1638
f 1640/1640 1467/1467 1500/1500
f 1555/1555 1641/1641 1557/1557
f 1502/1502 1583/1583 1556/1556
f 1467/1467 1642/1642 1554/1554
f 1643/1643 1644/1644 1645/1645
f 1644/1644 1646/1646 1645/1645
f 1561/1561 1607/1607 1470/1470
f 1563/1563 1647/1647 1648/1648
f 1505/1505 1649/1649 1506/1506
f 1506/1506 1650/1650 1564/1564
f 1510/1510 1651/1651 1652/1652
f 1587/1587 1653/1653 1588/1588
f 1654/1654 1569/1569 1568/1568
f 1655/1655 1474/1474 1472/1472
f 1570/1570 1656/1656 1657/1657
f 1658/1658 1659/1659 1660/1660
f 1661/1661 1519/1519 1608/1608
f 1662/1662 1663/1663 1664/1664
f 1528/1528 1665/1665 1609/1609
f 1609/1609 1450/1450 1528/1528
f 1666/1666 1617/1617 1579/1579
f 1617/1617 1618/1618 1479/1479
f 1619/1619 1667/1667 1620/1620
f 1595/1595 1668/1668 1596/1596
f 1668/1668 1622/1622 1596/1596
f 1624/1624 1669/1669 1581/1581
f 1582/1582 1627/1627 1628/1628
f 1597/1597 1629/1629 1546/1546
f 1486/1486 1670/1670 1598/1598
f 1598/1598 1671/1671 1489/1489
f 1488/1488 1630/1630 1490/1490
f 1671/1671 1460/1460 1489/1489
f 1459/1459 1600/1600 1672/1672
f 1490/1490 1673/1673 1632/1632
f 1494/1494 1632/1632 1633/1633
f 1551/1551 1633/1633 1634/1634
f 1601/1601 1493/1493 1492/1492
f 1601/1601 1674/1674 1493/1493
f 1491/1491 1675/1675 1461/1461
f 1634/1634 1641/1641 1555/1555
f 1602/1602 1676/1676 1435/1435
f 1435/1435 1676/1676 1491/1491
f 1437/1437 1636/1636 1602/1602
f 1603/1603 1604/1604 1553/1553
f 1604/1604 1677/1677 1639/1639
f 1500/1500 1635/1635 1640/1640
f 1554/1554 1678/1678 1636/1636
f 1637/1637 1679/1679 1603/1603
f 1642/1642 1678/1678 1554/1554
f 1556/1556 1680/1680 1561/1561
f 1680/1680 1681/1681 1561/1561
f 1682/1682 1683/1683 1684/1684
f 1561/1561 1681/1681 1607/1607
f 1607/1607 1685/1685 1584/1584
f 1562/1562 1686/1686 1559/1559
f 1584/1584 1649/1649 1505/1505
f 1506/1506 1649/1649 1650/1650
f 1606/1606 1687/1687 1507/1507
f 1507/1507 1687/1687 1688/1688
f 1566/1566 1689/1689 1509/1509
f 1688/1688 1690/1690 1586/1586
f 1565/1565 1688/1688 1586/1586
f 1586/1586 1653/1653 1587/1587
f 1653/1653 1691/1691 1588/1588
f 1588/1588 1691/1691 1514/1514
f 1692/1692 1658/1658 1660/1660
f 1660/1660 1659/1659 1693/1693
f 1694/1694 1608/1608 1518/1518
f 1695/1695 1528/1528 1661/1661
f 1696/1696 1697/1697 1698/1698
f 1610/1610 1666/1666 1579/1579
f 1619/1619 1699/1699 1667/1667
f 1538/1538 1620/1620 1594/1594
f 1621/1621 1668/1668 1595/1595
f 1622/1622 1700/1700 1623/1623
f 1623/1623 1700/1700 1624/1624
f 1624/1624 1700/1700 1669/1669
f 1626/1626 1701/1701 1627/1627
f 1628/1628 1597/1597 1545/1545
f 1629/1629 1670/1670 1486/1486
f 1598/1598 1670/1670 1671/1671
f 1671/1671 1631/1631 1460/1460
f 1550/1550 1631/1631 1601/1601
f 1675/1675 1600/1600 1461/1461
f 1676/1676 1675/1675 1491/1491
f 1674/1674 1635/1635 1493/1493
f 1641/1641 1702/1702 1703/1703
f 1635/1635 1704/1704 1640/1640
f 1583/1583 1705/1705 1680/1680
f 1703/1703 1706/1706 1605/1605
f 1707/1707 1708/1708 1709/1709
f 1467/1467 1640/1640 1642/1642
f 1605/1605 1706/1706 1710/1710
f 1680/1680 1711/1711 1681/1681
f 1683/1683 1712/1712 1684/1684
f 1713/1713 1714/1714 1647/1647
f 1690/1690 1653/1653 1586/1586
f 1653/1653 1715/1715 1691/1691
f 1514/1514 1691/1691 1651/1651
f 1593/1593 1611/1611 1716/1716
f 1716/1716 1611/1611 1612/1612
f 1668/1668 1621/1621 1717/1717
f 1717/1717 1718/1718 1622/1622
f 1668/1668 1717/1717 1622/1622
f 1622/1622 1718/1718 1700/1700
f 1700/1700 1719/1719 1669/1669
f 1701/1701 1720/1720 1628/1628
f 1627/1627 1701/1701 1628/1628
f 1720/1720 1597/1597 1628/1628
f 1599/1599 1721/1721 1630/1630
f 1599/1599 1722/1722 1721/1721
f 1630/1630 1673/1673 1490/1490
f 1630/1630 1723/1723 1673/1673
f 1631/1631 1724/1724 1601/1601
f 1725/1725 1726/1726 1727/1727
f 1634/1634 1728/1728 1641/1641
f 1601/1601 1724/1724 1674/1674
f 1641/1641 1728/1728 1702/1702
f 1636/1636 1729/1729 1602/1602
f 1602/1602 1730/1730 1676/1676
f 1604/1604 1603/1603 1677/1677
f 1677/1677 1603/1603 1731/1731
f 1705/1705 1732/1732 1680/1680
f 1678/1678 1733/1733 1636/1636
f 1679/1679 1734/1734 1603/1603
f 1647/1647 1735/1735 1736/1736
f 1607/1607 1737/1737 1685/1685
f 1738/1738 1687/1687 1606/1606
f 1739/1739 1689/1689 1566/1566
f 1608/1608 1740/1740 1661/1661
f 1716/1716 1612/1612 1741/1741
f 1742/1742 1616/1616 1532/1532
f 1742/1742 1532/1532 1609/1609
f 1610/1610 1743/1743 1666/1666
f 1617/1617 1744/1744 1618/1618
f 1667/1667 1745/1745 1620/1620
f 1594/1594 1746/1746 1621/1621
f 1747/1747 1748/1748 1749/1749
f 1700/1700 1750/1750 1719/1719
f 1597/1597 1751/1751 1629/1629
f 1673/1673 1723/1723 1632/1632
f 1600/1600 1752/1752 1672/1672
f 1632/1632 1723/1723 1633/1633
f 1702/1702 1753/1753 1754/1754
f 1635/1635 1755/1755 1704/1704
f 1753/1753 1756/1756 1754/1754
f 1639/1639 1677/1677 1757/1757
f 1680/1680 1732/1732 1711/1711
f 1640/1640 1758/1758 1642/1642
f 1754/1754 1756/1756 1759/1759
f 1642/1642 1758/1758 1678/1678
f 1737/1737 1760/1760 1685/1685
f 1760/1760 1761/1761 1649/1649
f 1685/1685 1760/1760 1649/1649
f 1649/1649 1761/1761 1762/1762
f 1649/1649 1762/1762 1650/1650
f 1738/1738 1763/1763 1687/1687
f 1690/1690 1688/1688 1764/1764
f 1653/1653 1690/1690 1765/1765
f 1653/1653 1765/1765 1715/1715
f 1691/1691 1766/1766 1651/1651
f 1740/1740 1767/1767 1661/1661
f 1768/1768 1609/1609 1665/1665
f 1769/1769 1696/1696 1770/1770
f 1768/1768 1742/1742 1609/1609
f 1666/1666 1743/1743 1771/1771
f 1666/1666 1771/1771 1617/1617
f 1745/1745 1746/1746 1594/1594
f 1620/1620 1745/1745 1594/1594
f 1746/1746 1772/1772 1621/1621
f 1621/1621 1772/1772 1717/1717
f 1773/1773 1700/1700 1718/1718
f 1700/1700 1773/1773 1750/1750
f 1701/1701 1774/1774 1720/1720
f 1629/1629 1775/1775 1670/1670
f 1721/1721 1776/1776 1777/1777
f 1721/1721 1777/1777 1630/1630
f 1670/1670 1778/1778 1671/1671
f 1630/1630 1777/1777 1723/1723
f 1778/1778 1631/1631 1671/1671
f 1779/1779 1780/1780 1725/1725
f 1631/1631 1781/1781 1724/1724
f 1725/1725 1782/1782 1726/1726
f 1675/1675 1783/1783 1600/1600
f 1726/1726 1782/1782 1784/1784
f 1674/1674 1755/1755 1635/1635
f 1676/1676 1785/1785 1675/1675
f 1729/1729 1730/1730 1602/1602
f 1731/1731 1786/1786 1677/1677
f 1677/1677 1786/1786 1757/1757
f 1735/1735 1787/1787 1788/1788
f 1759/1759 1756/1756 1789/1789
f 1790/1790 1791/1791 1603/1603
f 1734/1734 1790/1790 1603/1603
f 1714/1714 1787/1787 1735/1735
f 1758/1758 1792/1792 1678/1678
f 1678/1678 1792/1792 1733/1733
f 1792/1792 1793/1793 1733/1733
f 1711/1711 1794/1794 1795/1795
f 1711/1711 1795/1795 1681/1681
f 1789/1789 1796/1796 1738/1738
f 1759/1759 1789/1789 1738/1738
f 1763/1763 1797/1797 1687/1687
f 1687/1687 1797/1797 1798/1798
f 1688/1688 1798/1798 1764/1764
f 1690/1690 1764/1764 1765/1765
f 1739/1739 1799/1799 1689/1689
f 1766/1766 1800/1800 1651/1651
f 1715/1715 1801/1801 1691/1691
f 1691/1691 1801/1801 1766/1766
f 1802/1802 1803/1803 1804/1804
f 1804/1804 1805/1805 1694/1694
f 1767/1767 1806/1806 1665/1665
f 1807/1807 1593/1593 1808/1808
f 1699/1699 1809/1809 1667/1667
f 1667/1667 1809/1809 1810/1810
f 1667/1667 1810/1810 1745/1745
f 1717/1717 1773/1773 1718/1718
f 1750/1750 1811/1811 1719/1719
f 1670/1670 1812/1812 1778/1778
f 1631/1631 1778/1778 1781/1781
f 1783/1783 1752/1752 1600/1600
f 1725/1725 1780/1780 1782/1782
f 1782/1782 1813/1813 1784/1784
f 1674/1674 1814/1814 1755/1755
f 1753/1753 1815/1815 1756/1756
f 1755/1755 1816/1816 1704/1704
f 1730/1730 1785/1785 1676/1676
f 1756/1756 1815/1815 1817/1817
f 1786/1786 1818/1818 1757/1757
f 1732/1732 1794/1794 1711/1711
f 1704/1704 1819/1819 1640/1640
f 1603/1603 1791/1791 1731/1731
f 1794/1794 1820/1820 1795/1795
f 1640/1640 1819/1819 1758/1758
f 1733/1733 1793/1793 1729/1729
f 1763/1763 1796/1796 1797/1797
f 1686/1686 1821/1821 1822/1822
f 1799/1799 1821/1821 1689/1689
f 1823/1823 1742/1742 1768/1768
f 1618/1618 1744/1744 1824/1824
f 1811/1811 1825/1825 1719/1719
f 1720/1720 1826/1826 1597/1597
f 1597/1597 1826/1826 1751/1751
f 1751/1751 1827/1827 1629/1629
f 1629/1629 1827/1827 1775/1775
f 1670/1670 1775/1775 1812/1812
f 1723/1723 1777/1777 1828/1828
f 1724/1724 1814/1814 1674/1674
f 1702/1702 1829/1829 1753/1753
f 1830/1830 1831/1831 1832/1832
f 1756/1756 1817/1817 1833/1833
f 1756/1756 1833/1833 1789/1789
f 1731/1731 1834/1834 1786/1786
f 1818/1818 1835/1835 1836/1836
f 1836/1836 1835/1835 1837/1837
f 1836/1836 1837/1837 1830/1830
f 1819/1819 1792/1792 1758/1758
f 1792/1792 1838/1838 1793/1793
f 1789/1789 1839/1839 1796/1796
f 1840/1840 1791/1791 1790/1790
f 1797/1797 1841/1841 1798/1798
f 1798/1798 1842/1842 1764/1764
f 1806/1806 1843/1843 1768/1768
f 1745/1745 1844/1844 1746/1746
f 1772/1772 1845/1845 1717/1717
f 1717/1717 1846/1846 1773/1773
f 1774/1774 1847/1847 1720/1720
f 1720/1720 1847/1847 1826/1826
f 1776/1776 1848/1848 1777/1777
f 1848/1848 1849/1849 1777/1777
f 1777/1777 1849/1849 1850/1850
f 1828/1828 1851/1851 1852/1852
f 1781/1781 1853/1853 1724/1724
f 1783/1783 1854/1854 1752/1752
f 1675/1675 1855/1855 1783/1783
f 1831/1831 1856/1856 1857/1857
f 1858/1858 1859/1859 1860/1860
f 1860/1860 1859/1859 1861/1861
f 1830/1830 1837/1837 1831/1831
f 1786/1786 1862/1862 1818/1818
f 1863/1863 1864/1864 1865/1865
f 1791/1791 1834/1834 1731/1731
f 1792/1792 1866/1866 1838/1838
f 1793/1793 1867/1867 1729/1729
f 1868/1868 1840/1840 1869/1869
f 1764/1764 1842/1842 1870/1870
f 1764/1764 1870/1870 1765/1765
f 1765/1765 1871/1871 1715/1715
f 1715/1715 1871/1871 1801/1801
f 1872/1872 1873/1873 1874/1874
f 1875/1875 1876/1876 1877/1877
f 1878/1878 1740/1740 1879/1879
f 1878/1878 1806/1806 1740/1740
f 1880/1880 1771/1771 1743/1743
f 1880/1880 1881/1881 1771/1771
f 1771/1771 1882/1882 1744/1744
f 1810/1810 1844/1844 1745/1745
f 1846/1846 1717/1717 1845/1845
f 1773/1773 1883/1883 1750/1750
f 1883/1883 1811/1811 1750/1750
f 1811/1811 1884/1884 1825/1825
f 1826/1826 1827/1827 1751/1751
f 1775/1775 1885/1885 1812/1812
f 1812/1812 1886/1886 1778/1778
f 1778/1778 1886/1886 1781/1781
f 1788/1788 1887/1887 1888/1888
f 1853/1853 1814/1814 1724/1724
f 1856/1856 1889/1889 1857/1857
f 1783/1783 1855/1855 1854/1854
f 1831/1831 1890/1890 1856/1856
f 1891/1891 1855/1855 1675/1675
f 1865/1865 1864/1864 1892/1892
f 1864/1864 1893/1893 1892/1892
f 1837/1837 1890/1890 1831/1831
f 1785/1785 1891/1891 1675/1675
f 1704/1704 1816/1816 1819/1819
f 1834/1834 1894/1894 1786/1786
f 1819/1819 1895/1895 1792/1792
f 1867/1867 1896/1896 1729/1729
f 1729/1729 1896/1896 1730/1730
f 1791/1791 1897/1897 1834/1834
f 1792/1792 1898/1898 1866/1866
f 1870/1870 1899/1899 1765/1765
f 1899/1899 1871/1871 1765/1765
f 1873/1873 1872/1872 1900/1900
f 1873/1873 1900/1900 1901/1901
f 1902/1902 1903/1903 1904/1904
f 1905/1905 1906/1906 1805/1805
f 1879/1879 1906/1906 1907/1907
f 1908/1908 1909/1909 1910/1910
f 1771/1771 1881/1881 1882/1882
f 1809/1809 1911/1911 1912/1912
f 1809/1809 1912/1912 1810/1810
f 1846/1846 1883/1883 1773/1773
f 1884/1884 1913/1913 1825/1825
f 1775/1775 1827/1827 1885/1885
f 1781/1781 1886/1886 1914/1914
f 1777/1777 1850/1850 1828/1828
f 1914/1914 1853/1853 1781/1781
f 1854/1854 1915/1915 1752/1752
f 1814/1814 1916/1916 1755/1755
f 1755/1755 1916/1916 1816/1816
f 1917/1917 1918/1918 1815/1815
f 1919/1919 1920/1920 1921/1921
f 1817/1817 1922/1922 1833/1833
f 1894/1894 1923/1923 1786/1786
f 1786/1786 1923/1923 1862/1862
f 1819/1819 1816/1816 1895/1895
f 1730/1730 1896/1896 1785/1785
f 1839/1839 1833/1833 1924/1924
f 1895/1895 1898/1898 1792/1792
f 1840/1840 1897/1897 1791/1791
f 1924/1924 1925/1925 1797/1797
f 1839/1839 1924/1924 1797/1797
f 1797/1797 1925/1925 1841/1841
f 1841/1841 1926/1926 1842/1842
f 1842/1842 1926/1926 1870/1870
f 1927/1927 1928/1928 1929/1929
f 1906/1906 1905/1905 1907/1907
f 1878/1878 1843/1843 1806/1806
f 1930/1930 1931/1931 1843/1843
f 1844/1844 1932/1932 1746/1746
f 1826/1826 1933/1933 1827/1827
f 1885/1885 1886/1886 1812/1812
f 1848/1848 1934/1934 1849/1849
f 1850/1850 1935/1935 1828/1828
f 1936/1936 1916/1916 1814/1814
f 1852/1852 1937/1937 1829/1829
f 1890/1890 1938/1938 1856/1856
f 1829/1829 1937/1937 1917/1917
f 1864/1864 1939/1939 1893/1893
f 1923/1923 1940/1940 1862/1862
f 1896/1896 1941/1941 1785/1785
f 1941/1941 1891/1891 1785/1785
f 1918/1918 1922/1922 1817/1817
f 1833/1833 1922/1922 1924/1924
f 1793/1793 1942/1942 1867/1867
f 1868/1868 1943/1943 1840/1840
f 1925/1925 1926/1926 1841/1841
f 1929/1929 1900/1900 1872/1872
f 1878/1878 1944/1944 1843/1843
f 1880/1880 1945/1945 1881/1881
f 1810/1810 1912/1912 1946/1946
f 1810/1810 1946/1946 1844/1844
f 1932/1932 1947/1947 1772/1772
f 1846/1846 1948/1948 1883/1883
f 1847/1847 1933/1933 1826/1826
f 1850/1850 1949/1949 1935/1935
f 1914/1914 1950/1950 1853/1853
f 1828/1828 1935/1935 1851/1851
f 1950/1950 1814/1814 1853/1853
f 1852/1852 1851/1851 1937/1937
f 1890/1890 1951/1951 1938/1938
f 1916/1916 1952/1952 1816/1816
f 1937/1937 1953/1953 1917/1917
f 1940/1940 1951/1951 1862/1862
f 1816/1816 1954/1954 1895/1895
f 1918/1918 1955/1955 1922/1922
f 1923/1923 1956/1956 1940/1940
f 1895/1895 1954/1954 1957/1957
f 1895/1895 1957/1957 1898/1898
f 1838/1838 1942/1942 1793/1793
f 1897/1897 1958/1958 1834/1834
f 1867/1867 1941/1941 1896/1896
f 1924/1924 1959/1959 1960/1960
f 1943/1943 1897/1897 1840/1840
f 1961/1961 1962/1962 1963/1963
f 1900/1900 1964/1964 1965/1965
f 1928/1928 1966/1966 1929/1929
f 1929/1929 1966/1966 1900/1900
f 1907/1907 1967/1967 1879/1879
f 1968/1968 1969/1969 1970/1970
f 1971/1971 1972/1972 1882/1882
f 1932/1932 1973/1973 1947/1947
f 1772/1772 1947/1947 1845/1845
f 1811/1811 1883/1883 1974/1974
f 1811/1811 1974/1974 1884/1884
f 1933/1933 1975/1975 1827/1827
f 1885/1885 1976/1976 1886/1886
f 1934/1934 1977/1977 1849/1849
f 1849/1849 1949/1949 1850/1850
f 1886/1886 1978/1978 1914/1914
f 1914/1914 1978/1978 1950/1950
f 1950/1950 1936/1936 1814/1814
f 1854/1854 1979/1979 1915/1915
f 1856/1856 1938/1938 1980/1980
f 1855/1855 1979/1979 1854/1854
f 1816/1816 1952/1952 1954/1954
f 1917/1917 1981/1981 1918/1918
f 1954/1954 1982/1982 1957/1957
f 1898/1898 1957/1957 1866/1866
f 1866/1866 1957/1957 1838/1838
f 1941/1941 1983/1983 1891/1891
f 1922/1922 1959/1959 1924/1924
f 1834/1834 1958/1958 1894/1894
f 1894/1894 1984/1984 1923/1923
f 1838/1838 1985/1985 1942/1942
f 1867/1867 1942/1942 1986/1986
f 1867/1867 1986/1986 1941/1941
f 1960/1960 1959/1959 1987/1987
f 1988/1988 1943/1943 1989/1989
f 1967/1967 1907/1907 1990/1990
f 1881/1881 1945/1945 1971/1971
f 1911/1911 1991/1991 1912/1912
f 1844/1844 1973/1973 1932/1932
f 1827/1827 1992/1992 1885/1885
f 1849/1849 1977/1977 1949/1949
f 1886/1886 1976/1976 1978/1978
f 1993/1993 1994/1994 1995/1995
f 1936/1936 1996/1996 1916/1916
f 1916/1916 1996/1996 1952/1952
f 1951/1951 1997/1997 1938/1938
f 1998/1998 1999/1999 2000/2000
f 1891/1891 1983/1983 1855/1855
f 1917/1917 1953/1953 1981/1981
f 2001/2001 2002/2002 2003/2003
f 1955/1955 1959/1959 1922/1922
f 1923/1923 1984/1984 1956/1956
f 1838/1838 1957/1957 1985/1985
f 1959/1959 2004/2004 1987/1987
f 1987/1987 2004/2004 2005/2005
f 2006/2006 2007/2007 2008/2008
f 1967/1967 1944/1944 1878/1878
f 2009/2009 2010/2010 2011/2011
f 1946/1946 2012/2012 1844/1844
f 1947/1947 2013/2013 1845/1845
f 1845/1845 2013/2013 1846/1846
f 2013/2013 1948/1948 1846/1846
f 1948/1948 2014/2014 1883/1883
f 1883/1883 2014/2014 1974/1974
f 1884/1884 1974/1974 2015/2015
f 1884/1884 2016/2016 1913/1913
f 1913/1913 2016/2016 2017/2017
f 1975/1975 1992/1992 1827/1827
f 1885/1885 1992/1992 1976/1976
f 1978/1978 2018/2018 1950/1950
f 2019/2019 1980/1980 1938/1938
f 1952/1952 2020/2020 1954/1954
f 1953/1953 2021/2021 1981/1981
f 1957/1957 1982/1982 2022/2022
f 2022/2022 1985/1985 1957/1957
f 1955/1955 2023/2023 1959/1959
f 1959/1959 2023/2023 2004/2004
f 1958/1958 2024/2024 1894/1894
f 2024/2024 1984/1984 1894/1894
f 1942/1942 1985/1985 1986/1986
f 2004/2004 2025/2025 2005/2005
f 1943/1943 1988/1988 2026/2026
f 1943/1943 2026/2026 1897/1897
f 1897/1897 2026/2026 1958/1958
f 2005/2005 2025/2025 1988/1988
f 2027/2027 2028/2028 2029/2029
f 1912/1912 2030/2030 1946/1946
f 1844/1844 2012/2012 1973/1973
f 2015/2015 2016/2016 1884/1884
f 1933/1933 2031/2031 1975/1975
f 1935/1935 2032/2032 1851/1851
f 1851/1851 2032/2032 2033/2033
f 1851/1851 2033/2033 1937/1937
f 1979/1979 2034/2034 1915/1915
f 1938/1938 1997/1997 2019/2019
f 1937/1937 2033/2033 2035/2035
f 1937/1937 2035/2035 1953/1953
f 1983/1983 2036/2036 1855/1855
f 1981/1981 2037/2037 1955/1955
f 2038/2038 2039/2039 2040/2040
f 1984/1984 2041/2041 1956/1956
f 2026/2026 2024/2024 1958/1958
f 1986/1986 2042/2042 1941/1941
f 1988/1988 2043/2043 2026/2026
f 2044/2044 2027/2027 2045/2045
f 2027/2027 2029/2029 2045/2045
f 2029/2029 2046/2046 2047/2047
f 1990/1990 2048/2048 1967/1967
f 1991/1991 2030/2030 1912/1912
f 2030/2030 2049/2049 1946/1946
f 2031/2031 2050/2050 1975/1975
f 1992/1992 2051/2051 1976/1976
f 1977/1977 2032/2032 1949/1949
f 1949/1949 2032/2032 1935/1935
f 2018/2018 2052/2052 1950/1950
f 1950/1950 2052/2052 1936/1936
f 1855/1855 2036/2036 1979/1979
f 1953/1953 2035/2035 2021/2021
f 1998/1998 2053/2053 1999/1999
f 1954/1954 2054/2054 1982/1982
f 1956/1956 2055/2055 1940/1940
f 1956/1956 2041/2041 2055/2055
f 2023/2023 2025/2025 2004/2004
f 2024/2024 2041/2041 1984/1984
f 2042/2042 1983/1983 1941/1941
f 1988/1988 2025/2025 2056/2056
f 2056/2056 2043/2043 1988/1988
f 2057/2057 2058/2058 1968/1968
f 2059/2059 2060/2060 1991/1991
f 1991/1991 2060/2060 2030/2030
f 1946/1946 2049/2049 2012/2012
f 2014/2014 2061/2061 1974/1974
f 1974/1974 2061/2061 2015/2015
f 2017/2017 2016/2016 2062/2062
f 1975/1975 2050/2050 1992/1992
f 1976/1976 2051/2051 2063/2063
f 1976/1976 2063/2063 1978/1978
f 1978/1978 2063/2063 2018/2018
f 1993/1993 2064/2064 1994/1994
f 2065/2065 2066/2066 2067/2067
f 1996/1996 2020/2020 1952/1952
f 1997/1997 2068/2068 2019/2019
f 2020/2020 2054/2054 1954/1954
f 2069/2069 2068/2068 1997/1997
f 2036/2036 2070/2070 1979/1979
f 1940/1940 2055/2055 2069/2069
f 1981/1981 2021/2021 2037/2037
f 1985/1985 2022/2022 2071/2071
f 1985/1985 2071/2071 1986/1986
f 2023/2023 2072/2072 2025/2025
f 2043/2043 2024/2024 2026/2026
f 1986/1986 2073/2073 2042/2042
f 2074/2074 2075/2075 2076/2076
f 2064/2064 2077/2077 1994/1994
f 1977/1977 2078/2078 2032/2032
f 2019/2019 2079/2079 1980/1980
f 1936/1936 2080/2080 1996/1996
f 2070/2070 2034/2034 1979/1979
f 1982/1982 2081/2081 2022/2022
f 1983/1983 2070/2070 2036/2036
f 2037/2037 2021/2021 2082/2082
f 2038/2038 2083/2083 2039/2039
f 2023/2023 2084/2084 2072/2072
f 1986/1986 2071/2071 2073/2073
f 2042/2042 2085/2085 1983/1983
f 2086/2086 2087/2087 2088/2088
f 2089/2089 2090/2090 2091/2091
f 2092/2092 2093/2093 2059/2059
f 2059/2059 2093/2093 2060/2060
f 1947/1947 2094/2094 2013/2013
f 2013/2013 2095/2095 1948/1948
f 2096/2096 2097/2097 2016/2016
f 2016/2016 2097/2097 2062/2062
f 2050/2050 2098/2098 1992/1992
f 2063/2063 2099/2099 2018/2018
f 2019/2019 2100/2100 2079/2079
f 1996/1996 2080/2080 2020/2020
f 2033/2033 2101/2101 2035/2035
f 2068/2068 2100/2100 2019/2019
f 2054/2054 2102/2102 1982/1982
f 2035/2035 2103/2103 2021/2021
f 1982/1982 2104/2104 2081/2081
f 2041/2041 2105/2105 2055/2055
f 2022/2022 2106/2106 2071/2071
f 1983/1983 2107/2107 2070/2070
f 2025/2025 2072/2072 2056/2056
f 2108/2108 2024/2024 2043/2043
f 2085/2085 2107/2107 1983/1983
f 2073/2073 2109/2109 2042/2042
f 2042/2042 2109/2109 2085/2085
f 2030/2030 2060/2060 2110/2110
f 2030/2030 2110/2110 2049/2049
f 2111/2111 2094/2094 1973/1973
f 1973/1973 2094/2094 1947/1947
f 1948/1948 2095/2095 2014/2014
f 2095/2095 2112/2112 2014/2014
f 2112/2112 2061/2061 2014/2014
f 2016/2016 2015/2015 2096/2096
f 2097/2097 2113/2113 2062/2062
f 2031/2031 2114/2114 2050/2050
f 1992/1992 2098/2098 2051/2051
f 2063/2063 2051/2051 2115/2115
f 2063/2063 2115/2115 2099/2099
f 2078/2078 2116/2116 2032/2032
f 2032/2032 2117/2117 2033/2033
f 1936/1936 2052/2052 2080/2080
f 2066/2066 2118/2118 2067/2067
f 2033/2033 2117/2117 2101/2101
f 2035/2035 2101/2101 2103/2103
f 2119/2119 2120/2120 2068/2068
f 2069/2069 2119/2119 2068/2068
f 2102/2102 2104/2104 1982/1982
f 2055/2055 2119/2119 2069/2069
f 2021/2021 2103/2103 2082/2082
f 2081/2081 2121/2121 2106/2106
f 2081/2081 2106/2106 2022/2022
f 2037/2037 2082/2082 2084/2084
f 2024/2024 2122/2122 2041/2041
f 2056/2056 2123/2123 2043/2043
f 2043/2043 2123/2123 2108/2108
f 2071/2071 2106/2106 2124/2124
f 2071/2071 2124/2124 2073/2073
f 2012/2012 2049/2049 2125/2125
f 2012/2012 2125/2125 1973/1973
f 2125/2125 2111/2111 1973/1973
f 2094/2094 2126/2126 2013/2013
f 2013/2013 2126/2126 2095/2095
f 2114/2114 2127/2127 2050/2050
f 2127/2127 2098/2098 2050/2050
f 2128/2128 2129/2129 2130/2130
f 2018/2018 2131/2131 2052/2052
f 2080/2080 2132/2132 2020/2020
f 2068/2068 2120/2120 2100/2100
f 2070/2070 2133/2133 2034/2034
f 2105/2105 2119/2119 2055/2055
f 2122/2122 2134/2134 2041/2041
f 2041/2041 2134/2134 2105/2105
f 2056/2056 2072/2072 2123/2123
f 2024/2024 2108/2108 2122/2122
f 2085/2085 2135/2135 2107/2107
f 2124/2124 2136/2136 2073/2073
f 2137/2137 2138/2138 2139/2139
f 2126/2126 2140/2140 2095/2095
f 2098/2098 2141/2141 2051/2051
f 2067/2067 2142/2142 2078/2078
f 2032/2032 2116/2116 2117/2117
f 2080/2080 2143/2143 2132/2132
f 2020/2020 2132/2132 2054/2054
f 2054/2054 2132/2132 2102/2102
f 2070/2070 2144/2144 2133/2133
f 2106/2106 2121/2121 2145/2145
f 2106/2106 2145/2145 2124/2124
f 2092/2092 2146/2146 2093/2093
f 2060/2060 2147/2147 2110/2110
f 2095/2095 2140/2140 2112/2112
f 2061/2061 2148/2148 2015/2015
f 2148/2148 2096/2096 2015/2015
f 2096/2096 2149/2149 2097/2097
f 2097/2097 2149/2149 2113/2113
f 2114/2114 2150/2150 2127/2127
f 2051/2051 2141/2141 2115/2115
f 2115/2115 2151/2151 2099/2099
f 2078/2078 2142/2142 2116/2116
f 2018/2018 2099/2099 2131/2131
f 2052/2052 2143/2143 2080/2080
f 2133/2133 2152/2152 2034/2034
f 2066/2066 2153/2153 2118/2118
f 2104/2104 2154/2154 2081/2081
f 2105/2105 2155/2155 2119/2119
f 2081/2081 2156/2156 2121/2121
f 2157/2157 2158/2158 2159/2159
f 2107/2107 2144/2144 2070/2070
f 2084/2084 2160/2160 2072/2072
f 2072/2072 2160/2160 2123/2123
f 2073/2073 2136/2136 2161/2161
f 2073/2073 2161/2161 2109/2109
f 2109/2109 2161/2161 2085/2085
f 2162/2162 2163/2163 2164/2164
f 2074/2074 2165/2165 2166/2166
f 2167/2167 2147/2147 2060/2060
f 2093/2093 2167/2167 2060/2060
f 2110/2110 2168/2168 2049/2049
f 2049/2049 2168/2168 2125/2125
f 2111/2111 2126/2126 2094/2094
f 2112/2112 2169/2169 2061/2061
f 2169/2169 2148/2148 2061/2061
f 2096/2096 2170/2170 2149/2149
f 2067/2067 2171/2171 2142/2142
f 2172/2172 2171/2171 2067/2067
f 2118/2118 2172/2172 2067/2067
f 2100/2100 2173/2173 2079/2079
f 2120/2120 2174/2174 2100/2100
f 2101/2101 2175/2175 2103/2103
f 2119/2119 2155/2155 2120/2120
f 2081/2081 2154/2154 2156/2156
f 2158/2158 2176/2176 2159/2159
f 2159/2159 2176/2176 2177/2177
f 2134/2134 2178/2178 2105/2105
f 2123/2123 2160/2160 2179/2179
f 2179/2179 2180/2180 2123/2123
f 2123/2123 2180/2180 2108/2108
f 2108/2108 2180/2180 2122/2122
f 2180/2180 2181/2181 2122/2122
f 2122/2122 2181/2181 2134/2134
f 2134/2134 2181/2181 2178/2178
f 2156/2156 2182/2182 2121/2121
f 2121/2121 2182/2182 2145/2145
f 2135/2135 2183/2183 2107/2107
f 2085/2085 2184/2184 2135/2135
f 2124/2124 2145/2145 2185/2185
f 2124/2124 2185/2185 2136/2136
f 2085/2085 2161/2161 2184/2184
f 2113/2113 2149/2149 2186/2186
f 2115/2115 2141/2141 2151/2151
f 2171/2171 2187/2187 2142/2142
f 2142/2142 2187/2187 2116/2116
f 2187/2187 2188/2188 2116/2116
f 2116/2116 2188/2188 2117/2117
f 2099/2099 2151/2151 2131/2131
f 2131/2131 2143/2143 2052/2052
f 2188/2188 2189/2189 2101/2101
f 2117/2117 2188/2188 2101/2101
f 2189/2189 2175/2175 2101/2101
f 2118/2118 2153/2153 2172/2172
f 2190/2190 2158/2158 2157/2157
f 2144/2144 2152/2152 2133/2133
f 2177/2177 2176/2176 2191/2191
f 2192/2192 2160/2160 2084/2084
f 2183/2183 2144/2144 2107/2107
f 2145/2145 2182/2182 2185/2185
f 2136/2136 2185/2185 2161/2161
f 2193/2193 2194/2194 2195/2195
f 2194/2194 2196/2196 2195/2195
f 2197/2197 2198/2198 2193/2193
f 2198/2198 2199/2199 2193/2193
f 2199/2199 2194/2194 2193/2193
f 2194/2194 2200/2200 2196/2196
f 2199/2199 2201/2201 2194/2194
f 2200/2200 2202/2202 2196/2196
f 2194/2194 2203/2203 2200/2200
f 2201/2201 2203/2203 2194/2194
f 2199/2199 2204/2204 2201/2201
f 2204/2204 2205/2205 2201/2201
f 2200/2200 2203/2203 2202/2202
f 2206/2206 2204/2204 2199/2199
f 2201/2201 2205/2205 2203/2203
f 2205/2205 2207/2207 2203/2203
f 2206/2206 2208/2208 2204/2204
f 2204/2204 2208/2208 2205/2205
f 2209/2209 2208/2208 2206/2206
f 2205/2205 2210/2210 2207/2207
f 2209/2209 2211/2211 2208/2208
f 2207/2207 2212/2212 2203/2203
f 2203/2203 2212/2212 2213/2213
f 2211/2211 2214/2214 2208/2208
f 2207/2207 2210/2210 2212/2212
f 2208/2208 2215/2215 2205/2205
f 2215/2215 2210/2210 2205/2205
f 2214/2214 2216/2216 2208/2208
f 2208/2208 2217/2217 2215/2215
f 2210/2210 2218/2218 2212/2212
f 2210/2210 2215/2215 2218/2218
f 2217/2217 2219/2219 2215/2215
f 2217/2217 2220/2220 2219/2219
f 2215/2215 2219/2219 2218/2218
f 2219/2219 2220/2220 2221/2221
f 2147/2147 2222/2222 2110/2110
f 2111/2111 2223/2223 2126/2126
f 2126/2126 2224/2224 2140/2140
f 2140/2140 2225/2225 2112/2112
f 2098/2098 2226/2226 2141/2141
f 2141/2141 2227/2227 2151/2151
f 2102/2102 2228/2228 2104/2104
f 2104/2104 2229/2229 2154/2154
f 2182/2182 2230/2230 2185/2185
f 2135/2135 2184/2184 2183/2183
f 2185/2185 2230/2230 2231/2231
f 2185/2185 2231/2231 2161/2161
f 2232/2232 2233/2233 2234/2234
f 2234/2234 2233/2233 2235/2235
f 2236/2236 2237/2237 2232/2232
f 2237/2237 2233/2233 2232/2232
f 2233/2233 2238/2238 2235/2235
f 2237/2237 2238/2238 2233/2233
f 2239/2239 2240/2240 2241/2241
f 2242/2242 2243/2243 2244/2244
f 2241/2241 2245/2245 2236/2236
f 2239/2239 2241/2241 2236/2236
f 2236/2236 2245/2245 2237/2237
f 2245/2245 2238/2238 2237/2237
f 2246/2246 2241/2241 2240/2240
f 2247/2247 2248/2248 2238/2238
f 2240/2240 2249/2249 2246/2246
f 2245/2245 2247/2247 2238/2238
f 2249/2249 2195/2195 2246/2246
f 2195/2195 2241/2241 2246/2246
f 2249/2249 2193/2193 2195/2195
f 2241/2241 2196/2196 2245/2245
f 2196/2196 2247/2247 2245/2245
f 2247/2247 2250/2250 2248/2248
f 2249/2249 2251/2251 2193/2193
f 2195/2195 2196/2196 2241/2241
f 2251/2251 2197/2197 2193/2193
f 2196/2196 2202/2202 2247/2247
f 2248/2248 2250/2250 2252/2252
f 2253/2253 2254/2254 2197/2197
f 2253/2253 2255/2255 2254/2254
f 2253/2253 2256/2256 2255/2255
f 2255/2255 2198/2198 2254/2254
f 2202/2202 2257/2257 2247/2247
f 2256/2256 2258/2258 2255/2255
f 2255/2255 2259/2259 2198/2198
f 2247/2247 2257/2257 2250/2250
f 2258/2258 2259/2259 2255/2255
f 2259/2259 2199/2199 2198/2198
f 2260/2260 2261/2261 2258/2258
f 2258/2258 2261/2261 2259/2259
f 2259/2259 2206/2206 2199/2199
f 2261/2261 2209/2209 2259/2259
f 2209/2209 2206/2206 2259/2259
f 2262/2262 2209/2209 2261/2261
f 2203/2203 2213/2213 2202/2202
f 2202/2202 2213/2213 2257/2257
f 2262/2262 2263/2263 2209/2209
f 2213/2213 2264/2264 2257/2257
f 2209/2209 2263/2263 2211/2211
f 2257/2257 2264/2264 2265/2265
f 2264/2264 2266/2266 2265/2265
f 2263/2263 2214/2214 2211/2211
f 2263/2263 2267/2267 2214/2214
f 2268/2268 2264/2264 2213/2213
f 2269/2269 2268/2268 2213/2213
f 2267/2267 2216/2216 2214/2214
f 2267/2267 2270/2270 2216/2216
f 2212/2212 2269/2269 2213/2213
f 2216/2216 2217/2217 2208/2208
f 2270/2270 2271/2271 2216/2216
f 2216/2216 2220/2220 2217/2217
f 2212/2212 2218/2218 2269/2269
f 2216/2216 2271/2271 2220/2220
f 2219/2219 2272/2272 2218/2218
f 2271/2271 2273/2273 2220/2220
f 2220/2220 2273/2273 2221/2221
f 2219/2219 2221/2221 2274/2274
f 2274/2274 2272/2272 2219/2219
f 2218/2218 2272/2272 2269/2269
f 2273/2273 2275/2275 2221/2221
f 2272/2272 2276/2276 2269/2269
f 2276/2276 2277/2277 2269/2269
f 2275/2275 2278/2278 2221/2221
f 2221/2221 2278/2278 2274/2274
f 2274/2274 2278/2278 2272/2272
f 2276/2276 2279/2279 2277/2277
f 2278/2278 2275/2275 2280/2280
f 2278/2278 2281/2281 2272/2272
f 2278/2278 2280/2280 2281/2281
f 2276/2276 2282/2282 2279/2279
f 2281/2281 2283/2283 2272/2272
f 2272/2272 2283/2283 2276/2276
f 2280/2280 2284/2284 2281/2281
f 2280/2280 2285/2285 2284/2284
f 2283/2283 2282/2282 2276/2276
f 2281/2281 2284/2284 2283/2283
f 2284/2284 2286/2286 2283/2283
f 2283/2283 2286/2286 2287/2287
f 2283/2283 2287/2287 2282/2282
f 2282/2282 2287/2287 2288/2288
f 2282/2282 2288/2288 2289/2289
f 2288/2288 2290/2290 2289/2289
f 2289/2289 2291/2291 2292/2292
f 2293/2293 2164/2164 2294/2294
f 2138/2138 2295/2295 2139/2139
f 2296/2296 2297/2297 2146/2146
f 2146/2146 2297/2297 2167/2167
f 2110/2110 2222/2222 2168/2168
f 2168/2168 2298/2298 2125/2125
f 2298/2298 2299/2299 2111/2111
f 2125/2125 2298/2298 2111/2111
f 2111/2111 2299/2299 2223/2223
f 2126/2126 2223/2223 2224/2224
f 2148/2148 2170/2170 2096/2096
f 2127/2127 2300/2300 2098/2098
f 2098/2098 2300/2300 2226/2226
f 2171/2171 2301/2301 2187/2187
f 2302/2302 2303/2303 2190/2190
f 2132/2132 2304/2304 2102/2102
f 2120/2120 2305/2305 2174/2174
f 2190/2190 2303/2303 2158/2158
f 2155/2155 2305/2305 2120/2120
f 2104/2104 2228/2228 2229/2229
f 2154/2154 2306/2306 2156/2156
f 2178/2178 2307/2307 2105/2105
f 2105/2105 2307/2307 2155/2155
f 2192/2192 2308/2308 2160/2160
f 2179/2179 2309/2309 2180/2180
f 2310/2310 2181/2181 2180/2180
f 2181/2181 2310/2310 2178/2178
f 2230/2230 2311/2311 2231/2231
f 2312/2312 2313/2313 2314/2314
f 2315/2315 2316/2316 2317/2317
f 2318/2318 2319/2319 2320/2320
f 2315/2315 2321/2321 2316/2316
f 2318/2318 2242/2242 2319/2319
f 2243/2243 2242/2242 2318/2318
f 2238/2238 2248/2248 2235/2235
f 2235/2235 2248/2248 2315/2315
f 2248/2248 2322/2322 2315/2315
f 2315/2315 2322/2322 2321/2321
f 2323/2323 2244/2244 2243/2243
f 2321/2321 2324/2324 2316/2316
f 2323/2323 2325/2325 2244/2244
f 2326/2326 2327/2327 2325/2325
f 2248/2248 2252/2252 2322/2322
f 2328/2328 2329/2329 2327/2327
f 2328/2328 2327/2327 2326/2326
f 2328/2328 2330/2330 2329/2329
f 2322/2322 2331/2331 2321/2321
f 2321/2321 2331/2331 2324/2324
f 2252/2252 2332/2332 2322/2322
f 2332/2332 2331/2331 2322/2322
f 2333/2333 2334/2334 2335/2335
f 2336/2336 2258/2258 2337/2337
f 2338/2338 2336/2336 2337/2337
f 2337/2337 2258/2258 2256/2256
f 2250/2250 2332/2332 2252/2252
f 2324/2324 2339/2339 2340/2340
f 2336/2336 2260/2260 2258/2258
f 2341/2341 2342/2342 2343/2343
f 2341/2341 2344/2344 2342/2342
f 2332/2332 2265/2265 2331/2331
f 2331/2331 2345/2345 2324/2324
f 2324/2324 2345/2345 2339/2339
f 2342/2342 2346/2346 2343/2343
f 2260/2260 2262/2262 2261/2261
f 2342/2342 2347/2347 2346/2346
f 2331/2331 2265/2265 2345/2345
f 2342/2342 2348/2348 2347/2347
f 2345/2345 2349/2349 2339/2339
f 2347/2347 2350/2350 2346/2346
f 2347/2347 2351/2351 2350/2350
f 2265/2265 2352/2352 2345/2345
f 2345/2345 2352/2352 2349/2349
f 2352/2352 2353/2353 2349/2349
f 2265/2265 2266/2266 2352/2352
f 2351/2351 2354/2354 2350/2350
f 2351/2351 2355/2355 2354/2354
f 2351/2351 2356/2356 2355/2355
f 2266/2266 2357/2357 2352/2352
f 2352/2352 2358/2358 2353/2353
f 2355/2355 2359/2359 2354/2354
f 2357/2357 2360/2360 2352/2352
f 2352/2352 2360/2360 2358/2358
f 2264/2264 2361/2361 2266/2266
f 2266/2266 2361/2361 2357/2357
f 2360/2360 2362/2362 2358/2358
f 2355/2355 2363/2363 2359/2359
f 2359/2359 2363/2363 2364/2364
f 2361/2361 2365/2365 2357/2357
f 2357/2357 2365/2365 2360/2360
f 2268/2268 2361/2361 2264/2264
f 2360/2360 2365/2365 2362/2362
f 2365/2365 2366/2366 2362/2362
f 2363/2363 2367/2367 2364/2364
f 2268/2268 2368/2368 2361/2361
f 2363/2363 2369/2369 2367/2367
f 2269/2269 2277/2277 2268/2268
f 2277/2277 2368/2368 2268/2268
f 2361/2361 2368/2368 2365/2365
f 2363/2363 2370/2370 2369/2369
f 2365/2365 2371/2371 2366/2366
f 2367/2367 2369/2369 2372/2372
f 2368/2368 2371/2371 2365/2365
f 2368/2368 2373/2373 2371/2371
f 2279/2279 2373/2373 2277/2277
f 2277/2277 2373/2373 2368/2368
f 2369/2369 2374/2374 2372/2372
f 2373/2373 2375/2375 2371/2371
f 2376/2376 2375/2375 2373/2373
f 2372/2372 2374/2374 2377/2377
f 2378/2378 2379/2379 2374/2374
f 2374/2374 2379/2379 2377/2377
f 2282/2282 2373/2373 2279/2279
f 2289/2289 2380/2380 2282/2282
f 2282/2282 2380/2380 2373/2373
f 2381/2381 2382/2382 2284/2284
f 2284/2284 2382/2382 2286/2286
f 2380/2380 2383/2383 2373/2373
f 2373/2373 2383/2383 2376/2376
f 2284/2284 2285/2285 2381/2381
f 2384/2384 2385/2385 2386/2386
f 2386/2386 2385/2385 2387/2387
f 2376/2376 2383/2383 2388/2388
f 2385/2385 2389/2389 2387/2387
f 2385/2385 2390/2390 2389/2389
f 2289/2289 2292/2292 2380/2380
f 2389/2389 2391/2391 2392/2392
f 2387/2387 2389/2389 2393/2393
f 2389/2389 2392/2392 2393/2393
f 2392/2392 2394/2394 2395/2395
f 2392/2392 2395/2395 2393/2393
f 2393/2393 2395/2395 2396/2396
f 2397/2397 2383/2383 2380/2380
f 2383/2383 2398/2398 2388/2388
f 2292/2292 2397/2397 2380/2380
f 2397/2397 2399/2399 2383/2383
f 2395/2395 2400/2400 2396/2396
f 2290/2290 2291/2291 2289/2289
f 2396/2396 2400/2400 2401/2401
f 2400/2400 2402/2402 2401/2401
f 2400/2400 2403/2403 2402/2402
f 2383/2383 2404/2404 2398/2398
f 2402/2402 2405/2405 2401/2401
f 2399/2399 2406/2406 2383/2383
f 2383/2383 2406/2406 2404/2404
f 2401/2401 2405/2405 2407/2407
f 2291/2291 2408/2408 2409/2409
f 2409/2409 2397/2397 2292/2292
f 2399/2399 2410/2410 2406/2406
f 2402/2402 2411/2411 2405/2405
f 2402/2402 2412/2412 2411/2411
f 2397/2397 2409/2409 2413/2413
f 2405/2405 2411/2411 2407/2407
f 2408/2408 2414/2414 2409/2409
f 2413/2413 2410/2410 2397/2397
f 2397/2397 2410/2410 2399/2399
f 2404/2404 2406/2406 2415/2415
f 2409/2409 2414/2414 2413/2413
f 2406/2406 2416/2416 2415/2415
f 2411/2411 2417/2417 2407/2407
f 2408/2408 2418/2418 2414/2414
f 2410/2410 2419/2419 2406/2406
f 2420/2420 2416/2416 2406/2406
f 2416/2416 2421/2421 2415/2415
f 2415/2415 2421/2421 2422/2422
f 2407/2407 2417/2417 2423/2423
f 2410/2410 2413/2413 2419/2419
f 2406/2406 2419/2419 2420/2420
f 2414/2414 2418/2418 2424/2424
f 2414/2414 2424/2424 2413/2413
f 2416/2416 2425/2425 2421/2421
f 2413/2413 2424/2424 2419/2419
f 2419/2419 2426/2426 2420/2420
f 2420/2420 2426/2426 2427/2427
f 2420/2420 2427/2427 2416/2416
f 2416/2416 2427/2427 2428/2428
f 2416/2416 2428/2428 2425/2425
f 2162/2162 2429/2429 2165/2165
f 2417/2417 2430/2430 2431/2431
f 2417/2417 2431/2431 2423/2423
f 2423/2423 2431/2431 2432/2432
f 2424/2424 2433/2433 2419/2419
f 2419/2419 2433/2433 2426/2426
f 2426/2426 2433/2433 2434/2434
f 2426/2426 2434/2434 2427/2427
f 2434/2434 2428/2428 2427/2427
f 2431/2431 2435/2435 2432/2432
f 2436/2436 2433/2433 2424/2424
f 2431/2431 2437/2437 2435/2435
f 2436/2436 2438/2438 2433/2433
f 2433/2433 2438/2438 2434/2434
f 2438/2438 2439/2439 2434/2434
f 2440/2440 2441/2441 2442/2442
f 2167/2167 2443/2443 2444/2444
f 2167/2167 2444/2444 2147/2147
f 2147/2147 2444/2444 2222/2222
f 2225/2225 2445/2445 2112/2112
f 2112/2112 2445/2445 2169/2169
f 2170/2170 2446/2446 2149/2149
f 2150/2150 2300/2300 2127/2127
f 2151/2151 2227/2227 2447/2447
f 2187/2187 2301/2301 2448/2448
f 2187/2187 2448/2448 2188/2188
f 2449/2449 2450/2450 2451/2451
f 2172/2172 2301/2301 2171/2171
f 2131/2131 2304/2304 2143/2143
f 2143/2143 2304/2304 2132/2132
f 2153/2153 2452/2452 2453/2453
f 2229/2229 2306/2306 2154/2154
f 2158/2158 2454/2454 2176/2176
f 2156/2156 2306/2306 2455/2455
f 2456/2456 2457/2457 2458/2458
f 2176/2176 2454/2454 2191/2191
f 2160/2160 2308/2308 2179/2179
f 2179/2179 2308/2308 2309/2309
f 2310/2310 2307/2307 2178/2178
f 2144/2144 2459/2459 2152/2152
f 2182/2182 2455/2455 2230/2230
f 2460/2460 2459/2459 2144/2144
f 2183/2183 2460/2460 2144/2144
f 2461/2461 2460/2460 2183/2183
f 2184/2184 2461/2461 2183/2183
f 2161/2161 2462/2462 2184/2184
f 2462/2462 2461/2461 2184/2184
f 2463/2463 2323/2323 2243/2243
f 2316/2316 2340/2340 2464/2464
f 2465/2465 2328/2328 2326/2326
f 2466/2466 2333/2333 2328/2328
f 2467/2467 2468/2468 2334/2334
f 2467/2467 2469/2469 2468/2468
f 2467/2467 2470/2470 2469/2469
f 2339/2339 2471/2471 2472/2472
f 2344/2344 2473/2473 2342/2342
f 2342/2342 2473/2473 2348/2348
f 2339/2339 2349/2349 2471/2471
f 2348/2348 2474/2474 2347/2347
f 2474/2474 2351/2351 2347/2347
f 2349/2349 2475/2475 2471/2471
f 2349/2349 2353/2353 2475/2475
f 2474/2474 2356/2356 2351/2351
f 2353/2353 2476/2476 2475/2475
f 2353/2353 2358/2358 2476/2476
f 2358/2358 2477/2477 2476/2476
f 2356/2356 2478/2478 2355/2355
f 2358/2358 2362/2362 2477/2477
f 2355/2355 2478/2478 2363/2363
f 2362/2362 2479/2479 2477/2477
f 2478/2478 2370/2370 2363/2363
f 2362/2362 2366/2366 2479/2479
f 2366/2366 2480/2480 2479/2479
f 2366/2366 2371/2371 2480/2480
f 2479/2479 2481/2481 2482/2482
f 2370/2370 2378/2378 2369/2369
f 2479/2479 2480/2480 2481/2481
f 2371/2371 2375/2375 2480/2480
f 2480/2480 2483/2483 2481/2481
f 2481/2481 2483/2483 2484/2484
f 2369/2369 2378/2378 2374/2374
f 2483/2483 2485/2485 2484/2484
f 2375/2375 2486/2486 2480/2480
f 2486/2486 2483/2483 2480/2480
f 2379/2379 2378/2378 2487/2487
f 2376/2376 2388/2388 2375/2375
f 2375/2375 2388/2388 2486/2486
f 2483/2483 2486/2486 2485/2485
f 2379/2379 2487/2487 2488/2488
f 2489/2489 2490/2490 2491/2491
f 2384/2384 2491/2491 2385/2385
f 2491/2491 2490/2490 2390/2390
f 2491/2491 2390/2390 2385/2385
f 2390/2390 2391/2391 2389/2389
f 2391/2391 2394/2394 2392/2392
f 2398/2398 2404/2404 2388/2388
f 2404/2404 2492/2492 2486/2486
f 2388/2388 2404/2404 2486/2486
f 2486/2486 2492/2492 2493/2493
f 2394/2394 2400/2400 2395/2395
f 2394/2394 2403/2403 2400/2400
f 2492/2492 2494/2494 2493/2493
f 2415/2415 2492/2492 2404/2404
f 2403/2403 2495/2495 2402/2402
f 2402/2402 2495/2495 2412/2412
f 2492/2492 2415/2415 2496/2496
f 2492/2492 2496/2496 2494/2494
f 2496/2496 2497/2497 2494/2494
f 2496/2496 2498/2498 2497/2497
f 2422/2422 2498/2498 2496/2496
f 2415/2415 2422/2422 2496/2496
f 2422/2422 2499/2499 2498/2498
f 2499/2499 2500/2500 2498/2498
f 2498/2498 2500/2500 2501/2501
f 2412/2412 2417/2417 2411/2411
f 2425/2425 2502/2502 2422/2422
f 2421/2421 2425/2425 2422/2422
f 2499/2499 2503/2503 2504/2504
f 2499/2499 2504/2504 2500/2500
f 2425/2425 2505/2505 2502/2502
f 2502/2502 2503/2503 2422/2422
f 2422/2422 2503/2503 2499/2499
f 2428/2428 2506/2506 2425/2425
f 2506/2506 2507/2507 2425/2425
f 2165/2165 2429/2429 2508/2508
f 2417/2417 2412/2412 2430/2430
f 2428/2428 2509/2509 2506/2506
f 2428/2428 2510/2510 2509/2509
f 2434/2434 2510/2510 2428/2428
f 2431/2431 2430/2430 2437/2437
f 2439/2439 2510/2510 2434/2434
f 2511/2511 2512/2512 2436/2436
f 2511/2511 2513/2513 2512/2512
f 2436/2436 2512/2512 2438/2438
f 2512/2512 2514/2514 2438/2438
f 2512/2512 2513/2513 2514/2514
f 2438/2438 2514/2514 2439/2439
f 2297/2297 2443/2443 2167/2167
f 2222/2222 2515/2515 2168/2168
f 2168/2168 2515/2515 2298/2298
f 2224/2224 2225/2225 2140/2140
f 2169/2169 2516/2516 2148/2148
f 2148/2148 2516/2516 2170/2170
f 2149/2149 2446/2446 2186/2186
f 2151/2151 2447/2447 2131/2131
f 2131/2131 2447/2447 2517/2517
f 2172/2172 2453/2453 2301/2301
f 2188/2188 2518/2518 2189/2189
f 2174/2174 2173/2173 2100/2100
f 2131/2131 2517/2517 2304/2304
f 2102/2102 2304/2304 2228/2228
f 2155/2155 2519/2519 2305/2305
f 2520/2520 2521/2521 2522/2522
f 2156/2156 2455/2455 2182/2182
f 2455/2455 2523/2523 2230/2230
f 2230/2230 2523/2523 2311/2311
f 2311/2311 2462/2462 2231/2231
f 2524/2524 2525/2525 2344/2344
f 2344/2344 2525/2525 2473/2473
f 2473/2473 2526/2526 2348/2348
f 2348/2348 2526/2526 2474/2474
f 2356/2356 2527/2527 2478/2478
f 2478/2478 2527/2527 2528/2528
f 2529/2529 2477/2477 2530/2530
f 2477/2477 2482/2482 2530/2530
f 2482/2482 2531/2531 2530/2530
f 2482/2482 2481/2481 2531/2531
f 2370/2370 2532/2532 2378/2378
f 2481/2481 2533/2533 2531/2531
f 2481/2481 2484/2484 2533/2533
f 2484/2484 2534/2534 2533/2533
f 2484/2484 2485/2485 2534/2534
f 2378/2378 2535/2535 2487/2487
f 2485/2485 2536/2536 2534/2534
f 2487/2487 2535/2535 2537/2537
f 2487/2487 2537/2537 2488/2488
f 2538/2538 2539/2539 2390/2390
f 2490/2490 2538/2538 2390/2390
f 2539/2539 2540/2540 2390/2390
f 2540/2540 2541/2541 2391/2391
f 2390/2390 2540/2540 2391/2391
f 2486/2486 2542/2542 2485/2485
f 2485/2485 2542/2542 2536/2536
f 2391/2391 2541/2541 2394/2394
f 2394/2394 2541/2541 2543/2543
f 2542/2542 2493/2493 2536/2536
f 2486/2486 2493/2493 2542/2542
f 2493/2493 2544/2544 2536/2536
f 2394/2394 2545/2545 2403/2403
f 2493/2493 2497/2497 2544/2544
f 2403/2403 2545/2545 2495/2495
f 2493/2493 2494/2494 2497/2497
f 2546/2546 2547/2547 2548/2548
f 2498/2498 2549/2549 2497/2497
f 2549/2549 2498/2498 2501/2501
f 2549/2549 2501/2501 2550/2550
f 2547/2547 2551/2551 2548/2548
f 2504/2504 2552/2552 2500/2500
f 2500/2500 2552/2552 2501/2501
f 2501/2501 2553/2553 2550/2550
f 2554/2554 2555/2555 2556/2556
f 2556/2556 2555/2555 2557/2557
f 2555/2555 2558/2558 2557/2557
f 2558/2558 2559/2559 2557/2557
f 2504/2504 2503/2503 2560/2560
f 2504/2504 2560/2560 2552/2552
f 2552/2552 2560/2560 2561/2561
f 2552/2552 2561/2561 2501/2501
f 2501/2501 2561/2561 2553/2553
f 2548/2548 2551/2551 2562/2562
f 2563/2563 2559/2559 2564/2564
f 2561/2561 2565/2565 2553/2553
f 2566/2566 2506/2506 2509/2509
f 2510/2510 2566/2566 2509/2509
f 2562/2562 2567/2567 2568/2568
f 2569/2569 2566/2566 2510/2510
f 2439/2439 2569/2569 2510/2510
f 2568/2568 2567/2567 2570/2570
f 2513/2513 2571/2571 2514/2514
f 2514/2514 2571/2571 2439/2439
f 2571/2571 2569/2569 2439/2439
f 2572/2572 2573/2573 2574/2574
f 2442/2442 2441/2441 2575/2575
f 2303/2303 2576/2576 2158/2158
f 2158/2158 2576/2576 2577/2577
f 2158/2158 2577/2577 2454/2454
f 2192/2192 2578/2578 2308/2308
f 2460/2460 2579/2579 2459/2459
f 2580/2580 2581/2581 2582/2582
f 2525/2525 2583/2583 2473/2473
f 2473/2473 2583/2583 2526/2526
f 2474/2474 2584/2584 2585/2585
f 2585/2585 2527/2527 2356/2356
f 2370/2370 2528/2528 2532/2532
f 2532/2532 2586/2586 2587/2587
f 2587/2587 2535/2535 2378/2378
f 2588/2588 2589/2589 2590/2590
f 2591/2591 2592/2592 2593/2593
f 2536/2536 2594/2594 2595/2595
f 2544/2544 2596/2596 2594/2594
f 2544/2544 2497/2497 2596/2596
f 2546/2546 2597/2597 2547/2547
f 2497/2497 2549/2549 2596/2596
f 2549/2549 2598/2598 2596/2596
f 2549/2549 2550/2550 2598/2598
f 2547/2547 2599/2599 2551/2551
f 2598/2598 2550/2550 2600/2600
f 2550/2550 2553/2553 2600/2600
f 2601/2601 2555/2555 2554/2554
f 2558/2558 2602/2602 2559/2559
f 2553/2553 2603/2603 2600/2600
f 2602/2602 2564/2564 2559/2559
f 2604/2604 2605/2605 2606/2606
f 2564/2564 2607/2607 2563/2563
f 2564/2564 2608/2608 2607/2607
f 2561/2561 2609/2609 2565/2565
f 2553/2553 2565/2565 2603/2603
f 2609/2609 2610/2610 2565/2565
f 2565/2565 2610/2610 2603/2603
f 2604/2604 2611/2611 2605/2605
f 2607/2607 2612/2612 2613/2613
f 2573/2573 2614/2614 2615/2615
f 2614/2614 2616/2616 2615/2615
f 2617/2617 2618/2618 2619/2619
f 2619/2619 2618/2618 2620/2620
f 2619/2619 2620/2620 2621/2621
f 2620/2620 2622/2622 2621/2621
f 2621/2621 2622/2622 2611/2611
f 2441/2441 2623/2623 2575/2575
f 2624/2624 2625/2625 2297/2297
f 2170/2170 2626/2626 2446/2446
f 2226/2226 2627/2627 2141/2141
f 2301/2301 2628/2628 2629/2629
f 2301/2301 2629/2629 2448/2448
f 2629/2629 2630/2630 2448/2448
f 2448/2448 2630/2630 2188/2188
f 2631/2631 2576/2576 2303/2303
f 2452/2452 2632/2632 2453/2453
f 2457/2457 2633/2633 2634/2634
f 2307/2307 2635/2635 2519/2519
f 2306/2306 2636/2636 2455/2455
f 2456/2456 2633/2633 2457/2457
f 2308/2308 2637/2637 2309/2309
f 2310/2310 2638/2638 2307/2307
f 2639/2639 2640/2640 2641/2641
f 2460/2460 2642/2642 2579/2579
f 2461/2461 2642/2642 2460/2460
f 2523/2523 2643/2643 2311/2311
f 2462/2462 2644/2644 2461/2461
f 2645/2645 2646/2646 2647/2647
f 2580/2580 2648/2648 2581/2581
f 2581/2581 2649/2649 2650/2650
f 2590/2590 2589/2589 2592/2592
f 2593/2593 2592/2592 2651/2651
f 2594/2594 2652/2652 2653/2653
f 2593/2593 2651/2651 2597/2597
f 2598/2598 2654/2654 2655/2655
f 2547/2547 2597/2597 2599/2599
f 2654/2654 2600/2600 2656/2656
f 2599/2599 2657/2657 2658/2658
f 2601/2601 2659/2659 2555/2555
f 2555/2555 2659/2659 2660/2660
f 2555/2555 2660/2660 2558/2558
f 2600/2600 2603/2603 2656/2656
f 2599/2599 2658/2658 2551/2551
f 2606/2606 2661/2661 2662/2662
f 2606/2606 2662/2662 2663/2663
f 2660/2660 2664/2664 2602/2602
f 2558/2558 2660/2660 2602/2602
f 2602/2602 2664/2664 2665/2665
f 2602/2602 2665/2665 2564/2564
f 2603/2603 2666/2666 2656/2656
f 2605/2605 2661/2661 2606/2606
f 2564/2564 2665/2665 2608/2608
f 2607/2607 2608/2608 2667/2667
f 2607/2607 2667/2667 2612/2612
f 2615/2615 2616/2616 2668/2668
f 2616/2616 2669/2669 2668/2668
f 2611/2611 2622/2622 2605/2605
f 2670/2670 2574/2574 2573/2573
f 2443/2443 2671/2671 2444/2444
f 2444/2444 2672/2672 2222/2222
f 2299/2299 2673/2673 2223/2223
f 2223/2223 2673/2673 2224/2224
f 2224/2224 2673/2673 2674/2674
f 2445/2445 2225/2225 2675/2675
f 2445/2445 2676/2676 2169/2169
f 2169/2169 2676/2676 2516/2516
f 2516/2516 2626/2626 2170/2170
f 2446/2446 2677/2677 2186/2186
f 2677/2677 2678/2678 2186/2186
f 2150/2150 2679/2679 2300/2300
f 2300/2300 2679/2679 2226/2226
f 2141/2141 2680/2680 2227/2227
f 2227/2227 2681/2681 2447/2447
f 2301/2301 2682/2682 2628/2628
f 2453/2453 2682/2682 2301/2301
f 2630/2630 2683/2683 2518/2518
f 2188/2188 2630/2630 2518/2518
f 2174/2174 2684/2684 2173/2173
f 2517/2517 2685/2685 2304/2304
f 2304/2304 2685/2685 2686/2686
f 2305/2305 2684/2684 2174/2174
f 2686/2686 2687/2687 2304/2304
f 2304/2304 2687/2687 2228/2228
f 2229/2229 2688/2688 2306/2306
f 2306/2306 2688/2688 2636/2636
f 2689/2689 2637/2637 2308/2308
f 2578/2578 2689/2689 2308/2308
f 2309/2309 2637/2637 2690/2690
f 2520/2520 2691/2691 2521/2521
f 2692/2692 2693/2693 2521/2521
f 2455/2455 2636/2636 2694/2694
f 2455/2455 2694/2694 2523/2523
f 2694/2694 2695/2695 2523/2523
f 2523/2523 2695/2695 2643/2643
f 2644/2644 2642/2642 2461/2461
f 2643/2643 2696/2696 2311/2311
f 2311/2311 2696/2696 2697/2697
f 2311/2311 2697/2697 2462/2462
f 2698/2698 2699/2699 2700/2700
f 2662/2662 2701/2701 2702/2702
f 2702/2702 2701/2701 2703/2703
f 2703/2703 2704/2704 2705/2705
f 2705/2705 2704/2704 2706/2706
f 2705/2705 2706/2706 2707/2707
f 2665/2665 2664/2664 2708/2708
f 2665/2665 2708/2708 2608/2608
f 2667/2667 2709/2709 2612/2612
f 2710/2710 2574/2574 2670/2670
f 2574/2574 2710/2710 2711/2711
f 2625/2625 2671/2671 2443/2443
f 2671/2671 2672/2672 2444/2444
f 2222/2222 2672/2672 2515/2515
f 2515/2515 2712/2712 2298/2298
f 2298/2298 2713/2713 2299/2299
f 2224/2224 2674/2674 2225/2225
f 2225/2225 2714/2714 2675/2675
f 2445/2445 2675/2675 2676/2676
f 2680/2680 2681/2681 2227/2227
f 2447/2447 2715/2715 2517/2517
f 2305/2305 2716/2716 2684/2684
f 2453/2453 2632/2632 2682/2682
f 2687/2687 2717/2717 2228/2228
f 2305/2305 2519/2519 2716/2716
f 2228/2228 2717/2717 2229/2229
f 2309/2309 2690/2690 2718/2718
f 2691/2691 2692/2692 2521/2521
f 2462/2462 2697/2697 2644/2644
f 2662/2662 2719/2719 2701/2701
f 2701/2701 2720/2720 2703/2703
f 2703/2703 2720/2720 2704/2704
f 2706/2706 2721/2721 2707/2707
f 2722/2722 2723/2723 2724/2724
f 2725/2725 2726/2726 2727/2727
f 2728/2728 2725/2725 2727/2727
f 2727/2727 2726/2726 2729/2729
f 2727/2727 2729/2729 2730/2730
f 2731/2731 2732/2732 2733/2733
f 2712/2712 2713/2713 2298/2298
f 2299/2299 2713/2713 2673/2673
f 2674/2674 2714/2714 2225/2225
f 2676/2676 2734/2734 2516/2516
f 2734/2734 2626/2626 2516/2516
f 2626/2626 2677/2677 2446/2446
f 2679/2679 2627/2627 2226/2226
f 2627/2627 2680/2680 2141/2141
f 2717/2717 2735/2735 2229/2229
f 2229/2229 2735/2735 2688/2688
f 2577/2577 2736/2736 2454/2454
f 2643/2643 2695/2695 2696/2696
f 2730/2730 2729/2729 2737/2737
f 2738/2738 2739/2739 2515/2515
f 2672/2672 2738/2738 2515/2515
f 2626/2626 2740/2740 2741/2741
f 2626/2626 2741/2741 2677/2677
f 2630/2630 2742/2742 2683/2683
f 2687/2687 2743/2743 2717/2717
f 2577/2577 2744/2744 2736/2736
f 2637/2637 2745/2745 2690/2690
f 2690/2690 2746/2746 2718/2718
f 2718/2718 2747/2747 2748/2748
f 2642/2642 2749/2749 2579/2579
f 2695/2695 2750/2750 2696/2696
f 2697/2697 2696/2696 2751/2751
f 2697/2697 2751/2751 2644/2644
f 2623/2623 2752/2752 2575/2575
f 2671/2671 2753/2753 2672/2672
f 2515/2515 2739/2739 2712/2712
f 2713/2713 2754/2754 2673/2673
f 2673/2673 2755/2755 2674/2674
f 2675/2675 2756/2756 2676/2676
f 2734/2734 2740/2740 2626/2626
f 2677/2677 2741/2741 2757/2757
f 2447/2447 2681/2681 2715/2715
f 2682/2682 2758/2758 2628/2628
f 2629/2629 2759/2759 2630/2630
f 2630/2630 2759/2759 2742/2742
f 2517/2517 2715/2715 2685/2685
f 2686/2686 2743/2743 2687/2687
f 2576/2576 2760/2760 2577/2577
f 2519/2519 2761/2761 2716/2716
f 2635/2635 2761/2761 2519/2519
f 2688/2688 2735/2735 2762/2762
f 2638/2638 2763/2763 2635/2635
f 2635/2635 2763/2763 2761/2761
f 2688/2688 2762/2762 2636/2636
f 2762/2762 2764/2764 2636/2636
f 2639/2639 2765/2765 2640/2640
f 2689/2689 2766/2766 2637/2637
f 2766/2766 2745/2745 2637/2637
f 2690/2690 2745/2745 2746/2746
f 2747/2747 2767/2767 2748/2748
f 2748/2748 2767/2767 2638/2638
f 2694/2694 2768/2768 2695/2695
f 2642/2642 2769/2769 2749/2749
f 2644/2644 2751/2751 2770/2770
f 2644/2644 2770/2770 2642/2642
f 2771/2771 2772/2772 2773/2773
f 2772/2772 2774/2774 2775/2775
f 2776/2776 2753/2753 2671/2671
f 2753/2753 2738/2738 2672/2672
f 2713/2713 2712/2712 2754/2754
f 2674/2674 2777/2777 2714/2714
f 2714/2714 2777/2777 2778/2778
f 2714/2714 2778/2778 2675/2675
f 2676/2676 2756/2756 2734/2734
f 2677/2677 2779/2779 2678/2678
f 2686/2686 2685/2685 2743/2743
f 2631/2631 2780/2780 2576/2576
f 2576/2576 2780/2780 2760/2760
f 2765/2765 2758/2758 2632/2632
f 2760/2760 2744/2744 2577/2577
f 2781/2781 2765/2765 2639/2639
f 2636/2636 2764/2764 2694/2694
f 2694/2694 2764/2764 2768/2768
f 2768/2768 2782/2782 2695/2695
f 2695/2695 2782/2782 2750/2750
f 2770/2770 2769/2769 2642/2642
f 2750/2750 2783/2783 2696/2696
f 2696/2696 2783/2783 2751/2751
f 2784/2784 2785/2785 2786/2786
f 2623/2623 2787/2787 2752/2752
f 2755/2755 2777/2777 2674/2674
f 2675/2675 2778/2778 2788/2788
f 2677/2677 2757/2757 2779/2779
f 2679/2679 2789/2789 2627/2627
f 2758/2758 2790/2790 2628/2628
f 2684/2684 2791/2791 2792/2792
f 2793/2793 2794/2794 2795/2795
f 2750/2750 2782/2782 2783/2783
f 2785/2785 2796/2796 2786/2786
f 2776/2776 2797/2797 2753/2753
f 2739/2739 2798/2798 2712/2712
f 2754/2754 2755/2755 2673/2673
f 2675/2675 2788/2788 2756/2756
f 2678/2678 2779/2779 2799/2799
f 2680/2680 2800/2800 2681/2681
f 2790/2790 2801/2801 2628/2628
f 2628/2628 2801/2801 2629/2629
f 2629/2629 2801/2801 2759/2759
f 2716/2716 2791/2791 2684/2684
f 2780/2780 2802/2802 2760/2760
f 2761/2761 2803/2803 2716/2716
f 2760/2760 2804/2804 2744/2744
f 2735/2735 2805/2805 2762/2762
f 2806/2806 2807/2807 2689/2689
f 2689/2689 2807/2807 2766/2766
f 2747/2747 2808/2808 2767/2767
f 2807/2807 2809/2809 2766/2766
f 2766/2766 2809/2809 2745/2745
f 2745/2745 2810/2810 2746/2746
f 2746/2746 2811/2811 2718/2718
f 2718/2718 2811/2811 2812/2812
f 2718/2718 2812/2812 2747/2747
f 2768/2768 2813/2813 2782/2782
f 2783/2783 2814/2814 2751/2751
f 2751/2751 2815/2815 2770/2770
f 2776/2776 2816/2816 2797/2797
f 2753/2753 2797/2797 2738/2738
f 2738/2738 2817/2817 2739/2739
f 2817/2817 2798/2798 2739/2739
f 2798/2798 2818/2818 2712/2712
f 2754/2754 2819/2819 2755/2755
f 2777/2777 2820/2820 2778/2778
f 2778/2778 2820/2820 2788/2788
f 2756/2756 2821/2821 2734/2734
f 2734/2734 2821/2821 2740/2740
f 2740/2740 2822/2822 2741/2741
f 2680/2680 2823/2823 2800/2800
f 2681/2681 2824/2824 2715/2715
f 2759/2759 2825/2825 2742/2742
f 2791/2791 2826/2826 2792/2792
f 2715/2715 2827/2827 2685/2685
f 2827/2827 2828/2828 2685/2685
f 2716/2716 2803/2803 2791/2791
f 2685/2685 2828/2828 2743/2743
f 2743/2743 2829/2829 2717/2717
f 2717/2717 2829/2829 2805/2805
f 2765/2765 2830/2830 2758/2758
f 2802/2802 2804/2804 2760/2760
f 2831/2831 2806/2806 2689/2689
f 2794/2794 2832/2832 2795/2795
f 2807/2807 2833/2833 2809/2809
f 2834/2834 2835/2835 2836/2836
f 2745/2745 2837/2837 2810/2810
f 2782/2782 2813/2813 2783/2783
f 2815/2815 2838/2838 2769/2769
f 2835/2835 2839/2839 2840/2840
f 2751/2751 2814/2814 2815/2815
f 2835/2835 2841/2841 2839/2839
f 2797/2797 2817/2817 2738/2738
f 2712/2712 2818/2818 2754/2754
f 2754/2754 2818/2818 2819/2819
f 2756/2756 2788/2788 2821/2821
f 2741/2741 2822/2822 2757/2757
f 2789/2789 2823/2823 2627/2627
f 2627/2627 2823/2823 2680/2680
f 2800/2800 2824/2824 2681/2681
f 2801/2801 2842/2842 2759/2759
f 2843/2843 2844/2844 2845/2845
f 2824/2824 2827/2827 2715/2715
f 2759/2759 2842/2842 2825/2825
f 2743/2743 2828/2828 2829/2829
f 2717/2717 2805/2805 2735/2735
f 2765/2765 2846/2846 2830/2830
f 2804/2804 2847/2847 2744/2744
f 2805/2805 2848/2848 2762/2762
f 2762/2762 2848/2848 2764/2764
f 2781/2781 2846/2846 2765/2765
f 2806/2806 2849/2849 2807/2807
f 2849/2849 2850/2850 2807/2807
f 2747/2747 2812/2812 2808/2808
f 2851/2851 2832/2832 2794/2794
f 2764/2764 2848/2848 2768/2768
f 2850/2850 2833/2833 2807/2807
f 2810/2810 2852/2852 2746/2746
f 2746/2746 2852/2852 2811/2811
f 2813/2813 2814/2814 2783/2783
f 2853/2853 2854/2854 2855/2855
f 2853/2853 2855/2855 2834/2834
f 2855/2855 2835/2835 2834/2834
f 2835/2835 2855/2855 2841/2841
f 2856/2856 2857/2857 2858/2858
f 2854/2854 2859/2859 2855/2855
f 2855/2855 2859/2859 2841/2841
f 2841/2841 2859/2859 2860/2860
f 2857/2857 2861/2861 2862/2862
f 2857/2857 2862/2862 2858/2858
f 2755/2755 2819/2819 2863/2863
f 2755/2755 2863/2863 2777/2777
f 2863/2863 2864/2864 2777/2777
f 2777/2777 2864/2864 2820/2820
f 2821/2821 2822/2822 2740/2740
f 2757/2757 2799/2799 2779/2779
f 2790/2790 2865/2865 2801/2801
f 2780/2780 2866/2866 2802/2802
f 2758/2758 2830/2830 2867/2867
f 2804/2804 2868/2868 2847/2847
f 2763/2763 2869/2869 2761/2761
f 2848/2848 2870/2870 2768/2768
f 2769/2769 2871/2871 2749/2749
f 2768/2768 2870/2870 2813/2813
f 2813/2813 2870/2870 2872/2872
f 2813/2813 2872/2872 2814/2814
f 2815/2815 2873/2873 2838/2838
f 2769/2769 2838/2838 2871/2871
f 2874/2874 2875/2875 2854/2854
f 2874/2874 2854/2854 2853/2853
f 2876/2876 2858/2858 2877/2877
f 2875/2875 2878/2878 2854/2854
f 2878/2878 2859/2859 2854/2854
f 2858/2858 2862/2862 2877/2877
f 2879/2879 2880/2880 2881/2881
f 2880/2880 2882/2882 2881/2881
f 2861/2861 2883/2883 2862/2862
f 2884/2884 2885/2885 2886/2886
f 2817/2817 2887/2887 2798/2798
f 2798/2798 2888/2888 2818/2818
f 2822/2822 2889/2889 2757/2757
f 2890/2890 2844/2844 2843/2843
f 2761/2761 2869/2869 2891/2891
f 2761/2761 2891/2891 2803/2803
f 2806/2806 2892/2892 2849/2849
f 2749/2749 2871/2871 2893/2893
f 2849/2849 2892/2892 2850/2850
f 2852/2852 2894/2894 2811/2811
f 2811/2811 2894/2894 2812/2812
f 2814/2814 2872/2872 2815/2815
f 2815/2815 2872/2872 2873/2873
f 2878/2878 2895/2895 2859/2859
f 2879/2879 2896/2896 2897/2897
f 2879/2879 2897/2897 2880/2880
f 2880/2880 2897/2897 2898/2898
f 2880/2880 2898/2898 2882/2882
f 2899/2899 2900/2900 2752/2752
f 2816/2816 2901/2901 2797/2797
f 2797/2797 2902/2902 2903/2903
f 2797/2797 2903/2903 2817/2817
f 2817/2817 2903/2903 2887/2887
f 2887/2887 2888/2888 2798/2798
f 2820/2820 2904/2904 2788/2788
f 2788/2788 2904/2904 2821/2821
f 2821/2821 2905/2905 2822/2822
f 2889/2889 2906/2906 2757/2757
f 2757/2757 2906/2906 2799/2799
f 2906/2906 2907/2907 2799/2799
f 2789/2789 2908/2908 2823/2823
f 2823/2823 2909/2909 2800/2800
f 2800/2800 2909/2909 2824/2824
f 2909/2909 2910/2910 2824/2824
f 2801/2801 2911/2911 2842/2842
f 2910/2910 2912/2912 2824/2824
f 2842/2842 2913/2913 2825/2825
f 2824/2824 2912/2912 2827/2827
f 2803/2803 2914/2914 2791/2791
f 2828/2828 2915/2915 2829/2829
f 2829/2829 2915/2915 2805/2805
f 2802/2802 2916/2916 2804/2804
f 2804/2804 2916/2916 2868/2868
f 2803/2803 2891/2891 2917/2917
f 2805/2805 2918/2918 2919/2919
f 2805/2805 2919/2919 2848/2848
f 2806/2806 2920/2920 2892/2892
f 2808/2808 2921/2921 2869/2869
f 2922/2922 2923/2923 2924/2924
f 2925/2925 2926/2926 2874/2874
f 2894/2894 2927/2927 2812/2812
f 2926/2926 2875/2875 2874/2874
f 2876/2876 2928/2928 2929/2929
f 2930/2930 2878/2878 2875/2875
f 2878/2878 2931/2931 2895/2895
f 2862/2862 2883/2883 2932/2932
f 2862/2862 2932/2932 2877/2877
f 2818/2818 2888/2888 2819/2819
f 2819/2819 2933/2933 2863/2863
f 2863/2863 2934/2934 2864/2864
f 2908/2908 2935/2935 2823/2823
f 2935/2935 2909/2909 2823/2823
f 2867/2867 2936/2936 2790/2790
f 2790/2790 2936/2936 2865/2865
f 2842/2842 2911/2911 2913/2913
f 2913/2913 2937/2937 2938/2938
f 2825/2825 2913/2913 2938/2938
f 2827/2827 2912/2912 2939/2939
f 2939/2939 2828/2828 2827/2827
f 2915/2915 2918/2918 2805/2805
f 2868/2868 2940/2940 2847/2847
f 2941/2941 2891/2891 2869/2869
f 2923/2923 2942/2942 2924/2924
f 2924/2924 2942/2942 2943/2943
f 2869/2869 2921/2921 2941/2941
f 2919/2919 2944/2944 2848/2848
f 2848/2848 2944/2944 2870/2870
f 2922/2922 2945/2945 2923/2923
f 2870/2870 2946/2946 2872/2872
f 2838/2838 2873/2873 2947/2947
f 2838/2838 2947/2947 2871/2871
f 2926/2926 2948/2948 2875/2875
f 2948/2948 2930/2930 2875/2875
f 2930/2930 2949/2949 2931/2931
f 2930/2930 2931/2931 2878/2878
f 2950/2950 2932/2932 2883/2883
f 2898/2898 2951/2951 2882/2882
f 2900/2900 2952/2952 2953/2953
f 2822/2822 2905/2905 2889/2889
f 2937/2937 2954/2954 2938/2938
f 2912/2912 2955/2955 2939/2939
f 2828/2828 2939/2939 2956/2956
f 2938/2938 2954/2954 2957/2957
f 2828/2828 2958/2958 2915/2915
f 2916/2916 2959/2959 2868/2868
f 2846/2846 2960/2960 2830/2830
f 2940/2940 2961/2961 2847/2847
f 2923/2923 2962/2962 2942/2942
f 2870/2870 2944/2944 2946/2946
f 2963/2963 2948/2948 2926/2926
f 2963/2963 2964/2964 2948/2948
f 2903/2903 2965/2965 2887/2887
f 2888/2888 2966/2966 2819/2819
f 2933/2933 2967/2967 2863/2863
f 2863/2863 2967/2967 2934/2934
f 2820/2820 2968/2968 2904/2904
f 2905/2905 2969/2969 2889/2889
f 2970/2970 2910/2910 2909/2909
f 2865/2865 2911/2911 2801/2801
f 2867/2867 2971/2971 2936/2936
f 2937/2937 2972/2972 2954/2954
f 2830/2830 2960/2960 2867/2867
f 2914/2914 2826/2826 2791/2791
f 2868/2868 2959/2959 2940/2940
f 2918/2918 2973/2973 2919/2919
f 2846/2846 2974/2974 2960/2960
f 2945/2945 2962/2962 2923/2923
f 2947/2947 2975/2975 2871/2871
f 2873/2873 2976/2976 2947/2947
f 2948/2948 2964/2964 2930/2930
f 2977/2977 2978/2978 2979/2979
f 2950/2950 2980/2980 2932/2932
f 2897/2897 2981/2981 2898/2898
f 2900/2900 2982/2982 2952/2952
f 2983/2983 2965/2965 2903/2903
f 2965/2965 2984/2984 2887/2887
f 2887/2887 2984/2984 2888/2888
f 2819/2819 2966/2966 2933/2933
f 2864/2864 2968/2968 2820/2820
f 2889/2889 2985/2985 2906/2906
f 2907/2907 2906/2906 2986/2986
f 2907/2907 2986/2986 2987/2987
f 2907/2907 2987/2987 2988/2988
f 2935/2935 2970/2970 2909/2909
f 2939/2939 2955/2955 2956/2956
f 2954/2954 2989/2989 2957/2957
f 2957/2957 2989/2989 2990/2990
f 2956/2956 2958/2958 2828/2828
f 2918/2918 2915/2915 2973/2973
f 2991/2991 2963/2963 2992/2992
f 2941/2941 2993/2993 2891/2891
f 2891/2891 2993/2993 2917/2917
f 2921/2921 2994/2994 2941/2941
f 2995/2995 2996/2996 2997/2997
f 2945/2945 2998/2998 2962/2962
f 2946/2946 2976/2976 2872/2872
f 2872/2872 2976/2976 2873/2873
f 2964/2964 2949/2949 2930/2930
f 2932/2932 2980/2980 2999/2999
f 2977/2977 2979/2979 2896/2896
f 2896/2896 3000/3000 2897/2897
f 2981/2981 3001/3001 2898/2898
f 2898/2898 3001/3001 2951/2951
f 3002/3002 3003/3003 3004/3004
f 2901/2901 2983/2983 2902/2902
f 2902/2902 2983/2983 2903/2903
f 2934/2934 2968/2968 2864/2864
f 2821/2821 3005/3005 2905/2905
f 2969/2969 2985/2985 2889/2889
f 2906/2906 2985/2985 2986/2986
f 2936/2936 3006/3006 2865/2865
f 2865/2865 3006/3006 3007/3007
f 2865/2865 3007/3007 2911/2911
f 2971/2971 3006/3006 2936/2936
f 2910/2910 3008/3008 2912/2912
f 2913/2913 3009/3009 2937/2937
f 2912/2912 3008/3008 2955/2955
f 3010/3010 3011/3011 2826/2826
f 2914/2914 3010/3010 2826/2826
f 2917/2917 3010/3010 2914/2914
f 2958/2958 3012/3012 2915/2915
f 2993/2993 3013/3013 2917/2917
f 3013/3013 3010/3010 2917/2917
f 2942/2942 3014/3014 2943/2943
f 2994/2994 2993/2993 2941/2941
f 2991/2991 3015/3015 2963/2963
f 3015/3015 2964/2964 2963/2963
f 2964/2964 3016/3016 2949/2949
f 2978/2978 3017/3017 3018/3018
f 2978/2978 3018/3018 2979/2979
f 2979/2979 3000/3000 2896/2896
f 3000/3000 2981/2981 2897/2897
f 2901/2901 3019/3019 2983/2983
f 2904/2904 3005/3005 2821/2821
f 2935/2935 3020/3020 2970/2970
f 3007/3007 3021/3021 2913/2913
f 2911/2911 3007/3007 2913/2913
f 2867/2867 3022/3022 2971/2971
f 2937/2937 3009/3009 2972/2972
f 2989/2989 3023/3023 2990/2990
f 2992/2992 3024/3024 2991/2991
f 3012/3012 3025/3025 2915/2915
f 2915/2915 3025/3025 2973/2973
f 3026/3026 3027/3027 3028/3028
f 3028/3028 3027/3027 3029/3029
f 3028/3028 3029/3029 3030/3030
f 2994/2994 3031/3031 2993/2993
f 2993/2993 3031/3031 3013/3013
f 2947/2947 3032/3032 2975/2975
f 3015/3015 3016/3016 2964/2964
f 3033/3033 3017/3017 2978/2978
f 3034/3034 3035/3035 2982/2982
f 3036/3036 3037/3037 2904/2904
f 3037/3037 3005/3005 2904/2904
f 2905/2905 3005/3005 2969/2969
f 3038/3038 3020/3020 2935/2935
f 2970/2970 3020/3020 2910/2910
f 2913/2913 3021/3021 3009/3009
f 2910/2910 3039/3039 3008/3008
f 2972/2972 3040/3040 2954/2954
f 2954/2954 3040/3040 2989/2989
f 3040/3040 3041/3041 2989/2989
f 2989/2989 3041/3041 3023/3023
f 2955/2955 3042/3042 2956/2956
f 2956/2956 3042/3042 2958/2958
f 3012/3012 3043/3043 3025/3025
f 3025/3025 3044/3044 2973/2973
f 3045/3045 3011/3011 3010/3010
f 2975/2975 3032/3032 3046/3046
f 3024/3024 3047/3047 3015/3015
f 3024/3024 3015/3015 2991/2991
f 2996/2996 3048/3048 2997/2997
f 2997/2997 3048/3048 3049/3049
f 3050/3050 3051/3051 2994/2994
f 2994/2994 3051/3051 3052/3052
f 2994/2994 3052/3052 3031/3031
f 3031/3031 3053/3053 3013/3013
f 3013/3013 3045/3045 3010/3010
f 3047/3047 3054/3054 3015/3015
f 2944/2944 3055/3055 2946/2946
f 2946/2946 3055/3055 2976/2976
f 3055/3055 3056/3056 2976/2976
f 2976/2976 3057/3057 2947/2947
f 2947/2947 3057/3057 3032/3032
f 3054/3054 3016/3016 3015/3015
f 3001/3001 3058/3058 3059/3059
f 3001/3001 3059/3059 3060/3060
f 3000/3000 3061/3061 2981/2981
f 2981/2981 3058/3058 3001/3001
f 3062/3062 3063/3063 3064/3064
f 3003/3003 3065/3065 3004/3004
f 3066/3066 3067/3067 3068/3068
f 3035/3035 3069/3069 2982/2982
f 3070/3070 2966/2966 2888/2888
f 2934/2934 3071/3071 2968/2968
f 2985/2985 3072/3072 2986/2986
f 3006/3006 3073/3073 3007/3007
f 3022/3022 3074/3074 3006/3006
f 3008/3008 3042/3042 2955/2955
f 3040/3040 3075/3075 3041/3041
f 2958/2958 3076/3076 3012/3012
f 3077/3077 3078/3078 3079/3079
f 3043/3043 3044/3044 3025/3025
f 2973/2973 3044/3044 2919/2919
f 2919/2919 3080/3080 3081/3081
f 3082/3082 3050/3050 3030/3030
f 3029/3029 3082/3082 3030/3030
f 2919/2919 3081/3081 2944/2944
f 3032/3032 3083/3083 3046/3046
f 3084/3084 3054/3054 3047/3047
f 3051/3051 3085/3085 3052/3052
f 3086/3086 3077/3077 3079/3079
f 3031/3031 3052/3052 3053/3053
f 3053/3053 3045/3045 3013/3013
f 3018/3018 3087/3087 2979/2979
f 3088/3088 3089/3089 3090/3090
f 3091/3091 3061/3061 3000/3000
f 2979/2979 3091/3091 3000/3000
f 3092/3092 3093/3093 3094/3094
f 3094/3094 3093/3093 3095/3095
f 3066/3066 3096/3096 3067/3067
f 2888/2888 2984/2984 3070/3070
f 2967/2967 3071/3071 2934/2934
f 2968/2968 3097/3097 3036/3036
f 3097/3097 3098/3098 3036/3036
f 2969/2969 3072/3072 2985/2985
f 3072/3072 3099/3099 2986/2986
f 3006/3006 3074/3074 3073/3073
f 3100/3100 3101/3101 2972/2972
f 3009/3009 3100/3100 2972/2972
f 2972/2972 3101/3101 3040/3040
f 3101/3101 3102/3102 3040/3040
f 3040/3040 3102/3102 3075/3075
f 2960/2960 3103/3103 3022/3022
f 3104/3104 3084/3084 3105/3105
f 3105/3105 3084/3084 3024/3024
f 3012/3012 3076/3076 3043/3043
f 2974/2974 3106/3106 2960/2960
f 3084/3084 3047/3047 3024/3024
f 3044/3044 3080/3080 2919/2919
f 3048/3048 3107/3107 3049/3049
f 3108/3108 3109/3109 3110/3110
f 3050/3050 3111/3111 3051/3051
f 2944/2944 3081/3081 3055/3055
f 3051/3051 3111/3111 3085/3085
f 3054/3054 3112/3112 3016/3016
f 3045/3045 3113/3113 3114/3114
f 2976/2976 3056/3056 3057/3057
f 3052/3052 3115/3115 3053/3053
f 3053/3053 3116/3116 3045/3045
f 3017/3017 3087/3087 3018/3018
f 3087/3087 3091/3091 2979/2979
f 3089/3089 3117/3117 3090/3090
f 2983/2983 3118/3118 2965/2965
f 3071/3071 3097/3097 2968/2968
f 3036/3036 3098/3098 3037/3037
f 3020/3020 3119/3119 2910/2910
f 3073/3073 3120/3120 3007/3007
f 3007/3007 3120/3120 3021/3021
f 2910/2910 3119/3119 3039/3039
f 3021/3021 3121/3121 3009/3009
f 3103/3103 3074/3074 3022/3022
f 3101/3101 3122/3122 3102/3102
f 3008/3008 3123/3123 3042/3042
f 3042/3042 3124/3124 2958/2958
f 2960/2960 3106/3106 3103/3103
f 3125/3125 3126/3126 3104/3104
f 2958/2958 3124/3124 3076/3076
f 3126/3126 3084/3084 3104/3104
f 3043/3043 3127/3127 3044/3044
f 3027/3027 3128/3128 3029/3029
f 3029/3029 3129/3129 3082/3082
f 3130/3130 3106/3106 2974/2974
f 3126/3126 3054/3054 3084/3084
f 3126/3126 3112/3112 3054/3054
f 3108/3108 3131/3131 3109/3109
f 3114/3114 3132/3132 3133/3133
f 3113/3113 3132/3132 3114/3114
f 3134/3134 3135/3135 3033/3033
f 3085/3085 3136/3136 3052/3052
f 3137/3137 3138/3138 3139/3139
f 3033/3033 3135/3135 3017/3017
f 3136/3136 3115/3115 3052/3052
f 3115/3115 3140/3140 3053/3053
f 3053/3053 3140/3140 3116/3116
f 3091/3091 3141/3141 3061/3061
f 3061/3061 3142/3142 3143/3143
f 3144/3144 3145/3145 3146/3146
f 3118/3118 3147/3147 2965/2965
f 2965/2965 3148/3148 2984/2984
f 3071/3071 3149/3149 3097/3097
f 3037/3037 3150/3150 3005/3005
f 3099/3099 3151/3151 2987/2987
f 3020/3020 3152/3152 3119/3119
f 3074/3074 3153/3153 3073/3073
f 3120/3120 3121/3121 3021/3021
f 3121/3121 3100/3100 3009/3009
f 3100/3100 3154/3154 3101/3101
f 3101/3101 3154/3154 3122/3122
f 3155/3155 3126/3126 3125/3125
f 3027/3027 3156/3156 3128/3128
f 3126/3126 3157/3157 3112/3112
f 3128/3128 3129/3129 3029/3029
f 3057/3057 3158/3158 3083/3083
f 3111/3111 3159/3159 3085/3085
f 3055/3055 3160/3160 3056/3056
f 3113/3113 3161/3161 3132/3132
f 3085/3085 3162/3162 3136/3136
f 3017/3017 3163/3163 3087/3087
f 3087/3087 3164/3164 3091/3091
f 3091/3091 3164/3164 3141/3141
f 3061/3061 3141/3141 3142/3142
f 3143/3143 3165/3165 3058/3058
f 3166/3166 3167/3167 3168/3168
f 3065/3065 3169/3169 3170/3170
f 3019/3019 3171/3171 3118/3118
f 2984/2984 3148/3148 3070/3070
f 2966/2966 3172/3172 2933/2933
f 2933/2933 3173/3173 2967/2967
f 2967/2967 3173/3173 3071/3071
f 3037/3037 3098/3098 3150/3150
f 3005/3005 3174/3174 2969/2969
f 2969/2969 3174/3174 3072/3072
f 2987/2987 3151/3151 3175/3175
f 3020/3020 3038/3038 3152/3152
f 3100/3100 3176/3176 3154/3154
f 3123/3123 3124/3124 3042/3042
f 3177/3177 3178/3178 3126/3126
f 3155/3155 3177/3177 3126/3126
f 3126/3126 3178/3178 3157/3157
f 3128/3128 3179/3179 3129/3129
f 3127/3127 3180/3180 3044/3044
f 3044/3044 3180/3180 3081/3081
f 3044/3044 3081/3081 3080/3080
f 3129/3129 3181/3181 3082/3082
f 3131/3131 3182/3182 3109/3109
f 3081/3081 3183/3183 3055/3055
f 3057/3057 3184/3184 3158/3158
f 3134/3134 3185/3185 3135/3135
f 3056/3056 3160/3160 3057/3057
f 3186/3186 3161/3161 3113/3113
f 3017/3017 3135/3135 3163/3163
f 3140/3140 3187/3187 3116/3116
f 3138/3138 3188/3188 3139/3139
f 3163/3163 3189/3189 3087/3087
f 3189/3189 3164/3164 3087/3087
f 3089/3089 3190/3190 3117/3117
f 3142/3142 3191/3191 3143/3143
f 3143/3143 3191/3191 3165/3165
f 3070/3070 3172/3172 2966/2966
f 3071/3071 3173/3173 3149/3149
f 3150/3150 3192/3192 3005/3005
f 3005/3005 3192/3192 3174/3174
f 3072/3072 3151/3151 3099/3099
f 3153/3153 3193/3193 3073/3073
f 3073/3073 3193/3193 3120/3120
f 3121/3121 3176/3176 3100/3100
f 3194/3194 3195/3195 3177/3177
f 3195/3195 3178/3178 3177/3177
f 3106/3106 3196/3196 3103/3103
f 3130/3130 3197/3197 3198/3198
f 3130/3130 3198/3198 3106/3106
f 3129/3129 3199/3199 3181/3181
f 3181/3181 3200/3200 3159/3159
f 3183/3183 3201/3201 3055/3055
f 3055/3055 3201/3201 3160/3160
f 3160/3160 3184/3184 3057/3057
f 3185/3185 3202/3202 3135/3135
f 3200/3200 3203/3203 3159/3159
f 3159/3159 3162/3162 3085/3085
f 3204/3204 3205/3205 3206/3206
f 3162/3162 3207/3207 3136/3136
f 3136/3136 3207/3207 3208/3208
f 3113/3113 3187/3187 3186/3186
f 3136/3136 3208/3208 3115/3115
f 3115/3115 3208/3208 3209/3209
f 3115/3115 3209/3209 3140/3140
f 3140/3140 3209/3209 3187/3187
f 3141/3141 3210/3210 3142/3142
f 2965/2965 3147/3147 3148/3148
f 2933/2933 3172/3172 3173/3173
f 3097/3097 3211/3211 3098/3098
f 3153/3153 3212/3212 3193/3193
f 3213/3213 3176/3176 3121/3121
f 3123/3123 3214/3214 3124/3124
f 3215/3215 3196/3196 3106/3106
f 3156/3156 3216/3216 3128/3128
f 3076/3076 3124/3124 3217/3217
f 3076/3076 3217/3217 3127/3127
f 3127/3127 3218/3218 3180/3180
f 3179/3179 3199/3199 3129/3129
f 3180/3180 3219/3219 3081/3081
f 3197/3197 3220/3220 3198/3198
f 3199/3199 3200/3200 3181/3181
f 3081/3081 3219/3219 3221/3221
f 3081/3081 3221/3221 3183/3183
f 3184/3184 3222/3222 3158/3158
f 3135/3135 3202/3202 3163/3163
f 3208/3208 3223/3223 3209/3209
f 3210/3210 3191/3191 3142/3142
f 3193/3193 3224/3224 3120/3120
f 3225/3225 3226/3226 3227/3227
f 3226/3226 3228/3228 3227/3227
f 3119/3119 3229/3229 3039/3039
f 3039/3039 3229/3229 3123/3123
f 3214/3214 3230/3230 3124/3124
f 3231/3231 3216/3216 3156/3156
f 3232/3232 3233/3233 3234/3234
f 3216/3216 3179/3179 3128/3128
f 3217/3217 3218/3218 3127/3127
f 3234/3234 3233/3233 3235/3235
f 3218/3218 3219/3219 3180/3180
f 3199/3199 3236/3236 3200/3200
f 3201/3201 3237/3237 3160/3160
f 3237/3237 3238/3238 3160/3160
f 3160/3160 3238/3238 3184/3184
f 3185/3185 3239/3239 3202/3202
f 3187/3187 3240/3240 3186/3186
f 3209/3209 3241/3241 3187/3187
f 3164/3164 3210/3210 3141/3141
f 3190/3190 3242/3242 3243/3243
f 3244/3244 3245/3245 3246/3246
f 3171/3171 3247/3247 3118/3118
f 3118/3118 3247/3247 3147/3147
f 3147/3147 3248/3248 3148/3148
f 3070/3070 3249/3249 3172/3172
f 3149/3149 3250/3250 3097/3097
f 3250/3250 3251/3251 3211/3211
f 3098/3098 3211/3211 3252/3252
f 3098/3098 3252/3252 3150/3150
f 3192/3192 3253/3253 3174/3174
f 3174/3174 3253/3253 3254/3254
f 3174/3174 3254/3254 3072/3072
f 3151/3151 3255/3255 3175/3175
f 3225/3225 3256/3256 3226/3226
f 3213/3213 3257/3257 3176/3176
f 3229/3229 3214/3214 3123/3123
f 3232/3232 3176/3176 3233/3233
f 3216/3216 3258/3258 3179/3179
f 3259/3259 3239/3239 3185/3185
f 3260/3260 3236/3236 3199/3199
f 3236/3236 3261/3261 3200/3200
f 3239/3239 3262/3262 3202/3202
f 3202/3202 3262/3262 3163/3163
f 3200/3200 3261/3261 3203/3203
f 3205/3205 3263/3263 3206/3206
f 3186/3186 3264/3264 3161/3161
f 3163/3163 3265/3265 3189/3189
f 3240/3240 3264/3264 3186/3186
f 3189/3189 3266/3266 3164/3164
f 3207/3207 3223/3223 3208/3208
f 3187/3187 3241/3241 3240/3240
f 3267/3267 3268/3268 3191/3191
f 3147/3147 3269/3269 3248/3248
f 3148/3148 3249/3249 3070/3070
f 3249/3249 3173/3173 3172/3172
f 3211/3211 3251/3251 3252/3252
f 3150/3150 3270/3270 3192/3192
f 3072/3072 3254/3254 3151/3151
f 3255/3255 3271/3271 3175/3175
f 3152/3152 3272/3272 3119/3119
f 3256/3256 3273/3273 3226/3226
f 3228/3228 3226/3226 3274/3274
f 3124/3124 3230/3230 3217/3217
f 3258/3258 3275/3275 3179/3179
f 3217/3217 3276/3276 3218/3218
f 3277/3277 3278/3278 3198/3198
f 3198/3198 3278/3278 3215/3215
f 3179/3179 3275/3275 3199/3199
f 3275/3275 3260/3260 3199/3199
f 3218/3218 3276/3276 3219/3219
f 3219/3219 3276/3276 3279/3279
f 3220/3220 3280/3280 3277/3277
f 3219/3219 3279/3279 3221/3221
f 3221/3221 3281/3281 3183/3183
f 3183/3183 3281/3281 3201/3201
f 3281/3281 3237/3237 3201/3201
f 3238/3238 3282/3282 3184/3184
f 3184/3184 3282/3282 3222/3222
f 3261/3261 3283/3283 3203/3203
f 3163/3163 3262/3262 3265/3265
f 3189/3189 3265/3265 3266/3266
f 3263/3263 3284/3284 3206/3206
f 3162/3162 3285/3285 3207/3207
f 3266/3266 3286/3286 3164/3164
f 3164/3164 3286/3286 3210/3210
f 3267/3267 3287/3287 3268/3268
f 3223/3223 3241/3241 3209/3209
f 3288/3288 3289/3289 3290/3290
f 3247/3247 3269/3269 3147/3147
f 3148/3148 3248/3248 3249/3249
f 3173/3173 3291/3291 3149/3149
f 3149/3149 3291/3291 3250/3250
f 3150/3150 3252/3252 3270/3270
f 3292/3292 3293/3293 3193/3193
f 3193/3193 3293/3293 3224/3224
f 3213/3213 3294/3294 3257/3257
f 3176/3176 3257/3257 3233/3233
f 3295/3295 3296/3296 3297/3297
f 3277/3277 3298/3298 3278/3278
f 3260/3260 3275/3275 3299/3299
f 3300/3300 3280/3280 3220/3220
f 3260/3260 3299/3299 3236/3236
f 3279/3279 3301/3301 3221/3221
f 3221/3221 3301/3301 3281/3281
f 3281/3281 3302/3302 3237/3237
f 3239/3239 3303/3303 3262/3262
f 3304/3304 3305/3305 3306/3306
f 3307/3307 3308/3308 3309/3309
f 3242/3242 3310/3310 3311/3311
f 3242/3242 3311/3311 3243/3243
f 3223/3223 3312/3312 3241/3241
f 3173/3173 3313/3313 3291/3291
f 3250/3250 3314/3314 3251/3251
f 3251/3251 3315/3315 3252/3252
f 3253/3253 3316/3316 3254/3254
f 3317/3317 3318/3318 3319/3319
f 3320/3320 3321/3321 3273/3273
f 3226/3226 3273/3273 3274/3274
f 3322/3322 3323/3323 3231/3231
f 3231/3231 3323/3323 3216/3216
f 3323/3323 3258/3258 3216/3216
f 3214/3214 3324/3324 3230/3230
f 3325/3325 3275/3275 3258/3258
f 3324/3324 3276/3276 3217/3217
f 3280/3280 3298/3298 3277/3277
f 3259/3259 3326/3326 3239/3239
f 3326/3326 3303/3303 3239/3239
f 3276/3276 3327/3327 3279/3279
f 3281/3281 3301/3301 3328/3328
f 3329/3329 3305/3305 3304/3304
f 3237/3237 3302/3302 3330/3330
f 3237/3237 3330/3330 3238/3238
f 3238/3238 3330/3330 3282/3282
f 3303/3303 3265/3265 3262/3262
f 3305/3305 3331/3331 3306/3306
f 3265/3265 3332/3332 3266/3266
f 3332/3332 3286/3286 3266/3266
f 3240/3240 3333/3333 3264/3264
f 3286/3286 3267/3267 3210/3210
f 3207/3207 3285/3285 3334/3334
f 3207/3207 3334/3334 3223/3223
f 3241/3241 3335/3335 3240/3240
f 3336/3336 3337/3337 3288/3288
f 3289/3289 3338/3338 3339/3339
f 3245/3245 3340/3340 3341/3341
f 3269/3269 3342/3342 3248/3248
f 3249/3249 3343/3343 3313/3313
f 3313/3313 3344/3344 3291/3291
f 3345/3345 3346/3346 3291/3291
f 3291/3291 3346/3346 3250/3250
f 3314/3314 3347/3347 3251/3251
f 3251/3251 3347/3347 3315/3315
f 3315/3315 3348/3348 3252/3252
f 3252/3252 3348/3348 3270/3270
f 3253/3253 3349/3349 3316/3316
f 3317/3317 3350/3350 3351/3351
f 3321/3321 3352/3352 3273/3273
f 3119/3119 3353/3353 3229/3229
f 3274/3274 3354/3354 3355/3355
f 3354/3354 3326/3326 3355/3355
f 3355/3355 3326/3326 3259/3259
f 3325/3325 3356/3356 3275/3275
f 3324/3324 3327/3327 3276/3276
f 3357/3357 3358/3358 3359/3359
f 3327/3327 3360/3360 3279/3279
f 3279/3279 3360/3360 3301/3301
f 3281/3281 3328/3328 3302/3302
f 3330/3330 3361/3361 3282/3282
f 3300/3300 3362/3362 3280/3280
f 3363/3363 3364/3364 3305/3305
f 3329/3329 3363/3363 3305/3305
f 3303/3303 3365/3365 3265/3265
f 3305/3305 3364/3364 3331/3331
f 3365/3365 3332/3332 3265/3265
f 3366/3366 3283/3283 3261/3261
f 3331/3331 3367/3367 3306/3306
f 3332/3332 3368/3368 3286/3286
f 3369/3369 3370/3370 3264/3264
f 3371/3371 3372/3372 3373/3373
f 3283/3283 3374/3374 3285/3285
f 3333/3333 3369/3369 3264/3264
f 3335/3335 3333/3333 3240/3240
f 3223/3223 3375/3375 3312/3312
f 3312/3312 3335/3335 3241/3241
f 3269/3269 3376/3376 3342/3342
f 3248/3248 3377/3377 3249/3249
f 3291/3291 3344/3344 3345/3345
f 3346/3346 3314/3314 3250/3250
f 3378/3378 3379/3379 3380/3380
f 3381/3381 3382/3382 3383/3383
f 3348/3348 3384/3384 3270/3270
f 3270/3270 3384/3384 3385/3385
f 3270/3270 3385/3385 3386/3386
f 3318/3318 3387/3387 3319/3319
f 3387/3387 3388/3388 3319/3319
f 3119/3119 3272/3272 3353/3353
f 3353/3353 3389/3389 3229/3229
f 3229/3229 3389/3389 3214/3214
f 3273/3273 3354/3354 3274/3274
f 3214/3214 3390/3390 3324/3324
f 3391/3391 3392/3392 3393/3393
f 3322/3322 3394/3394 3323/3323
f 3323/3323 3395/3395 3258/3258
f 3258/3258 3395/3395 3325/3325
f 3396/3396 3397/3397 3398/3398
f 3396/3396 3398/3398 3295/3295
f 3399/3399 3400/3400 3401/3401
f 3301/3301 3360/3360 3328/3328
f 3402/3402 3403/3403 3404/3404
f 3364/3364 3405/3405 3331/3331
f 3331/3331 3406/3406 3367/3367
f 3366/3366 3374/3374 3283/3283
f 3334/3334 3375/3375 3223/3223
f 3343/3343 3407/3407 3313/3313
f 3407/3407 3344/3344 3313/3313
f 3408/3408 3409/3409 3410/3410
f 3408/3408 3410/3410 3378/3378
f 3378/3378 3410/3410 3411/3411
f 3378/3378 3411/3411 3379/3379
f 3383/3383 3412/3412 3413/3413
f 3386/3386 3385/3385 3414/3414
f 3386/3386 3414/3414 3349/3349
f 3349/3349 3415/3415 3316/3316
f 3255/3255 3416/3416 3271/3271
f 3387/3387 3417/3417 3388/3388
f 3352/3352 3354/3354 3273/3273
f 3214/3214 3389/3389 3390/3390
f 3327/3327 3418/3418 3360/3360
f 3280/3280 3419/3419 3420/3420
f 3326/3326 3421/3421 3303/3303
f 3358/3358 3422/3422 3359/3359
f 3360/3360 3423/3423 3424/3424
f 3360/3360 3424/3424 3328/3328
f 3362/3362 3425/3425 3280/3280
f 3329/3329 3426/3426 3363/3363
f 3328/3328 3427/3427 3302/3302
f 3427/3427 3428/3428 3330/3330
f 3302/3302 3427/3427 3330/3330
f 3428/3428 3361/3361 3330/3330
f 3363/3363 3405/3405 3364/3364
f 3363/3363 3429/3429 3405/3405
f 3365/3365 3430/3430 3332/3332
f 3405/3405 3406/3406 3331/3331
f 3431/3431 3432/3432 3433/3433
f 3432/3432 3434/3434 3307/3307
f 3333/3333 3435/3435 3369/3369
f 3374/3374 3436/3436 3285/3285
f 3436/3436 3334/3334 3285/3285
f 3312/3312 3437/3437 3335/3335
f 3337/3337 3438/3438 3439/3439
f 3376/3376 3440/3440 3342/3342
f 3342/3342 3377/3377 3248/3248
f 3377/3377 3343/3343 3249/3249
f 3441/3441 3442/3442 3409/3409
f 3409/3409 3443/3443 3410/3410
f 3411/3411 3444/3444 3445/3445
f 3379/3379 3411/3411 3445/3445
f 3382/3382 3412/3412 3383/3383
f 3412/3412 3446/3446 3413/3413
f 3447/3447 3413/3413 3448/3448
f 3447/3447 3448/3448 3449/3449
f 3351/3351 3450/3450 3451/3451
f 3351/3351 3451/3451 3318/3318
f 3318/3318 3451/3451 3387/3387
f 3388/3388 3452/3452 3453/3453
f 3454/3454 3455/3455 3398/3398
f 3354/3354 3352/3352 3456/3456
f 3394/3394 3457/3457 3323/3323
f 3391/3391 3458/3458 3392/3392
f 3354/3354 3456/3456 3326/3326
f 3324/3324 3390/3390 3327/3327
f 3456/3456 3421/3421 3326/3326
f 3459/3459 3460/3460 3458/3458
f 3418/3418 3423/3423 3360/3360
f 3425/3425 3419/3419 3280/3280
f 3328/3328 3424/3424 3427/3427
f 3426/3426 3461/3461 3363/3363
f 3303/3303 3430/3430 3365/3365
f 3363/3363 3461/3461 3429/3429
f 3405/3405 3462/3462 3406/3406
f 3406/3406 3463/3463 3367/3367
f 3366/3366 3464/3464 3374/3374
f 3333/3333 3465/3465 3435/3435
f 3334/3334 3466/3466 3375/3375
f 3375/3375 3437/3437 3312/3312
f 3437/3437 3467/3467 3335/3335
f 3337/3337 3439/3439 3468/3468
f 3344/3344 3407/3407 3469/3469
f 3344/3344 3469/3469 3345/3345
f 3409/3409 3442/3442 3443/3443
f 3410/3410 3470/3470 3411/3411
f 3445/3445 3471/3471 3379/3379
f 3413/3413 3446/3446 3448/3448
f 3449/3449 3448/3448 3472/3472
f 3414/3414 3473/3473 3349/3349
f 3349/3349 3473/3473 3415/3415
f 3451/3451 3474/3474 3387/3387
f 3388/3388 3417/3417 3452/3452
f 3475/3475 3476/3476 3477/3477
f 3453/3453 3452/3452 3478/3478
f 3392/3392 3479/3479 3480/3480
f 3390/3390 3481/3481 3327/3327
f 3397/3397 3482/3482 3398/3398
f 3395/3395 3483/3483 3325/3325
f 3421/3421 3484/3484 3303/3303
f 3303/3303 3484/3484 3430/3430
f 3461/3461 3485/3485 3429/3429
f 3430/3430 3486/3486 3332/3332
f 3332/3332 3486/3486 3368/3368
f 3429/3429 3462/3462 3405/3405
f 3467/3467 3465/3465 3333/3333
f 3335/3335 3467/3467 3333/3333
f 3487/3487 3488/3488 3340/3340
f 3377/3377 3489/3489 3343/3343
f 3407/3407 3490/3490 3469/3469
f 3491/3491 3492/3492 3442/3442
f 3443/3443 3493/3493 3410/3410
f 3410/3410 3493/3493 3470/3470
f 3444/3444 3494/3494 3445/3445
f 3445/3445 3495/3495 3471/3471
f 3412/3412 3496/3496 3446/3446
f 3446/3446 3497/3497 3448/3448
f 3448/3448 3498/3498 3472/3472
f 3499/3499 3500/3500 3316/3316
f 3416/3416 3501/3501 3271/3271
f 3477/3477 3476/3476 3502/3502
f 3457/3457 3503/3503 3323/3323
f 3504/3504 3505/3505 3506/3506
f 3481/3481 3418/3418 3327/3327
f 3507/3507 3508/3508 3509/3509
f 3508/3508 3510/3510 3509/3509
f 3511/3511 3512/3512 3362/3362
f 3362/3362 3512/3512 3425/3425
f 3426/3426 3513/3513 3461/3461
f 3429/3429 3485/3485 3462/3462
f 3514/3514 3515/3515 3431/3431
f 3462/3462 3485/3485 3516/3516
f 3462/3462 3517/3517 3463/3463
f 3406/3406 3462/3462 3463/3463
f 3464/3464 3518/3518 3374/3374
f 3464/3464 3519/3519 3518/3518
f 3374/3374 3518/3518 3436/3436
f 3334/3334 3436/3436 3466/3466
f 3520/3520 3521/3521 3522/3522
f 3488/3488 3523/3523 3524/3524
f 3440/3440 3525/3525 3342/3342
f 3342/3342 3525/3525 3377/3377
f 3489/3489 3490/3490 3407/3407
f 3343/3343 3489/3489 3407/3407
f 3492/3492 3526/3526 3442/3442
f 3442/3442 3526/3526 3443/3443
f 3443/3443 3526/3526 3493/3493
f 3527/3527 3411/3411 3470/3470
f 3527/3527 3444/3444 3411/3411
f 3494/3494 3495/3495 3445/3445
f 3496/3496 3528/3528 3446/3446
f 3446/3446 3529/3529 3497/3497
f 3497/3497 3498/3498 3448/3448
f 3472/3472 3498/3498 3530/3530
f 3417/3417 3531/3531 3532/3532
f 3476/3476 3533/3533 3502/3502
f 3389/3389 3481/3481 3390/3390
f 3503/3503 3395/3395 3323/3323
f 3397/3397 3534/3534 3482/3482
f 3418/3418 3535/3535 3423/3423
f 3536/3536 3534/3534 3397/3397
f 3456/3456 3484/3484 3421/3421
f 3537/3537 3538/3538 3426/3426
f 3539/3539 3508/3508 3507/3507
f 3512/3512 3540/3540 3425/3425
f 3425/3425 3540/3540 3419/3419
f 3426/3426 3538/3538 3513/3513
f 3509/3509 3510/3510 3511/3511
f 3541/3541 3542/3542 3543/3543
f 3461/3461 3513/3513 3544/3544
f 3461/3461 3544/3544 3485/3485
f 3542/3542 3514/3514 3543/3543
f 3432/3432 3515/3515 3545/3545
f 3435/3435 3546/3546 3547/3547
f 3517/3517 3548/3548 3463/3463
f 3465/3465 3546/3546 3435/3435
f 3466/3466 3549/3549 3375/3375
f 3549/3549 3437/3437 3375/3375
f 3437/3437 3550/3550 3467/3467
f 3551/3551 3552/3552 3553/3553
f 3524/3524 3523/3523 3554/3554
f 3377/3377 3525/3525 3489/3489
f 3492/3492 3491/3491 3555/3555
f 3492/3492 3556/3556 3526/3526
f 3494/3494 3557/3557 3495/3495
f 3496/3496 3558/3558 3528/3528
f 3528/3528 3529/3529 3446/3446
f 3529/3529 3559/3559 3497/3497
f 3497/3497 3559/3559 3498/3498
f 3498/3498 3559/3559 3560/3560
f 3498/3498 3560/3560 3561/3561
f 3498/3498 3561/3561 3530/3530
f 3451/3451 3562/3562 3563/3563
f 3500/3500 3564/3564 3416/3416
f 3416/3416 3564/3564 3501/3501
f 3565/3565 3503/3503 3457/3457
f 3533/3533 3566/3566 3567/3567
f 3502/3502 3533/3533 3567/3567
f 3452/3452 3568/3568 3478/3478
f 3395/3395 3569/3569 3483/3483
f 3568/3568 3570/3570 3478/3478
f 3571/3571 3572/3572 3539/3539
f 3511/3511 3510/3510 3512/3512
f 3544/3544 3573/3573 3485/3485
f 3485/3485 3573/3573 3516/3516
f 3574/3574 3575/3575 3576/3576
f 3516/3516 3577/3577 3462/3462
f 3462/3462 3577/3577 3517/3517
f 3577/3577 3578/3578 3517/3517
f 3518/3518 3579/3579 3436/3436
f 3579/3579 3549/3549 3466/3466
f 3436/3436 3579/3579 3466/3466
f 3467/3467 3550/3550 3465/3465
f 3580/3580 3581/3581 3582/3582
f 3526/3526 3556/3556 3493/3493
f 3470/3470 3583/3583 3527/3527
f 3527/3527 3584/3584 3444/3444
f 3557/3557 3494/3494 3444/3444
f 3561/3561 3585/3585 3530/3530
f 3586/3586 3587/3587 3562/3562
f 3499/3499 3588/3588 3500/3500
f 3563/3563 3589/3589 3474/3474
f 3590/3590 3591/3591 3531/3531
f 3592/3592 3593/3593 3594/3594
f 3452/3452 3532/3532 3568/3568
f 3503/3503 3569/3569 3395/3395
f 3566/3566 3595/3595 3567/3567
f 3569/3569 3596/3596 3483/3483
f 3567/3567 3595/3595 3597/3597
f 3597/3597 3595/3595 3572/3572
f 3504/3504 3598/3598 3505/3505
f 3599/3599 3600/3600 3536/3536
f 3536/3536 3600/3600 3534/3534
f 3601/3601 3602/3602 3603/3603
f 3538/3538 3604/3604 3513/3513
f 3513/3513 3605/3605 3544/3544
f 3516/3516 3573/3573 3577/3577
f 3578/3578 3548/3548 3517/3517
f 3578/3578 3606/3606 3548/3548
f 3519/3519 3607/3607 3608/3608
f 3519/3519 3608/3608 3518/3518
f 3608/3608 3579/3579 3518/3518
f 3581/3581 3609/3609 3582/3582
f 3523/3523 3610/3610 3611/3611
f 3525/3525 3612/3612 3489/3489
f 3489/3489 3612/3612 3613/3613
f 3493/3493 3583/3583 3470/3470
f 3527/3527 3583/3583 3584/3584
f 3614/3614 3444/3444 3584/3584
f 3444/3444 3614/3614 3557/3557
f 3561/3561 3615/3615 3585/3585
f 3616/3616 3617/3617 3558/3558
f 3616/3616 3558/3558 3496/3496
f 3559/3559 3618/3618 3560/3560
f 3618/3618 3615/3615 3561/3561
f 3560/3560 3618/3618 3561/3561
f 3558/3558 3619/3619 3528/3528
f 3528/3528 3620/3620 3529/3529
f 3529/3529 3620/3620 3559/3559
f 3587/3587 3563/3563 3562/3562
f 3588/3588 3621/3621 3500/3500
f 3531/3531 3591/3591 3532/3532
f 3622/3622 3623/3623 3624/3624
f 3603/3603 3600/3600 3599/3599
f 3625/3625 3626/3626 3627/3627
f 3628/3628 3629/3629 3630/3630
f 3545/3545 3631/3631 3632/3632
f 3633/3633 3634/3634 3515/3515
f 3573/3573 3635/3635 3577/3577
f 3546/3546 3636/3636 3637/3637
f 3577/3577 3638/3638 3578/3578
f 3465/3465 3639/3639 3546/3546
f 3550/3550 3639/3639 3465/3465
f 3607/3607 3640/3640 3608/3608
f 3608/3608 3641/3641 3579/3579
f 3579/3579 3641/3641 3642/3642
f 3579/3579 3642/3642 3549/3549
f 3580/3580 3643/3643 3581/3581
f 3523/3523 3644/3644 3610/3610
f 3645/3645 3556/3556 3646/3646
f 3493/3493 3556/3556 3647/3647
f 3493/3493 3647/3647 3583/3583
f 3614/3614 3648/3648 3557/3557
f 3585/3585 3649/3649 3530/3530
f 3530/3530 3649/3649 3650/3650
f 3651/3651 3652/3652 3588/3588
f 3617/3617 3653/3653 3558/3558
f 3619/3619 3620/3620 3528/3528
f 3620/3620 3654/3654 3559/3559
f 3587/3587 3589/3589 3563/3563
f 3500/3500 3621/3621 3564/3564
f 3564/3564 3655/3655 3656/3656
f 3593/3593 3657/3657 3594/3594
f 3623/3623 3658/3658 3624/3624
f 3595/3595 3659/3659 3572/3572
f 3572/3572 3660/3660 3539/3539
f 3660/3660 3661/3661 3539/3539
f 3539/3539 3661/3661 3662/3662
f 3598/3598 3625/3625 3505/3505
f 3570/3570 3663/3663 3542/3542
f 3664/3664 3604/3604 3538/3538
f 3542/3542 3663/3663 3633/3633
f 3636/3636 3665/3665 3637/3637
f 3577/3577 3635/3635 3638/3638
f 3639/3639 3636/3636 3546/3546
f 3638/3638 3666/3666 3578/3578
f 3667/3667 3668/3668 3550/3550
f 3669/3669 3670/3670 3671/3671
f 3607/3607 3672/3672 3640/3640
f 3673/3673 3647/3647 3556/3556
f 3558/3558 3653/3653 3619/3619
f 3619/3619 3674/3674 3620/3620
f 3624/3624 3658/3658 3675/3675
f 3675/3675 3676/3676 3598/3598
f 3659/3659 3660/3660 3572/3572
f 3677/3677 3678/3678 3604/3604
f 3664/3664 3677/3677 3604/3604
f 3678/3678 3679/3679 3604/3604
f 3573/3573 3605/3605 3680/3680
f 3573/3573 3680/3680 3635/3635
f 3681/3681 3682/3682 3683/3683
f 3672/3672 3684/3684 3640/3640
f 3640/3640 3685/3685 3608/3608
f 3608/3608 3685/3685 3641/3641
f 3686/3686 3687/3687 3688/3688
f 3612/3612 3689/3689 3613/3613
f 3690/3690 3691/3691 3645/3645
f 3692/3692 3693/3693 3694/3694
f 3615/3615 3695/3695 3585/3585
f 3585/3585 3695/3695 3649/3649
f 3649/3649 3696/3696 3650/3650
f 3618/3618 3697/3697 3615/3615
f 3697/3697 3695/3695 3615/3615
f 3698/3698 3697/3697 3618/3618
f 3617/3617 3699/3699 3653/3653
f 3620/3620 3674/3674 3654/3654
f 3591/3591 3700/3700 3701/3701
f 3702/3702 3703/3703 3623/3623
f 3704/3704 3705/3705 3706/3706
f 3701/3701 3707/3707 3708/3708
f 3658/3658 3676/3676 3675/3675
f 3709/3709 3710/3710 3711/3711
f 3598/3598 3676/3676 3712/3712
f 3625/3625 3713/3713 3626/3626
f 3714/3714 3677/3677 3664/3664
f 3605/3605 3679/3679 3680/3680
f 3715/3715 3636/3636 3639/3639
f 3667/3667 3716/3716 3668/3668
f 3672/3672 3717/3717 3684/3684
f 3641/3641 3718/3718 3642/3642
f 3642/3642 3718/3718 3667/3667
f 3684/3684 3719/3719 3640/3640
f 3640/3640 3719/3719 3685/3685
f 3610/3610 3720/3720 3721/3721
f 3673/3673 3722/3722 3647/3647
f 3583/3583 3723/3723 3584/3584
f 3693/3693 3724/3724 3587/3587
f 3723/3723 3725/3725 3584/3584
f 3584/3584 3725/3725 3614/3614
f 3649/3649 3726/3726 3696/3696
f 3695/3695 3726/3726 3649/3649
f 3614/3614 3727/3727 3648/3648
f 3559/3559 3654/3654 3618/3618
f 3654/3654 3698/3698 3618/3618
f 3653/3653 3728/3728 3619/3619
f 3619/3619 3728/3728 3674/3674
f 3621/3621 3729/3729 3564/3564
f 3730/3730 3657/3657 3593/3593
f 3731/3731 3732/3732 3701/3701
f 3703/3703 3658/3658 3623/3623
f 3733/3733 3734/3734 3735/3735
f 3714/3714 3736/3736 3677/3677
f 3678/3678 3737/3737 3679/3679
f 3680/3680 3738/3738 3635/3635
f 3739/3739 3740/3740 3682/3682
f 3681/3681 3739/3739 3682/3682
f 3741/3741 3742/3742 3743/3743
f 3744/3744 3645/3645 3691/3691
f 3745/3745 3722/3722 3645/3645
f 3647/3647 3746/3746 3583/3583
f 3583/3583 3746/3746 3723/3723
f 3726/3726 3747/3747 3696/3696
f 3724/3724 3748/3748 3749/3749
f 3674/3674 3750/3750 3654/3654
f 3657/3657 3730/3730 3751/3751
f 3735/3735 3734/3734 3752/3752
f 3658/3658 3753/3753 3676/3676
f 3710/3710 3754/3754 3755/3755
f 3753/3753 3756/3756 3676/3676
f 3676/3676 3756/3756 3757/3757
f 3676/3676 3757/3757 3712/3712
f 3736/3736 3758/3758 3677/3677
f 3737/3737 3738/3738 3679/3679
f 3679/3679 3738/3738 3680/3680
f 3759/3759 3760/3760 3638/3638
f 3635/3635 3759/3759 3638/3638
f 3716/3716 3761/3761 3668/3668
f 3717/3717 3762/3762 3684/3684
f 3718/3718 3685/3685 3716/3716
f 3685/3685 3719/3719 3763/3763
f 3764/3764 3765/3765 3766/3766
f 3767/3767 3691/3691 3768/3768
f 3744/3744 3745/3745 3645/3645
f 3745/3745 3769/3769 3722/3722
f 3770/3770 3771/3771 3772/3772
f 3647/3647 3773/3773 3746/3746
f 3774/3774 3747/3747 3726/3726
f 3725/3725 3727/3727 3614/3614
f 3775/3775 3776/3776 3699/3699
f 3699/3699 3776/3776 3653/3653
f 3703/3703 3777/3777 3658/3658
f 3777/3777 3753/3753 3658/3658
f 3713/3713 3778/3778 3779/3779
f 3780/3780 3781/3781 3782/3782
f 3738/3738 3783/3783 3759/3759
f 3685/3685 3763/3763 3716/3716
f 3765/3765 3784/3784 3766/3766
f 3767/3767 3744/3744 3691/3691
f 3785/3785 3647/3647 3769/3769
f 3746/3746 3786/3786 3723/3723
f 3747/3747 3787/3787 3788/3788
f 3789/3789 3725/3725 3723/3723
f 3774/3774 3790/3790 3747/3747
f 3725/3725 3791/3791 3727/3727
f 3791/3791 3792/3792 3727/3727
f 3697/3697 3793/3793 3695/3695
f 3698/3698 3794/3794 3697/3697
f 3653/3653 3795/3795 3728/3728
f 3654/3654 3796/3796 3797/3797
f 3654/3654 3797/3797 3698/3698
f 3728/3728 3750/3750 3674/3674
f 3798/3798 3799/3799 3703/3703
f 3777/3777 3800/3800 3753/3753
f 3801/3801 3802/3802 3778/3778
f 3713/3713 3801/3801 3778/3778
f 3737/3737 3803/3803 3738/3738
f 3804/3804 3805/3805 3806/3806
f 3783/3783 3807/3807 3759/3759
f 3759/3759 3807/3807 3760/3760
f 3739/3739 3808/3808 3740/3740
f 3762/3762 3809/3809 3684/3684
f 3684/3684 3809/3809 3810/3810
f 3684/3684 3810/3810 3719/3719
f 3719/3719 3810/3810 3763/3763
f 3811/3811 3744/3744 3767/3767
f 3812/3812 3813/3813 3814/3814
f 3815/3815 3769/3769 3745/3745
f 3785/3785 3773/3773 3647/3647
f 3816/3816 3817/3817 3818/3818
f 3723/3723 3786/3786 3789/3789
f 3725/3725 3789/3789 3791/3791
f 3776/3776 3795/3795 3653/3653
f 3797/3797 3794/3794 3698/3698
f 3795/3795 3819/3819 3728/3728
f 3728/3728 3819/3819 3750/3750
f 3750/3750 3796/3796 3654/3654
f 3703/3703 3799/3799 3777/3777
f 3820/3820 3821/3821 3734/3734
f 3758/3758 3822/3822 3803/3803
f 3803/3803 3823/3823 3738/3738
f 3738/3738 3823/3823 3783/3783
f 3824/3824 3825/3825 3826/3826
f 3761/3761 3827/3827 3828/3828
f 3716/3716 3827/3827 3761/3761
f 3810/3810 3829/3829 3827/3827
f 3810/3810 3827/3827 3763/3763
f 3763/3763 3827/3827 3716/3716
f 3815/3815 3745/3745 3811/3811
f 3811/3811 3745/3745 3744/3744
f 3773/3773 3830/3830 3746/3746
f 3746/3746 3830/3830 3786/3786
f 3791/3791 3831/3831 3792/3792
f 3832/3832 3833/3833 3798/3798
f 3833/3833 3799/3799 3798/3798
f 3821/3821 3834/3834 3835/3835
f 3835/3835 3834/3834 3754/3754
f 3754/3754 3834/3834 3836/3836
f 3753/3753 3800/3800 3756/3756
f 3802/3802 3837/3837 3838/3838
f 3839/3839 3840/3840 3841/3841
f 3805/3805 3842/3842 3843/3843
f 3824/3824 3844/3844 3825/3825
f 3845/3845 3846/3846 3805/3805
f 3809/3809 3829/3829 3810/3810
f 3847/3847 3848/3848 3849/3849
f 3850/3850 3769/3769 3815/3815
f 3851/3851 3852/3852 3853/3853
f 3854/3854 3855/3855 3856/3856
f 3786/3786 3857/3857 3789/3789
f 3789/3789 3831/3831 3791/3791
f 3794/3794 3858/3858 3793/3793
f 3797/3797 3859/3859 3794/3794
f 3776/3776 3860/3860 3795/3795
f 3799/3799 3861/3861 3800/3800
f 3819/3819 3862/3862 3750/3750
f 3821/3821 3863/3863 3834/3834
f 3864/3864 3865/3865 3781/3781
f 3845/3845 3866/3866 3846/3846
f 3811/3811 3867/3867 3815/3815
f 3867/3867 3850/3850 3815/3815
f 3850/3850 3785/3785 3769/3769
f 3773/3773 3785/3785 3868/3868
f 3830/3830 3868/3868 3786/3786
f 3869/3869 3870/3870 3871/3871
f 3832/3832 3872/3872 3833/3833
f 3873/3873 3831/3831 3789/3789
f 3858/3858 3874/3874 3793/3793
f 3875/3875 3876/3876 3877/3877
f 3831/3831 3878/3878 3792/3792
f 3775/3775 3879/3879 3776/3776
f 3794/3794 3859/3859 3858/3858
f 3776/3776 3879/3879 3860/3860
f 3796/3796 3880/3880 3797/3797
f 3880/3880 3859/3859 3797/3797
f 3750/3750 3881/3881 3796/3796
f 3796/3796 3881/3881 3880/3880
f 3882/3882 3883/3883 3884/3884
f 3882/3882 3884/3884 3885/3885
f 3885/3885 3886/3886 3887/3887
f 3888/3888 3889/3889 3890/3890
f 3890/3890 3811/3811 3888/3888
f 3890/3890 3891/3891 3811/3811
f 3868/3868 3830/3830 3773/3773
f 3892/3892 3893/3893 3894/3894
f 3799/3799 3895/3895 3861/3861
f 3795/3795 3862/3862 3819/3819
f 3862/3862 3881/3881 3750/3750
f 3896/3896 3897/3897 3898/3898
f 3850/3850 3868/3868 3785/3785
f 3899/3899 3857/3857 3786/3786
f 3900/3900 3901/3901 3902/3902
f 3857/3857 3873/3873 3789/3789
f 3858/3858 3903/3903 3874/3874
f 3860/3860 3862/3862 3795/3795
f 3904/3904 3867/3867 3891/3891
f 3868/3868 3905/3905 3786/3786
f 3786/3786 3905/3905 3899/3899
f 3902/3902 3901/3901 3906/3906
f 3907/3907 3908/3908 3861/3861
f 3873/3873 3878/3878 3831/3831
f 3859/3859 3909/3909 3858/3858
f 3879/3879 3910/3910 3860/3860
f 3880/3880 3911/3911 3859/3859
f 3862/3862 3912/3912 3881/3881
f 3913/3913 3867/3867 3904/3904
f 3913/3913 3914/3914 3850/3850
f 3850/3850 3914/3914 3868/3868
f 3899/3899 3915/3915 3857/3857
f 3916/3916 3873/3873 3857/3857
f 3909/3909 3903/3903 3858/3858
f 3859/3859 3911/3911 3909/3909
f 3860/3860 3917/3917 3862/3862
f 3862/3862 3917/3917 3918/3918
f 3918/3918 3912/3912 3862/3862
f 3912/3912 3919/3919 3881/3881
f 3881/3881 3919/3919 3880/3880
f 3920/3920 3921/3921 3922/3922
f 3914/3914 3923/3923 3868/3868
f 3924/3924 3921/3921 3925/3925
f 3926/3926 3873/3873 3916/3916
f 3873/3873 3926/3926 3878/3878
f 3879/3879 3927/3927 3910/3910
f 3860/3860 3910/3910 3917/3917
f 3880/3880 3919/3919 3911/3911
f 3923/3923 3905/3905 3868/3868
f 3928/3928 3929/3929 3930/3930
f 3915/3915 3931/3931 3916/3916
f 3857/3857 3915/3915 3916/3916
f 3904/3904 3932/3932 3933/3933
f 3934/3934 3935/3935 3936/3936
f 3914/3914 3913/3913 3937/3937
f 3914/3914 3938/3938 3923/3923
f 3923/3923 3938/3938 3905/3905
f 3905/3905 3939/3939 3899/3899
f 3940/3940 3915/3915 3899/3899
f 3909/3909 3941/3941 3903/3903
f 3927/3927 3942/3942 3910/3910
f 3911/3911 3941/3941 3909/3909
f 3910/3910 3943/3943 3917/3917
f 3917/3917 3944/3944 3945/3945
f 3917/3917 3945/3945 3918/3918
f 3918/3918 3945/3945 3946/3946
f 3918/3918 3946/3946 3912/3912
f 3946/3946 3947/3947 3912/3912
f 3912/3912 3947/3947 3919/3919
f 3914/3914 3937/3937 3938/3938
f 3939/3939 3940/3940 3899/3899
f 3940/3940 3948/3948 3915/3915
f 3916/3916 3949/3949 3926/3926
f 3942/3942 3943/3943 3910/3910
f 3950/3950 3941/3941 3911/3911
f 3943/3943 3944/3944 3917/3917
f 3947/3947 3950/3950 3919/3919
f 3919/3919 3950/3950 3911/3911
f 3951/3951 3913/3913 3933/3933
f 3913/3913 3952/3952 3937/3937
f 3938/3938 3939/3939 3905/3905
f 3948/3948 3931/3931 3915/3915
f 3941/3941 3953/3953 3903/3903
f 3954/3954 3942/3942 3927/3927
f 3913/3913 3951/3951 3952/3952
f 3948/3948 3955/3955 3931/3931
f 3955/3955 3916/3916 3931/3931
f 3954/3954 3956/3956 3942/3942
f 3937/3937 3957/3957 3938/3938
f 3958/3958 3940/3940 3939/3939
f 3959/3959 3960/3960 3961/3961
f 3941/3941 3962/3962 3953/3953
f 3941/3941 3963/3963 3962/3962
f 3950/3950 3964/3964 3963/3963
f 3950/3950 3963/3963 3941/3941
f 3947/3947 3965/3965 3950/3950
f 3965/3965 3964/3964 3950/3950
f 3944/3944 3966/3966 3945/3945
f 3945/3945 3967/3967 3946/3946
f 3951/3951 3968/3968 3952/3952
f 3957/3957 3969/3969 3938/3938
f 3938/3938 3969/3969 3939/3939
f 3939/3939 3969/3969 3958/3958
f 3940/3940 3958/3958 3948/3948
f 3916/3916 3955/3955 3949/3949
f 3942/3942 3970/3970 3943/3943
f 3966/3966 3967/3967 3945/3945
f 3967/3967 3971/3971 3946/3946
f 3946/3946 3971/3971 3947/3947
f 3971/3971 3965/3965 3947/3947
f 3952/3952 3972/3972 3937/3937
f 3937/3937 3972/3972 3957/3957
f 3955/3955 3973/3973 3949/3949
f 3949/3949 3973/3973 3974/3974
f 3956/3956 3970/3970 3942/3942
f 3970/3970 3944/3944 3943/3943
f 3951/3951 3975/3975 3968/3968
f 3952/3952 3968/3968 3976/3976
f 3952/3952 3976/3976 3972/3972
f 3969/3969 3977/3977 3958/3958
f 3958/3958 3978/3978 3948/3948
f 3960/3960 3979/3979 3980/3980
f 3978/3978 3981/3981 3948/3948
f 3948/3948 3981/3981 3955/3955
f 3955/3955 3981/3981 3973/3973
f 3963/3963 3982/3982 3962/3962
f 3973/3973 3983/3983 3974/3974
f 3964/3964 3982/3982 3963/3963
f 3970/3970 3984/3984 3944/3944
f 3971/3971 3985/3985 3965/3965
f 3965/3965 3985/3985 3964/3964
f 3986/3986 3966/3966 3944/3944
f 3968/3968 3987/3987 3976/3976
f 3957/3957 3972/3972 3969/3969
f 3969/3969 3972/3972 3988/3988
f 3969/3969 3988/3988 3977/3977
f 3989/3989 3990/3990 3973/3973
f 3991/3991 3970/3970 3956/3956
f 3984/3984 3986/3986 3944/3944
f 3992/3992 3993/3993 3966/3966
f 3977/3977 3994/3994 3958/3958
f 3958/3958 3994/3994 3978/3978
f 3990/3990 3983/3983 3973/3973
f 3985/3985 3982/3982 3964/3964
f 3986/3986 3992/3992 3966/3966
f 3966/3966 3993/3993 3967/3967
f 3967/3967 3993/3993 3971/3971
f 3971/3971 3993/3993 3995/3995
f 3988/3988 3996/3996 3977/3977
f 3997/3997 3998/3998 3979/3979
f 3981/3981 3989/3989 3973/3973
f 3985/3985 3999/3999 3982/3982
f 3991/3991 3984/3984 3970/3970
f 3987/3987 4000/4000 3976/3976
f 3977/3977 3996/3996 3994/3994
f 3985/3985 4001/4001 3999/3999
f 4002/4002 4001/4001 3995/3995
f 3995/3995 4001/4001 3985/3985
f 3992/3992 4003/4003 3993/3993
f 3993/3993 4003/4003 4002/4002
f 3993/3993 4002/4002 3995/3995
f 3972/3972 3976/3976 4004/4004
f 3972/3972 4004/4004 3988/3988
f 3988/3988 4004/4004 3996/3996
f 3994/3994 3996/3996 4005/4005
f 3994/3994 4006/4006 3978/3978
f 3997/3997 4007/4007 3998/3998
f 3978/3978 4006/4006 3981/3981
f 4008/4008 4009/4009 3997/3997
f 3999/3999 4010/4010 3982/3982
f 3990/3990 4011/4011 3983/3983
f 4001/4001 4012/4012 3999/3999
f 3984/3984 4013/4013 3986/3986
f 3987/3987 4014/4014 4000/4000
f 4004/4004 4015/4015 3996/3996
f 3994/3994 4005/4005 4006/4006
f 4006/4006 4016/4016 3981/3981
f 3981/3981 4016/4016 3989/3989
f 4017/4017 4018/4018 4008/4008
f 4019/4019 4013/4013 3984/3984
f 3991/3991 4019/4019 3984/3984
f 4013/4013 4020/4020 3986/3986
f 3986/3986 4020/4020 3992/3992
f 4021/4021 4022/4022 4023/4023
f 3976/3976 4000/4000 4024/4024
f 3976/3976 4024/4024 4004/4004
f 4004/4004 4024/4024 4015/4015
f 3996/3996 4015/4015 4005/4005
f 4012/4012 4025/4025 4010/4010
f 3992/3992 4020/4020 4003/4003
f 4018/4018 4026/4026 4009/4009
f 4018/4018 4009/4009 4008/4008
f 4016/4016 4027/4027 3989/3989
f 3989/3989 4027/4027 3990/3990
f 4001/4001 4028/4028 4012/4012
f 4000/4000 4029/4029 4024/4024
f 4012/4012 4028/4028 4025/4025
f 3990/3990 4030/4030 4011/4011
f 4020/4020 4031/4031 4003/4003
f 4003/4003 4031/4031 4002/4002
f 4014/4014 4032/4032 4000/4000
f 4000/4000 4032/4032 4029/4029
f 4005/4005 4015/4015 4033/4033
f 4027/4027 4030/4030 3990/3990
f 4001/4001 4034/4034 4028/4028
f 4019/4019 4035/4035 4013/4013
f 4013/4013 4036/4036 4020/4020
f 4020/4020 4036/4036 4031/4031
f 4024/4024 4037/4037 4015/4015
f 4015/4015 4037/4037 4038/4038
f 4015/4015 4038/4038 4033/4033
f 4005/4005 4039/4039 4006/4006
f 4006/4006 4039/4039 4016/4016
f 4016/4016 4039/4039 4040/4040
f 4035/4035 4041/4041 4013/4013
f 4002/4002 4042/4042 4034/4034
f 4031/4031 4042/4042 4002/4002
f 4005/4005 4033/4033 4039/4039
f 4028/4028 4043/4043 4025/4025
f 4034/4034 4044/4044 4028/4028
f 4013/4013 4041/4041 4036/4036
f 4045/4045 4046/4046 4047/4047
f 4016/4016 4040/4040 4027/4027
f 4027/4027 4048/4048 4030/4030
f 4041/4041 4049/4049 4036/4036
f 4036/4036 4050/4050 4031/4031
f 4029/4029 4051/4051 4037/4037
f 4033/4033 4052/4052 4039/4039
f 4053/4053 4044/4044 4034/4034
f 4042/4042 4053/4053 4034/4034
f 4049/4049 4050/4050 4036/4036
f 4050/4050 4042/4042 4031/4031
f 4054/4054 4055/4055 4056/4056
f 4037/4037 4057/4057 4058/4058
f 4037/4037 4058/4058 4038/4038
f 4038/4038 4058/4058 4033/4033
f 4033/4033 4058/4058 4052/4052
f 4059/4059 4060/4060 4061/4061
f 4040/4040 4062/4062 4027/4027
f 4063/4063 4064/4064 4035/4035
f 4035/4035 4064/4064 4049/4049
f 4035/4035 4049/4049 4041/4041
f 4050/4050 4053/4053 4042/4042
f 4027/4027 4062/4062 4048/4048
f 4050/4050 4065/4065 4053/4053
f 4039/4039 4052/4052 4066/4066
f 4039/4039 4066/4066 4040/4040
f 4067/4067 4060/4060 4059/4059
f 4040/4040 4066/4066 4062/4062
f 4068/4068 4067/4067 4069/4069
f 4048/4048 4062/4062 4070/4070
f 4064/4064 4071/4071 4049/4049
f 4056/4056 4072/4072 4073/4073
f 4057/4057 4074/4074 4058/4058
f 4074/4074 4075/4075 4058/4058
f 4058/4058 4075/4075 4052/4052
f 4076/4076 4064/4064 4063/4063
f 4053/4053 4077/4077 4078/4078
f 4049/4049 4071/4071 4065/4065
f 4049/4049 4065/4065 4050/4050
f 4066/4066 4070/4070 4062/4062
f 4064/4064 4076/4076 4071/4071
f 4074/4074 4079/4079 4075/4075
f 4079/4079 4080/4080 4075/4075
f 4075/4075 4080/4080 4081/4081
f 4076/4076 4082/4082 4071/4071
f 4065/4065 4083/4083 4077/4077
f 4084/4084 4085/4085 4086/4086
f 4081/4081 4080/4080 4066/4066
f 4066/4066 4087/4087 4070/4070
f 4088/4088 4089/4089 4090/4090
f 4088/4088 4090/4090 4091/4091
f 4076/4076 4092/4092 4082/4082
f 4071/4071 4082/4082 4083/4083
f 4080/4080 4087/4087 4066/4066
f 4093/4093 4094/4094 4089/4089
f 37/37 25/25 64/64
f 64/64 25/25 52/52
f 100/100 60/60 101/101
f 58/58 60/60 100/100
f 78/78 54/54 66/66
f 101/101 4095/4095 4096/4096
f 4097/4097 4095/4095 4098/4098
f 4096/4096 4095/4095 4097/4097
f 101/101 4096/4096 117/117
f 90/90 96/96 4099/4099
f 4099/4099 96/96 115/115
f 4097/4097 4098/4098 4100/4100
f 4100/4100 4098/4098 4101/4101
f 4099/4099 115/115 134/134
f 4100/4100 4101/4101 4102/4102
f 4102/4102 4101/4101 4103/4103
f 134/134 121/121 145/145
f 136/136 138/138 152/152
f 144/144 111/111 118/118
f 4104/4104 4100/4100 4105/4105
f 4100/4100 4102/4102 4105/4105
f 4102/4102 4103/4103 4106/4106
f 4107/4107 4097/4097 4104/4104
f 4104/4104 4097/4097 4100/4100
f 4096/4096 4097/4097 4107/4107
f 147/147 4096/4096 4107/4107
f 117/117 4096/4096 147/147
f 158/158 136/136 152/152
f 151/151 138/138 161/161
f 161/161 138/138 126/126
f 161/161 126/126 4108/4108
f 161/161 4108/4108 167/167
f 4102/4102 4106/4106 4109/4109
f 4110/4110 134/134 146/146
f 146/146 145/145 4111/4111
f 4111/4111 145/145 163/163
f 145/145 135/135 163/163
f 163/163 135/135 158/158
f 158/158 135/135 136/136
f 167/167 4108/4108 170/170
f 128/128 169/169 201/201
f 4105/4105 4102/4102 4109/4109
f 4110/4110 146/146 4111/4111
f 4112/4112 4106/4106 4113/4113
f 147/147 4107/4107 177/177
f 4114/4114 4104/4104 4105/4105
f 4109/4109 4106/4106 4115/4115
f 4116/4116 4107/4107 4104/4104
f 4116/4116 4104/4104 4114/4114
f 4115/4115 4106/4106 4112/4112
f 177/177 4107/4107 4116/4116
f 4111/4111 163/163 4117/4117
f 4114/4114 4105/4105 4109/4109
f 4114/4114 4109/4109 4118/4118
f 4118/4118 4109/4109 4119/4119
f 4119/4119 4109/4109 4115/4115
f 4112/4112 4113/4113 4120/4120
f 4117/4117 163/163 191/191
f 204/204 165/165 194/194
f 211/211 182/182 199/199
f 177/177 4116/4116 4121/4121
f 215/215 178/178 179/179
f 4118/4118 4119/4119 4122/4122
f 4119/4119 4115/4115 4123/4123
f 4124/4124 4114/4114 4118/4118
f 4112/4112 4120/4120 4125/4125
f 4125/4125 4120/4120 4126/4126
f 4121/4121 4116/4116 4114/4114
f 231/231 4117/4117 191/191
f 192/192 177/177 4121/4121
f 234/234 199/199 172/172
f 4122/4122 4119/4119 4123/4123
f 4115/4115 4112/4112 4127/4127
f 4123/4123 4115/4115 4127/4127
f 4112/4112 4125/4125 4127/4127
f 4121/4121 4114/4114 4124/4124
f 192/192 4121/4121 4128/4128
f 191/191 215/215 232/232
f 216/216 179/179 242/242
f 242/242 179/179 204/204
f 265/265 194/194 212/212
f 153/153 193/193 183/183
f 4129/4129 4118/4118 4122/4122
f 4124/4124 4118/4118 4129/4129
f 4130/4130 4124/4124 4129/4129
f 4131/4131 4121/4121 4124/4124
f 242/242 204/204 220/220
f 205/205 222/222 223/223
f 4131/4131 4124/4124 4130/4130
f 232/232 215/215 240/240
f 4128/4128 4121/4121 4131/4131
f 240/240 215/215 216/216
f 271/271 242/242 220/220
f 183/183 193/193 248/248
f 184/184 247/247 222/222
f 4132/4132 4129/4129 4122/4122
f 4122/4122 4123/4123 4133/4133
f 4134/4134 4125/4125 4126/4126
f 4134/4134 4126/4126 4135/4135
f 4136/4136 231/231 232/232
f 4137/4137 232/232 240/240
f 233/233 253/253 255/255
f 209/209 233/233 255/255
f 243/243 209/209 255/255
f 210/210 209/209 243/243
f 271/271 220/220 272/272
f 4138/4138 219/219 218/218
f 193/193 210/210 244/244
f 265/265 212/212 246/246
f 193/193 244/244 248/248
f 184/184 183/183 248/248
f 212/212 221/221 245/245
f 247/247 184/184 248/248
f 289/289 224/224 251/251
f 4130/4130 4129/4129 277/277
f 277/277 4129/4129 4132/4132
f 242/242 271/271 270/270
f 4132/4132 4122/4122 4133/4133
f 4133/4133 4123/4123 4139/4139
f 4123/4123 4127/4127 4139/4139
f 4139/4139 4127/4127 4140/4140
f 4140/4140 4127/4127 4125/4125
f 4140/4140 4125/4125 4134/4134
f 279/279 4130/4130 277/277
f 4131/4131 4130/4130 279/279
f 4141/4141 4131/4131 279/279
f 241/241 242/242 270/270
f 248/248 244/244 273/273
f 4134/4134 4135/4135 4142/4142
f 4136/4136 232/232 4143/4143
f 4143/4143 232/232 4137/4137
f 4137/4137 240/240 4144/4144
f 4144/4144 240/240 241/241
f 272/272 265/265 266/266
f 4145/4145 4132/4132 4133/4133
f 4144/4144 241/241 270/270
f 4133/4133 4139/4139 4146/4146
f 4139/4139 4140/4140 4146/4146
f 4146/4146 4140/4140 4147/4147
f 4140/4140 4134/4134 4148/4148
f 277/277 4132/4132 4149/4149
f 4148/4148 4134/4134 4142/4142
f 278/278 277/277 4149/4149
f 4143/4143 4137/4137 4150/4150
f 4141/4141 279/279 285/285
f 4144/4144 270/270 4151/4151
f 256/256 287/287 264/264
f 4152/4152 4153/4153 4154/4154
f 300/300 274/274 245/245
f 261/261 276/276 284/284
f 4145/4145 4133/4133 4146/4146
f 4140/4140 4148/4148 4147/4147
f 4150/4150 4137/4137 4155/4155
f 4137/4137 4144/4144 4155/4155
f 4151/4151 272/272 4156/4156
f 245/245 281/281 300/300
f 4149/4149 4132/4132 4145/4145
f 4144/4144 4151/4151 4157/4157
f 287/287 256/256 293/293
f 4156/4156 272/272 294/294
f 260/260 338/338 297/297
f 4158/4158 4145/4145 4146/4146
f 4149/4149 4145/4145 4159/4159
f 4148/4148 4142/4142 4160/4160
f 4160/4160 4142/4142 4161/4161
f 4150/4150 4155/4155 4162/4162
f 4155/4155 4144/4144 4163/4163
f 293/293 286/286 463/463
f 4144/4144 4157/4157 4163/4163
f 4156/4156 294/294 423/423
f 298/298 300/300 378/378
f 4145/4145 4158/4158 4159/4159
f 4147/4147 4148/4148 4164/4164
f 4164/4164 4148/4148 4160/4160
f 278/278 4149/4149 369/369
f 4165/4165 4166/4166 4167/4167
f 4168/4168 4151/4151 4156/4156
f 4168/4168 4156/4156 423/423
f 372/372 322/322 325/325
f 423/423 294/294 298/298
f 399/399 350/350 343/343
f 366/366 316/316 415/415
f 415/415 316/316 370/370
f 4146/4146 4147/4147 4169/4169
f 4170/4170 4149/4149 4159/4159
f 4170/4170 4159/4159 4171/4171
f 369/369 4149/4149 4170/4170
f 4160/4160 4161/4161 4172/4172
f 423/423 298/298 379/379
f 4158/4158 4146/4146 4169/4169
f 4169/4169 4147/4147 4164/4164
f 4171/4171 4159/4159 4173/4173
f 4159/4159 4158/4158 4173/4173
f 4173/4173 4158/4158 4169/4169
f 4162/4162 4155/4155 4174/4174
f 4174/4174 4155/4155 4163/4163
f 4163/4163 4157/4157 4175/4175
f 4176/4176 4177/4177 4178/4178
f 4168/4168 423/423 513/513
f 513/513 423/423 424/424
f 398/398 345/345 442/442
f 550/550 398/398 442/442
f 455/455 363/363 453/453
f 4169/4169 4164/4164 4179/4179
f 4164/4164 4160/4160 4180/4180
f 4181/4181 4157/4157 4168/4168
f 4181/4181 4168/4168 513/513
f 326/326 374/374 580/580
f 424/424 379/379 526/526
f 525/525 379/379 378/378
f 297/297 339/339 386/386
f 438/438 439/439 546/546
f 546/546 439/439 440/440
f 615/615 398/398 550/550
f 481/481 480/480 687/687
f 455/455 453/453 557/557
f 4173/4173 4169/4169 4182/4182
f 4160/4160 4172/4172 4183/4183
f 4180/4180 4160/4160 4183/4183
f 369/369 4170/4170 4171/4171
f 4172/4172 4184/4184 4183/4183
f 4174/4174 4163/4163 4175/4175
f 420/420 369/369 4185/4185
f 4176/4176 4178/4178 4186/4186
f 4181/4181 513/513 710/710
f 710/710 513/513 639/639
f 299/299 326/326 580/580
f 663/663 429/429 532/532
f 529/529 467/467 596/596
f 596/596 467/467 538/538
f 537/537 530/530 534/534
f 546/546 440/440 548/548
f 609/609 608/608 672/672
f 4187/4187 445/445 755/755
f 673/673 4187/4187 755/755
f 755/755 445/445 479/479
f 755/755 479/479 4188/4188
f 479/479 444/444 618/618
f 4182/4182 4169/4169 4189/4189
f 4189/4189 4169/4169 4179/4179
f 4179/4179 4164/4164 4180/4180
f 369/369 4171/4171 919/919
f 460/460 462/462 631/631
f 4183/4183 4184/4184 4190/4190
f 4191/4191 4192/4192 4176/4176
f 4193/4193 4181/4181 710/710
f 639/639 513/513 514/514
f 374/374 504/504 580/580
f 654/654 503/503 523/523
f 4194/4194 655/655 649/649
f 529/529 596/596 586/586
f 587/587 430/430 536/536
f 605/605 469/469 472/472
f 605/605 472/472 544/544
f 672/672 4187/4187 673/673
f 617/617 482/482 616/616
f 4188/4188 479/479 618/618
f 4179/4179 4180/4180 4195/4195
f 4185/4185 369/369 919/919
f 710/710 639/639 711/711
f 640/640 642/642 641/641
f 643/643 644/644 648/648
f 637/637 503/503 654/654
f 712/712 574/574 571/571
f 586/586 653/653 523/523
f 4196/4196 4197/4197 4198/4198
f 731/731 4198/4198 732/732
f 670/670 4199/4199 814/814
f 814/814 4199/4199 610/610
f 609/609 672/672 674/674
f 618/618 484/484 834/834
f 625/625 555/555 691/691
f 690/690 558/558 693/693
f 697/697 495/495 632/632
f 4195/4195 4180/4180 4200/4200
f 919/919 4171/4171 917/917
f 917/917 4171/4171 4173/4173
f 4180/4180 4183/4183 4200/4200
f 847/847 844/844 782/782
f 4191/4191 4176/4176 4201/4201
f 4201/4201 4176/4176 4186/4186
f 4193/4193 710/710 709/709
f 420/420 4185/4185 4202/4202
f 783/783 4203/4203 784/784
f 4203/4203 4197/4197 4204/4204
f 4204/4204 4197/4197 4196/4196
f 664/664 532/532 792/792
f 4196/4196 4198/4198 4205/4205
f 4205/4205 4198/4198 731/731
f 734/734 600/600 670/670
f 734/734 670/670 815/815
f 815/815 670/670 814/814
f 674/674 673/673 756/756
f 753/753 752/752 823/823
f 756/756 755/755 4206/4206
f 755/755 4188/4188 4207/4207
f 4207/4207 4188/4188 618/618
f 697/697 632/632 4208/4208
f 4208/4208 632/632 631/631
f 771/771 704/704 913/913
f 776/776 699/699 772/772
f 4209/4209 4185/4185 919/919
f 4210/4210 4193/4193 709/709
f 784/784 4203/4203 4211/4211
f 4203/4203 4204/4204 4211/4211
f 4212/4212 4196/4196 4205/4205
f 4205/4205 731/731 4213/4213
f 4213/4213 731/731 802/802
f 890/890 751/751 753/753
f 4206/4206 755/755 4214/4214
f 4214/4214 755/755 4207/4207
f 4207/4207 618/618 1015/1015
f 1015/1015 618/618 834/834
f 761/761 488/488 836/836
f 4215/4215 697/697 4208/4208
f 4189/4189 4179/4179 4216/4216
f 4216/4216 4179/4179 4195/4195
f 917/917 4173/4173 4182/4182
f 4200/4200 4183/4183 4217/4217
f 4217/4217 4183/4183 4190/4190
f 4217/4217 4190/4190 4218/4218
f 847/847 782/782 784/784
f 4202/4202 4185/4185 4209/4209
f 860/860 859/859 4219/4219
f 787/787 580/580 857/857
f 4204/4204 4196/4196 4220/4220
f 789/789 867/867 868/868
f 4220/4220 4196/4196 4212/4212
f 4212/4212 4205/4205 4213/4213
f 890/890 753/753 1070/1070
f 753/753 823/823 1070/1070
f 1119/1119 823/823 822/822
f 829/829 828/828 955/955
f 905/905 690/690 839/839
f 4182/4182 4189/4189 4221/4221
f 4222/4222 4217/4217 4218/4218
f 851/851 705/705 920/920
f 847/847 784/784 4223/4223
f 4224/4224 4225/4225 4226/4226
f 4209/4209 919/919 918/918
f 4211/4211 4204/4204 4220/4220
f 464/464 583/583 796/796
f 4227/4227 4212/4212 4213/4213
f 4227/4227 4213/4213 802/802
f 734/734 815/815 935/935
f 889/889 890/890 996/996
f 935/935 674/674 940/940
f 756/756 4206/4206 4228/4228
f 1119/1119 822/822 1166/1166
f 4228/4228 4206/4206 4214/4214
f 1166/1166 822/822 896/896
f 4207/4207 1015/1015 1014/1014
f 964/964 839/839 841/841
f 907/907 697/697 4215/4215
f 845/845 847/847 4229/4229
f 4195/4195 4200/4200 4217/4217
f 4230/4230 4217/4217 4222/4222
f 917/917 4182/4182 4231/4231
f 4232/4232 4225/4225 4224/4224
f 4233/4233 847/847 4223/4223
f 4223/4223 784/784 4211/4211
f 854/854 788/788 1052/1052
f 4234/4234 4211/4211 4220/4220
f 4220/4220 4212/4212 4235/4235
f 4235/4235 4212/4212 4227/4227
f 4227/4227 802/802 4236/4236
f 4236/4236 802/802 879/879
f 996/996 890/890 1070/1070
f 1070/1070 823/823 1119/1119
f 1071/1071 1070/1070 1119/1119
f 940/940 756/756 1303/1303
f 1216/1216 885/885 893/893
f 1303/1303 756/756 4228/4228
f 1166/1166 896/896 1082/1082
f 896/896 953/953 1081/1081
f 4214/4214 4207/4207 1014/1014
f 1131/1131 955/955 1012/1012
f 1013/1013 1015/1015 834/834
f 1235/1235 1026/1026 1141/1141
f 1030/1030 1031/1031 4237/4237
f 1187/1187 4238/4238 1188/1188
f 1145/1145 1036/1036 1035/1035
f 1033/1033 967/967 909/909
f 1096/1096 1101/1101 910/910
f 4238/4238 846/846 845/845
f 1047/1047 916/916 1041/1041
f 4229/4229 847/847 4233/4233
f 4216/4216 4195/4195 4239/4239
f 4239/4239 4195/4195 4217/4217
f 4239/4239 4217/4217 4230/4230
f 4230/4230 4222/4222 4240/4240
f 4231/4231 4182/4182 4221/4221
f 4221/4221 4189/4189 4216/4216
f 4241/4241 917/917 4231/4231
f 920/920 854/854 1053/1053
f 713/713 1202/1202 856/856
f 4242/4242 4223/4223 4211/4211
f 4242/4242 4211/4211 4243/4243
f 581/581 787/787 978/978
f 4234/4234 4220/4220 4235/4235
f 4236/4236 879/879 1067/1067
f 1067/1067 940/940 1303/1303
f 1122/1122 1119/1119 1166/1166
f 4228/4228 4214/4214 4244/4244
f 1097/1097 967/967 1033/1033
f 1191/1191 914/914 1098/1098
f 4238/4238 845/845 4229/4229
f 1104/1104 1040/1040 1038/1038
f 4245/4245 4246/4246 4247/4247
f 4233/4233 4223/4223 4248/4248
f 918/918 917/917 4241/4241
f 4211/4211 4234/4234 4243/4243
f 1055/1055 1056/1056 1058/1058
f 4249/4249 4235/4235 4227/4227
f 801/801 931/931 1060/1060
f 4236/4236 1067/1067 4250/4250
f 990/990 1063/1063 736/736
f 4250/4250 1067/1067 4251/4251
f 4251/4251 1067/1067 1303/1303
f 1166/1166 1082/1082 4252/4252
f 4228/4228 4244/4244 4253/4253
f 4244/4244 4214/4214 1014/1014
f 4254/4254 1014/1014 1013/1013
f 1013/1013 834/834 1090/1090
f 1138/1138 1140/1140 1235/1235
f 1240/1240 966/966 1143/1143
f 1097/1097 1033/1033 1240/1240
f 1240/1240 1033/1033 966/966
f 1094/1094 1191/1191 1190/1190
f 1241/1241 1038/1038 1097/1097
f 1289/1289 1098/1098 1099/1099
f 4238/4238 4229/4229 4255/4255
f 1042/1042 920/920 1198/1198
f 4216/4216 4239/4239 4256/4256
f 4248/4248 4223/4223 4242/4242
f 1053/1053 1052/1052 1206/1206
f 1206/1206 1052/1052 1055/1055
f 4234/4234 4235/4235 4249/4249
f 4249/4249 4227/4227 4236/4236
f 4249/4249 4236/4236 4250/4250
f 1117/1117 885/885 1216/1216
f 1164/1164 1166/1166 4252/4252
f 1082/1082 1081/1081 1363/1363
f 1363/1363 1081/1081 4257/4257
f 4257/4257 1081/1081 1176/1176
f 4244/4244 1014/1014 4254/4254
f 1023/1023 1021/1021 1322/1322
f 1322/1322 1021/1021 1139/1139
f 1234/1234 1138/1138 1235/1235
f 1280/1280 1141/1141 1028/1028
f 4258/4258 1188/1188 4238/4238
f 1241/1241 1097/1097 1238/1238
f 1326/1326 4259/4259 1327/1327
f 4233/4233 4248/4248 4260/4260
f 4261/4261 4245/4245 1359/1359
f 4245/4245 4247/4247 1359/1359
f 4256/4256 4239/4239 4262/4262
f 4262/4262 4239/4239 4230/4230
f 4221/4221 4216/4216 4263/4263
f 4263/4263 4216/4216 4256/4256
f 4241/4241 4231/4231 4221/4221
f 4242/4242 4243/4243 4264/4264
f 4243/4243 4234/4234 4265/4265
f 4265/4265 4234/4234 4266/4266
f 4266/4266 4234/4234 4249/4249
f 4250/4250 4251/4251 4267/4267
f 4267/4267 4251/4251 1303/1303
f 1303/1303 4228/4228 1304/1304
f 4252/4252 1082/1082 4268/4268
f 4268/4268 1082/1082 1363/1363
f 4269/4269 4253/4253 4244/4244
f 1234/1234 1141/1141 1279/1279
f 1281/1281 1025/1025 1236/1236
f 1186/1186 1188/1188 1284/1284
f 1285/1285 1143/1143 1094/1094
f 4258/4258 4238/4238 4255/4255
f 4270/4270 4255/4255 4229/4229
f 1146/1146 1042/1042 1329/1329
f 4271/4271 4229/4229 4233/4233
f 4248/4248 4242/4242 4264/4264
f 4241/4241 4221/4221 4272/4272
f 4272/4272 4221/4221 4263/4263
f 4209/4209 918/918 1334/1334
f 4264/4264 4243/4243 4265/4265
f 4273/4273 4266/4266 4249/4249
f 4273/4273 4249/4249 4250/4250
f 1251/1251 1167/1167 1306/1306
f 1304/1304 4228/4228 4253/4253
f 4269/4269 4244/4244 4254/4254
f 4257/4257 1176/1176 4274/4274
f 4275/4275 4257/4257 4274/4274
f 1176/1176 1177/1177 4274/4274
f 4274/4274 1177/1177 4276/4276
f 4254/4254 1013/1013 4277/4277
f 4277/4277 1013/1013 1230/1230
f 1277/1277 1137/1137 1138/1138
f 1278/1278 1023/1023 1322/1322
f 1236/1236 1093/1093 1278/1278
f 1239/1239 1240/1240 4278/4278
f 1240/1240 1143/1143 4278/4278
f 4258/4258 1284/1284 1188/1188
f 4270/4270 4229/4229 4271/4271
f 4271/4271 4233/4233 4260/4260
f 4260/4260 4248/4248 4264/4264
f 4272/4272 4263/4263 4256/4256
f 4279/4279 918/918 4241/4241
f 1333/1333 918/918 4279/4279
f 4267/4267 1303/1303 1305/1305
f 1221/1221 1257/1257 4280/4280
f 1365/1365 4268/4268 1363/1363
f 1304/1304 4253/4253 4281/4281
f 4281/4281 4253/4253 4269/4269
f 1363/1363 4257/4257 4275/4275
f 4269/4269 4254/4254 4277/4277
f 1088/1088 1087/1087 1229/1229
f 4282/4282 1132/1132 1271/1271
f 1323/1323 1139/1139 1092/1092
f 1323/1323 1092/1092 1277/1277
f 1348/1348 1280/1280 1185/1185
f 1239/1239 4278/4278 1527/1527
f 4278/4278 1143/1143 1285/1285
f 1284/1284 4258/4258 1446/1446
f 1449/1449 1238/1238 1239/1239
f 1287/1287 1289/1289 1352/1352
f 4258/4258 4255/4255 4270/4270
f 1242/1242 1194/1194 1325/1325
f 1329/1329 1042/1042 1292/1292
f 4283/4283 4271/4271 4260/4260
f 1198/1198 1244/1244 1245/1245
f 1392/1392 4261/4261 1359/1359
f 1393/1393 4272/4272 4256/4256
f 1393/1393 4256/4256 1394/1394
f 4256/4256 4262/4262 1394/1394
f 1060/1060 1209/1209 1336/1336
f 4284/4284 4273/4273 4250/4250
f 4284/4284 4250/4250 4267/4267
f 1430/1430 1250/1250 1217/1217
f 1305/1305 1304/1304 4285/4285
f 1364/1364 1363/1363 4286/4286
f 1363/1363 4275/4275 4286/4286
f 4287/4287 4274/4274 4276/4276
f 4276/4276 1177/1177 1317/1317
f 4276/4276 1317/1317 1508/1508
f 1447/1447 1283/1283 1284/1284
f 1526/1526 1239/1239 1527/1527
f 4278/4278 1285/1285 1416/1416
f 1449/1449 1239/1239 1526/1526
f 4270/4270 4271/4271 4283/4283
f 1292/1292 1198/1198 1356/1356
f 4260/4260 4264/4264 4288/4288
f 4288/4288 4264/4264 4289/4289
f 4290/4290 4272/4272 1393/1393
f 4279/4279 4241/4241 4272/4272
f 4289/4289 4264/4264 4291/4291
f 4291/4291 4264/4264 4265/4265
f 1430/1430 1217/1217 1431/1431
f 4277/4277 1230/1230 4292/4292
f 1508/1508 1317/1317 1379/1379
f 1272/1272 1232/1232 1342/1342
f 1473/1473 1323/1323 1277/1277
f 1516/1516 1324/1324 1234/1234
f 1476/1476 1278/1278 1384/1384
f 1516/1516 1234/1234 1279/1279
f 1279/1279 1348/1348 1444/1444
f 1445/1445 1348/1348 1185/1185
f 1386/1386 1190/1190 1417/1417
f 1288/1288 1238/1238 1449/1449
f 1417/1417 1287/1287 1352/1352
f 4293/4293 1446/1446 4258/4258
f 1352/1352 1330/1330 1592/1592
f 4258/4258 4270/4270 4294/4294
f 1421/1421 1292/1292 1390/1390
f 4283/4283 4260/4260 4295/4295
f 4295/4295 4260/4260 4288/4288
f 4290/4290 1393/1393 1395/1395
f 4279/4279 4272/4272 4290/4290
f 1203/1203 1455/1455 1296/1296
f 4291/4291 4265/4265 4296/4296
f 4296/4296 4265/4265 4266/4266
f 4266/4266 4273/4273 4284/4284
f 4284/4284 4267/4267 1305/1305
f 4285/4285 1304/1304 4281/4281
f 1364/1364 4286/4286 4297/4297
f 4281/4281 4269/4269 4298/4298
f 4299/4299 4286/4286 4275/4275
f 4275/4275 4274/4274 4300/4300
f 4300/4300 4274/4274 4287/4287
f 4269/4269 4277/4277 4301/4301
f 4287/4287 4276/4276 1558/1558
f 1558/1558 4276/4276 1508/1508
f 1182/1182 1374/1374 1408/1408
f 1347/1347 1323/1323 1473/1473
f 1473/1473 1277/1277 1569/1569
f 1324/1324 1516/1516 1656/1656
f 1516/1516 1279/1279 1517/1517
f 1517/1517 1279/1279 1444/1444
f 1385/1385 1278/1278 1476/1476
f 1416/1416 1386/1386 1575/1575
f 1450/1450 1290/1290 1418/1418
f 4294/4294 4270/4270 4283/4283
f 1422/1422 1424/1424 1535/1535
f 4302/4302 4303/4303 4304/4304
f 1541/1541 4279/4279 4290/4290
f 1333/1333 4279/4279 1541/1541
f 1432/1432 1431/1431 4305/4305
f 1403/1403 1306/1306 1259/1259
f 4297/4297 4286/4286 4299/4299
f 4299/4299 4275/4275 1496/1496
f 4275/4275 4300/4300 1496/1496
f 4298/4298 4269/4269 4301/4301
f 4300/4300 4287/4287 1560/1560
f 4287/4287 1558/1558 1560/1560
f 4301/4301 4277/4277 4292/4292
f 1376/1376 1440/1440 1377/1377
f 4292/4292 1230/1230 1410/1410
f 1569/1569 1277/1277 1570/1570
f 1570/1570 1277/1277 1324/1324
f 1656/1656 1516/1516 1515/1515
f 1527/1527 4278/4278 1525/1525
f 1525/1525 4278/4278 1416/1416
f 1531/1531 1523/1523 1522/1522
f 1575/1575 1386/1386 1417/1417
f 1417/1417 1352/1352 1591/1591
f 1591/1591 1352/1352 1592/1592
f 4293/4293 4258/4258 4294/4294
f 1592/1592 1330/1330 4306/4306
f 4307/4307 4294/4294 4283/4283
f 4288/4288 4289/4289 4291/4291
f 1543/1543 1333/1333 1541/1541
f 1247/1247 1296/1296 1456/1456
f 4308/4308 1305/1305 4285/4285
f 1495/1495 4297/4297 4299/4299
f 1495/1495 4299/4299 1496/1496
f 1570/1570 1324/1324 1656/1656
f 1572/1572 1385/1385 1475/1475
f 1385/1385 1476/1476 1475/1475
f 1517/1517 1444/1444 4309/4309
f 4309/4309 1444/1444 1445/1445
f 1446/1446 4293/4293 1520/1520
f 1577/1577 1351/1351 1419/1419
f 1353/1353 1420/1420 4310/4310
f 4311/4311 1592/1592 4306/4306
f 1422/1422 1535/1535 1534/1534
f 4307/4307 4283/4283 4295/4295
f 4312/4312 4295/4295 4288/4288
f 1541/1541 4290/4290 1395/1395
f 1540/1540 1482/1482 1481/1481
f 4313/4313 4291/4291 4296/4296
f 1456/1456 1455/1455 1454/1454
f 4296/4296 4266/4266 1747/1747
f 1747/1747 4266/4266 4284/4284
f 4308/4308 4284/4284 1305/1305
f 4308/4308 4285/4285 4314/4314
f 1360/1360 1549/1549 1547/1547
f 4315/4315 4285/4285 4281/4281
f 4316/4316 1496/1496 4317/4317
f 4317/4317 1496/1496 4300/4300
f 4317/4317 4300/4300 4318/4318
f 4318/4318 4300/4300 1560/1560
f 1510/1510 1412/1412 1346/1346
f 4319/4319 1656/1656 1515/1515
f 1515/1515 1517/1517 1692/1692
f 1574/1574 1447/1447 1521/1521
f 1525/1525 1416/1416 4320/4320
f 1529/1529 1531/1531 1522/1522
f 1576/1576 1417/1417 1591/1591
f 1520/1520 4293/4293 4321/4321
f 1420/1420 1351/1351 1577/1577
f 1477/1477 1387/1387 1532/1532
f 4302/4302 4304/4304 4322/4322
f 4307/4307 4295/4295 4323/4323
f 4323/4323 4295/4295 4312/4312
f 1247/1247 1483/1483 1207/1207
f 4314/4314 4285/4285 4315/4315
f 4281/4281 4298/4298 4324/4324
f 4315/4315 4281/4281 4324/4324
f 4325/4325 4316/4316 4317/4317
f 4325/4325 4317/4317 4318/4318
f 4298/4298 4301/4301 4326/4326
f 4301/4301 4292/4292 1648/1648
f 1648/1648 4292/4292 1410/1410
f 1559/1559 1558/1558 1562/1562
f 1562/1562 1508/1508 1509/1509
f 4327/4327 1472/1472 1473/1473
f 1692/1692 1517/1517 1658/1658
f 1658/1658 1517/1517 4309/4309
f 1658/1658 4309/4309 1659/1659
f 4328/4328 1525/1525 4320/4320
f 4320/4320 1416/1416 4329/4329
f 4329/4329 1416/1416 1575/1575
f 4330/4330 1530/1530 1529/1529
f 4310/4310 1420/1420 1577/1577
f 4321/4321 4293/4293 4294/4294
f 4313/4313 4288/4288 4291/4291
f 4313/4313 4296/4296 1747/1747
f 1335/1335 1484/1484 1427/1427
f 4324/4324 4298/4298 4326/4326
f 4318/4318 1560/1560 1707/1707
f 1648/1648 4326/4326 4301/4301
f 1648/1648 1410/1410 1563/1563
f 1656/1656 4319/4319 4331/4331
f 4319/4319 1515/1515 4332/4332
f 1590/1590 1524/1524 4333/4333
f 4334/4334 4335/4335 4336/4336
f 4329/4329 1575/1575 1576/1576
f 1576/1576 1591/1591 4337/4337
f 1593/1593 1592/1592 4311/4311
f 4321/4321 4294/4294 4307/4307
f 1610/1610 1534/1534 1533/1533
f 1611/1611 4306/4306 1536/1536
f 1454/1454 1539/1539 1596/1596
f 1483/1483 1456/1456 1596/1596
f 1396/1396 1625/1625 1544/1544
f 1457/1457 1544/1544 1582/1582
f 1747/1747 4284/4284 4308/4308
f 1487/1487 1547/1547 1722/1722
f 4325/4325 4318/4318 1709/1709
f 1707/1707 1560/1560 1559/1559
f 1651/1651 1510/1510 1514/1514
f 4327/4327 1473/1473 1569/1569
f 1656/1656 4331/4331 1657/1657
f 1515/1515 1692/1692 4332/4332
f 4338/4338 1573/1573 4339/4339
f 1573/1573 1574/1574 4339/4339
f 1661/1661 1448/1448 1519/1519
f 1574/1574 1521/1521 4340/4340
f 4341/4341 1663/1663 1662/1662
f 4342/4342 4320/4320 4329/4329
f 1528/1528 1448/1448 1661/1661
f 4334/4334 4336/4336 4343/4343
f 1578/1578 4335/4335 4344/4344
f 4344/4344 4335/4335 4334/4334
f 4345/4345 1577/1577 1578/1578
f 4337/4337 1591/1591 1593/1593
f 4311/4311 4306/4306 1611/1611
f 4346/4346 4307/4307 4323/4323
f 1479/1479 1580/1580 1617/1617
f 4347/4347 4312/4312 4288/4288
f 4288/4288 4313/4313 4348/4348
f 1749/1749 4313/4313 1747/1747
f 1427/1427 1484/1484 1624/1624
f 1427/1427 1624/1624 1581/1581
f 1748/1748 1747/1747 4308/4308
f 1599/1599 1487/1487 1722/1722
f 1547/1547 1548/1548 4349/4349
f 4350/4350 4315/4315 4351/4351
f 4351/4351 4315/4315 4324/4324
f 1709/1709 4318/4318 1707/1707
f 1647/1647 1563/1563 1713/1713
f 4327/4327 1569/1569 1654/1654
f 1472/1472 4327/4327 1655/1655
f 1571/1571 1474/1474 1655/1655
f 4331/4331 4319/4319 4352/4352
f 4352/4352 4319/4319 4332/4332
f 1804/1804 1518/1518 1589/1589
f 4343/4343 4328/4328 4353/4353
f 4354/4354 1521/1521 1520/1520
f 4355/4355 1578/1578 4344/4344
f 1610/1610 1533/1533 1696/1696
f 1696/1696 1533/1533 1697/1697
f 4356/4356 4321/4321 4307/4307
f 4356/4356 4307/4307 4346/4346
f 4347/4347 4288/4288 4348/4348
f 4357/4357 4308/4308 4314/4314
f 4314/4314 4315/4315 4357/4357
f 1722/1722 1547/1547 4349/4349
f 4351/4351 4324/4324 4326/4326
f 1556/1556 1583/1583 1680/1680
f 4326/4326 1648/1648 1736/1736
f 1736/1736 1648/1648 1647/1647
f 1507/1507 1688/1688 1565/1565
f 1562/1562 1509/1509 1689/1689
f 1802/1802 1572/1572 1571/1571
f 4332/4332 1692/1692 1660/1660
f 1804/1804 1589/1589 1572/1572
f 1694/1694 1518/1518 1804/1804
f 4358/4358 4338/4338 4339/4339
f 4339/4339 1574/1574 4340/4340
f 4334/4334 4343/4343 4359/4359
f 4359/4359 4343/4343 4353/4353
f 4340/4340 1521/1521 4354/4354
f 4345/4345 1578/1578 4355/4355
f 4360/4360 1576/1576 4337/4337
f 1665/1665 1528/1528 1695/1695
f 1593/1593 4311/4311 1611/1611
f 4357/4357 4315/4315 4350/4350
f 4351/4351 4326/4326 1736/1736
f 1707/1707 1559/1559 4361/4361
f 1584/1584 1685/1685 1649/1649
f 4361/4361 1559/1559 1686/1686
f 1686/1686 1562/1562 1689/1689
f 1571/1571 1655/1655 4362/4362
f 1804/1804 1572/1572 1802/1802
f 1875/1875 4358/4358 4339/4339
f 4353/4353 4328/4328 4363/4363
f 4364/4364 4363/4363 4342/4342
f 4365/4365 4366/4366 4367/4367
f 4368/4368 4344/4344 4334/4334
f 4329/4329 1576/1576 4369/4369
f 1767/1767 1695/1695 1661/1661
f 4369/4369 1576/1576 4360/4360
f 4360/4360 4337/4337 1807/1807
f 4354/4354 1520/1520 4321/4321
f 1807/1807 4337/4337 1593/1593
f 4346/4346 4323/4323 4370/4370
f 4370/4370 4323/4323 4312/4312
f 4370/4370 4312/4312 4347/4347
f 4371/4371 4308/4308 4357/4357
f 1722/1722 4349/4349 1776/1776
f 4351/4351 1736/1736 1735/1735
f 1703/1703 1702/1702 1754/1754
f 1729/1729 1636/1636 1733/1733
f 1703/1703 1754/1754 1706/1706
f 1708/1708 1707/1707 4372/4372
f 4372/4372 1707/1707 4373/4373
f 1735/1735 1647/1647 1714/1714
f 4373/4373 1707/1707 4361/4361
f 1607/1607 1681/1681 1737/1737
f 1903/1903 1655/1655 4327/4327
f 1654/1654 1568/1568 4374/4374
f 4374/4374 1568/1568 1570/1570
f 4374/4374 1570/1570 1657/1657
f 1802/1802 1571/1571 4362/4362
f 4352/4352 4332/4332 4375/4375
f 4375/4375 4332/4332 1660/1660
f 4376/4376 1660/1660 1693/1693
f 1906/1906 1608/1608 1694/1694
f 1875/1875 4339/4339 4377/4377
f 4377/4377 4339/4339 4340/4340
f 4364/4364 4342/4342 4378/4378
f 4334/4334 4359/4359 4368/4368
f 4367/4367 4366/4366 4379/4379
f 4379/4379 4366/4366 4380/4380
f 1665/1665 1695/1695 1767/1767
f 1910/1910 1698/1698 4381/4381
f 1770/1770 1696/1696 1698/1698
f 1593/1593 1716/1716 1808/1808
f 2010/2010 4321/4321 4356/4356
f 1610/1610 1696/1696 1769/1769
f 4348/4348 4313/4313 1749/1749
f 1721/1721 1722/1722 1776/1776
f 1888/1888 4351/4351 1735/1735
f 1706/1706 1754/1754 1759/1759
f 1710/1710 1706/1706 1759/1759
f 1688/1688 1687/1687 1798/1798
f 4327/4327 1654/1654 1904/1904
f 1903/1903 4327/4327 1904/1904
f 1654/1654 4374/4374 1904/1904
f 4382/4382 1655/1655 1903/1903
f 4362/4362 1655/1655 4383/4383
f 4384/4384 4331/4331 4352/4352
f 4375/4375 1660/1660 4376/4376
f 1740/1740 1608/1608 1906/1906
f 4353/4353 4363/4363 4385/4385
f 4355/4355 4344/4344 4368/4368
f 1770/1770 1698/1698 1910/1910
f 1808/1808 1716/1716 1741/1741
f 1743/1743 1610/1610 1769/1769
f 1744/1744 1617/1617 1771/1771
f 4386/4386 1749/1749 1748/1748
f 4387/4387 1748/1748 4308/4308
f 4371/4371 4357/4357 4388/4388
f 4388/4388 4357/4357 4389/4389
f 4390/4390 4350/4350 4351/4351
f 4390/4390 4351/4351 4391/4391
f 1776/1776 4349/4349 4392/4392
f 4351/4351 1888/1888 4391/4391
f 4372/4372 4373/4373 4393/4393
f 1738/1738 1710/1710 1759/1759
f 1737/1737 1681/1681 1795/1795
f 1737/1737 1795/1795 1760/1760
f 4373/4373 4361/4361 4394/4394
f 4361/4361 1686/1686 1822/1822
f 4374/4374 1657/1657 4395/4395
f 4395/4395 1657/1657 4384/4384
f 4384/4384 1657/1657 4331/4331
f 4377/4377 4340/4340 4396/4396
f 4359/4359 4353/4353 4397/4397
f 4385/4385 4363/4363 4364/4364
f 4364/4364 4378/4378 4398/4398
f 4396/4396 4340/4340 4354/4354
f 4369/4369 4360/4360 4399/4399
f 1910/1910 4381/4381 4400/4400
f 1768/1768 1665/1665 1806/1806
f 4354/4354 4321/4321 2010/2010
f 4401/4401 1808/1808 1741/1741
f 4389/4389 4357/4357 4390/4390
f 4390/4390 4357/4357 4350/4350
f 1888/1888 1735/1735 1788/1788
f 1760/1760 1795/1795 1820/1820
f 1830/1830 1832/1832 4402/4402
f 1760/1760 1820/1820 1761/1761
f 1761/1761 4403/4403 1762/1762
f 4393/4393 4373/4373 4394/4394
f 1763/1763 1738/1738 1796/1796
f 4394/4394 4361/4361 4404/4404
f 4361/4361 1822/1822 4404/4404
f 1686/1686 1689/1689 1821/1821
f 4383/4383 1655/1655 4382/4382
f 1802/1802 4362/4362 1803/1803
f 1805/1805 1804/1804 1803/1803
f 1906/1906 1694/1694 1805/1805
f 4397/4397 4353/4353 4385/4385
f 4405/4405 4406/4406 4407/4407
f 4381/4381 4405/4405 4400/4400
f 4408/4408 1910/1910 4400/4400
f 4399/4399 4360/4360 4409/4409
f 4360/4360 1807/1807 4409/4409
f 4409/4409 1807/1807 1808/1808
f 4410/4410 4346/4346 4370/4370
f 4411/4411 4347/4347 4412/4412
f 4412/4412 4347/4347 4348/4348
f 4413/4413 4348/4348 1749/1749
f 4386/4386 1748/1748 4387/4387
f 4387/4387 4308/4308 4371/4371
f 1848/1848 1776/1776 4392/4392
f 1832/1832 1831/1831 1857/1857
f 1820/1820 4403/4403 1761/1761
f 1840/1840 1790/1790 1869/1869
f 4362/4362 4383/4383 4414/4414
f 1805/1805 1803/1803 4415/4415
f 4375/4375 4376/4376 4416/4416
f 4376/4376 1693/1693 4416/4416
f 4417/4417 4358/4358 1875/1875
f 4417/4417 1875/1875 1877/1877
f 1879/1879 1740/1740 1906/1906
f 1875/1875 4377/4377 1876/1876
f 4406/4406 4418/4418 4407/4407
f 4385/4385 4364/4364 4398/4398
f 1806/1806 1767/1767 1740/1740
f 4419/4419 4369/4369 4420/4420
f 4369/4369 4399/4399 4420/4420
f 4409/4409 1808/1808 4421/4421
f 4422/4422 4423/4423 1823/1823
f 4424/4424 1769/1769 1770/1770
f 1743/1743 1769/1769 4424/4424
f 1969/1969 1743/1743 4424/4424
f 4411/4411 4370/4370 4347/4347
f 1824/1824 1744/1744 1882/1882
f 1789/1789 1833/1833 1839/1839
f 1798/1798 1841/1841 1842/1842
f 1821/1821 1799/1799 4425/4425
f 4382/4382 1903/1903 4426/4426
f 4426/4426 1903/1903 1902/1902
f 1803/1803 4362/4362 4414/4414
f 4427/4427 4384/4384 4352/4352
f 4427/4427 4352/4352 4375/4375
f 4375/4375 4416/4416 2028/2028
f 4377/4377 4396/4396 1876/1876
f 4418/4418 4428/4428 4429/4429
f 4398/4398 4378/4378 4430/4430
f 1823/1823 1768/1768 1843/1843
f 4422/4422 1823/1823 1931/1931
f 1909/1909 1770/1770 1910/1910
f 4424/4424 1770/1770 1909/1909
f 2010/2010 4356/4356 4431/4431
f 4356/4356 4346/4346 4432/4432
f 4432/4432 4346/4346 4410/4410
f 4389/4389 4390/4390 4433/4433
f 4433/4433 4390/4390 4391/4391
f 4391/4391 1888/1888 2130/2130
f 1796/1796 1839/1839 1797/1797
f 4394/4394 4404/4404 4434/4434
f 4435/4435 4394/4394 4434/4434
f 4404/4404 1822/1822 4436/4436
f 4434/4434 4404/4404 4436/4436
f 4436/4436 1822/1822 1821/1821
f 4437/4437 1821/1821 4425/4425
f 1965/1965 1901/1901 1900/1900
f 1904/1904 4374/4374 4438/4438
f 4414/4414 4383/4383 4382/4382
f 4415/4415 1803/1803 4414/4414
f 4407/4407 4418/4418 4439/4439
f 4429/4429 4428/4428 4440/4440
f 4430/4430 4378/4378 4419/4419
f 4441/4441 4405/4405 4407/4407
f 4400/4400 4405/4405 4441/4441
f 1910/1910 4408/4408 1908/1908
f 1931/1931 1823/1823 1843/1843
f 1880/1880 1743/1743 1969/1969
f 4410/4410 4370/4370 4411/4411
f 4412/4412 4348/4348 4413/4413
f 1772/1772 1746/1746 1932/1932
f 4413/4413 1749/1749 4386/4386
f 4442/4442 4386/4386 4387/4387
f 1934/1934 1848/1848 4392/4392
f 4443/4443 1752/1752 1915/1915
f 4435/4435 4434/4434 1961/1961
f 1961/1961 4434/4434 4436/4436
f 4437/4437 4436/4436 1821/1821
f 4438/4438 4374/4374 4444/4444
f 4444/4444 4374/4374 4395/4395
f 1905/1905 1805/1805 4415/4415
f 4439/4439 4418/4418 4429/4429
f 4430/4430 4419/4419 4445/4445
f 4431/4431 4356/4356 4432/4432
f 4413/4413 4386/4386 4446/4446
f 4388/4388 4389/4389 4447/4447
f 4389/4389 4433/4433 4447/4447
f 4433/4433 4391/4391 4448/4448
f 4449/4449 4436/4436 4437/4437
f 4425/4425 4449/4449 4437/4437
f 4414/4414 4382/4382 4450/4450
f 4395/4395 4384/4384 4451/4451
f 4415/4415 4414/4414 4452/4452
f 4384/4384 4427/4427 4453/4453
f 4453/4453 4427/4427 4375/4375
f 2027/2027 4375/4375 2028/2028
f 2028/2028 4416/4416 2046/2046
f 4454/4454 4417/4417 1877/1877
f 1967/1967 1878/1878 1879/1879
f 4455/4455 4407/4407 4439/4439
f 4441/4441 4407/4407 4456/4456
f 4445/4445 4419/4419 4420/4420
f 4396/4396 4354/4354 2009/2009
f 4420/4420 4399/4399 4409/4409
f 4409/4409 4421/4421 4457/4457
f 4458/4458 4422/4422 1931/1931
f 1970/1970 1909/1909 4459/4459
f 4424/4424 1909/1909 1970/1970
f 1970/1970 1969/1969 4424/4424
f 1880/1880 1969/1969 1968/1968
f 1882/1882 1881/1881 1971/1971
f 4412/4412 4413/4413 4446/4446
f 4387/4387 4371/4371 4460/4460
f 4447/4447 4433/4433 4448/4448
f 4448/4448 4391/4391 2130/2130
f 2130/2130 1888/1888 1887/1887
f 1889/1889 1856/1856 1980/1980
f 1925/1925 1924/1924 1960/1960
f 1961/1961 1963/1963 4435/4435
f 4461/4461 1962/1962 1961/1961
f 4461/4461 1961/1961 4436/4436
f 4461/4461 4436/4436 4449/4449
f 1964/1964 1900/1900 1966/1966
f 4450/4450 4426/4426 4462/4462
f 1902/1902 1904/1904 4463/4463
f 4463/4463 1904/1904 4438/4438
f 4450/4450 4382/4382 4426/4426
f 4451/4451 4384/4384 4453/4453
f 4464/4464 4415/4415 4452/4452
f 4453/4453 4375/4375 2027/2027
f 1905/1905 4415/4415 4465/4465
f 4466/4466 1877/1877 1876/1876
f 1876/1876 4396/4396 4466/4466
f 4456/4456 4407/4407 4455/4455
f 1930/1930 1843/1843 1944/1944
f 4467/4467 4420/4420 4409/4409
f 2009/2009 4354/4354 2010/2010
f 4459/4459 1909/1909 1908/1908
f 2011/2011 2010/2010 4431/4431
f 1945/1945 1880/1880 1968/1968
f 4411/4411 4412/4412 4468/4468
f 4446/4446 4386/4386 4469/4469
f 4371/4371 4388/4388 4470/4470
f 4470/4470 4388/4388 4447/4447
f 4471/4471 1934/1934 2065/2065
f 1960/1960 1987/1987 1925/1925
f 1925/1925 1987/1987 4472/4472
f 2008/2008 4473/4473 2006/2006
f 2006/2006 4473/4473 4474/4474
f 1925/1925 4472/4472 4475/4475
f 1926/1926 1925/1925 4475/4475
f 1928/1928 4476/4476 1966/1966
f 4463/4463 4438/4438 4444/4444
f 4452/4452 4414/4414 4477/4477
f 4465/4465 4415/4415 4464/4464
f 1990/1990 1905/1905 4465/4465
f 1907/1907 1905/1905 1990/1990
f 4454/4454 1877/1877 4478/4478
f 4396/4396 2009/2009 4466/4466
f 4445/4445 4420/4420 4479/4479
f 4480/4480 4400/4400 4441/4441
f 4479/4479 4420/4420 4467/4467
f 4408/4408 4400/4400 4481/4481
f 1908/1908 4408/4408 4481/4481
f 4371/4371 4470/4470 4460/4460
f 4472/4472 1987/1987 2005/2005
f 4472/4472 2005/2005 4482/4482
f 4483/4483 2007/2007 2006/2006
f 4483/4483 2006/2006 4484/4484
f 4472/4472 4482/4482 4475/4475
f 4476/4476 4483/4483 4484/4484
f 4484/4484 2006/2006 4474/4474
f 4484/4484 4474/4474 1964/1964
f 4476/4476 4484/4484 1966/1966
f 1966/1966 4484/4484 1964/1964
f 4462/4462 4426/4426 1902/1902
f 4477/4477 4414/4414 4450/4450
f 4444/4444 4395/4395 4451/4451
f 4485/4485 4451/4451 4453/4453
f 2044/2044 4453/4453 2027/2027
f 4455/4455 4439/4439 4429/4429
f 4455/4455 4429/4429 4486/4486
f 4487/4487 4429/4429 4440/4440
f 4487/4487 4440/4440 2089/2089
f 4480/4480 4441/4441 4456/4456
f 4488/4488 4489/4489 4458/4458
f 4488/4488 4458/4458 4490/4490
f 4491/4491 4431/4431 4432/4432
f 4432/4432 4410/4410 4492/4492
f 4442/4442 4387/4387 4493/4493
f 2087/2087 4463/4463 4444/4444
f 2076/2076 4452/4452 4494/4494
f 4452/4452 4477/4477 4494/4494
f 4464/4464 4452/4452 2076/2076
f 2075/2075 4464/4464 2076/2076
f 4465/4465 4464/4464 2075/2075
f 2028/2028 2046/2046 2029/2029
f 4478/4478 1877/1877 4466/4466
f 4456/4456 4455/4455 4495/4495
f 2089/2089 4496/4496 2090/2090
f 4496/4496 4497/4497 2090/2090
f 4498/4498 1930/1930 1944/1944
f 4481/4481 4400/4400 4480/4480
f 4458/4458 1931/1931 4498/4498
f 1931/1931 1930/1930 4498/4498
f 4459/4459 1908/1908 4481/4481
f 1968/1968 1970/1970 2057/2057
f 2058/2058 1945/1945 1968/1968
f 4492/4492 4410/4410 4411/4411
f 4499/4499 4412/4412 4446/4446
f 4469/4469 4386/4386 4442/4442
f 4493/4493 4387/4387 4460/4460
f 4462/4462 1902/1902 4500/4500
f 4500/4500 1902/1902 4463/4463
f 4477/4477 4450/4450 2163/2163
f 4501/4501 4451/4451 4485/4485
f 4485/4485 4453/4453 2044/2044
f 1990/1990 4465/4465 4502/4502
f 4503/4503 4454/4454 4478/4478
f 4504/4504 1944/1944 1967/1967
f 4505/4505 4466/4466 2009/2009
f 4480/4480 4456/4456 4495/4495
f 2009/2009 2011/2011 4506/4506
f 4507/4507 4508/4508 4509/4509
f 4490/4490 4458/4458 4498/4498
f 2011/2011 4431/4431 4510/4510
f 1970/1970 4459/4459 4511/4511
f 4510/4510 4431/4431 4491/4491
f 2057/2057 1970/1970 4511/4511
f 1971/1971 1945/1945 2058/2058
f 4460/4460 4470/4470 4512/4512
f 2067/2067 4471/4471 2065/2065
f 2163/2163 4450/4450 4462/4462
f 2087/2087 4444/4444 2088/2088
f 2088/2088 4444/4444 4451/4451
f 2045/2045 2029/2029 4513/4513
f 4513/4513 2029/2029 2047/2047
f 1967/1967 2048/2048 4504/4504
f 4514/4514 4478/4478 4466/4466
f 4486/4486 4429/4429 4487/4487
f 4498/4498 1944/1944 4504/4504
f 4505/4505 2009/2009 4506/4506
f 4497/4497 4488/4488 4515/4515
f 4459/4459 4481/4481 4516/4516
f 4511/4511 4459/4459 4517/4517
f 4518/4518 4432/4432 4492/4492
f 4492/4492 4411/4411 4468/4468
f 4468/4468 4412/4412 4499/4499
f 4494/4494 4477/4477 2163/2163
f 4501/4501 4485/4485 4519/4519
f 4519/4519 4485/4485 4520/4520
f 4520/4520 4485/4485 2044/2044
f 4520/4520 2044/2044 2045/2045
f 4502/4502 4465/4465 2075/2075
f 2048/2048 1990/1990 4502/4502
f 4466/4466 4505/4505 4514/4514
f 4487/4487 2089/2089 2091/2091
f 4521/4521 4509/4509 4522/4522
f 4507/4507 4509/4509 4521/4521
f 4515/4515 4488/4488 4490/4490
f 4515/4515 4490/4490 4523/4523
f 4517/4517 4459/4459 4516/4516
f 4499/4499 4446/4446 4524/4524
f 2088/2088 4451/4451 4525/4525
f 4525/4525 4451/4451 4501/4501
f 4520/4520 2045/2045 4526/4526
f 4527/4527 2045/2045 4513/4513
f 4528/4528 4503/4503 4529/4529
f 2048/2048 4502/4502 4530/4530
f 4529/4529 4503/4503 4531/4531
f 4503/4503 4478/4478 4531/4531
f 4531/4531 4478/4478 4514/4514
f 4532/4532 4504/4504 2048/2048
f 4533/4533 4455/4455 4486/4486
f 4498/4498 4504/4504 4532/4532
f 4522/4522 4534/4534 4535/4535
f 4491/4491 4432/4432 4518/4518
f 2058/2058 2057/2057 4536/4536
f 4537/4537 4468/4468 4499/4499
f 4448/4448 2130/2130 2129/2129
f 2163/2163 4462/4462 4538/4538
f 4538/4538 4462/4462 4500/4500
f 4500/4500 4463/4463 4539/4539
f 4539/4539 4463/4463 2087/2087
f 2086/2086 2088/2088 4540/4540
f 2076/2076 4494/4494 4541/4541
f 4519/4519 4520/4520 4542/4542
f 4542/4542 4520/4520 4526/4526
f 4526/4526 2045/2045 4527/4527
f 4502/4502 2075/2075 4543/4543
f 4544/4544 4528/4528 4529/4529
f 4533/4533 4486/4486 4545/4545
f 4486/4486 4487/4487 4546/4546
f 4487/4487 2091/2091 4546/4546
f 4547/4547 4498/4498 4532/4532
f 4548/4548 2090/2090 4497/4497
f 4505/4505 4506/4506 4549/4549
f 4523/4523 4490/4490 4547/4547
f 4490/4490 4498/4498 4547/4547
f 4549/4549 4506/4506 2011/2011
f 4549/4549 2011/2011 4510/4510
f 4550/4550 2057/2057 4511/4511
f 4524/4524 4446/4446 4469/4469
f 4493/4493 4460/4460 4512/4512
f 4551/4551 4447/4447 4448/4448
f 4551/4551 4448/4448 2129/2129
f 2130/2130 1887/1887 2128/2128
f 1887/1887 4552/4552 2451/2451
f 2128/2128 1887/1887 2451/2451
f 4541/4541 4494/4494 2162/2162
f 2162/2162 4494/4494 2163/2163
f 4525/4525 4501/4501 4519/4519
f 2075/2075 2074/2074 2166/2166
f 4543/4543 2075/2075 2166/2166
f 4530/4530 4502/4502 4553/4553
f 4532/4532 2048/2048 4530/4530
f 4546/4546 2091/2091 4554/4554
f 4522/4522 4535/4535 4555/4555
f 2091/2091 2090/2090 4548/4548
f 4548/4548 4497/4497 4515/4515
f 4505/4505 4549/4549 4556/4556
f 4557/4557 4515/4515 4523/4523
f 4536/4536 2057/2057 4550/4550
f 4537/4537 4492/4492 4468/4468
f 2294/2294 4500/4500 4539/4539
f 4539/4539 2087/2087 2086/2086
f 2088/2088 4525/4525 4558/4558
f 2074/2074 2076/2076 4541/4541
f 4542/4542 4526/4526 4527/4527
f 4559/4559 4528/4528 4544/4544
f 4553/4553 4502/4502 4543/4543
f 4560/4560 4532/4532 4530/4530
f 4531/4531 4514/4514 4556/4556
f 4521/4521 4522/4522 4561/4561
f 4561/4561 4522/4522 4555/4555
f 2137/2137 4562/4562 4563/4563
f 4564/4564 4518/4518 4492/4492
f 4565/4565 4447/4447 4551/4551
f 2163/2163 4538/4538 2164/2164
f 4538/4538 4500/4500 2294/2294
f 4540/4540 2088/2088 4566/4566
f 4567/4567 4540/4540 4566/4566
f 4566/4566 2088/2088 4558/4558
f 4558/4558 4525/4525 4568/4568
f 4568/4568 4525/4525 4519/4519
f 4568/4568 4519/4519 4542/4542
f 4569/4569 4559/4559 4544/4544
f 4560/4560 4530/4530 4553/4553
f 4544/4544 4529/4529 4570/4570
f 4545/4545 4486/4486 4546/4546
f 4554/4554 2091/2091 4548/4548
f 4571/4571 4547/4547 4532/4532
f 4548/4548 4515/4515 4572/4572
f 4514/4514 4505/4505 4556/4556
f 4572/4572 4515/4515 4557/4557
f 4507/4507 4521/4521 4573/4573
f 4562/4562 4507/4507 4574/4574
f 4510/4510 4491/4491 4575/4575
f 4575/4575 4491/4491 4518/4518
f 2440/2440 4576/4576 2139/2139
f 4577/4577 4518/4518 4564/4564
f 4578/4578 4493/4493 4512/4512
f 4470/4470 4447/4447 4565/4565
f 2294/2294 4539/4539 4579/4579
f 4580/4580 2086/2086 4540/4540
f 2165/2165 2074/2074 4541/4541
f 4581/4581 4542/4542 4527/4527
f 4553/4553 4543/4543 4582/4582
f 4555/4555 4535/4535 4583/4583
f 4583/4583 4584/4584 4585/4585
f 4585/4585 4584/4584 4586/4586
f 4571/4571 4532/4532 4587/4587
f 4573/4573 4521/4521 4561/4561
f 4588/4588 4547/4547 4571/4571
f 4557/4557 4523/4523 4588/4588
f 4588/4588 4523/4523 4547/4547
f 4574/4574 4507/4507 4573/4573
f 4589/4589 4510/4510 4575/4575
f 2138/2138 2137/2137 4563/4563
f 2146/2146 2092/2092 4590/4590
f 2146/2146 4590/4590 2296/2296
f 4564/4564 4492/4492 4537/4537
f 2093/2093 2146/2146 2167/2167
f 2128/2128 2451/2451 2450/2450
f 2164/2164 4538/4538 2294/2294
f 4579/4579 4539/4539 2086/2086
f 4579/4579 2086/2086 4580/4580
f 4580/4580 4540/4540 4567/4567
f 4566/4566 4558/4558 4591/4591
f 4568/4568 4542/4542 4581/4581
f 4592/4592 4543/4543 2166/2166
f 4581/4581 4527/4527 4593/4593
f 4594/4594 4570/4570 4529/4529
f 4587/4587 4532/4532 4560/4560
f 4595/4595 4531/4531 4596/4596
f 4531/4531 4556/4556 4596/4596
f 4597/4597 4554/4554 4548/4548
f 4563/4563 4562/4562 4574/4574
f 4549/4549 4510/4510 4589/4589
f 4537/4537 4499/4499 4598/4598
f 4599/4599 4469/4469 4442/4442
f 4599/4599 4442/4442 4600/4600
f 4442/4442 4493/4493 4600/4600
f 4600/4600 4493/4493 4578/4578
f 4470/4470 4565/4565 4601/4601
f 2129/2129 2128/2128 2450/2450
f 2254/2254 2198/2198 2197/2197
f 4591/4591 4558/4558 4568/4568
f 4543/4543 4592/4592 2572/2572
f 4582/4582 4543/4543 2572/2572
f 4569/4569 4544/4544 4602/4602
f 4544/4544 4570/4570 4602/4602
f 4529/4529 4531/4531 4594/4594
f 4594/4594 4531/4531 4595/4595
f 4583/4583 4585/4585 4603/4603
f 4561/4561 4555/4555 4604/4604
f 4605/4605 4573/4573 4561/4561
f 4572/4572 4557/4557 4606/4606
f 4606/4606 4557/4557 4588/4588
f 2138/2138 4563/4563 2733/2733
f 4575/4575 4518/4518 4577/4577
f 4598/4598 4499/4499 4524/4524
f 4524/4524 4469/4469 4599/4599
f 4512/4512 4470/4470 4601/4601
f 2314/2314 4607/4607 4608/4608
f 4608/4608 4607/4607 4609/4609
f 4608/4608 4609/4609 4610/4610
f 2320/2320 2319/2319 2313/2313
f 2333/2333 2335/2335 2330/2330
f 2332/2332 2250/2250 2257/2257
f 2332/2332 2257/2257 2265/2265
f 2292/2292 2291/2291 2409/2409
f 2293/2293 2294/2294 4579/4579
f 4567/4567 4566/4566 4591/4591
f 4611/4611 4568/4568 4581/4581
f 4592/4592 2166/2166 2165/2165
f 4553/4553 4582/4582 4612/4612
f 4570/4570 4594/4594 4602/4602
f 4571/4571 4587/4587 4613/4613
f 4595/4595 4596/4596 4614/4614
f 4604/4604 4555/4555 4615/4615
f 4615/4615 4555/4555 4583/4583
f 4615/4615 4583/4583 4603/4603
f 4585/4585 4586/4586 4616/4616
f 4614/4614 4596/4596 4617/4617
f 4605/4605 4561/4561 4604/4604
f 4618/4618 4548/4548 4572/4572
f 4619/4619 4574/4574 4573/4573
f 4563/4563 4574/4574 2731/2731
f 2733/2733 4563/4563 2731/2731
f 2295/2295 2138/2138 2733/2733
f 2172/2172 2153/2153 2453/2453
f 2312/2312 2314/2314 4608/4608
f 4610/4610 4609/4609 4620/4620
f 2320/2320 2313/2313 2312/2312
f 2325/2325 2323/2323 4621/4621
f 4622/4622 2326/2326 2325/2325
f 2316/2316 2324/2324 2340/2340
f 2333/2333 2330/2330 2328/2328
f 4623/4623 2334/2334 2333/2333
f 2340/2340 2339/2339 2472/2472
f 4579/4579 4580/4580 4624/4624
f 2162/2162 2164/2164 2429/2429
f 4541/4541 2162/2162 2165/2165
f 4625/4625 4580/4580 4567/4567
f 4591/4591 4568/4568 4626/4626
f 4592/4592 2165/2165 2508/2508
f 4627/4627 4592/4592 2508/2508
f 4628/4628 4569/4569 4629/4629
f 4629/4629 4569/4569 4602/4602
f 4560/4560 4553/4553 4612/4612
f 4613/4613 4587/4587 4560/4560
f 4616/4616 4586/4586 4630/4630
f 4618/4618 4597/4597 4548/4548
f 4631/4631 4632/4632 4633/4633
f 4633/4633 4632/4632 4634/4634
f 4606/4606 4588/4588 4635/4635
f 4635/4635 4588/4588 4571/4571
f 4617/4617 4596/4596 4556/4556
f 4617/4617 4556/4556 4549/4549
f 2731/2731 4574/4574 4619/4619
f 2441/2441 2139/2139 2295/2295
f 2440/2440 2139/2139 2441/2441
f 2519/2519 2155/2155 2307/2307
f 4636/4636 2312/2312 4608/4608
f 4637/4637 2320/2320 4638/4638
f 2320/2320 2312/2312 4638/4638
f 4639/4639 2318/2318 4637/4637
f 2318/2318 2320/2320 4637/4637
f 2317/2317 2316/2316 2464/2464
f 4640/4640 2318/2318 4639/4639
f 4641/4641 2243/2243 4640/4640
f 2243/2243 2318/2318 4640/4640
f 2463/2463 2243/2243 4641/4641
f 4621/4621 2323/2323 2463/2463
f 4622/4622 2325/2325 4621/4621
f 2464/2464 2340/2340 4642/4642
f 2465/2465 2326/2326 4622/4622
f 4643/4643 2328/2328 2465/2465
f 2466/2466 2328/2328 4643/4643
f 4642/4642 2340/2340 2472/2472
f 4623/4623 2333/2333 2466/2466
f 2467/2467 2334/2334 4623/4623
f 2475/2475 2476/2476 4644/4644
f 2476/2476 2477/2477 2529/2529
f 2477/2477 2479/2479 2482/2482
f 4645/4645 2293/2293 4579/4579
f 4645/4645 4579/4579 4624/4624
f 2429/2429 2164/2164 4646/4646
f 2164/2164 2293/2293 4646/4646
f 4624/4624 4580/4580 4647/4647
f 4647/4647 4580/4580 4625/4625
f 2505/2505 2425/2425 2507/2507
f 4625/4625 4567/4567 4648/4648
f 4648/4648 4567/4567 4591/4591
f 4626/4626 4568/4568 4611/4611
f 2572/2572 4592/4592 4627/4627
f 4612/4612 4582/4582 2572/2572
f 4649/4649 4560/4560 4612/4612
f 4613/4613 4560/4560 4649/4649
f 4594/4594 4595/4595 4614/4614
f 4603/4603 4585/4585 4650/4650
f 4650/4650 4585/4585 4616/4616
f 4635/4635 4571/4571 4613/4613
f 4651/4651 4573/4573 4605/4605
f 4651/4651 4619/4619 4573/4573
f 4617/4617 4549/4549 4589/4589
f 4564/4564 4537/4537 4652/4652
f 4551/4551 2129/2129 4653/4653
f 2231/2231 2462/2462 2161/2161
f 4638/4638 2312/2312 4636/4636
f 4654/4654 2464/2464 4642/4642
f 4655/4655 2465/2465 4622/4622
f 2645/2645 2465/2465 4655/4655
f 4643/4643 2465/2465 2645/2645
f 4656/4656 2466/2466 4643/4643
f 4656/4656 4623/4623 2466/2466
f 4642/4642 2472/2472 4657/4657
f 4657/4657 2472/2472 4658/4658
f 2472/2472 2471/2471 4658/4658
f 4658/4658 2471/2471 4659/4659
f 2471/2471 2475/2475 4659/4659
f 2475/2475 4644/4644 4659/4659
f 4644/4644 2476/2476 2529/2529
f 2533/2533 2534/2534 4660/4660
f 2595/2595 2534/2534 2536/2536
f 2536/2536 2544/2544 2594/2594
f 4661/4661 4662/4662 4663/4663
f 4648/4648 4591/4591 4626/4626
f 4664/4664 4665/4665 4666/4666
f 2614/2614 2572/2572 2616/2616
f 2616/2616 2572/2572 4627/4627
f 4667/4667 4628/4628 4629/4629
f 2573/2573 2572/2572 2614/2614
f 4612/4612 2572/2572 2574/2574
f 4600/4600 4578/4578 4668/4668
f 4636/4636 4608/4608 4669/4669
f 4669/4669 4608/4608 4610/4610
f 4610/4610 4620/4620 4670/4670
f 4669/4669 4610/4610 4670/4670
f 4671/4671 4637/4637 4638/4638
f 4672/4672 4673/4673 4674/4674
f 4671/4671 4639/4639 4637/4637
f 4675/4675 4676/4676 4677/4677
f 4640/4640 4639/4639 4678/4678
f 2463/2463 4641/4641 4679/4679
f 4679/4679 4621/4621 2463/2463
f 4677/4677 4680/4680 4681/4681
f 2645/2645 4655/4655 2646/2646
f 4656/4656 4643/4643 2645/2645
f 4681/4681 4680/4680 4682/4682
f 4683/4683 2467/2467 4623/4623
f 4683/4683 4623/4623 4656/4656
f 4684/4684 2582/2582 2581/2581
f 4682/4682 4685/4685 4686/4686
f 4687/4687 4685/4685 4688/4688
f 2474/2474 2526/2526 2584/2584
f 2356/2356 2474/2474 2585/2585
f 4689/4689 4688/4688 4690/4690
f 4691/4691 4690/4690 4692/4692
f 4691/4691 4692/4692 4693/4693
f 4692/4692 4694/4694 4693/4693
f 2370/2370 2478/2478 2528/2528
f 4695/4695 4694/4694 4696/4696
f 4695/4695 4696/4696 4697/4697
f 2378/2378 2532/2532 2587/2587
f 4698/4698 4696/4696 4699/4699
f 4698/4698 4699/4699 4700/4700
f 4660/4660 2534/2534 2595/2595
f 2653/2653 2595/2595 2594/2594
f 2394/2394 2543/2543 2545/2545
f 2652/2652 2594/2594 2596/2596
f 2655/2655 2596/2596 2598/2598
f 2654/2654 2598/2598 2600/2600
f 4663/4663 4701/4701 4702/4702
f 4703/4703 4663/4663 4702/4702
f 4704/4704 4705/4705 4661/4661
f 4706/4706 4707/4707 4708/4708
f 2601/2601 2554/2554 4709/4709
f 4710/4710 4711/4711 4712/4712
f 4627/4627 2508/2508 4713/4713
f 4714/4714 4664/4664 4666/4666
f 2616/2616 4627/4627 2669/2669
f 2711/2711 4612/4612 2574/2574
f 4602/4602 4594/4594 4715/4715
f 4715/4715 4594/4594 4716/4716
f 4717/4717 4613/4613 4649/4649
f 4716/4716 4594/4594 4614/4614
f 4603/4603 4650/4650 4718/4718
f 4719/4719 4635/4635 4613/4613
f 4605/4605 4604/4604 4720/4720
f 4721/4721 4631/4631 4722/4722
f 4722/4722 4631/4631 4633/4633
f 4633/4633 4634/4634 4722/4722
f 4722/4722 4634/4634 4723/4723
f 4724/4724 4606/4606 4635/4635
f 4725/4725 4617/4617 4589/4589
f 2731/2731 4619/4619 4726/4726
f 4727/4727 2295/2295 2733/2733
f 2441/2441 2295/2295 4727/4727
f 4577/4577 4564/4564 4652/4652
f 2443/2443 2297/2297 2625/2625
f 4652/4652 4537/4537 4598/4598
f 4599/4599 4600/4600 4728/4728
f 4729/4729 4638/4638 4636/4636
f 4729/4729 4636/4636 4669/4669
f 4671/4671 4638/4638 4729/4729
f 4675/4675 4677/4677 4730/4730
f 4639/4639 4671/4671 4678/4678
f 4641/4641 4640/4640 4678/4678
f 4679/4679 4641/4641 4678/4678
f 4730/4730 4677/4677 4681/4681
f 4622/4622 4621/4621 4679/4679
f 4730/4730 4681/4681 4731/4731
f 4732/4732 4622/4622 4679/4679
f 2646/2646 4655/4655 4732/4732
f 4655/4655 4622/4622 4732/4732
f 4733/4733 4734/4734 4735/4735
f 4656/4656 2645/2645 2647/2647
f 4736/4736 4737/4737 4738/4738
f 2580/2580 4737/4737 4736/4736
f 2648/2648 2580/2580 4736/4736
f 4681/4681 4682/4682 4686/4686
f 4739/4739 4684/4684 2581/2581
f 4739/4739 2581/2581 2650/2650
f 4687/4687 4686/4686 4685/4685
f 4740/4740 4739/4739 2650/2650
f 4741/4741 4740/4740 2650/2650
f 4741/4741 2650/2650 4742/4742
f 4743/4743 4741/4741 4742/4742
f 4687/4687 4688/4688 4689/4689
f 4743/4743 4742/4742 4744/4744
f 4745/4745 4743/4743 4744/4744
f 4745/4745 4744/4744 4746/4746
f 4691/4691 4689/4689 4690/4690
f 4691/4691 4693/4693 4747/4747
f 4745/4745 4746/4746 4748/4748
f 4749/4749 4745/4745 4748/4748
f 4747/4747 4693/4693 4694/4694
f 4695/4695 4747/4747 4694/4694
f 4749/4749 4748/4748 4750/4750
f 2528/2528 4751/4751 2532/2532
f 2532/2532 4751/4751 2586/2586
f 4697/4697 4696/4696 4698/4698
f 2587/2587 2586/2586 4752/4752
f 4697/4697 4698/4698 4753/4753
f 2535/2535 2587/2587 4752/4752
f 4698/4698 4700/4700 4754/4754
f 2535/2535 4752/4752 4755/4755
f 4756/4756 4700/4700 4757/4757
f 2535/2535 4755/4755 2537/2537
f 4758/4758 4759/4759 4760/4760
f 4761/4761 4762/4762 4763/4763
f 4762/4762 4764/4764 4763/4763
f 4763/4763 4764/4764 4765/4765
f 4763/4763 4765/4765 2588/2588
f 4766/4766 4767/4767 4768/4768
f 2588/2588 4765/4765 2589/2589
f 2590/2590 2592/2592 2591/2591
f 4769/4769 4757/4757 4770/4770
f 2546/2546 2593/2593 2597/2597
f 2652/2652 2596/2596 2655/2655
f 4703/4703 4661/4661 4663/4663
f 4702/4702 4701/4701 4706/4706
f 4702/4702 4706/4706 4708/4708
f 4708/4708 4707/4707 4771/4771
f 4771/4771 4707/4707 4710/4710
f 4712/4712 4711/4711 4664/4664
f 4772/4772 4773/4773 4774/4774
f 2562/2562 2551/2551 2658/2658
f 2669/2669 4627/4627 4713/4713
f 4666/4666 4665/4665 4775/4775
f 2562/2562 2658/2658 2567/2567
f 2567/2567 2658/2658 4776/4776
f 4667/4667 4629/4629 4777/4777
f 4778/4778 4612/4612 2711/2711
f 4629/4629 4602/4602 4779/4779
f 4777/4777 4629/4629 4779/4779
f 4779/4779 4602/4602 4715/4715
f 4780/4780 4649/4649 4778/4778
f 4649/4649 4612/4612 4778/4778
f 4717/4717 4649/4649 4780/4780
f 4718/4718 4650/4650 4781/4781
f 4781/4781 4650/4650 4616/4616
f 4782/4782 4616/4616 4630/4630
f 4725/4725 4614/4614 4617/4617
f 4720/4720 4604/4604 4783/4783
f 4721/4721 4630/4630 4631/4631
f 4651/4651 4605/4605 4720/4720
f 4726/4726 4619/4619 4651/4651
f 4784/4784 4589/4589 4575/4575
f 4784/4784 4575/4575 4785/4785
f 4785/4785 4575/4575 4577/4577
f 2623/2623 2441/2441 4727/4727
f 4786/4786 4524/4524 4599/4599
f 4578/4578 4512/4512 4601/4601
f 2635/2635 2307/2307 2638/2638
f 4787/4787 4788/4788 4789/4789
f 4789/4789 4788/4788 4675/4675
f 4790/4790 4671/4671 4729/4729
f 4791/4791 4675/4675 4730/4730
f 4678/4678 4671/4671 4790/4790
f 4792/4792 4793/4793 2698/2698
f 4794/4794 4791/4791 4730/4730
f 4795/4795 4792/4792 2700/2700
f 2700/2700 4792/4792 2698/2698
f 4796/4796 4791/4791 4794/4794
f 4794/4794 4730/4730 4731/4731
f 4734/4734 4795/4795 4797/4797
f 4797/4797 4795/4795 4798/4798
f 4798/4798 4795/4795 2700/2700
f 2700/2700 2699/2699 4799/4799
f 2700/2700 4799/4799 4798/4798
f 4796/4796 4800/4800 4801/4801
f 4735/4735 4734/4734 4797/4797
f 4799/4799 4797/4797 4798/4798
f 4802/4802 4735/4735 4797/4797
f 4802/4802 4797/4797 4799/4799
f 4803/4803 4804/4804 4800/4800
f 4796/4796 4794/4794 4805/4805
f 4805/4805 4794/4794 4731/4731
f 4806/4806 4803/4803 4800/4800
f 4738/4738 4733/4733 4807/4807
f 4807/4807 4733/4733 4735/4735
f 4807/4807 4735/4735 4802/4802
f 4808/4808 4802/4802 4799/4799
f 4809/4809 4807/4807 4802/4802
f 4809/4809 4802/4802 4808/4808
f 4806/4806 4800/4800 4810/4810
f 4810/4810 4800/4800 4796/4796
f 4810/4810 4796/4796 4805/4805
f 4736/4736 4738/4738 4809/4809
f 4809/4809 4738/4738 4807/4807
f 4736/4736 4809/4809 4811/4811
f 4812/4812 4806/4806 4810/4810
f 2648/2648 4736/4736 4811/4811
f 4731/4731 4681/4681 4686/4686
f 4809/4809 4808/4808 4813/4813
f 2581/2581 2648/2648 2649/2649
f 2648/2648 4811/4811 2649/2649
f 4811/4811 4809/4809 4813/4813
f 4810/4810 4805/4805 4814/4814
f 4814/4814 4805/4805 4731/4731
f 4812/4812 4810/4810 4815/4815
f 4814/4814 4731/4731 4686/4686
f 2649/2649 4811/4811 4816/4816
f 4811/4811 4813/4813 4817/4817
f 4815/4815 4810/4810 4814/4814
f 2650/2650 2649/2649 4816/4816
f 4816/4816 4811/4811 4817/4817
f 4813/4813 4808/4808 4818/4818
f 4814/4814 4686/4686 4819/4819
f 4742/4742 2650/2650 4816/4816
f 4819/4819 4686/4686 4687/4687
f 4820/4820 4813/4813 4818/4818
f 4816/4816 4817/4817 4821/4821
f 4817/4817 4813/4813 4820/4820
f 4812/4812 4815/4815 4822/4822
f 4742/4742 4816/4816 4821/4821
f 4815/4815 4814/4814 4822/4822
f 4822/4822 4814/4814 4819/4819
f 4819/4819 4687/4687 4823/4823
f 4744/4744 4742/4742 4821/4821
f 4821/4821 4817/4817 4820/4820
f 4822/4822 4819/4819 4824/4824
f 4824/4824 4819/4819 4823/4823
f 4823/4823 4687/4687 4689/4689
f 4821/4821 4820/4820 4825/4825
f 4823/4823 4689/4689 4826/4826
f 4824/4824 4823/4823 4827/4827
f 4744/4744 4821/4821 4825/4825
f 4827/4827 4823/4823 4826/4826
f 4746/4746 4744/4744 4825/4825
f 4826/4826 4689/4689 4691/4691
f 4828/4828 4825/4825 4820/4820
f 4820/4820 4818/4818 4829/4829
f 4827/4827 4826/4826 4691/4691
f 4822/4822 4830/4830 4831/4831
f 4746/4746 4825/4825 4748/4748
f 4748/4748 4825/4825 4828/4828
f 4832/4832 4820/4820 4829/4829
f 4827/4827 4691/4691 4833/4833
f 4833/4833 4691/4691 4747/4747
f 4834/4834 4828/4828 4820/4820
f 4748/4748 4828/4828 4835/4835
f 4835/4835 4828/4828 4834/4834
f 4834/4834 4820/4820 4836/4836
f 4836/4836 4820/4820 4832/4832
f 4833/4833 4747/4747 4837/4837
f 4837/4837 4747/4747 4695/4695
f 4750/4750 4748/4748 4835/4835
f 4835/4835 4834/4834 4836/4836
f 4750/4750 4835/4835 4838/4838
f 4838/4838 4835/4835 4836/4836
f 4839/4839 4750/4750 4838/4838
f 4837/4837 4695/4695 4697/4697
f 4836/4836 4832/4832 4840/4840
f 4841/4841 4842/4842 4843/4843
f 4843/4843 4842/4842 4844/4844
f 4753/4753 4837/4837 4697/4697
f 4845/4845 4839/4839 4838/4838
f 4838/4838 4836/4836 4846/4846
f 4845/4845 4838/4838 4846/4846
f 4846/4846 4836/4836 4847/4847
f 4847/4847 4836/4836 4840/4840
f 4848/4848 4841/4841 4843/4843
f 4849/4849 4846/4846 4847/4847
f 4840/4840 4850/4850 4851/4851
f 4847/4847 4840/4840 4851/4851
f 4845/4845 4846/4846 4849/4849
f 4849/4849 4847/4847 4851/4851
f 4754/4754 4753/4753 4698/4698
f 4852/4852 4753/4753 4754/4754
f 4759/4759 4845/4845 4849/4849
f 4849/4849 4851/4851 4853/4853
f 4853/4853 4851/4851 4854/4854
f 4756/4756 4754/4754 4700/4700
f 4759/4759 4849/4849 4853/4853
f 4854/4854 4851/4851 4855/4855
f 4855/4855 4841/4841 4848/4848
f 4848/4848 4843/4843 4856/4856
f 4759/4759 4853/4853 4760/4760
f 4760/4760 4853/4853 4857/4857
f 4853/4853 4854/4854 4857/4857
f 4857/4857 4854/4854 4858/4858
f 4855/4855 4848/4848 4859/4859
f 4765/4765 4764/4764 4860/4860
f 4854/4854 4855/4855 4861/4861
f 2589/2589 4765/4765 4860/4860
f 2589/2589 4860/4860 4862/4862
f 4858/4858 4854/4854 4863/4863
f 4863/4863 4854/4854 4861/4861
f 4861/4861 4855/4855 4864/4864
f 4864/4864 4855/4855 4859/4859
f 2589/2589 4862/4862 2592/2592
f 4861/4861 4864/4864 4865/4865
f 4863/4863 4861/4861 4865/4865
f 2592/2592 4862/4862 4866/4866
f 4859/4859 4848/4848 4867/4867
f 2592/2592 4866/4866 2651/2651
f 4864/4864 4859/4859 4867/4867
f 4865/4865 4864/4864 4868/4868
f 2651/2651 4866/4866 4869/4869
f 4867/4867 4848/4848 4870/4870
f 4770/4770 4871/4871 4872/4872
f 4868/4868 4864/4864 4873/4873
f 4873/4873 4864/4864 4867/4867
f 2651/2651 4869/4869 2597/2597
f 4873/4873 4867/4867 4870/4870
f 4868/4868 4873/4873 4874/4874
f 2597/2597 4869/4869 4875/4875
f 4871/4871 4876/4876 4877/4877
f 4873/4873 4870/4870 4878/4878
f 4874/4874 4873/4873 4879/4879
f 4878/4878 4870/4870 4880/4880
f 2597/2597 4875/4875 2599/2599
f 4879/4879 4873/4873 4878/4878
f 2599/2599 4875/4875 2657/2657
f 4878/4878 4880/4880 4881/4881
f 4882/4882 4883/4883 4884/4884
f 4885/4885 4874/4874 4879/4879
f 4884/4884 4883/4883 4772/4772
f 4886/4886 4878/4878 4881/4881
f 4704/4704 4661/4661 4703/4703
f 4885/4885 4879/4879 4887/4887
f 4879/4879 4878/4878 4887/4887
f 4888/4888 4705/4705 4704/4704
f 4771/4771 4710/4710 4712/4712
f 4887/4887 4878/4878 4886/4886
f 2662/2662 2702/2702 2663/2663
f 4884/4884 4772/4772 4774/4774
f 4713/4713 2508/2508 2429/2429
f 4712/4712 4664/4664 4714/4714
f 2658/2658 2657/2657 4889/4889
f 4887/4887 4886/4886 4890/4890
f 4891/4891 4892/4892 4893/4893
f 4892/4892 4888/4888 4893/4893
f 2658/2658 4889/4889 4894/4894
f 4890/4890 4886/4886 4895/4895
f 4896/4896 2661/2661 2605/2605
f 2658/2658 4894/4894 4776/4776
f 4776/4776 4894/4894 4897/4897
f 4776/4776 4897/4897 4898/4898
f 2620/2620 4899/4899 2622/2622
f 2622/2622 4899/4899 4896/4896
f 2622/2622 4896/4896 2605/2605
f 4716/4716 4614/4614 4900/4900
f 4719/4719 4613/4613 4717/4717
f 4783/4783 4604/4604 4901/4901
f 4901/4901 4604/4604 4615/4615
f 4901/4901 4615/4615 4603/4603
f 4901/4901 4603/4603 4718/4718
f 4781/4781 4616/4616 4782/4782
f 4782/4782 4630/4630 4721/4721
f 4724/4724 4635/4635 4719/4719
f 4598/4598 4524/4524 4786/4786
f 4565/4565 4551/4551 4902/4902
f 4902/4902 4551/4551 4653/4653
f 4903/4903 4787/4787 4789/4789
f 4903/4903 4789/4789 4801/4801
f 4801/4801 4789/4789 4791/4791
f 4791/4791 4789/4789 4675/4675
f 4793/4793 4787/4787 4904/4904
f 4904/4904 4787/4787 4903/4903
f 2698/2698 4793/4793 4904/4904
f 4904/4904 4903/4903 4804/4804
f 2699/2699 2698/2698 4904/4904
f 4804/4804 4903/4903 4801/4801
f 4801/4801 4791/4791 4796/4796
f 2699/2699 4904/4904 4804/4804
f 4905/4905 2699/2699 4804/4804
f 4800/4800 4804/4804 4801/4801
f 4799/4799 2699/2699 4905/4905
f 4905/4905 4804/4804 4803/4803
f 4808/4808 4799/4799 4905/4905
f 4808/4808 4905/4905 4906/4906
f 4906/4906 4905/4905 4907/4907
f 4907/4907 4905/4905 4803/4803
f 4907/4907 4803/4803 4806/4806
f 4818/4818 4808/4808 4906/4906
f 4907/4907 4806/4806 4812/4812
f 4818/4818 4906/4906 4829/4829
f 4908/4908 4907/4907 4812/4812
f 4906/4906 4907/4907 4908/4908
f 4829/4829 4906/4906 4908/4908
f 4908/4908 4812/4812 4822/4822
f 4822/4822 4824/4824 4830/4830
f 4830/4830 4824/4824 4827/4827
f 4908/4908 4822/4822 4831/4831
f 4830/4830 4827/4827 4909/4909
f 4829/4829 4908/4908 4842/4842
f 4842/4842 4908/4908 4831/4831
f 4909/4909 4827/4827 4833/4833
f 4909/4909 4833/4833 4910/4910
f 4911/4911 4829/4829 4842/4842
f 4842/4842 4831/4831 4844/4844
f 4912/4912 4830/4830 4909/4909
f 4832/4832 4829/4829 4911/4911
f 4911/4911 4842/4842 4850/4850
f 4844/4844 4831/4831 4830/4830
f 4844/4844 4830/4830 4912/4912
f 4832/4832 4911/4911 4840/4840
f 4910/4910 4833/4833 4837/4837
f 4840/4840 4911/4911 4850/4850
f 4912/4912 4909/4909 4913/4913
f 4909/4909 4910/4910 4913/4913
f 4850/4850 4842/4842 4841/4841
f 4843/4843 4844/4844 4912/4912
f 4913/4913 4910/4910 4914/4914
f 4910/4910 4837/4837 4915/4915
f 4914/4914 4910/4910 4915/4915
f 4915/4915 4837/4837 4753/4753
f 4855/4855 4850/4850 4841/4841
f 4916/4916 4843/4843 4912/4912
f 4916/4916 4912/4912 4913/4913
f 4856/4856 4843/4843 4916/4916
f 4915/4915 4753/4753 4852/4852
f 4914/4914 4915/4915 4852/4852
f 4851/4851 4850/4850 4855/4855
f 4916/4916 4913/4913 4914/4914
f 4914/4914 4852/4852 4917/4917
f 4916/4916 4914/4914 4917/4917
f 4856/4856 4916/4916 4918/4918
f 4917/4917 4852/4852 4754/4754
f 4919/4919 4916/4916 4917/4917
f 4917/4917 4754/4754 4920/4920
f 4920/4920 4754/4754 4756/4756
f 4918/4918 4916/4916 4919/4919
f 4848/4848 4856/4856 4918/4918
f 4920/4920 4756/4756 4769/4769
f 4919/4919 4917/4917 4921/4921
f 4870/4870 4848/4848 4918/4918
f 4920/4920 4769/4769 4922/4922
f 4923/4923 4920/4920 4922/4922
f 4922/4922 4769/4769 4770/4770
f 4924/4924 4919/4919 4921/4921
f 4922/4922 4770/4770 4872/4872
f 4870/4870 4918/4918 4880/4880
f 4880/4880 4918/4918 4925/4925
f 4918/4918 4919/4919 4926/4926
f 4926/4926 4919/4919 4924/4924
f 4925/4925 4918/4918 4926/4926
f 4872/4872 4871/4871 4877/4877
f 4877/4877 4876/4876 4883/4883
f 4877/4877 4883/4883 4882/4882
f 4880/4880 4925/4925 4927/4927
f 4881/4881 4880/4880 4927/4927
f 4881/4881 4927/4927 4886/4886
f 4928/4928 4927/4927 4929/4929
f 4930/4930 4704/4704 4703/4703
f 4886/4886 4927/4927 4928/4928
f 4888/4888 4704/4704 2784/2784
f 4931/4931 4708/4708 4771/4771
f 4932/4932 4928/4928 4929/4929
f 4932/4932 4929/4929 4933/4933
f 4929/4929 4934/4934 4933/4933
f 2719/2719 2662/2662 2661/2661
f 4884/4884 4774/4774 4935/4935
f 4886/4886 4928/4928 4895/4895
f 4895/4895 4928/4928 4932/4932
f 4936/4936 4891/4891 4937/4937
f 4937/4937 4891/4891 4893/4893
f 4667/4667 4777/4777 4938/4938
f 4715/4715 4716/4716 4900/4900
f 4901/4901 4718/4718 4939/4939
f 4940/4940 4718/4718 4781/4781
f 4900/4900 4614/4614 4725/4725
f 4725/4725 4589/4589 4941/4941
f 2732/2732 2731/2731 4726/4726
f 4941/4941 4589/4589 4784/4784
f 4727/4727 2733/2733 4942/4942
f 4943/4943 4917/4917 4920/4920
f 4921/4921 4917/4917 4943/4943
f 4943/4943 4920/4920 4923/4923
f 4943/4943 4923/4923 4944/4944
f 4944/4944 4923/4923 4922/4922
f 4924/4924 4921/4921 4943/4943
f 4943/4943 4944/4944 4945/4945
f 4946/4946 4943/4943 4945/4945
f 4944/4944 4922/4922 4872/4872
f 4924/4924 4943/4943 4947/4947
f 4947/4947 4943/4943 4946/4946
f 4944/4944 4872/4872 4948/4948
f 4945/4945 4944/4944 4948/4948
f 4948/4948 4872/4872 4877/4877
f 4947/4947 4946/4946 4949/4949
f 4950/4950 4926/4926 4924/4924
f 4948/4948 4877/4877 4951/4951
f 4950/4950 4924/4924 4947/4947
f 4925/4925 4926/4926 4950/4950
f 4950/4950 4947/4947 4952/4952
f 4927/4927 4925/4925 4950/4950
f 4952/4952 4947/4947 4949/4949
f 4927/4927 4950/4950 4953/4953
f 4952/4952 4949/4949 4954/4954
f 4953/4953 4950/4950 4952/4952
f 4951/4951 4877/4877 4882/4882
f 4953/4953 4952/4952 4954/4954
f 4951/4951 4882/4882 4955/4955
f 4955/4955 4882/4882 4884/4884
f 4927/4927 4953/4953 4929/4929
f 4953/4953 4954/4954 4956/4956
f 4956/4956 4954/4954 4957/4957
f 4957/4957 4954/4954 4958/4958
f 4929/4929 4953/4953 4934/4934
f 4934/4934 4953/4953 4956/4956
f 4957/4957 4958/4958 4959/4959
f 4958/4958 2723/2723 4959/4959
f 2704/2704 2721/2721 2706/2706
f 4702/4702 4708/4708 4931/4931
f 4931/4931 4771/4771 4712/4712
f 4931/4931 4712/4712 4960/4960
f 4961/4961 4955/4955 4884/4884
f 2724/2724 2723/2723 4962/4962
f 4961/4961 4884/4884 4935/4935
f 2786/2786 4893/4893 4888/4888
f 2724/2724 4962/4962 4963/4963
f 4964/4964 4935/4935 4774/4774
f 4965/4965 4936/4936 4937/4937
f 4965/4965 4937/4937 4966/4966
f 4937/4937 4893/4893 2786/2786
f 4966/4966 4937/4937 2786/2786
f 4938/4938 4777/4777 4779/4779
f 4967/4967 4968/4968 4969/4969
f 2773/2773 4968/4968 4967/4967
f 2772/2772 4970/4970 2773/2773
f 2775/2775 4970/4970 2772/2772
f 4971/4971 4782/4782 4721/4721
f 4972/4972 4720/4720 4973/4973
f 4723/4723 2775/2775 2774/2774
f 4726/4726 4651/4651 4972/4972
f 2776/2776 2625/2625 2624/2624
f 4974/4974 2575/2575 2752/2752
f 4975/4975 4577/4577 4652/4652
f 2671/2671 2625/2625 2776/2776
f 4652/4652 4598/4598 4976/4976
f 4977/4977 4565/4565 4902/4902
f 2173/2173 2684/2684 2792/2792
f 2682/2682 2632/2632 2758/2758
f 2765/2765 2632/2632 2640/2640
f 4946/4946 4945/4945 4978/4978
f 4949/4949 4946/4946 4978/4978
f 4978/4978 4945/4945 4979/4979
f 4945/4945 4948/4948 4979/4979
f 4979/4979 4948/4948 4951/4951
f 4980/4980 4978/4978 4979/4979
f 4958/4958 4978/4978 4980/4980
f 4981/4981 4979/4979 4951/4951
f 4954/4954 4949/4949 4978/4978
f 4954/4954 4978/4978 4958/4958
f 4980/4980 4979/4979 4982/4982
f 4982/4982 4979/4979 4981/4981
f 4981/4981 4951/4951 4955/4955
f 4958/4958 4980/4980 2723/2723
f 2723/2723 4980/4980 4982/4982
f 2723/2723 4982/4982 4983/4983
f 4982/4982 4981/4981 4983/4983
f 4983/4983 4981/4981 4984/4984
f 4984/4984 4981/4981 4955/4955
f 4930/4930 4703/4703 4985/4985
f 4985/4985 4703/4703 4702/4702
f 4985/4985 4702/4702 4986/4986
f 4986/4986 4702/4702 4931/4931
f 4984/4984 4955/4955 4961/4961
f 4960/4960 4712/4712 4987/4987
f 4987/4987 4712/4712 4988/4988
f 4988/4988 4712/4712 4714/4714
f 4962/4962 2723/2723 4983/4983
f 4983/4983 4984/4984 4989/4989
f 4962/4962 4983/4983 4989/4989
f 2786/2786 4888/4888 2784/2784
f 4714/4714 4666/4666 4990/4990
f 4962/4962 4989/4989 4963/4963
f 4989/4989 4984/4984 4961/4961
f 4989/4989 4961/4961 4991/4991
f 4963/4963 4989/4989 4991/4991
f 4991/4991 4961/4961 4964/4964
f 4964/4964 4961/4961 4935/4935
f 4992/4992 4965/4965 4993/4993
f 4994/4994 4963/4963 4991/4991
f 4995/4995 4992/4992 4993/4993
f 4967/4967 4969/4969 4995/4995
f 4996/4996 4781/4781 4782/4782
f 4900/4900 4725/4725 4997/4997
f 4651/4651 4720/4720 4972/4972
f 4721/4721 4722/4722 4998/4998
f 4999/4999 4723/4723 2774/2774
f 4997/4997 4725/4725 4941/4941
f 5000/5000 4998/4998 4722/4722
f 4722/4722 4723/4723 5000/5000
f 5000/5000 4723/4723 4999/4999
f 5001/5001 4726/4726 4972/4972
f 2732/2732 4726/4726 5001/5001
f 4942/4942 2733/2733 2732/2732
f 5002/5002 4577/4577 5003/5003
f 4976/4976 4598/4598 4786/4786
f 4786/4786 4599/4599 5004/5004
f 5004/5004 4599/4599 4728/4728
f 4601/4601 4565/4565 4977/4977
f 2129/2129 2450/2450 2845/2845
f 4653/4653 2129/2129 2845/2845
f 2845/2845 2450/2450 2449/2449
f 2845/2845 2449/2449 2843/2843
f 2785/2785 2784/2784 4704/4704
f 2785/2785 4704/4704 4930/4930
f 5005/5005 4931/4931 4960/4960
f 5005/5005 4960/4960 4987/4987
f 4987/4987 4988/4988 5006/5006
f 4988/4988 4714/4714 4990/4990
f 4990/4990 4666/4666 5007/5007
f 4666/4666 4775/4775 5007/5007
f 4993/4993 4965/4965 4966/4966
f 5007/5007 4775/4775 5008/5008
f 5009/5009 4995/4995 4993/4993
f 5009/5009 4967/4967 4995/4995
f 4938/4938 4779/4779 5010/5010
f 5010/5010 4779/4779 4715/4715
f 4939/4939 4718/4718 4940/4940
f 4940/4940 4781/4781 4996/4996
f 4996/4996 4782/4782 4971/4971
f 4971/4971 4721/4721 5011/5011
f 4973/4973 4720/4720 4783/4783
f 4785/4785 4577/4577 5002/5002
f 2623/2623 4727/4727 2787/2787
f 5003/5003 4577/4577 4975/4975
f 4728/4728 4600/4600 4668/4668
f 5012/5012 4578/4578 4601/4601
f 2785/2785 4930/4930 5013/5013
f 4986/4986 4931/4931 5005/5005
f 5006/5006 4988/4988 4990/4990
f 5014/5014 4966/4966 2786/2786
f 4993/4993 4966/4966 5014/5014
f 2771/2771 2773/2773 4967/4967
f 5011/5011 4721/4721 4998/4998
f 4727/4727 4942/4942 2787/2787
f 4784/4784 4785/4785 5002/5002
f 4975/4975 4652/4652 4976/4976
f 4668/4668 4578/4578 5012/5012
f 4902/4902 4653/4653 5015/5015
f 5013/5013 4930/4930 5016/5016
f 5016/5016 4930/4930 4985/4985
f 5017/5017 4985/4985 4986/4986
f 5018/5018 4986/4986 5005/5005
f 5005/5005 4987/4987 5006/5006
f 5014/5014 2786/2786 2796/2796
f 5014/5014 5009/5009 4993/4993
f 5010/5010 4715/4715 5019/5019
f 4715/4715 4900/4900 5020/5020
f 5020/5020 4900/4900 4997/4997
f 5021/5021 4939/4939 4940/4940
f 4783/4783 4901/4901 5022/5022
f 4973/4973 4783/4783 5022/5022
f 5023/5023 5001/5001 4972/4972
f 5024/5024 5001/5001 5023/5023
f 2732/2732 5001/5001 5024/5024
f 4974/4974 2752/2752 2953/2953
f 2769/2769 2770/2770 2815/2815
f 5017/5017 4986/4986 5018/5018
f 5018/5018 5005/5005 5025/5025
f 5005/5005 5006/5006 5025/5025
f 5006/5006 4990/4990 5026/5026
f 4990/4990 5007/5007 5027/5027
f 5028/5028 5007/5007 5008/5008
f 5029/5029 5009/5009 5014/5014
f 4938/4938 5010/5010 5030/5030
f 5030/5030 5010/5010 5019/5019
f 5031/5031 2771/2771 4967/4967
f 5032/5032 2772/2772 2771/2771
f 5021/5021 4940/4940 4996/4996
f 5022/5022 4901/4901 4939/4939
f 5033/5033 4971/4971 5011/5011
f 5034/5034 4972/4972 4973/4973
f 5035/5035 5011/5011 4998/4998
f 2886/2886 4999/4999 2774/2774
f 5036/5036 4997/4997 5037/5037
f 4998/4998 5000/5000 5038/5038
f 5037/5037 4997/4997 4941/4941
f 5038/5038 5000/5000 5039/5039
f 5039/5039 5000/5000 4999/4999
f 4942/4942 2732/2732 5024/5024
f 4941/4941 4784/4784 5040/5040
f 2787/2787 4942/4942 5041/5041
f 5040/5040 4784/4784 5002/5002
f 2899/2899 2752/2752 2787/2787
f 5002/5002 5003/5003 5042/5042
f 5017/5017 5016/5016 4985/4985
f 2785/2785 5013/5013 5043/5043
f 2796/2796 2785/2785 5043/5043
f 5044/5044 5025/5025 5006/5006
f 5044/5044 5006/5006 5045/5045
f 5045/5045 5006/5006 5026/5026
f 5046/5046 5014/5014 2796/2796
f 5026/5026 4990/4990 5027/5027
f 5027/5027 5007/5007 5028/5028
f 5047/5047 5029/5029 5014/5014
f 5028/5028 5008/5008 5048/5048
f 5031/5031 5009/5009 5029/5029
f 4967/4967 5009/5009 5031/5031
f 5020/5020 5019/5019 4715/4715
f 2884/2884 2774/2774 5032/5032
f 2774/2774 2772/2772 5032/5032
f 4996/4996 4971/4971 5033/5033
f 5033/5033 5011/5011 5035/5035
f 2884/2884 2886/2886 2774/2774
f 5034/5034 4973/4973 5022/5022
f 5023/5023 4972/4972 5034/5034
f 5035/5035 4998/4998 5038/5038
f 5041/5041 4942/4942 5024/5024
f 2899/2899 2787/2787 5041/5041
f 5003/5003 4975/4975 5049/5049
f 2876/2876 5050/5050 2856/2856
f 2876/2876 2856/2856 2858/2858
f 5051/5051 5016/5016 5017/5017
f 5018/5018 5025/5025 5044/5044
f 5046/5046 2796/2796 5043/5043
f 5047/5047 5014/5014 5046/5046
f 5032/5032 2771/2771 5031/5031
f 5020/5020 4997/4997 5036/5036
f 5039/5039 4999/4999 2886/2886
f 5052/5052 4941/4941 5040/5040
f 5042/5042 5003/5003 5049/5049
f 5049/5049 4975/4975 4976/4976
f 5053/5053 4786/4786 5004/5004
f 4728/4728 4668/4668 5012/5012
f 2790/2790 2758/2758 2867/2867
f 5043/5043 5013/5013 5054/5054
f 5054/5054 5013/5013 5016/5016
f 5054/5054 5016/5016 5051/5051
f 5055/5055 5017/5017 5018/5018
f 5056/5056 5044/5044 5045/5045
f 5057/5057 5027/5027 5028/5028
f 5022/5022 4939/4939 5058/5058
f 4939/4939 5021/5021 5058/5058
f 5059/5059 5021/5021 4996/4996
f 5059/5059 4996/4996 5060/5060
f 5060/5060 4996/4996 5033/5033
f 5033/5033 5035/5035 5061/5061
f 5062/5062 5039/5039 2886/2886
f 5063/5063 5024/5024 5023/5023
f 5037/5037 4941/4941 5052/5052
f 5053/5053 4976/4976 4786/4786
f 5064/5064 5004/5004 4728/4728
f 5065/5065 4728/4728 5012/5012
f 2928/2928 2876/2876 2877/2877
f 5051/5051 5017/5017 5055/5055
f 5043/5043 5054/5054 5066/5066
f 5055/5055 5018/5018 5067/5067
f 5018/5018 5044/5044 5067/5067
f 5056/5056 5045/5045 5026/5026
f 5068/5068 5056/5056 5026/5026
f 5047/5047 5046/5046 5069/5069
f 5028/5028 5048/5048 5070/5070
f 5071/5071 5019/5019 5020/5020
f 5072/5072 5022/5022 5058/5058
f 5060/5060 5033/5033 5061/5061
f 5073/5073 5023/5023 5034/5034
f 5063/5063 5023/5023 5073/5073
f 5074/5074 5024/5024 5063/5063
f 5074/5074 5041/5041 5024/5024
f 2900/2900 2953/2953 2752/2752
f 2902/2902 2797/2797 2901/2901
f 5049/5049 4976/4976 5075/5075
f 2914/2914 2803/2803 2917/2917
f 2928/2928 2877/2877 5076/5076
f 5076/5076 2877/2877 2932/2932
f 5077/5077 5051/5051 5055/5055
f 5078/5078 5046/5046 5043/5043
f 5068/5068 5026/5026 5027/5027
f 5068/5068 5027/5027 5057/5057
f 5057/5057 5028/5028 5070/5070
f 3002/3002 5031/5031 5029/5029
f 5030/5030 5019/5019 5071/5071
f 3004/3004 5031/5031 3002/3002
f 5032/5032 5031/5031 3004/3004
f 5058/5058 5021/5021 5059/5059
f 5034/5034 5022/5022 5072/5072
f 5061/5061 5035/5035 5079/5079
f 5038/5038 5039/5039 5080/5080
f 5080/5080 5039/5039 5062/5062
f 4977/4977 4902/4902 5015/5015
f 2929/2929 2928/2928 5081/5081
f 5081/5081 2928/2928 5076/5076
f 5054/5054 5051/5051 5077/5077
f 5078/5078 5043/5043 5082/5082
f 5067/5067 5044/5044 5056/5056
f 5069/5069 5046/5046 5078/5078
f 5083/5083 5068/5068 5057/5057
f 5083/5083 5057/5057 5070/5070
f 5069/5069 5029/5029 5047/5047
f 3002/3002 5029/5029 5069/5069
f 5070/5070 5048/5048 5084/5084
f 5085/5085 5030/5030 5071/5071
f 5086/5086 2884/2884 5032/5032
f 5079/5079 5035/5035 5038/5038
f 5036/5036 5037/5037 5087/5087
f 5062/5062 2886/2886 2885/2885
f 5088/5088 2899/2899 5041/5041
f 2900/2900 2899/2899 5088/5088
f 5075/5075 4976/4976 5053/5053
f 5053/5053 5004/5004 5064/5064
f 5065/5065 5012/5012 5089/5089
f 5012/5012 4601/4601 5090/5090
f 5090/5090 4601/4601 4977/4977
f 5015/5015 4653/4653 2845/2845
f 2871/2871 3046/3046 2893/2893
f 3046/3046 2871/2871 2975/2975
f 5091/5091 2929/2929 5081/5081
f 5082/5082 5043/5043 5066/5066
f 5092/5092 5067/5067 5056/5056
f 5056/5056 5068/5068 5093/5093
f 5093/5093 5068/5068 5083/5083
f 5094/5094 5071/5071 5020/5020
f 5094/5094 5020/5020 5036/5036
f 5058/5058 5059/5059 5095/5095
f 5062/5062 2885/2885 5096/5096
f 5097/5097 5037/5037 5052/5052
f 5098/5098 5042/5042 5049/5049
f 5064/5064 4728/4728 5099/5099
f 5099/5099 4728/4728 5065/5065
f 5015/5015 2845/2845 5100/5100
f 5101/5101 2845/2845 2844/2844
f 2996/2996 2995/2995 5102/5102
f 5102/5102 5103/5103 5104/5104
f 3060/3060 2951/2951 3001/3001
f 5066/5066 5054/5054 5105/5105
f 5105/5105 5054/5054 5077/5077
f 5055/5055 5067/5067 5092/5092
f 5092/5092 5056/5056 5093/5093
f 5106/5106 5069/5069 5078/5078
f 5083/5083 5070/5070 5107/5107
f 5108/5108 3002/3002 5069/5069
f 5107/5107 5070/5070 5084/5084
f 5085/5085 5071/5071 5109/5109
f 5110/5110 5071/5071 5094/5094
f 5086/5086 5032/5032 3004/3004
f 2885/2885 2884/2884 5086/5086
f 5111/5111 5072/5072 5058/5058
f 5060/5060 5061/5061 5112/5112
f 3068/3068 5074/5074 5063/5063
f 5113/5113 5080/5080 5062/5062
f 3034/3034 5041/5041 5074/5074
f 3034/3034 5088/5088 5041/5041
f 5114/5114 5040/5040 5002/5002
f 5114/5114 5002/5002 5042/5042
f 5114/5114 5042/5042 5098/5098
f 5115/5115 5012/5012 5090/5090
f 5090/5090 4977/4977 5116/5116
f 5076/5076 2932/2932 2999/2999
f 5104/5104 5103/5103 5117/5117
f 5077/5077 5055/5055 5118/5118
f 5118/5118 5055/5055 5092/5092
f 3064/3064 5066/5066 5105/5105
f 5082/5082 5066/5066 3064/3064
f 5092/5092 5093/5093 5119/5119
f 5069/5069 5106/5106 5108/5108
f 5120/5120 5107/5107 5084/5084
f 5109/5109 5071/5071 5110/5110
f 5111/5111 5058/5058 5095/5095
f 5095/5095 5059/5059 5121/5121
f 5121/5121 5059/5059 5060/5060
f 5111/5111 5034/5034 5072/5072
f 5094/5094 5036/5036 5087/5087
f 5073/5073 5034/5034 3066/3066
f 5079/5079 5038/5038 5122/5122
f 3144/3144 5062/5062 5096/5096
f 5038/5038 5080/5080 5122/5122
f 5122/5122 5080/5080 5113/5113
f 5113/5113 5062/5062 3144/3144
f 3034/3034 5074/5074 3068/3068
f 2982/2982 5088/5088 3034/3034
f 5052/5052 5040/5040 5114/5114
f 2982/2982 2900/2900 5088/5088
f 5123/5123 5098/5098 5049/5049
f 5049/5049 5075/5075 5123/5123
f 5089/5089 5012/5012 5115/5115
f 5100/5100 2845/2845 5101/5101
f 3022/3022 2867/2867 2960/2960
f 2844/2844 2890/2890 5124/5124
f 2996/2996 5102/5102 5125/5125
f 5125/5125 5102/5102 5104/5104
f 5119/5119 5093/5093 5083/5083
f 5126/5126 5083/5083 5127/5127
f 5127/5127 5083/5083 5107/5107
f 3003/3003 3002/3002 5108/5108
f 5121/5121 5060/5060 5112/5112
f 5061/5061 5079/5079 5112/5112
f 5096/5096 2885/2885 5086/5086
f 3066/3066 5034/5034 5111/5111
f 5128/5128 5087/5087 5037/5037
f 3068/3068 5063/5063 5073/5073
f 3068/3068 5073/5073 3066/3066
f 3019/3019 2901/2901 5129/5129
f 2904/2904 2968/2968 3036/3036
f 4977/4977 5015/5015 5130/5130
f 2994/2994 2921/2921 3050/3050
f 5082/5082 3064/3064 3063/3063
f 5131/5131 5106/5106 5078/5078
f 5131/5131 5078/5078 5082/5082
f 5119/5119 5083/5083 5126/5126
f 5127/5127 5107/5107 5132/5132
f 5132/5132 5107/5107 5120/5120
f 5096/5096 5086/5086 3170/3170
f 3066/3066 5111/5111 5133/5133
f 5112/5112 5079/5079 5134/5134
f 5128/5128 5094/5094 5087/5087
f 5128/5128 5037/5037 5135/5135
f 5037/5037 5097/5097 5135/5135
f 5075/5075 5053/5053 5136/5136
f 5053/5053 5064/5064 5137/5137
f 5137/5137 5064/5064 5099/5099
f 5116/5116 4977/4977 5130/5130
f 5130/5130 5015/5015 5100/5100
f 3006/3006 2971/2971 3022/3022
f 2996/2996 5125/5125 5138/5138
f 5104/5104 5117/5117 3090/3090
f 3090/3090 5117/5117 3088/3088
f 5105/5105 5077/5077 5139/5139
f 5139/5139 5077/5077 5118/5118
f 3062/3062 3064/3064 5105/5105
f 5140/5140 5092/5092 5119/5119
f 5131/5131 5082/5082 3063/3063
f 3065/3065 5086/5086 3004/3004
f 5110/5110 5094/5094 5128/5128
f 5111/5111 5095/5095 5141/5141
f 5142/5142 5121/5121 5112/5112
f 5143/5143 5079/5079 5122/5122
f 3144/3144 5096/5096 5144/5144
f 5145/5145 5052/5052 5114/5114
f 2987/2987 2986/2986 3099/3099
f 2844/2844 5124/5124 5146/5146
f 3048/3048 2996/2996 5138/5138
f 5138/5138 5125/5125 5104/5104
f 5147/5147 5138/5138 5104/5104
f 5147/5147 5104/5104 3090/3090
f 5118/5118 5092/5092 5148/5148
f 5108/5108 5106/5106 5131/5131
f 5149/5149 3003/3003 5108/5108
f 5109/5109 5110/5110 5150/5150
f 5095/5095 5121/5121 5151/5151
f 5152/5152 5121/5121 5142/5142
f 5153/5153 5110/5110 5128/5128
f 5154/5154 5155/5155 5122/5122
f 5154/5154 5122/5122 5113/5113
f 5156/5156 3034/3034 3068/3068
f 5097/5097 5052/5052 5157/5157
f 3035/3035 3034/3034 5156/5156
f 2983/2983 3019/3019 3118/3118
f 5123/5123 5075/5075 5136/5136
f 5115/5115 5090/5090 5158/5158
f 5158/5158 5090/5090 5116/5116
f 5101/5101 2844/2844 5146/5146
f 3107/3107 3048/3048 5138/5138
f 5138/5138 5147/5147 5159/5159
f 5160/5160 5147/5147 3090/3090
f 5139/5139 5118/5118 5148/5148
f 5161/5161 3062/3062 5105/5105
f 5148/5148 5092/5092 5140/5140
f 5162/5162 5108/5108 5131/5131
f 5149/5149 5108/5108 5162/5162
f 5132/5132 5120/5120 5163/5163
f 3065/3065 3003/3003 5149/5149
f 5150/5150 5110/5110 5153/5153
f 5151/5151 5141/5141 5095/5095
f 5151/5151 5121/5121 5152/5152
f 3170/3170 5086/5086 3065/3065
f 5133/5133 5111/5111 5141/5141
f 5142/5142 5112/5112 5134/5134
f 5134/5134 5079/5079 5143/5143
f 5096/5096 3170/3170 5144/5144
f 5155/5155 5143/5143 5122/5122
f 5156/5156 3068/3068 3067/3067
f 5157/5157 5052/5052 5145/5145
f 5114/5114 5098/5098 5123/5123
f 5136/5136 5053/5053 5164/5164
f 5165/5165 5099/5099 5065/5065
f 5065/5065 5089/5089 5115/5115
f 5100/5100 5101/5101 5166/5166
f 5166/5166 5101/5101 5146/5146
f 3107/3107 5167/5167 3049/3049
f 3083/3083 3032/3032 3057/3057
f 3107/3107 5138/5138 5159/5159
f 5159/5159 5147/5147 5160/5160
f 5105/5105 5139/5139 5168/5168
f 5161/5161 3063/3063 3062/3062
f 5131/5131 3063/3063 5161/5161
f 5119/5119 5126/5126 5169/5169
f 5127/5127 5132/5132 5163/5163
f 5163/5163 5120/5120 5170/5170
f 5153/5153 5128/5128 5171/5171
f 3096/3096 3066/3066 5133/5133
f 5172/5172 5155/5155 5154/5154
f 3145/3145 3144/3144 5144/5144
f 5154/5154 5113/5113 3146/3146
f 3146/3146 5113/5113 3144/3144
f 3069/3069 3035/3035 3246/3246
f 5123/5123 5136/5136 5173/5173
f 5164/5164 5053/5053 5137/5137
f 5158/5158 5116/5116 5174/5174
f 5116/5116 5130/5130 5174/5174
f 5175/5175 5130/5130 5100/5100
f 5175/5175 5100/5100 5166/5166
f 3076/3076 3127/3127 3043/3043
f 5176/5176 3049/3049 5167/5167
f 5177/5177 5159/5159 5160/5160
f 5160/5160 3090/3090 3117/3117
f 5140/5140 5119/5119 5169/5169
f 5169/5169 5126/5126 5127/5127
f 5178/5178 5149/5149 5162/5162
f 5179/5179 3065/3065 5149/5149
f 5180/5180 5134/5134 5143/5143
f 5181/5181 3067/3067 3096/3096
f 5182/5182 5128/5128 5135/5135
f 3244/3244 5156/5156 3067/3067
f 5135/5135 5097/5097 5183/5183
f 5183/5183 5097/5097 5157/5157
f 5145/5145 5114/5114 5184/5184
f 5173/5173 5114/5114 5123/5123
f 5137/5137 5099/5099 5185/5185
f 5065/5065 5115/5115 5186/5186
f 5174/5174 5130/5130 5175/5175
f 5166/5166 5146/5146 5187/5187
f 5188/5188 5167/5167 3107/3107
f 5187/5187 5146/5146 5189/5189
f 5188/5188 3107/3107 5159/5159
f 5189/5189 5146/5146 5190/5190
f 5188/5188 5159/5159 5177/5177
f 5191/5191 5161/5161 5105/5105
f 5191/5191 5105/5105 5168/5168
f 5192/5192 5163/5163 5170/5170
f 3169/3169 3065/3065 5179/5179
f 5141/5141 5151/5151 5193/5193
f 5142/5142 5134/5134 5180/5180
f 5194/5194 5142/5142 5180/5180
f 3096/3096 5133/5133 5195/5195
f 5195/5195 5133/5133 5141/5141
f 5143/5143 5155/5155 5196/5196
f 5197/5197 3067/3067 5181/5181
f 5196/5196 5155/5155 5172/5172
f 3244/3244 3067/3067 5197/5197
f 5172/5172 5154/5154 5198/5198
f 3069/3069 3246/3246 5199/5199
f 5184/5184 5114/5114 5173/5173
f 5185/5185 5099/5099 5165/5165
f 3008/3008 3039/3039 3123/3123
f 5200/5200 5176/5176 5167/5167
f 5188/5188 5200/5200 5167/5167
f 5189/5189 5190/5190 5201/5201
f 5177/5177 5160/5160 5202/5202
f 5160/5160 3117/3117 5202/5202
f 5202/5202 3117/3117 3243/3243
f 3243/3243 3117/3117 3190/3190
f 5203/5203 5139/5139 5148/5148
f 5204/5204 5140/5140 5169/5169
f 5131/5131 5161/5161 5205/5205
f 5162/5162 5131/5131 5205/5205
f 5169/5169 5127/5127 5206/5206
f 5179/5179 5149/5149 5178/5178
f 5151/5151 5152/5152 5207/5207
f 5207/5207 5152/5152 5194/5194
f 5152/5152 5142/5142 5194/5194
f 5195/5195 5141/5141 5193/5193
f 5144/5144 3170/3170 3290/3290
f 5180/5180 5143/5143 5196/5196
f 5171/5171 5128/5128 5182/5182
f 3145/3145 5144/5144 3290/3290
f 5208/5208 3146/3146 3145/3145
f 5182/5182 5135/5135 5183/5183
f 5198/5198 5154/5154 5209/5209
f 5209/5209 5154/5154 3146/3146
f 5209/5209 3146/3146 5208/5208
f 3035/3035 5156/5156 3244/3244
f 3246/3246 3035/3035 3244/3244
f 5186/5186 5165/5165 5065/5065
f 5210/5210 5158/5158 5174/5174
f 3074/3074 3103/3103 3196/3196
f 5200/5200 5211/5211 5176/5176
f 3215/3215 3106/3106 3198/3198
f 5212/5212 5200/5200 5188/5188
f 5212/5212 5188/5188 5213/5213
f 5213/5213 5188/5188 5177/5177
f 5213/5213 5177/5177 5214/5214
f 5214/5214 5177/5177 5202/5202
f 5148/5148 5140/5140 5215/5215
f 5127/5127 5163/5163 5206/5206
f 3290/3290 3170/3170 3169/3169
f 5193/5193 5151/5151 5207/5207
f 5181/5181 3096/3096 5216/5216
f 5216/5216 3096/3096 5195/5195
f 5157/5157 5145/5145 5184/5184
f 5217/5217 3153/3153 3074/3074
f 5217/5217 3074/3074 3196/3196
f 5175/5175 5166/5166 3399/3399
f 5211/5211 5218/5218 5176/5176
f 5211/5211 5200/5200 5212/5212
f 3404/3404 5213/5213 5214/5214
f 5219/5219 5139/5139 5203/5203
f 5191/5191 5168/5168 5220/5220
f 5140/5140 5204/5204 5215/5215
f 5205/5205 5161/5161 5191/5191
f 5204/5204 5169/5169 5221/5221
f 5221/5221 5169/5169 5206/5206
f 5222/5222 5162/5162 5205/5205
f 5178/5178 5162/5162 5222/5222
f 5223/5223 5179/5179 5178/5178
f 5192/5192 5170/5170 5224/5224
f 5225/5225 5150/5150 5153/5153
f 5207/5207 5194/5194 5226/5226
f 5227/5227 5153/5153 5171/5171
f 5228/5228 5180/5180 5196/5196
f 5227/5227 5171/5171 5182/5182
f 5196/5196 5172/5172 5229/5229
f 5230/5230 5197/5197 5181/5181
f 5229/5229 5172/5172 5231/5231
f 5231/5231 5172/5172 5198/5198
f 5232/5232 5209/5209 5208/5208
f 5233/5233 5183/5183 5157/5157
f 5234/5234 5157/5157 5184/5184
f 3341/3341 5199/5199 3246/3246
f 5184/5184 5173/5173 5235/5235
f 5236/5236 5173/5173 5136/5136
f 5164/5164 5137/5137 5237/5237
f 5237/5237 5137/5137 5185/5185
f 3211/3211 3097/3097 3250/3250
f 5158/5158 5238/5238 5115/5115
f 3212/3212 3153/3153 5217/5217
f 5239/5239 3196/3196 3215/3215
f 5211/5211 5212/5212 5240/5240
f 3220/3220 3277/3277 3198/3198
f 5187/5187 5189/5189 5241/5241
f 5242/5242 5189/5189 5201/5201
f 3311/3311 5202/5202 3243/3243
f 3210/3210 3267/3267 3191/3191
f 3191/3191 3268/3268 3165/3165
f 5168/5168 5139/5139 5219/5219
f 5206/5206 5163/5163 5192/5192
f 3169/3169 5179/5179 3336/3336
f 5225/5225 5153/5153 5227/5227
f 5243/5243 5195/5195 5193/5193
f 5193/5193 5207/5207 5244/5244
f 5226/5226 5194/5194 5228/5228
f 5228/5228 5194/5194 5180/5180
f 3290/3290 3169/3169 3288/3288
f 5216/5216 5195/5195 5243/5243
f 5228/5228 5196/5196 5229/5229
f 3145/3145 3290/3290 3289/3289
f 3244/3244 5197/5197 5230/5230
f 5198/5198 5209/5209 5245/5245
f 5245/5245 5209/5209 5232/5232
f 5232/5232 5208/5208 3339/3339
f 5246/5246 5199/5199 3341/3341
f 5235/5235 5173/5173 5236/5236
f 5136/5136 5164/5164 5237/5237
f 5185/5185 5165/5165 5247/5247
f 5247/5247 5165/5165 5186/5186
f 3192/3192 3386/3386 3253/3253
f 5186/5186 5115/5115 5238/5238
f 5210/5210 5238/5238 5158/5158
f 3212/3212 3292/3292 3193/3193
f 5248/5248 5249/5249 5250/5250
f 5210/5210 5174/5174 5251/5251
f 5174/5174 5175/5175 5251/5251
f 5251/5251 5175/5175 3399/3399
f 5240/5240 5218/5218 5211/5211
f 5240/5240 5212/5212 5252/5252
f 5166/5166 5187/5187 3399/3399
f 5252/5252 5212/5212 3404/3404
f 3399/3399 5187/5187 5241/5241
f 3404/3404 5212/5212 5213/5213
f 5241/5241 5189/5189 5242/5242
f 5253/5253 3404/3404 5214/5214
f 5253/5253 5214/5214 5202/5202
f 5254/5254 3161/3161 3264/3264
f 5220/5220 5168/5168 5219/5219
f 5203/5203 5148/5148 5215/5215
f 5215/5215 5204/5204 5255/5255
f 5205/5205 5191/5191 5256/5256
f 5257/5257 5206/5206 5192/5192
f 3336/3336 5179/5179 5223/5223
f 3288/3288 3169/3169 3336/3336
f 5244/5244 5207/5207 5226/5226
f 5230/5230 5181/5181 5216/5216
f 5208/5208 3145/3145 3289/3289
f 5258/5258 3244/3244 5230/5230
f 5182/5182 5183/5183 5233/5233
f 5231/5231 5198/5198 5259/5259
f 3339/3339 5208/5208 3289/3289
f 3245/3245 3244/3244 5258/5258
f 5233/5233 5157/5157 5234/5234
f 3246/3246 3245/3245 3341/3341
f 5234/5234 5184/5184 5235/5235
f 5236/5236 5136/5136 5237/5237
f 3313/3313 3173/3173 3249/3249
f 5237/5237 5185/5185 5260/5260
f 3192/3192 3270/3270 3386/3386
f 3151/3151 3254/3254 3255/3255
f 3317/3317 5248/5248 5250/5250
f 5239/5239 5217/5217 3196/3196
f 5240/5240 3393/3393 5218/5218
f 3311/3311 5253/5253 5202/5202
f 5203/5203 5215/5215 5255/5255
f 5256/5256 5191/5191 5220/5220
f 5261/5261 5205/5205 5256/5256
f 5222/5222 5205/5205 5261/5261
f 5262/5262 5178/5178 5222/5222
f 5223/5223 5178/5178 5262/5262
f 5243/5243 5193/5193 5244/5244
f 5259/5259 5198/5198 5245/5245
f 3524/3524 5246/5246 3341/3341
f 3376/3376 3269/3269 3247/3247
f 5247/5247 5186/5186 5263/5263
f 5264/5264 5186/5186 5238/5238
f 5265/5265 5238/5238 5210/5210
f 3256/3256 3320/3320 3273/3273
f 5250/5250 5249/5249 3296/3296
f 3393/3393 5240/5240 3391/3391
f 3230/3230 3324/3324 3217/3217
f 3370/3370 5254/5254 3264/3264
f 5256/5256 5220/5220 5266/5266
f 5192/5192 5224/5224 5267/5267
f 5268/5268 5225/5225 5227/5227
f 5269/5269 5226/5226 5228/5228
f 3289/3289 3288/3288 3337/3337
f 5270/5270 5228/5228 5229/5229
f 5230/5230 5216/5216 5271/5271
f 5272/5272 5229/5229 5231/5231
f 5272/5272 5231/5231 5273/5273
f 5273/5273 5231/5231 5259/5259
f 5274/5274 5235/5235 5236/5236
f 5275/5275 5263/5263 5186/5186
f 5276/5276 5238/5238 5265/5265
f 3317/3317 3351/3351 3318/3318
f 3350/3350 3317/3317 5250/5250
f 3455/3455 5250/5250 3296/3296
f 5277/5277 5210/5210 5251/5251
f 3391/3391 5240/5240 3459/3459
f 5251/5251 3399/3399 3401/3401
f 3459/3459 5240/5240 5252/5252
f 3399/3399 5241/5241 3400/3400
f 3402/3402 3404/3404 5253/5253
f 5241/5241 5242/5242 5278/5278
f 3400/3400 5241/5241 5278/5278
f 5279/5279 5253/5253 3311/3311
f 3286/3286 5280/5280 3267/3267
f 5220/5220 5219/5219 5281/5281
f 5219/5219 5203/5203 5282/5282
f 5255/5255 5204/5204 5221/5221
f 5262/5262 5222/5222 5283/5283
f 3438/3438 3336/3336 5223/5223
f 5284/5284 5225/5225 5268/5268
f 5244/5244 5226/5226 5269/5269
f 5243/5243 5244/5244 5285/5285
f 5271/5271 5216/5216 5243/5243
f 3468/3468 3289/3289 3337/3337
f 5227/5227 5182/5182 5286/5286
f 5270/5270 5229/5229 5287/5287
f 3338/3338 3289/3289 3468/3468
f 3520/3520 5258/5258 5230/5230
f 5182/5182 5233/5233 5288/5288
f 3340/3340 3245/3245 5258/5258
f 5289/5289 3339/3339 3338/3338
f 5245/5245 5232/5232 5290/5290
f 5290/5290 5232/5232 5289/5289
f 5289/5289 5232/5232 3339/3339
f 3524/3524 3341/3341 3340/3340
f 3376/3376 3247/3247 5291/5291
f 5292/5292 5237/5237 5260/5260
f 5260/5260 5185/5185 5247/5247
f 5186/5186 5264/5264 5275/5275
f 5264/5264 5238/5238 5276/5276
f 3255/3255 3254/3254 3416/3416
f 5265/5265 5210/5210 5277/5277
f 3350/3350 5250/5250 3455/3455
f 3455/3455 3296/3296 3398/3398
f 3295/3295 3398/3398 3296/3296
f 3420/3420 3298/3298 3280/3280
f 3403/3403 5252/5252 3404/3404
f 5279/5279 3402/3402 5253/5253
f 5293/5293 5279/5279 3311/3311
f 3310/3310 5293/5293 3311/3311
f 5280/5280 3287/3287 3267/3267
f 5282/5282 5203/5203 5255/5255
f 5261/5261 5256/5256 3551/3551
f 5283/5283 5222/5222 5261/5261
f 5221/5221 5206/5206 5257/5257
f 5257/5257 5192/5192 5267/5267
f 3438/3438 5223/5223 5262/5262
f 3337/3337 3336/3336 3438/3438
f 5285/5285 5244/5244 5294/5294
f 5294/5294 5244/5244 5269/5269
f 5271/5271 5243/5243 5285/5285
f 3520/3520 5230/5230 5271/5271
f 5287/5287 5229/5229 5272/5272
f 5286/5286 5182/5182 5288/5288
f 3340/3340 5258/5258 3487/3487
f 5289/5289 3338/3338 5295/5295
f 5296/5296 5234/5234 5235/5235
f 5296/5296 5235/5235 5274/5274
f 5274/5274 5236/5236 5297/5297
f 5236/5236 5237/5237 5297/5297
f 5297/5297 5237/5237 5292/5292
f 3253/3253 3386/3386 3349/3349
f 3316/3316 3415/3415 3499/3499
f 3254/3254 3316/3316 3416/3416
f 5298/5298 3351/3351 3350/3350
f 5277/5277 5251/5251 3401/3401
f 3459/3459 5252/5252 3403/3403
f 3400/3400 5278/5278 3576/3576
f 3370/3370 3369/3369 3435/3435
f 3433/3433 3432/3432 3307/3307
f 5281/5281 5219/5219 5282/5282
f 5266/5266 5220/5220 5281/5281
f 3551/3551 5256/5256 5266/5266
f 5255/5255 5221/5221 5299/5299
f 5283/5283 5261/5261 3551/3551
f 3438/3438 5262/5262 5300/5300
f 5269/5269 5228/5228 5270/5270
f 5286/5286 5268/5268 5227/5227
f 3487/3487 5258/5258 3520/3520
f 3487/3487 3520/3520 3522/3522
f 5295/5295 3338/3338 5301/5301
f 5288/5288 5233/5233 5302/5302
f 5303/5303 5273/5273 5259/5259
f 5302/5302 5233/5233 5234/5234
f 5302/5302 5234/5234 5296/5296
f 5260/5260 5247/5247 5263/5263
f 5264/5264 5276/5276 5304/5304
f 5298/5298 3450/3450 3351/3351
f 5298/5298 3350/3350 3455/3455
f 3391/3391 3459/3459 3458/3458
f 5305/5305 3459/3459 3403/3403
f 5279/5279 3403/3403 3402/3402
f 3576/3576 5278/5278 3574/3574
f 5278/5278 5306/5306 3574/3574
f 3307/3307 3434/3434 3308/3308
f 5282/5282 5255/5255 5307/5307
f 5221/5221 5257/5257 5308/5308
f 5257/5257 5267/5267 5309/5309
f 5284/5284 5268/5268 5310/5310
f 5310/5310 5268/5268 5286/5286
f 5311/5311 5270/5270 5287/5287
f 3338/3338 3468/3468 5301/5301
f 5288/5288 5302/5302 5312/5312
f 5290/5290 5289/5289 5313/5313
f 5313/5313 5289/5289 5314/5314
f 3376/3376 5291/5291 5315/5315
f 5296/5296 5274/5274 5316/5316
f 5317/5317 5274/5274 5297/5297
f 3442/3442 3441/3441 3491/3491
f 5275/5275 5264/5264 5304/5304
f 5318/5318 5276/5276 5265/5265
f 5319/5319 3450/3450 5298/5298
f 3387/3387 3474/3474 3417/3417
f 5320/5320 5277/5277 5321/5321
f 3479/3479 3392/3392 3458/3458
f 5277/5277 3401/3401 5321/5321
f 3460/3460 3459/3459 5305/5305
f 5322/5322 5305/5305 3403/3403
f 5293/5293 5323/5323 5279/5279
f 3431/3431 3515/3515 3432/3432
f 5324/5324 5281/5281 5282/5282
f 3551/3551 5266/5266 3552/3552
f 5299/5299 5221/5221 5308/5308
f 5308/5308 5257/5257 5309/5309
f 5300/5300 5262/5262 5283/5283
f 5309/5309 5267/5267 5325/5325
f 5326/5326 5284/5284 5310/5310
f 3468/3468 3439/3439 5327/5327
f 5328/5328 5294/5294 5269/5269
f 5329/5329 5271/5271 5285/5285
f 5330/5330 3520/3520 5271/5271
f 5272/5272 5273/5273 5331/5331
f 5259/5259 5245/5245 5332/5332
f 5332/5332 5245/5245 5290/5290
f 5314/5314 5289/5289 5295/5295
f 3524/3524 3340/3340 3488/3488
f 5332/5332 5290/5290 5313/5313
f 5316/5316 5274/5274 5317/5317
f 5333/5333 5297/5297 5292/5292
f 5333/5333 5292/5292 5260/5260
f 5260/5260 5263/5263 5334/5334
f 3499/3499 3415/3415 3651/3651
f 3316/3316 3500/3500 3416/3416
f 5318/5318 5265/5265 5320/5320
f 5320/5320 5265/5265 5277/5277
f 5335/5335 5298/5298 3455/3455
f 3454/3454 5336/5336 3455/3455
f 3482/3482 3454/3454 3398/3398
f 3356/3356 3325/3325 5337/5337
f 5321/5321 3401/3401 5338/5338
f 3401/3401 3400/3400 5338/5338
f 5338/5338 3400/3400 3576/3576
f 5323/5323 3403/3403 5279/5279
f 5339/5339 5266/5266 5281/5281
f 5339/5339 5281/5281 5340/5340
f 5340/5340 5281/5281 5324/5324
f 3552/3552 5266/5266 5339/5339
f 5283/5283 3551/3551 3553/3553
f 5300/5300 5283/5283 3553/3553
f 3439/3439 3438/3438 5300/5300
f 5329/5329 5285/5285 5341/5341
f 5341/5341 5285/5285 5294/5294
f 5310/5310 5286/5286 5342/5342
f 5301/5301 3468/3468 5343/5343
f 3468/3468 5327/5327 5343/5343
f 5271/5271 5329/5329 5330/5330
f 5342/5342 5286/5286 5288/5288
f 5311/5311 5287/5287 5272/5272
f 5331/5331 5273/5273 5303/5303
f 5295/5295 5301/5301 5344/5344
f 5303/5303 5259/5259 5332/5332
f 5314/5314 5295/5295 5344/5344
f 5312/5312 5302/5302 5296/5296
f 5332/5332 5313/5313 5345/5345
f 3376/3376 5315/5315 3440/3440
f 5317/5317 5297/5297 5346/5346
f 5333/5333 5260/5260 5334/5334
f 3473/3473 5347/5347 3415/3415
f 3415/3415 5347/5347 3651/3651
f 3450/3450 3562/3562 3451/3451
f 5304/5304 5276/5276 5318/5318
f 5319/5319 5348/5348 3450/3450
f 5349/5349 5319/5319 5298/5298
f 3417/3417 3474/3474 3531/3531
f 3417/3417 3532/3532 3452/3452
f 5350/5350 5351/5351 3480/3480
f 3479/3479 5350/5350 3480/3480
f 3479/3479 3458/3458 5352/5352
f 5352/5352 3458/3458 3460/3460
f 3506/3506 3505/3505 5353/5353
f 3571/3571 3539/3539 3507/3507
f 5354/5354 5321/5321 5338/5338
f 3630/3630 5305/5305 5322/5322
f 5338/5338 3576/3576 5355/5355
f 5322/5322 3403/3403 5323/5323
f 3432/3432 3545/3545 3434/3434
f 5324/5324 5282/5282 5307/5307
f 5299/5299 5307/5307 5255/5255
f 3439/3439 5300/5300 5356/5356
f 5328/5328 5269/5269 5270/5270
f 3520/3520 5330/5330 3521/3521
f 5311/5311 5272/5272 5331/5331
f 5301/5301 5343/5343 5344/5344
f 5342/5342 5288/5288 5312/5312
f 3488/3488 3487/3487 3522/3522
f 5357/5357 5358/5358 5359/5359
f 5303/5303 5332/5332 5360/5360
f 5360/5360 5332/5332 5361/5361
f 5361/5361 5332/5332 5345/5345
f 5313/5313 5314/5314 5362/5362
f 5312/5312 5296/5296 5316/5316
f 5345/5345 5313/5313 5362/5362
f 3440/3440 5315/5315 5363/5363
f 5346/5346 5297/5297 5333/5333
f 3492/3492 3555/3555 5364/5364
f 3556/3556 3492/3492 3646/3646
f 5334/5334 5263/5263 5275/5275
f 5365/5365 5334/5334 5275/5275
f 5275/5275 5304/5304 5366/5366
f 5348/5348 5367/5367 3450/3450
f 3450/3450 5367/5367 3562/3562
f 5348/5348 5319/5319 5349/5349
f 3451/3451 3563/3563 3474/3474
f 3531/3531 3474/3474 3590/3590
f 5335/5335 3455/3455 5336/5336
f 5350/5350 3479/3479 5352/5352
f 3630/3630 3460/3460 5305/5305
f 3630/3630 5322/5322 5323/5323
f 5355/5355 3576/3576 3575/3575
f 3545/3545 3632/3632 3434/3434
f 5340/5340 5324/5324 5368/5368
f 5369/5369 5324/5324 5307/5307
f 5370/5370 3552/3552 5339/5339
f 5307/5307 5299/5299 5371/5371
f 5299/5299 5308/5308 5372/5372
f 5356/5356 5300/5300 3553/3553
f 5356/5356 3553/3553 5373/5373
f 5325/5325 5374/5374 5375/5375
f 5327/5327 3439/3439 5376/5376
f 5310/5310 5342/5342 5377/5377
f 5341/5341 5294/5294 5328/5328
f 5378/5378 5341/5341 5328/5328
f 3521/3521 5330/5330 5379/5379
f 5379/5379 5330/5330 5329/5329
f 5380/5380 5311/5311 5331/5331
f 5357/5357 5359/5359 5381/5381
f 5312/5312 5316/5316 5382/5382
f 5383/5383 5384/5384 5357/5357
f 5361/5361 5345/5345 5385/5385
f 5386/5386 5384/5384 5383/5383
f 3611/3611 3554/3554 3523/3523
f 3490/3490 3489/3489 5387/5387
f 5364/5364 3555/3555 5388/5388
f 5346/5346 5333/5333 5389/5389
f 3646/3646 3492/3492 5364/5364
f 5366/5366 5304/5304 5390/5390
f 5367/5367 3586/3586 3562/3562
f 5391/5391 5367/5367 5348/5348
f 5349/5349 5391/5391 5348/5348
f 5335/5335 5349/5349 5298/5298
f 5349/5349 5335/5335 5392/5392
f 5393/5393 5394/5394 5351/5351
f 5336/5336 3454/3454 3704/3704
f 5393/5393 5351/5351 5350/5350
f 3704/3704 3454/3454 3482/3482
f 3478/3478 3570/3570 3541/3541
f 3629/3629 5352/5352 3460/3460
f 3541/3541 3570/3570 3542/3542
f 3629/3629 3460/3460 3630/3630
f 5354/5354 5338/5338 5355/5355
f 5395/5395 3630/3630 5323/5323
f 3575/3575 3574/3574 5396/5396
f 3547/3547 3546/3546 3637/3637
f 5368/5368 5339/5339 5340/5340
f 5368/5368 5324/5324 5369/5369
f 5371/5371 5299/5299 5372/5372
f 3553/3553 3552/3552 5370/5370
f 5397/5397 5309/5309 5325/5325
f 5397/5397 5325/5325 5375/5375
f 5343/5343 5327/5327 5376/5376
f 5398/5398 5343/5343 5376/5376
f 5399/5399 5375/5375 5374/5374
f 5329/5329 5341/5341 5379/5379
f 5400/5400 5270/5270 5311/5311
f 5344/5344 5343/5343 5398/5398
f 5342/5342 5312/5312 5401/5401
f 3488/3488 3522/3522 5402/5402
f 5403/5403 5331/5331 5303/5303
f 5359/5359 5404/5404 5381/5381
f 5312/5312 5382/5382 5401/5401
f 3644/3644 3523/3523 3488/3488
f 5357/5357 5381/5381 5405/5405
f 5383/5383 5357/5357 5405/5405
f 5316/5316 5317/5317 5406/5406
f 3440/3440 5363/5363 3525/3525
f 5387/5387 3489/3489 3613/3613
f 5407/5407 5364/5364 5388/5388
f 3690/3690 3646/3646 5364/5364
f 5389/5389 5333/5333 5334/5334
f 5365/5365 5275/5275 5366/5366
f 5391/5391 5408/5408 5367/5367
f 5367/5367 5408/5408 3586/3586
f 3499/3499 3651/3651 3588/3588
f 5391/5391 5349/5349 5409/5409
f 3474/3474 3589/3589 3590/3590
f 5390/5390 5304/5304 5318/5318
f 5390/5390 5318/5318 5410/5410
f 5410/5410 5318/5318 5320/5320
f 5336/5336 5392/5392 5335/5335
f 3706/3706 5392/5392 5336/5336
f 5411/5411 5320/5320 5321/5321
f 5352/5352 5393/5393 5350/5350
f 5411/5411 5321/5321 5354/5354
f 3627/3627 3505/3505 3625/3625
f 5412/5412 3602/3602 3601/3601
f 5395/5395 3628/3628 3630/3630
f 5413/5413 5354/5354 5355/5355
f 3542/3542 3633/3633 3514/3514
f 3514/3514 3633/3633 3515/3515
f 3515/3515 3634/3634 3545/3545
f 3573/3573 3544/3544 3605/3605
f 5373/5373 3553/3553 5414/5414
f 5372/5372 5308/5308 5415/5415
f 5415/5415 5308/5308 5309/5309
f 3439/3439 5356/5356 5376/5376
f 5416/5416 5341/5341 5378/5378
f 5328/5328 5270/5270 5400/5400
f 5341/5341 5416/5416 5379/5379
f 5400/5400 5311/5311 5380/5380
f 5417/5417 3521/3521 5379/5379
f 5402/5402 3521/3521 5417/5417
f 5404/5404 5359/5359 5418/5418
f 3522/3522 3521/3521 5402/5402
f 3644/3644 3488/3488 5402/5402
f 5419/5419 5303/5303 5360/5360
f 5420/5420 5360/5360 5361/5361
f 5405/5405 5381/5381 3686/3686
f 5420/5420 5361/5361 5385/5385
f 5383/5383 5405/5405 5421/5421
f 5421/5421 5405/5405 3686/3686
f 5386/5386 5383/5383 5421/5421
f 5317/5317 5346/5346 5422/5422
f 5346/5346 5389/5389 5422/5422
f 3690/3690 5364/5364 5407/5407
f 3645/3645 3646/3646 3690/3690
f 3673/3673 3556/3556 3645/3645
f 5423/5423 5389/5389 5334/5334
f 5334/5334 5365/5365 5423/5423
f 5424/5424 5408/5408 5425/5425
f 5424/5424 3694/3694 3586/3586
f 5408/5408 5424/5424 3586/3586
f 5347/5347 3652/3652 3651/3651
f 3586/3586 3694/3694 3587/3587
f 5425/5425 5408/5408 5391/5391
f 3501/3501 3564/3564 3656/3656
f 3532/3532 3591/3591 3701/3701
f 5410/5410 5320/5320 5411/5411
f 5426/5426 3623/3623 3622/3622
f 3594/3594 3657/3657 3733/3733
f 3568/3568 3532/3532 3701/3701
f 3568/3568 3701/3701 3708/3708
f 5393/5393 5352/5352 5427/5427
f 3704/3704 3482/3482 5428/5428
f 3534/3534 5428/5428 3482/3482
f 3570/3570 3568/3568 3708/3708
f 3600/3600 5428/5428 3534/3534
f 5427/5427 5352/5352 3629/3629
f 5411/5411 5354/5354 5413/5413
f 3539/3539 3662/3662 3508/3508
f 5412/5412 3711/3711 3602/3602
f 3600/3600 3603/3603 5429/5429
f 3602/3602 5429/5429 3603/3603
f 3605/3605 3513/3513 3604/3604
f 5413/5413 5355/5355 5430/5430
f 3634/3634 5431/5431 3545/3545
f 3575/3575 5430/5430 5355/5355
f 5430/5430 3575/3575 5432/5432
f 5432/5432 3575/3575 5433/5433
f 5433/5433 3575/3575 5396/5396
f 5370/5370 5339/5339 5434/5434
f 5434/5434 5339/5339 5368/5368
f 5369/5369 5307/5307 5371/5371
f 5414/5414 3553/3553 5370/5370
f 5435/5435 5372/5372 5415/5415
f 5415/5415 5309/5309 5397/5397
f 5356/5356 5373/5373 5436/5436
f 5376/5376 5356/5356 5436/5436
f 5376/5376 5437/5437 5398/5398
f 5380/5380 5331/5331 5403/5403
f 5403/5403 5303/5303 5419/5419
f 3644/3644 5402/5402 5438/5438
f 5419/5419 5360/5360 5420/5420
f 3686/3686 5381/5381 5439/5439
f 5382/5382 5316/5316 5406/5406
f 5420/5420 5385/5385 5440/5440
f 5441/5441 3611/3611 3610/3610
f 5442/5442 5386/5386 5443/5443
f 5443/5443 5386/5386 5421/5421
f 5443/5443 5421/5421 5444/5444
f 5406/5406 5317/5317 5445/5445
f 5445/5445 5317/5317 5422/5422
f 5446/5446 5447/5447 5448/5448
f 5449/5449 5407/5407 5388/5388
f 5450/5450 5447/5447 5446/5446
f 3690/3690 5407/5407 5449/5449
f 5422/5422 5389/5389 5423/5423
f 5424/5424 5451/5451 5452/5452
f 5424/5424 5452/5452 3694/3694
f 5425/5425 5451/5451 5424/5424
f 5425/5425 5391/5391 5453/5453
f 5453/5453 5391/5391 5409/5409
f 5454/5454 5366/5366 5390/5390
f 5409/5409 5349/5349 5455/5455
f 5455/5455 5349/5349 5392/5392
f 5390/5390 5410/5410 5456/5456
f 5426/5426 3702/3702 3623/3623
f 3704/3704 3706/3706 5336/5336
f 5457/5457 5394/5394 5393/5393
f 5457/5457 5393/5393 5427/5427
f 3595/3595 3566/3566 3659/3659
f 3570/3570 3708/3708 3663/3663
f 5458/5458 5411/5411 5413/5413
f 3679/3679 3605/3605 3604/3604
f 3545/3545 5431/5431 3631/3631
f 5368/5368 5369/5369 5459/5459
f 5459/5459 5369/5369 5371/5371
f 5460/5460 5371/5371 5372/5372
f 5414/5414 5370/5370 5461/5461
f 5461/5461 5370/5370 5434/5434
f 5462/5462 5397/5397 5375/5375
f 5437/5437 5376/5376 5436/5436
f 5462/5462 5375/5375 5463/5463
f 5463/5463 5375/5375 5399/5399
f 5463/5463 5399/5399 5464/5464
f 5378/5378 5328/5328 5465/5465
f 5465/5465 5328/5328 5400/5400
f 5466/5466 5342/5342 5401/5401
f 5377/5377 5342/5342 5466/5466
f 5467/5467 5380/5380 5403/5403
f 5381/5381 5404/5404 5468/5468
f 5467/5467 5403/5403 5469/5469
f 5469/5469 5403/5403 5419/5419
f 3610/3610 3644/3644 3720/3720
f 5469/5469 5419/5419 5420/5420
f 3686/3686 5439/5439 3766/3766
f 5441/5441 3610/3610 3721/3721
f 5441/5441 3721/3721 5470/5470
f 5442/5442 5443/5443 5471/5471
f 5471/5471 5443/5443 5444/5444
f 5421/5421 3686/3686 3688/3688
f 5444/5444 5421/5421 3688/3688
f 5471/5471 5444/5444 5472/5472
f 5472/5472 5444/5444 3688/3688
f 3768/3768 3690/3690 5449/5449
f 3691/3691 3690/3690 3768/3768
f 3722/3722 3673/3673 3645/3645
f 5423/5423 5365/5365 5366/5366
f 5473/5473 5474/5474 5452/5452
f 5423/5423 5366/5366 5475/5475
f 5476/5476 5473/5473 5451/5451
f 5451/5451 5473/5473 5452/5452
f 3694/3694 5452/5452 3692/3692
f 5425/5425 5476/5476 5451/5451
f 5476/5476 5425/5425 5453/5453
f 3587/3587 3694/3694 3693/3693
f 5453/5453 5409/5409 5477/5477
f 3589/3589 3587/3587 3724/3724
f 5456/5456 5454/5454 5390/5390
f 3590/3590 3589/3589 3700/3700
f 3590/3590 3700/3700 3591/3591
f 5392/5392 3706/3706 5478/5478
f 5457/5457 5479/5479 5394/5394
f 5410/5410 5411/5411 5458/5458
f 3710/3710 5480/5480 3600/3600
f 3600/3600 5480/5480 5428/5428
f 3708/3708 5481/5481 3663/3663
f 3598/3598 3712/3712 3625/3625
f 3711/3711 3710/3710 3602/3602
f 3602/3602 3710/3710 5429/5429
f 5429/5429 3710/3710 3600/3600
f 5482/5482 5427/5427 3629/3629
f 5481/5481 5483/5483 3663/3663
f 5484/5484 5482/5482 3628/3628
f 3628/3628 5482/5482 3629/3629
f 3663/3663 5483/5483 3633/3633
f 5395/5395 5484/5484 3628/3628
f 3633/3633 5483/5483 3634/3634
f 5483/5483 5485/5485 3634/3634
f 5485/5485 5486/5486 5431/5431
f 5431/5431 5486/5486 3631/3631
f 3634/3634 5485/5485 5431/5431
f 5487/5487 5430/5430 5432/5432
f 3716/3716 3667/3667 3718/3718
f 3718/3718 3641/3641 3685/3685
f 5460/5460 5372/5372 5435/5435
f 5373/5373 5414/5414 5488/5488
f 5489/5489 5415/5415 5397/5397
f 5489/5489 5397/5397 5462/5462
f 5398/5398 5437/5437 5490/5490
f 5418/5418 5491/5491 5404/5404
f 5492/5492 5379/5379 5416/5416
f 5400/5400 5380/5380 5493/5493
f 5494/5494 5377/5377 5466/5466
f 5417/5417 5379/5379 5492/5492
f 5495/5495 5380/5380 5467/5467
f 5496/5496 5402/5402 5417/5417
f 5438/5438 5402/5402 5496/5496
f 3644/3644 5438/5438 3720/3720
f 5381/5381 5468/5468 5439/5439
f 5401/5401 5382/5382 5497/5497
f 5498/5498 5382/5382 5406/5406
f 5499/5499 5420/5420 5440/5440
f 3686/3686 3766/3766 3687/3687
f 3742/3742 5470/5470 3721/3721
f 5500/5500 5442/5442 5471/5471
f 5470/5470 3742/3742 3741/3741
f 5446/5446 5448/5448 5501/5501
f 5501/5501 5448/5448 3741/3741
f 3688/3688 3687/3687 5502/5502
f 5503/5503 3688/3688 5502/5502
f 3768/3768 5449/5449 5504/5504
f 5505/5505 5450/5450 5506/5506
f 5506/5506 5450/5450 5446/5446
f 5472/5472 3688/3688 5507/5507
f 5507/5507 3688/3688 5503/5503
f 5471/5471 5472/5472 5507/5507
f 5503/5503 5502/5502 5508/5508
f 5445/5445 5422/5422 5509/5509
f 5507/5507 5503/5503 5510/5510
f 5510/5510 5503/5503 5508/5508
f 5510/5510 5508/5508 3772/3772
f 5511/5511 5507/5507 5510/5510
f 5474/5474 5510/5510 3772/3772
f 5422/5422 5423/5423 5512/5512
f 5511/5511 5510/5510 5473/5473
f 5473/5473 5510/5510 5474/5474
f 5474/5474 3772/3772 5513/5513
f 5514/5514 5511/5511 5473/5473
f 5515/5515 5514/5514 5473/5473
f 5512/5512 5423/5423 5475/5475
f 5515/5515 5473/5473 5476/5476
f 5474/5474 5513/5513 5452/5452
f 5452/5452 5513/5513 3692/3692
f 5515/5515 5476/5476 5516/5516
f 5475/5475 5366/5366 5454/5454
f 3588/3588 3652/3652 3621/3621
f 3589/3589 3749/3749 3700/3700
f 3655/3655 3564/3564 3729/3729
f 3701/3701 3700/3700 3731/3731
f 3593/3593 5517/5517 3730/3730
f 5518/5518 5519/5519 3702/3702
f 5520/5520 5456/5456 5410/5410
f 3705/3705 5478/5478 3706/3706
f 5521/5521 5457/5457 5427/5427
f 5428/5428 5522/5522 3704/3704
f 5482/5482 5521/5521 5427/5427
f 5480/5480 5522/5522 5428/5428
f 3708/3708 3707/3707 5481/5481
f 3735/3735 3752/3752 5523/5523
f 3625/3625 3712/3712 3713/3713
f 5524/5524 5525/5525 5486/5486
f 5487/5487 5413/5413 5430/5430
f 3759/3759 3635/3635 3738/3738
f 3806/3806 5526/5526 5527/5527
f 5434/5434 5368/5368 5528/5528
f 5529/5529 5371/5371 5460/5460
f 5461/5461 5434/5434 5528/5528
f 5488/5488 5414/5414 5530/5530
f 5435/5435 5415/5415 5489/5489
f 5488/5488 5436/5436 5373/5373
f 5437/5437 5436/5436 5531/5531
f 5490/5490 5437/5437 5531/5531
f 5494/5494 5532/5532 5377/5377
f 5416/5416 5378/5378 5465/5465
f 5465/5465 5400/5400 5493/5493
f 5493/5493 5380/5380 5495/5495
f 5496/5496 5417/5417 5492/5492
f 5466/5466 5401/5401 5497/5497
f 5469/5469 5420/5420 5499/5499
f 5497/5497 5382/5382 5498/5498
f 5533/5533 5442/5442 5500/5500
f 5501/5501 3741/3741 3743/3743
f 5534/5534 5500/5500 5471/5471
f 5535/5535 3768/3768 5504/5504
f 5506/5506 5446/5446 5501/5501
f 5536/5536 5534/5534 5471/5471
f 5536/5536 5471/5471 5507/5507
f 5509/5509 5422/5422 5512/5512
f 5536/5536 5507/5507 5511/5511
f 3647/3647 3722/3722 3769/3769
f 5511/5511 5514/5514 5537/5537
f 5476/5476 5453/5453 5477/5477
f 5475/5475 5454/5454 5538/5538
f 3650/3650 3696/3696 3788/3788
f 3652/3652 5539/5539 3621/3621
f 5477/5477 5409/5409 5455/5455
f 3589/3589 3724/3724 3749/3749
f 5538/5538 5454/5454 5540/5540
f 3700/3700 3749/3749 3731/3731
f 5454/5454 5456/5456 5540/5540
f 5478/5478 5455/5455 5392/5392
f 5517/5517 5541/5541 3730/3730
f 5519/5519 3798/3798 3703/3703
f 5540/5540 5456/5456 5520/5520
f 5519/5519 3703/3703 3702/3702
f 3701/3701 3732/3732 3707/3707
f 5542/5542 5543/5543 5457/5457
f 5542/5542 5457/5457 5521/5521
f 5522/5522 3705/3705 3704/3704
f 5410/5410 5458/5458 5520/5520
f 3733/3733 3657/3657 3734/3734
f 5521/5521 5482/5482 5542/5542
f 3752/3752 3709/3709 5523/5523
f 3709/3709 3754/3754 3710/3710
f 3710/3710 3755/3755 5480/5480
f 5481/5481 3707/3707 5544/5544
f 5524/5524 5545/5545 5525/5525
f 5481/5481 5544/5544 5546/5546
f 5481/5481 5546/5546 5483/5483
f 5546/5546 5524/5524 5485/5485
f 5485/5485 5524/5524 5486/5486
f 5458/5458 5413/5413 5547/5547
f 5483/5483 5546/5546 5485/5485
f 3758/3758 3678/3678 3677/3677
f 3737/3737 3678/3678 3758/3758
f 5548/5548 5487/5487 5432/5432
f 5548/5548 5432/5432 5433/5433
f 5528/5528 5368/5368 5459/5459
f 5529/5529 5459/5459 5371/5371
f 5414/5414 5461/5461 5530/5530
f 5436/5436 5488/5488 5531/5531
f 5490/5490 5531/5531 5549/5549
f 5404/5404 5491/5491 5550/5550
f 5492/5492 5416/5416 5551/5551
f 5551/5551 5416/5416 5465/5465
f 5496/5496 5492/5492 5552/5552
f 5404/5404 5550/5550 5468/5468
f 5553/5553 5495/5495 5467/5467
f 5554/5554 5466/5466 5497/5497
f 5438/5438 5496/5496 5555/5555
f 3720/3720 5438/5438 5555/5555
f 5439/5439 5468/5468 3764/3764
f 3766/3766 5439/5439 3764/3764
f 3721/3721 3720/3720 5556/5556
f 5498/5498 5406/5406 5445/5445
f 3721/3721 5556/5556 3742/3742
f 3767/3767 3768/3768 5535/5535
f 5502/5502 3687/3687 3784/3784
f 5557/5557 5534/5534 5536/5536
f 5508/5508 5502/5502 3770/3770
f 5508/5508 3770/3770 3772/3772
f 3772/3772 3771/3771 5558/5558
f 5513/5513 3772/3772 5558/5558
f 5516/5516 5537/5537 5514/5514
f 5516/5516 5514/5514 5515/5515
f 3692/3692 5513/5513 5558/5558
f 3693/3693 3692/3692 5558/5558
f 5559/5559 5475/5475 5560/5560
f 5477/5477 5561/5561 5476/5476
f 5475/5475 5538/5538 5560/5560
f 3724/3724 3693/3693 3748/3748
f 3696/3696 3747/3747 3788/3788
f 3774/3774 3726/3726 3695/3695
f 5562/5562 5477/5477 5455/5455
f 5560/5560 5538/5538 5540/5540
f 5541/5541 5563/5563 3730/3730
f 5564/5564 5565/5565 5519/5519
f 5565/5565 3798/3798 5519/5519
f 5566/5566 5543/5543 5542/5542
f 3707/3707 3732/3732 5567/5567
f 3657/3657 3751/3751 3734/3734
f 3707/3707 5567/5567 5544/5544
f 5480/5480 3755/3755 5522/5522
f 3752/3752 3835/3835 3709/3709
f 5568/5568 5545/5545 5524/5524
f 5546/5546 5568/5568 5524/5524
f 5520/5520 5458/5458 5547/5547
f 3713/3713 3712/3712 3757/3757
f 5547/5547 5413/5413 5569/5569
f 5569/5569 5413/5413 5487/5487
f 3806/3806 3780/3780 5526/5526
f 3804/3804 3806/3806 5527/5527
f 5459/5459 5529/5529 5570/5570
f 3849/3849 5461/5461 5528/5528
f 5531/5531 5488/5488 5571/5571
f 5572/5572 5489/5489 5462/5462
f 5572/5572 5462/5462 5463/5463
f 5491/5491 5573/5573 5550/5550
f 5574/5574 5465/5465 5493/5493
f 5492/5492 5551/5551 5552/5552
f 5551/5551 5465/5465 5575/5575
f 5574/5574 5493/5493 5495/5495
f 5468/5468 5550/5550 5576/5576
f 5554/5554 5494/5494 5466/5466
f 5496/5496 5577/5577 5555/5555
f 3764/3764 5468/5468 5576/5576
f 5553/5553 5467/5467 5578/5578
f 5578/5578 5467/5467 5469/5469
f 5554/5554 5497/5497 5579/5579
f 3720/3720 5555/5555 5580/5580
f 5578/5578 5469/5469 5499/5499
f 5556/5556 3720/3720 5580/5580
f 5581/5581 5498/5498 5445/5445
f 5582/5582 5533/5533 5500/5500
f 3687/3687 3766/3766 3784/3784
f 5583/5583 5535/5535 5504/5504
f 5584/5584 5505/5505 5506/5506
f 5585/5585 5506/5506 5501/5501
f 5585/5585 5501/5501 5586/5586
f 5587/5587 3742/3742 5588/5588
f 3742/3742 5556/5556 5588/5588
f 5501/5501 3743/3743 5589/5589
f 5589/5589 3743/3743 5590/5590
f 3743/3743 3742/3742 5587/5587
f 5590/5590 3743/3743 5587/5587
f 5509/5509 5581/5581 5445/5445
f 5502/5502 3784/3784 3770/3770
f 5581/5581 5509/5509 5591/5591
f 5537/5537 5536/5536 5511/5511
f 5509/5509 5512/5512 5475/5475
f 5558/5558 3771/3771 5592/5592
f 5561/5561 5537/5537 5516/5516
f 3693/3693 5558/5558 5592/5592
f 5561/5561 5516/5516 5476/5476
f 3693/3693 5592/5592 3748/3748
f 3787/3787 3747/3747 5593/5593
f 5594/5594 5561/5561 5477/5477
f 5593/5593 3747/3747 3790/3790
f 5539/5539 3854/3854 3621/3621
f 5562/5562 5594/5594 5477/5477
f 3749/3749 3748/3748 5595/5595
f 3774/3774 3695/3695 3793/3793
f 3749/3749 5595/5595 5596/5596
f 3621/3621 5597/5597 3729/3729
f 3731/3731 3749/3749 5596/5596
f 5560/5560 5540/5540 5598/5598
f 5599/5599 3832/3832 5565/5565
f 5565/5565 3832/3832 3798/3798
f 5600/5600 5562/5562 5455/5455
f 3731/3731 5596/5596 3732/3732
f 3732/3732 5596/5596 5567/5567
f 5600/5600 5455/5455 5478/5478
f 5601/5601 5565/5565 5564/5564
f 3705/3705 5600/5600 5478/5478
f 5602/5602 5540/5540 5603/5603
f 5544/5544 5567/5567 5604/5604
f 5601/5601 5564/5564 5545/5545
f 5603/5603 5540/5540 5520/5520
f 5522/5522 5605/5605 3705/3705
f 5544/5544 5604/5604 5606/5606
f 5607/5607 5601/5601 5568/5568
f 5568/5568 5601/5601 5545/5545
f 3755/3755 5608/5608 5522/5522
f 5606/5606 5607/5607 5568/5568
f 3835/3835 3754/3754 3709/3709
f 5546/5546 5544/5544 5606/5606
f 5546/5546 5606/5606 5568/5568
f 3713/3713 3757/3757 3801/3801
f 3736/3736 5609/5609 3758/3758
f 3822/3822 3758/3758 5609/5609
f 5547/5547 5569/5569 5610/5610
f 3737/3737 3758/3758 3803/3803
f 3781/3781 5611/5611 3782/3782
f 5612/5612 3781/3781 3780/3780
f 3806/3806 5612/5612 3780/3780
f 5612/5612 3806/3806 3843/3843
f 5528/5528 5459/5459 5570/5570
f 5570/5570 5529/5529 5613/5613
f 5613/5613 5529/5529 5460/5460
f 5530/5530 5461/5461 3849/3849
f 3849/3849 5528/5528 3847/3847
f 5460/5460 5435/5435 5614/5614
f 5614/5614 5435/5435 5489/5489
f 5488/5488 5530/5530 5571/5571
f 5549/5549 5531/5531 5571/5571
f 5615/5615 5572/5572 5463/5463
f 5615/5615 5463/5463 5464/5464
f 5550/5550 5573/5573 5616/5616
f 5615/5615 5464/5464 5617/5617
f 5550/5550 5616/5616 5576/5576
f 5552/5552 5551/5551 5575/5575
f 5575/5575 5465/5465 5574/5574
f 5554/5554 5618/5618 5494/5494
f 5577/5577 5496/5496 5552/5552
f 5555/5555 5577/5577 5619/5619
f 3764/3764 5576/5576 3765/3765
f 5580/5580 5555/5555 5619/5619
f 5579/5579 5497/5497 5498/5498
f 5556/5556 5580/5580 5620/5620
f 3784/3784 3765/3765 5621/5621
f 5588/5588 5556/5556 5620/5620
f 5622/5622 5584/5584 5506/5506
f 5622/5622 5506/5506 5585/5585
f 5623/5623 5582/5582 5500/5500
f 3784/3784 5621/5621 3770/3770
f 3888/3888 3767/3767 5535/5535
f 5623/5623 5500/5500 5534/5534
f 5623/5623 5534/5534 5557/5557
f 3770/3770 5624/5624 3771/3771
f 5559/5559 5509/5509 5475/5475
f 5625/5625 5537/5537 5561/5561
f 3748/3748 5592/5592 5626/5626
f 5627/5627 3816/3816 3818/3818
f 5628/5628 5559/5559 5560/5560
f 5595/5595 3748/3748 5626/5626
f 5629/5629 5628/5628 5560/5560
f 3621/3621 3854/3854 5597/5597
f 5629/5629 5560/5560 5630/5630
f 5596/5596 5595/5595 5631/5631
f 5630/5630 5560/5560 5598/5598
f 3793/3793 3697/3697 3794/3794
f 3729/3729 5597/5597 5632/5632
f 5633/5633 5599/5599 5565/5565
f 5596/5596 5631/5631 5567/5567
f 5633/5633 5565/5565 5601/5601
f 5598/5598 5540/5540 5602/5602
f 3730/3730 5563/5563 5634/5634
f 5567/5567 5631/5631 5604/5604
f 5607/5607 5633/5633 5601/5601
f 3730/3730 5634/5634 3751/3751
f 5607/5607 5635/5635 5636/5636
f 5605/5605 5600/5600 3705/3705
f 5604/5604 5635/5635 5607/5607
f 3751/3751 3820/3820 3734/3734
f 5608/5608 5605/5605 5522/5522
f 5604/5604 5607/5607 5606/5606
f 3734/3734 3821/3821 3752/3752
f 3752/3752 3821/3821 3835/3835
f 3754/3754 3836/3836 3755/3755
f 3755/3755 3836/3836 5608/5608
f 5637/5637 5603/5603 5520/5520
f 3756/3756 5638/5638 5639/5639
f 3756/3756 5639/5639 3757/3757
f 5637/5637 5520/5520 5547/5547
f 5637/5637 5547/5547 5610/5610
f 3805/3805 3843/3843 3806/3806
f 3847/3847 5528/5528 5570/5570
f 5640/5640 5570/5570 5613/5613
f 5613/5613 5460/5460 5614/5614
f 5614/5614 5489/5489 5572/5572
f 5549/5549 5571/5571 5641/5641
f 5573/5573 5642/5642 5616/5616
f 5576/5576 5616/5616 5643/5643
f 5574/5574 5495/5495 5644/5644
f 5577/5577 5552/5552 5645/5645
f 5644/5644 5495/5495 5553/5553
f 3765/3765 5576/5576 5646/5646
f 5554/5554 5579/5579 5647/5647
f 5648/5648 5553/5553 5578/5578
f 5620/5620 5580/5580 5619/5619
f 5648/5648 5578/5578 5649/5649
f 5649/5649 5578/5578 5499/5499
f 3765/3765 5646/5646 5621/5621
f 5650/5650 5498/5498 5581/5581
f 3888/3888 5535/5535 5583/5583
f 5588/5588 5620/5620 5651/5651
f 3811/3811 3767/3767 3888/3888
f 5586/5586 5501/5501 5589/5589
f 5586/5586 5589/5589 5652/5652
f 5652/5652 5589/5589 5590/5590
f 5581/5581 5591/5591 5650/5650
f 5588/5588 5651/5651 5653/5653
f 3813/3813 3812/3812 5654/5654
f 5655/5655 3814/3814 5656/5656
f 5656/5656 3814/3814 3813/3813
f 5624/5624 3770/3770 5621/5621
f 5657/5657 5557/5557 5536/5536
f 5591/5591 5509/5509 5559/5559
f 5657/5657 5536/5536 5537/5537
f 5658/5658 5657/5657 5537/5537
f 3771/3771 5624/5624 5592/5592
f 5592/5592 5624/5624 3853/3853
f 5659/5659 5559/5559 5628/5628
f 3816/3816 5660/5660 3817/3817
f 5626/5626 5592/5592 3853/3853
f 3816/3816 5627/5627 3894/3894
f 3894/3894 5627/5627 5661/5661
f 5597/5597 3854/3854 3856/3856
f 5595/5595 5626/5626 5662/5662
f 5663/5663 5594/5594 5562/5562
f 5595/5595 5662/5662 5631/5631
f 3790/3790 3774/3774 3793/3793
f 5631/5631 5662/5662 5664/5664
f 5663/5663 5562/5562 5600/5600
f 5632/5632 5597/5597 5665/5665
f 5563/5563 5666/5666 5634/5634
f 5604/5604 5631/5631 5664/5664
f 5604/5604 5664/5664 5635/5635
f 5664/5664 5636/5636 5635/5635
f 5636/5636 5633/5633 5607/5607
f 5667/5667 5668/5668 5669/5669
f 3751/3751 5634/5634 3820/3820
f 5605/5605 5670/5670 5600/5600
f 5671/5671 5667/5667 5669/5669
f 5671/5671 5669/5669 5672/5672
f 5671/5671 5672/5672 5673/5673
f 3757/3757 5639/5639 3801/3801
f 5673/5673 5674/5674 5675/5675
f 5674/5674 5673/5673 5676/5676
f 3778/3778 3802/3802 3838/3838
f 3865/3865 5674/5674 5676/5676
f 3865/3865 5676/5676 5611/5611
f 3865/3865 5611/5611 3781/3781
f 5677/5677 3838/3838 5678/5678
f 5679/5679 3838/3838 5677/5677
f 3840/3840 5679/5679 5677/5677
f 3843/3843 3864/3864 5612/5612
f 3824/3824 3839/3839 3841/3841
f 5571/5571 5530/5530 3849/3849
f 5615/5615 5617/5617 5680/5680
f 5645/5645 5552/5552 5681/5681
f 5552/5552 5575/5575 5681/5681
f 5681/5681 5575/5575 5682/5682
f 5682/5682 5575/5575 5574/5574
f 5682/5682 5574/5574 5644/5644
f 5576/5576 5643/5643 5683/5683
f 5619/5619 5577/5577 5645/5645
f 5646/5646 5576/5576 5683/5683
f 5619/5619 5645/5645 5684/5684
f 5648/5648 5644/5644 5553/5553
f 5621/5621 5646/5646 5685/5685
f 5650/5650 5579/5579 5498/5498
f 3889/3889 3888/3888 5583/5583
f 5686/5686 5584/5584 5622/5622
f 5687/5687 5622/5622 5585/5585
f 5687/5687 5585/5585 5586/5586
f 5651/5651 5620/5620 5688/5688
f 5689/5689 5655/5655 5690/5690
f 5624/5624 5621/5621 5685/5685
f 5690/5690 5655/5655 5656/5656
f 5654/5654 5691/5691 5692/5692
f 5693/5693 5694/5694 5695/5695
f 5696/5696 5623/5623 5557/5557
f 5624/5624 5685/5685 5697/5697
f 5698/5698 5656/5656 3813/3813
f 5698/5698 3813/3813 5654/5654
f 5699/5699 5654/5654 5692/5692
f 5698/5698 5654/5654 5699/5699
f 5696/5696 5557/5557 5657/5657
f 5698/5698 5699/5699 5700/5700
f 5624/5624 5697/5697 3851/3851
f 3853/3853 5624/5624 3851/3851
f 5658/5658 5537/5537 5625/5625
f 5701/5701 5702/5702 5660/5660
f 5660/5660 5702/5702 5703/5703
f 3816/3816 5701/5701 5660/5660
f 5704/5704 5659/5659 5628/5628
f 5701/5701 3816/3816 3894/3894
f 5626/5626 3853/3853 3852/3852
f 5625/5625 5561/5561 5594/5594
f 5626/5626 3852/3852 5662/5662
f 5705/5705 5628/5628 5629/5629
f 3894/3894 5661/5661 3892/3892
f 5597/5597 3856/3856 5665/5665
f 5706/5706 3872/3872 5599/5599
f 5707/5707 5706/5706 5599/5599
f 5599/5599 3872/3872 3832/3832
f 5633/5633 5707/5707 5599/5599
f 5664/5664 5708/5708 5636/5636
f 5708/5708 5707/5707 5636/5636
f 5636/5636 5707/5707 5633/5633
f 5709/5709 5710/5710 5668/5668
f 5711/5711 5710/5710 5709/5709
f 5666/5666 5712/5712 5634/5634
f 5670/5670 5663/5663 5600/5600
f 5709/5709 5668/5668 5667/5667
f 5634/5634 5713/5713 3820/3820
f 3875/3875 5605/5605 5608/5608
f 3777/3777 3799/3799 3800/3800
f 3820/3820 5713/5713 3821/3821
f 3836/3836 3875/3875 5608/5608
f 5667/5667 5671/5671 5714/5714
f 3800/3800 5715/5715 3756/3756
f 3756/3756 5715/5715 5638/5638
f 5638/5638 3882/3882 5639/5639
f 5639/5639 3882/3882 3885/3885
f 5639/5639 3885/3885 3801/3801
f 3801/3801 3885/3885 5716/5716
f 5675/5675 5671/5671 5673/5673
f 3801/3801 5716/5716 5717/5717
f 3837/3837 3801/3801 5717/5717
f 3802/3802 3801/3801 3837/3837
f 5678/5678 3838/3838 3837/3837
f 3864/3864 3781/3781 5612/5612
f 3842/3842 3864/3864 3843/3843
f 3846/3846 3842/3842 3805/3805
f 3824/3824 3841/3841 3844/3844
f 5718/5718 3825/3825 3844/3844
f 3844/3844 3866/3866 5718/5718
f 5718/5718 3866/3866 3845/3845
f 3847/3847 5570/5570 3848/3848
f 3848/3848 5570/5570 5719/5719
f 5719/5719 5570/5570 5640/5640
f 5640/5640 5613/5613 5720/5720
f 5571/5571 3849/3849 5721/5721
f 5722/5722 5614/5614 5572/5572
f 5642/5642 5723/5723 5724/5724
f 5616/5616 5642/5642 5725/5725
f 5643/5643 5616/5616 5725/5725
f 5726/5726 5727/5727 5728/5728
f 5729/5729 5618/5618 5554/5554
f 5729/5729 5554/5554 5647/5647
f 5682/5682 5644/5644 5730/5730
f 5645/5645 5681/5681 5731/5731
f 5730/5730 5644/5644 5732/5732
f 5733/5733 5647/5647 5579/5579
f 5684/5684 5645/5645 5731/5731
f 5732/5732 5644/5644 5648/5648
f 5734/5734 5683/5683 5735/5735
f 5646/5646 5683/5683 5734/5734
f 5620/5620 5619/5619 5736/5736
f 5619/5619 5684/5684 5736/5736
f 5685/5685 5646/5646 5734/5734
f 5737/5737 5648/5648 5649/5649
f 5738/5738 5686/5686 5622/5622
f 5738/5738 5622/5622 5687/5687
f 5687/5687 5586/5586 5739/5739
f 5740/5740 5620/5620 5736/5736
f 5739/5739 5586/5586 5652/5652
f 5620/5620 5740/5740 5688/5688
f 5685/5685 5734/5734 5741/5741
f 5742/5742 5582/5582 5623/5623
f 5694/5694 5743/5743 5744/5744
f 5695/5695 5694/5694 5744/5744
f 5697/5697 5685/5685 5741/5741
f 5690/5690 5656/5656 5745/5745
f 5656/5656 5698/5698 5745/5745
f 5699/5699 5692/5692 5746/5746
f 5747/5747 5695/5695 5744/5744
f 5748/5748 5591/5591 5559/5559
f 5659/5659 5748/5748 5559/5559
f 5749/5749 5699/5699 5746/5746
f 5700/5700 5699/5699 5750/5750
f 5750/5750 5699/5699 5749/5749
f 5749/5749 5746/5746 5702/5702
f 5750/5750 5749/5749 5702/5702
f 5702/5702 5746/5746 5703/5703
f 5701/5701 5750/5750 5702/5702
f 5750/5750 5701/5701 5751/5751
f 3855/3855 5752/5752 5753/5753
f 3852/3852 3851/3851 5754/5754
f 5751/5751 5701/5701 3894/3894
f 3856/3856 3855/3855 5753/5753
f 3852/3852 5754/5754 5755/5755
f 5705/5705 5704/5704 5628/5628
f 5751/5751 3894/3894 3893/3893
f 5756/5756 5625/5625 5594/5594
f 5662/5662 3852/3852 5755/5755
f 5662/5662 5755/5755 5664/5664
f 5708/5708 5755/5755 3870/3870
f 3869/3869 3871/3871 5706/5706
f 5706/5706 3871/3871 3872/3872
f 5756/5756 5594/5594 5663/5663
f 5664/5664 5755/5755 5708/5708
f 5708/5708 3870/3870 3869/3869
f 3892/3892 5661/5661 5757/5757
f 5708/5708 3869/3869 5707/5707
f 3869/3869 5706/5706 5707/5707
f 5711/5711 5758/5758 5710/5710
f 5666/5666 3900/3900 5712/5712
f 3790/3790 3793/3793 3874/3874
f 3877/3877 5663/5663 5670/5670
f 5759/5759 5711/5711 5709/5709
f 5634/5634 5712/5712 5713/5713
f 5713/5713 5712/5712 5760/5760
f 5605/5605 3877/3877 5670/5670
f 5760/5760 3863/3863 5713/5713
f 3875/3875 3877/3877 5605/5605
f 5713/5713 3863/3863 3821/3821
f 5761/5761 5762/5762 3836/3836
f 3836/3836 5762/5762 3875/3875
f 5763/5763 5709/5709 5714/5714
f 3863/3863 5761/5761 3834/3834
f 3834/3834 5761/5761 3836/3836
f 3800/3800 3861/3861 5715/5715
f 5714/5714 5709/5709 5667/5667
f 5714/5714 5764/5764 5765/5765
f 5638/5638 5715/5715 3883/3883
f 5764/5764 5714/5714 5671/5671
f 5638/5638 3883/3883 3882/3882
f 3887/3887 5766/5766 5767/5767
f 5764/5764 5671/5671 5675/5675
f 5716/5716 3885/3885 3887/3887
f 5716/5716 3887/3887 5767/5767
f 5768/5768 5764/5764 5675/5675
f 5717/5717 5716/5716 5767/5767
f 5768/5768 5675/5675 5674/5674
f 5717/5717 5767/5767 5769/5769
f 3837/3837 5717/5717 5769/5769
f 5770/5770 5768/5768 5674/5674
f 3837/3837 5769/5769 5771/5771
f 5770/5770 5674/5674 3865/3865
f 5678/5678 3837/3837 5771/5771
f 5678/5678 5771/5771 5772/5772
f 3864/3864 5770/5770 3865/3865
f 5773/5773 5678/5678 5772/5772
f 5774/5774 5770/5770 3864/3864
f 5677/5677 5678/5678 5773/5773
f 5775/5775 5677/5677 5773/5773
f 5775/5775 5773/5773 5776/5776
f 5777/5777 5774/5774 3864/3864
f 3840/3840 5677/5677 5775/5775
f 5777/5777 3864/3864 3842/3842
f 3841/3841 3840/3840 5775/5775
f 3841/3841 5775/5775 5778/5778
f 5779/5779 5777/5777 3842/3842
f 5779/5779 3842/3842 3846/3846
f 3844/3844 3841/3841 5778/5778
f 5780/5780 5779/5779 3846/3846
f 3844/3844 5778/5778 3866/3866
f 3866/3866 5778/5778 5780/5780
f 3866/3866 5780/5780 3846/3846
f 5720/5720 5613/5613 5614/5614
f 3849/3849 3848/3848 5781/5781
f 5720/5720 5614/5614 5782/5782
f 5721/5721 3849/3849 5781/5781
f 5782/5782 5614/5614 5722/5722
f 5642/5642 5724/5724 5725/5725
f 5722/5722 5572/5572 5615/5615
f 5643/5643 5725/5725 5735/5735
f 5783/5783 5726/5726 5728/5728
f 5683/5683 5643/5643 5735/5735
f 5733/5733 5729/5729 5647/5647
f 5731/5731 5681/5681 5784/5784
f 5784/5784 5681/5681 5682/5682
f 5784/5784 5682/5682 5730/5730
f 5734/5734 5735/5735 3898/3898
f 5785/5785 5732/5732 5648/5648
f 5684/5684 5731/5731 5736/5736
f 5741/5741 5734/5734 3898/3898
f 5785/5785 5648/5648 5737/5737
f 5786/5786 5686/5686 5738/5738
f 3867/3867 3811/3811 3891/3891
f 5740/5740 5736/5736 5787/5787
f 5697/5697 5741/5741 5788/5788
f 5789/5789 5742/5742 5623/5623
f 5789/5789 5623/5623 5696/5696
f 5650/5650 5591/5591 5748/5748
f 5747/5747 5744/5744 5790/5790
f 5791/5791 5789/5789 5696/5696
f 3851/3851 5697/5697 5788/5788
f 3851/3851 5788/5788 5792/5792
f 5791/5791 5696/5696 5657/5657
f 5793/5793 5698/5698 5700/5700
f 5793/5793 5700/5700 5750/5750
f 5791/5791 5657/5657 5658/5658
f 5754/5754 3851/3851 5792/5792
f 5754/5754 5792/5792 5794/5794
f 5795/5795 5791/5791 5658/5658
f 5795/5795 5658/5658 5625/5625
f 5755/5755 5754/5754 5794/5794
f 5755/5755 5794/5794 3870/3870
f 3870/3870 5796/5796 3871/3871
f 3871/3871 5797/5797 3872/3872
f 5666/5666 5798/5798 3900/3900
f 5711/5711 5799/5799 5758/5758
f 5800/5800 5756/5756 5663/5663
f 3892/3892 5757/5757 5801/5801
f 5712/5712 3900/3900 3902/3902
f 5800/5800 5663/5663 3877/3877
f 3872/3872 5802/5802 3833/3833
f 3833/3833 3895/3895 3799/3799
f 5762/5762 3876/3876 3875/3875
f 5763/5763 5759/5759 5709/5709
f 3861/3861 3908/3908 5715/5715
f 5803/5803 5763/5763 5714/5714
f 5803/5803 5714/5714 5765/5765
f 5803/5803 5765/5765 5766/5766
f 3885/3885 3884/3884 3886/3886
f 3887/3887 3886/3886 5803/5803
f 3887/3887 5803/5803 5766/5766
f 5767/5767 5766/5766 5765/5765
f 5765/5765 5764/5764 5804/5804
f 5767/5767 5765/5765 5804/5804
f 5804/5804 5764/5764 5768/5768
f 5805/5805 5804/5804 5768/5768
f 5769/5769 5767/5767 5804/5804
f 5769/5769 5804/5804 5805/5805
f 5806/5806 5769/5769 5805/5805
f 5807/5807 5805/5805 5768/5768
f 5807/5807 5768/5768 5770/5770
f 5771/5771 5769/5769 5806/5806
f 5808/5808 5771/5771 5806/5806
f 5806/5806 5805/5805 5807/5807
f 5772/5772 5771/5771 5808/5808
f 5807/5807 5770/5770 5774/5774
f 5809/5809 5808/5808 5806/5806
f 5809/5809 5806/5806 5807/5807
f 5809/5809 5807/5807 5774/5774
f 5777/5777 5809/5809 5774/5774
f 5776/5776 5773/5773 5772/5772
f 5810/5810 5772/5772 5808/5808
f 5776/5776 5772/5772 5810/5810
f 5810/5810 5808/5808 5809/5809
f 5810/5810 5809/5809 5777/5777
f 5778/5778 5775/5775 5776/5776
f 5776/5776 5810/5810 5780/5780
f 5779/5779 5810/5810 5777/5777
f 5780/5780 5810/5810 5779/5779
f 5778/5778 5776/5776 5780/5780
f 5781/5781 3848/3848 5811/5811
f 5811/5811 3848/3848 5719/5719
f 5719/5719 5640/5640 5812/5812
f 5813/5813 5725/5725 5724/5724
f 5814/5814 5722/5722 5615/5615
f 5814/5814 5615/5615 5815/5815
f 3898/3898 5735/5735 3896/3896
f 5731/5731 5784/5784 5816/5816
f 5816/5816 5784/5784 5817/5817
f 5817/5817 5784/5784 5730/5730
f 5817/5817 5730/5730 5818/5818
f 5818/5818 5730/5730 5732/5732
f 5736/5736 5731/5731 5816/5816
f 5818/5818 5732/5732 5785/5785
f 5787/5787 5736/5736 5816/5816
f 5819/5819 5785/5785 5737/5737
f 5788/5788 5741/5741 3898/3898
f 5820/5820 5739/5739 5652/5652
f 5821/5821 5689/5689 5690/5690
f 5789/5789 5822/5822 5742/5742
f 5743/5743 5823/5823 5744/5744
f 5744/5744 5823/5823 5824/5824
f 5790/5790 5744/5744 5824/5824
f 5790/5790 5824/5824 5825/5825
f 5745/5745 5698/5698 5793/5793
f 5826/5826 5789/5789 5791/5791
f 5827/5827 5748/5748 5659/5659
f 5747/5747 5790/5790 5828/5828
f 5793/5793 5750/5750 5829/5829
f 5830/5830 5747/5747 5828/5828
f 5659/5659 5704/5704 5831/5831
f 5832/5832 5830/5830 5828/5828
f 5832/5832 5828/5828 3901/3901
f 3870/3870 5794/5794 5796/5796
f 5751/5751 5829/5829 5750/5750
f 5833/5833 5795/5795 5625/5625
f 5796/5796 5834/5834 3871/3871
f 3871/3871 5834/5834 5797/5797
f 5798/5798 5832/5832 3901/3901
f 5705/5705 5831/5831 5704/5704
f 5833/5833 5625/5625 5756/5756
f 5835/5835 5799/5799 5836/5836
f 5798/5798 3901/3901 3900/3900
f 5800/5800 5833/5833 5756/5756
f 3872/3872 5797/5797 5802/5802
f 5836/5836 5799/5799 5711/5711
f 5759/5759 5836/5836 5711/5711
f 3876/3876 5800/5800 3877/3877
f 3833/3833 5802/5802 3895/3895
f 5712/5712 3902/3902 5760/5760
f 5837/5837 5838/5838 3863/3863
f 5838/5838 5839/5839 5762/5762
f 5762/5762 5839/5839 3876/3876
f 5760/5760 5837/5837 3863/3863
f 3863/3863 5838/5838 5761/5761
f 5761/5761 5838/5838 5762/5762
f 5840/5840 5759/5759 5763/5763
f 5803/5803 5841/5841 5840/5840
f 5840/5840 5763/5763 5803/5803
f 3908/3908 5842/5842 5715/5715
f 5843/5843 5841/5841 5803/5803
f 5715/5715 5842/5842 3883/3883
f 3886/3886 5843/5843 5803/5803
f 3883/3883 5843/5843 3884/3884
f 3884/3884 5843/5843 3886/3886
f 5812/5812 5640/5640 5720/5720
f 5812/5812 5720/5720 5782/5782
f 5811/5811 5719/5719 5812/5812
f 5724/5724 5844/5844 5813/5813
f 5782/5782 5722/5722 5814/5814
f 5725/5725 5813/5813 5845/5845
f 5735/5735 5725/5725 5845/5845
f 5846/5846 5733/5733 5579/5579
f 5847/5847 3891/3891 3890/3890
f 5846/5846 5579/5579 5650/5650
f 5738/5738 5687/5687 5848/5848
f 5816/5816 5817/5817 5849/5849
f 5848/5848 5687/5687 5850/5850
f 5850/5850 5687/5687 5739/5739
f 5787/5787 5816/5816 5849/5849
f 5851/5851 5818/5818 5785/5785
f 5788/5788 3898/3898 3897/3897
f 5788/5788 3897/3897 3920/3920
f 5846/5846 5650/5650 5748/5748
f 5820/5820 5652/5652 5852/5852
f 5851/5851 5785/5785 5819/5819
f 3850/3850 3867/3867 3913/3913
f 5821/5821 5690/5690 5853/5853
f 5788/5788 3920/3920 3922/3922
f 5826/5826 5822/5822 5789/5789
f 5853/5853 5690/5690 5745/5745
f 5792/5792 5788/5788 3922/3922
f 5854/5854 5826/5826 5791/5791
f 5792/5792 3922/3922 5794/5794
f 5794/5794 3922/3922 5855/5855
f 5831/5831 5827/5827 5659/5659
f 5828/5828 5790/5790 5825/5825
f 5854/5854 5791/5791 5795/5795
f 5796/5796 5794/5794 5855/5855
f 5854/5854 5795/5795 5856/5856
f 5796/5796 5855/5855 5834/5834
f 5833/5833 5856/5856 5795/5795
f 5797/5797 5834/5834 5857/5857
f 5858/5858 5833/5833 5800/5800
f 5797/5797 5857/5857 5802/5802
f 3893/3893 3892/3892 5859/5859
f 3876/3876 5858/5858 5800/5800
f 5760/5760 3902/3902 5837/5837
f 5839/5839 5858/5858 3876/3876
f 5802/5802 5860/5860 3895/3895
f 5759/5759 5861/5861 5836/5836
f 5859/5859 3892/3892 5801/5801
f 3895/3895 5860/5860 3907/3907
f 5840/5840 5861/5861 5759/5759
f 3895/3895 3907/3907 3861/3861
f 5842/5842 5862/5862 3883/3883
f 3883/3883 5862/5862 5843/5843
f 5863/5863 5864/5864 5865/5865
f 5844/5844 5864/5864 5866/5866
f 5866/5866 5864/5864 5863/5863
f 5863/5863 5865/5865 5867/5867
f 5812/5812 5782/5782 5868/5868
f 5867/5867 5865/5865 5869/5869
f 5813/5813 5844/5844 5866/5866
f 5869/5869 5870/5870 5871/5871
f 5872/5872 5813/5813 5866/5866
f 5845/5845 5813/5813 5872/5872
f 5873/5873 5869/5869 5871/5871
f 5874/5874 5873/5873 5871/5871
f 5874/5874 5871/5871 5726/5726
f 3896/3896 5735/5735 5845/5845
f 3896/3896 5845/5845 5875/5875
f 5874/5874 5726/5726 5783/5783
f 3896/3896 5875/5875 5876/5876
f 3897/3897 3896/3896 5876/5876
f 5877/5877 5874/5874 5783/5783
f 5878/5878 5786/5786 5738/5738
f 5878/5878 5738/5738 5848/5848
f 5850/5850 5739/5739 5820/5820
f 5817/5817 5818/5818 5879/5879
f 5879/5879 5818/5818 5851/5851
f 5880/5880 5846/5846 5748/5748
f 5881/5881 5787/5787 5849/5849
f 5881/5881 5849/5849 5882/5882
f 5849/5849 5817/5817 5879/5879
f 5882/5882 5849/5849 5879/5879
f 5824/5824 5823/5823 5883/5883
f 5884/5884 5885/5885 5886/5886
f 5886/5886 5885/5885 5822/5822
f 5886/5886 5822/5822 5826/5826
f 5854/5854 5886/5886 5826/5826
f 5827/5827 5880/5880 5748/5748
f 5825/5825 5824/5824 5883/5883
f 5884/5884 5886/5886 5887/5887
f 5887/5887 5886/5886 5854/5854
f 5745/5745 5793/5793 5888/5888
f 5825/5825 5883/5883 5889/5889
f 3922/3922 3924/3924 5855/5855
f 5835/5835 5890/5890 5891/5891
f 5825/5825 5889/5889 5892/5892
f 5887/5887 5854/5854 5856/5856
f 5829/5829 5888/5888 5793/5793
f 5828/5828 5825/5825 5892/5892
f 5829/5829 5751/5751 5893/5893
f 5887/5887 5856/5856 5894/5894
f 5834/5834 5855/5855 5895/5895
f 3901/3901 5828/5828 5892/5892
f 3901/3901 5892/5892 5896/5896
f 5834/5834 5895/5895 5857/5857
f 5894/5894 5856/5856 5858/5858
f 5858/5858 5856/5856 5833/5833
f 5751/5751 3893/3893 5893/5893
f 5897/5897 5835/5835 5836/5836
f 5893/5893 3893/3893 5898/5898
f 3901/3901 5896/5896 3906/3906
f 5861/5861 5897/5897 5836/5836
f 5837/5837 3906/3906 5899/5899
f 5899/5899 5894/5894 5839/5839
f 5857/5857 5900/5900 5802/5802
f 3902/3902 3906/3906 5837/5837
f 5839/5839 5894/5894 5858/5858
f 5802/5802 5900/5900 5860/5860
f 5838/5838 5837/5837 5899/5899
f 5838/5838 5899/5899 5839/5839
f 5901/5901 3928/3928 5861/5861
f 5901/5901 5861/5861 5840/5840
f 3908/3908 3907/3907 5902/5902
f 5903/5903 5901/5901 5841/5841
f 5841/5841 5901/5901 5840/5840
f 3874/3874 3903/3903 5904/5904
f 3908/3908 5902/5902 5842/5842
f 5902/5902 5862/5862 5842/5842
f 5862/5862 5905/5905 5843/5843
f 5905/5905 5903/5903 5843/5843
f 5843/5843 5903/5903 5841/5841
f 5906/5906 5866/5866 5863/5863
f 5867/5867 5869/5869 5907/5907
f 5863/5863 5867/5867 5908/5908
f 5908/5908 5867/5867 5907/5907
f 5845/5845 5872/5872 5875/5875
f 5872/5872 5866/5866 5906/5906
f 5906/5906 5863/5863 5908/5908
f 5907/5907 5869/5869 5873/5873
f 5875/5875 3934/3934 5876/5876
f 5909/5909 5877/5877 5910/5910
f 3932/3932 3891/3891 5847/5847
f 5911/5911 5786/5786 5878/5878
f 3904/3904 3891/3891 3932/3932
f 3920/3920 3897/3897 5876/5876
f 5912/5912 5909/5909 5910/5910
f 3922/3922 3921/3921 3924/3924
f 5883/5883 5913/5913 5889/5889
f 5912/5912 5891/5891 5890/5890
f 5889/5889 5913/5913 5914/5914
f 5914/5914 5913/5913 5884/5884
f 5914/5914 5884/5884 5887/5887
f 5889/5889 5914/5914 5915/5915
f 5915/5915 5914/5914 5916/5916
f 5855/5855 3924/3924 3925/3925
f 5892/5892 5889/5889 5915/5915
f 5914/5914 5887/5887 5916/5916
f 5897/5897 5890/5890 5835/5835
f 5917/5917 5915/5915 5916/5916
f 5895/5895 5855/5855 3925/3925
f 5896/5896 5892/5892 3906/3906
f 3906/3906 5892/5892 5915/5915
f 3906/3906 5915/5915 5917/5917
f 5916/5916 5887/5887 5894/5894
f 5894/5894 5917/5917 5916/5916
f 5857/5857 5895/5895 5900/5900
f 5899/5899 5917/5917 5894/5894
f 3906/3906 5917/5917 5899/5899
f 5860/5860 5900/5900 5918/5918
f 5860/5860 5918/5918 3907/3907
f 3907/3907 5918/5918 5902/5902
f 5859/5859 5801/5801 5919/5919
f 5902/5902 5918/5918 5920/5920
f 5862/5862 5920/5920 5905/5905
f 5905/5905 5901/5901 5903/5903
f 5902/5902 5920/5920 5862/5862
f 5906/5906 5908/5908 5921/5921
f 5872/5872 5906/5906 5922/5922
f 5922/5922 5906/5906 5921/5921
f 5908/5908 5907/5907 5923/5923
f 5923/5923 5907/5907 5873/5873
f 3934/3934 5875/5875 5924/5924
f 5924/5924 5875/5875 5872/5872
f 5923/5923 5873/5873 5925/5925
f 5872/5872 5922/5922 5924/5924
f 5925/5925 5873/5873 5874/5874
f 5925/5925 5874/5874 5909/5909
f 5909/5909 5874/5874 5877/5877
f 5876/5876 3934/3934 3936/3936
f 5820/5820 5852/5852 5926/5926
f 3920/3920 5876/5876 3936/3936
f 5927/5927 5909/5909 5912/5912
f 5928/5928 5821/5821 5853/5853
f 3920/3920 3936/3936 3921/3921
f 5853/5853 5745/5745 5929/5929
f 5890/5890 5927/5927 5912/5912
f 5930/5930 5745/5745 5888/5888
f 5888/5888 5829/5829 5931/5931
f 5932/5932 5890/5890 5897/5897
f 3930/3930 5932/5932 5897/5897
f 5895/5895 3925/3925 5933/5933
f 5931/5931 5829/5829 5893/5893
f 3930/3930 5897/5897 5861/5861
f 5900/5900 5895/5895 5933/5933
f 3928/3928 3930/3930 5861/5861
f 5900/5900 5933/5933 5934/5934
f 5900/5900 5934/5934 5918/5918
f 5901/5901 3929/3929 3928/3928
f 5898/5898 3893/3893 5859/5859
f 5918/5918 5934/5934 5920/5920
f 5905/5905 5935/5935 5901/5901
f 5801/5801 5936/5936 5919/5919
f 5937/5937 5908/5908 5923/5923
f 5921/5921 5908/5908 5938/5938
f 5938/5938 5908/5908 5937/5937
f 5937/5937 5923/5923 5939/5939
f 5939/5939 5923/5923 5925/5925
f 3934/3934 5924/5924 3935/3935
f 3935/3935 5924/5924 5922/5922
f 5940/5940 5925/5925 5909/5909
f 5941/5941 5911/5911 5878/5878
f 5848/5848 5850/5850 5942/5942
f 5942/5942 5850/5850 5943/5943
f 5943/5943 5850/5850 5820/5820
f 3913/3913 3904/3904 3933/3933
f 5943/5943 5820/5820 5926/5926
f 5927/5927 5940/5940 5909/5909
f 5929/5929 5745/5745 5930/5930
f 3921/3921 3936/3936 5944/5944
f 5932/5932 5927/5927 5890/5890
f 3925/3925 3921/3921 5944/5944
f 3925/3925 5944/5944 5933/5933
f 5945/5945 5932/5932 3930/3930
f 3929/3929 5945/5945 3930/3930
f 5901/5901 5935/5935 3929/3929
f 5920/5920 5934/5934 5946/5946
f 5946/5946 5935/5935 5905/5905
f 5898/5898 5859/5859 5947/5947
f 5920/5920 5946/5946 5905/5905
f 5859/5859 5919/5919 5947/5947
f 5948/5948 5938/5938 5937/5937
f 5921/5921 5938/5938 5949/5949
f 5949/5949 5938/5938 5948/5948
f 5948/5948 5937/5937 5950/5950
f 5937/5937 5939/5939 5950/5950
f 5922/5922 5921/5921 5949/5949
f 5939/5939 5925/5925 5951/5951
f 5952/5952 5911/5911 5941/5941
f 5953/5953 5878/5878 5848/5848
f 3935/3935 5922/5922 5949/5949
f 5951/5951 5925/5925 5940/5940
f 5953/5953 5848/5848 5942/5942
f 3935/3935 5949/5949 5954/5954
f 5950/5950 5939/5939 5951/5951
f 5955/5955 3935/3935 5954/5954
f 5951/5951 5940/5940 5927/5927
f 3936/3936 3935/3935 5955/5955
f 5956/5956 5951/5951 5927/5927
f 5957/5957 5853/5853 5929/5929
f 5944/5944 3936/3936 5955/5955
f 5958/5958 5956/5956 5932/5932
f 5956/5956 5927/5927 5932/5932
f 5944/5944 5955/5955 5959/5959
f 5958/5958 5932/5932 5945/5945
f 5930/5930 5888/5888 5931/5931
f 5933/5933 5944/5944 5959/5959
f 5933/5933 5959/5959 5960/5960
f 5935/5935 5958/5958 5945/5945
f 5935/5935 5945/5945 3929/3929
f 5933/5933 5960/5960 5934/5934
f 5960/5960 5961/5961 5946/5946
f 5946/5946 5961/5961 5935/5935
f 5934/5934 5960/5960 5946/5946
f 5941/5941 5878/5878 5953/5953
f 3933/3933 3932/3932 5962/5962
f 5954/5954 5949/5949 5948/5948
f 5963/5963 5948/5948 5950/5950
f 5963/5963 5950/5950 5951/5951
f 5954/5954 5948/5948 5964/5964
f 5964/5964 5948/5948 5963/5963
f 5965/5965 5928/5928 5853/5853
f 5964/5964 5963/5963 5966/5966
f 5965/5965 5853/5853 5957/5957
f 5967/5967 5954/5954 5964/5964
f 5966/5966 5963/5963 5968/5968
f 5963/5963 5951/5951 5968/5968
f 5968/5968 5951/5951 5956/5956
f 5967/5967 5955/5955 5954/5954
f 5967/5967 5964/5964 5966/5966
f 5959/5959 5955/5955 5967/5967
f 5959/5959 5967/5967 5969/5969
f 5969/5969 5967/5967 5966/5966
f 5966/5966 5968/5968 5969/5969
f 5969/5969 5968/5968 5970/5970
f 5970/5970 5968/5968 5958/5958
f 5958/5958 5968/5968 5956/5956
f 5960/5960 5959/5959 5969/5969
f 5969/5969 5970/5970 5961/5961
f 5960/5960 5969/5969 5961/5961
f 5970/5970 5958/5958 5935/5935
f 5961/5961 5970/5970 5935/5935
f 5971/5971 5931/5931 5893/5893
f 5972/5972 5898/5898 5947/5947
f 5947/5947 5919/5919 3961/3961
f 5919/5919 5936/5936 3959/3959
f 3961/3961 5919/5919 3959/3959
f 3953/3953 5904/5904 3903/3903
f 5973/5973 5952/5952 5941/5941
f 3951/3951 3933/3933 5962/5962
f 5974/5974 5928/5928 5975/5975
f 5975/5975 5928/5928 5965/5965
f 5929/5929 5930/5930 5957/5957
f 5971/5971 5893/5893 5972/5972
f 5972/5972 5893/5893 5898/5898
f 5972/5972 5947/5947 3980/3980
f 3980/3980 5947/5947 3961/3961
f 5973/5973 5941/5941 5976/5976
f 5977/5977 5952/5952 5978/5978
f 5978/5978 5952/5952 5973/5973
f 5979/5979 5953/5953 5942/5942
f 5942/5942 5943/5943 5979/5979
f 5980/5980 5974/5974 5975/5975
f 5981/5981 5930/5930 5931/5931
f 5976/5976 5941/5941 5953/5953
f 5982/5982 5977/5977 5978/5978
f 5981/5981 5957/5957 5930/5930
f 5931/5931 5971/5971 5983/5983
f 5976/5976 5953/5953 5984/5984
f 5984/5984 5953/5953 5979/5979
f 3975/3975 3951/3951 5962/5962
f 3975/3975 5962/5962 5985/5985
f 5986/5986 5980/5980 5975/5975
f 5983/5983 5981/5981 5931/5931
f 5983/5983 5971/5971 5987/5987
f 5987/5987 5971/5971 5972/5972
f 5987/5987 5972/5972 3980/3980
f 3980/3980 3961/3961 3960/3960
f 3960/3960 3959/3959 5988/5988
f 5989/5989 5975/5975 5965/5965
f 5989/5989 5965/5965 5957/5957
f 5989/5989 5957/5957 5990/5990
f 5990/5990 5957/5957 5981/5981
f 5987/5987 3980/3980 3979/3979
f 5991/5991 3960/3960 5988/5988
f 5978/5978 5973/5973 5992/5992
f 5992/5992 5973/5973 5976/5976
f 5993/5993 5980/5980 5986/5986
f 5994/5994 5993/5993 5986/5986
f 5986/5986 5975/5975 5989/5989
f 5990/5990 5981/5981 5995/5995
f 3982/3982 5996/5996 3962/3962
f 5992/5992 5976/5976 5984/5984
f 5997/5997 5982/5982 5998/5998
f 5998/5998 5982/5982 5978/5978
f 5994/5994 5986/5986 5999/5999
f 6000/6000 3968/3968 3975/3975
f 5999/5999 5986/5986 5989/5989
f 3987/3987 3968/3968 6000/6000
f 5995/5995 5981/5981 5983/5983
f 5995/5995 5983/5983 6001/6001
f 6001/6001 5983/5983 5987/5987
f 3985/3985 3971/3971 3995/3995
f 5978/5978 5992/5992 6002/6002
f 5998/5998 5978/5978 6002/6002
f 5992/5992 5984/5984 6003/6003
f 6004/6004 5993/5993 5994/5994
f 4023/4023 5997/5997 5998/5998
f 5987/5987 3979/3979 3998/3998
f 3997/3997 3979/3979 3960/3960
f 3997/3997 3960/3960 5991/5991
f 3982/3982 6005/6005 5996/5996
f 5999/5999 5989/5989 6006/6006
f 6006/6006 5989/5989 5990/5990
f 6007/6007 6001/6001 5987/5987
f 3998/3998 6007/6007 5987/5987
f 6002/6002 5992/5992 6003/6003
f 5998/5998 6002/6002 6008/6008
f 4021/4021 4023/4023 5998/5998
f 5995/5995 6006/6006 5990/5990
f 6009/6009 5995/5995 6001/6001
f 4008/4008 3997/3997 5991/5991
f 4010/4010 6005/6005 3982/3982
f 6008/6008 6002/6002 6010/6010
f 6010/6010 6002/6002 6003/6003
f 4014/4014 3987/3987 6000/6000
f 6011/6011 5999/5999 6006/6006
f 6012/6012 6006/6006 5995/5995
f 6009/6009 6012/6012 5995/5995
f 6007/6007 6009/6009 6001/6001
f 6007/6007 3998/3998 4007/4007
f 4021/4021 5998/5998 6008/6008
f 6010/6010 6003/6003 6013/6013
f 4014/4014 6000/6000 6014/6014
f 6015/6015 5994/5994 5999/5999
f 6011/6011 6015/6015 5999/5999
f 6016/6016 6006/6006 6012/6012
f 4009/4009 4007/4007 3997/3997
f 4012/4012 4010/4010 3999/3999
f 6017/6017 4021/4021 6008/6008
f 6018/6018 6004/6004 5994/5994
f 6018/6018 5994/5994 6015/6015
f 6016/6016 6011/6011 6006/6006
f 6019/6019 6012/6012 6009/6009
f 6019/6019 6009/6009 6007/6007
f 6019/6019 6007/6007 6020/6020
f 6020/6020 6007/6007 4007/4007
f 6021/6021 4007/4007 4009/4009
f 4018/4018 4017/4017 6022/6022
f 6017/6017 6008/6008 6023/6023
f 6008/6008 6010/6010 6023/6023
f 6023/6023 6010/6010 6013/6013
f 6017/6017 4022/4022 4021/4021
f 6021/6021 6020/6020 4007/4007
f 6024/6024 6018/6018 6015/6015
f 4032/4032 4014/4014 6014/6014
f 6025/6025 6011/6011 6016/6016
f 6025/6025 6016/6016 6012/6012
f 6026/6026 6012/6012 6019/6019
f 6027/6027 6026/6026 6019/6019
f 6027/6027 6019/6019 6020/6020
f 6028/6028 6027/6027 6020/6020
f 6028/6028 6020/6020 6021/6021
f 4047/4047 6028/6028 6021/6021
f 4047/4047 6021/6021 4009/4009
f 4026/4026 4047/4047 4009/4009
f 4001/4001 4002/4002 4034/4034
f 6029/6029 6017/6017 6030/6030
f 6030/6030 6017/6017 6023/6023
f 6031/6031 4022/4022 6017/6017
f 6024/6024 6015/6015 6032/6032
f 6015/6015 6011/6011 6032/6032
f 4037/4037 4024/4024 4029/4029
f 6026/6026 6025/6025 6012/6012
f 6022/6022 4026/4026 4018/4018
f 4026/4026 6022/6022 4061/4061
f 6031/6031 6017/6017 6029/6029
f 6033/6033 6034/6034 6018/6018
f 6033/6033 6018/6018 6024/6024
f 4054/4054 4022/4022 6031/6031
f 6025/6025 6032/6032 6011/6011
f 6032/6032 6025/6025 6035/6035
f 6028/6028 6026/6026 6027/6027
f 4047/4047 4026/4026 4045/4045
f 4051/4051 4029/4029 4032/4032
f 6035/6035 6025/6025 6026/6026
f 6036/6036 6035/6035 6026/6026
f 6028/6028 4047/4047 4046/4046
f 4045/4045 4026/4026 4061/4061
f 4059/4059 4061/4061 6022/6022
f 4043/4043 4028/4028 4044/4044
f 6037/6037 6029/6029 6030/6030
f 6038/6038 6033/6033 6039/6039
f 6039/6039 6033/6033 6024/6024
f 4055/4055 4054/4054 6031/6031
f 4056/4056 6040/6040 4054/4054
f 6036/6036 6026/6026 6028/6028
f 4055/4055 6031/6031 6029/6029
f 6039/6039 6024/6024 6032/6032
f 6032/6032 6035/6035 6041/6041
f 4037/4037 4051/4051 4057/4057
f 6042/6042 6036/6036 6028/6028
f 6042/6042 6028/6028 4046/4046
f 6043/6043 4046/4046 4045/4045
f 6043/6043 4045/4045 4061/4061
f 6043/6043 4061/4061 4060/4060
f 4055/4055 6029/6029 6037/6037
f 6041/6041 6039/6039 6032/6032
f 6044/6044 6035/6035 6036/6036
f 6044/6044 6036/6036 6042/6042
f 4053/4053 4078/4078 4044/4044
f 4055/4055 6037/6037 6045/6045
f 6046/6046 6038/6038 6039/6039
f 6044/6044 6041/6041 6035/6035
f 6047/6047 6040/6040 4056/4056
f 4067/4067 4059/4059 4069/4069
f 6046/6046 6039/6039 6048/6048
f 6048/6048 6039/6039 6041/6041
f 6048/6048 6041/6041 6049/6049
f 4056/4056 4055/4055 4072/4072
f 4072/4072 4055/4055 6045/6045
f 6049/6049 6041/6041 6044/6044
f 6047/6047 4056/4056 4073/4073
f 6050/6050 6044/6044 6042/6042
f 6050/6050 6042/6042 6051/6051
f 6051/6051 6042/6042 4046/4046
f 4081/4081 4052/4052 4075/4075
f 6051/6051 4046/4046 6043/6043
f 6052/6052 6051/6051 6043/6043
f 6052/6052 6043/6043 4060/4060
f 4067/4067 6052/6052 4060/4060
f 4077/4077 4053/4053 4065/4065
f 6053/6053 6046/6046 6048/6048
f 6048/6048 6049/6049 6054/6054
f 6054/6054 6049/6049 6050/6050
f 6050/6050 6049/6049 6044/6044
f 6055/6055 6050/6050 6051/6051
f 4081/4081 4066/4066 4052/4052
f 6056/6056 6052/6052 4067/4067
f 4091/4091 4067/4067 4068/4068
f 6057/6057 6053/6053 6048/6048
f 4073/4073 4072/4072 6058/6058
f 6057/6057 6048/6048 6059/6059
f 6060/6060 6048/6048 6054/6054
f 6060/6060 6054/6054 6050/6050
f 6055/6055 6051/6051 6052/6052
f 6056/6056 6055/6055 6052/6052
f 4083/4083 4065/4065 4071/4071
f 6059/6059 6048/6048 6060/6060
f 4084/4084 4073/4073 6058/6058
f 6060/6060 6050/6050 6061/6061
f 6061/6061 6050/6050 6055/6055
f 6061/6061 6055/6055 6056/6056
f 4090/4090 6056/6056 4067/4067
f 4091/4091 4090/4090 4067/4067
f 4084/4084 6058/6058 6062/6062
f 6063/6063 6057/6057 6059/6059
f 6063/6063 6059/6059 6064/6064
f 6064/6064 6059/6059 6060/6060
f 4085/4085 4084/4084 6062/6062
f 6064/6064 6060/6060 6061/6061
f 6065/6065 6064/6064 6061/6061
f 6065/6065 6061/6061 6056/6056
f 6065/6065 6056/6056 4090/4090
f 4089/4089 6065/6065 4090/4090
f 4093/4093 4089/4089 4088/4088
f 6066/6066 6063/6063 6067/6067
f 6067/6067 6063/6063 6064/6064
f 6067/6067 6064/6064 6065/6065
f 4086/4086 4085/4085 6068/6068
f 6069/6069 4086/4086 6068/6068
f 4094/4094 6067/6067 4089/4089
f 6067/6067 6065/6065 4089/4089
# Vertices: 6069, normals: 0, texture coordinates: 6069, faces: 9732

