# File generated by ImageToStl.com - Free Image and 3D model conversion tools

mtllib coke_bottle_textured.mtl

o obj1
v -0.05220542 -0.48379803 -0.06066812
v -0.05272898 -0.48584095 -0.05209525
v -0.05354263 -0.48559541 -0.05569352
v -0.05220542 -0.48379803 -0.06066812
v -0.04475874 -0.47975308 -0.05456302
v -0.05272898 -0.48584095 -0.05209525
v -0.04882563 -0.48341653 -0.04867886
v -0.04762822 -0.47928923 -0.0608154
v 0.15426312 0.16504072 -0.02255201
v 0.15414985 0.16224314 0.00900164
v 0.15417868 0.15603153 0.01778557
v 0.15401435 0.15585572 -0.0209414
v 0.15413252 -0.36020285 -0.00225544
v 0.15511647 -0.3836576 -0.0019659
v 0.15402007 -0.36970446 -0.02072296
v 0.15420462 -0.39642987 -0.01969611
v 0.15414588 -0.40616912 -0.00325115
v 0.1538178 -0.09558905 -0.01822708
v 0.15312392 -0.08939746 -0.01797223
v 0.15445977 -0.09218846 0.01059698
v 0.15308933 -0.11404508 0.00140643
v 0.15277122 -0.11499668 -0.01024233
v 0.15402573 -0.40447199 0.00858532
v 0.15403295 -0.09737648 0.01406257
v 0.15245166 -0.35246843 0.0197486
v 0.15457559 -0.37534666 0.01184473
v 0.15299538 -0.36567882 0.02471237
v 0.15344301 -0.38960263 0.02443575
v 0.15042438 -0.42250231 0.0251801
v 0.14754993 0.1776879 -0.04934873
v 0.15211505 0.17286678 -0.03374881
v 0.15066688 0.16667931 -0.04845735
v 0.14771309 -0.09319057 -0.05158836
v 0.15171151 -0.09323002 -0.03520752
v 0.14714804 -0.1101133 -0.0488121
v 0.15217164 -0.37408048 -0.03574148
v 0.15211548 -0.3899937 -0.03485534
v 0.14875457 -0.38749638 -0.0469149
v 0.14899774 -0.36688218 -0.04752324
v 0.14306664 0.1981722 -0.03581365
v 0.15370333 0.16338003 -0.03501289
v 0.15095779 0.15827481 -0.04815774
v 0.15212083 0.15417047 -0.03769398
v 0.14958577 -0.11736996 -0.03494761
v 0.15041357 -0.35092226 -0.03471253
v 0.15107059 -0.40835077 -0.03053609
v 0.14923114 -0.41078362 -0.03473926
v 0.14614803 -0.0843561 -0.0447803
v 0.15090021 -0.08329432 -0.01890709
v 0.14141852 0.20326702 -0.02915659
v 0.15166172 0.17377082 -0.0218145
v 0.15106815 0.1488518 -0.01874514
v 0.15098926 -0.12222824 -0.02170849
v 0.15078317 -0.34007883 -0.01848245
v 0.15201998 -0.41862041 -0.01705876
v 0.14861773 0.13893422 -0.01888855
v 0.14956078 0.08347483 -0.01108765
v 0.14920086 0.023711 -0.02245205
v 0.14852788 -0.15078102 -0.00462
v 0.14696284 -0.44222727 -0.01604437
v 0.15031569 0.01001421 -0.01009165
v 0.1490186 -0.05307481 -0.0216261
v 0.15008068 -0.05542098 -0.01029131
v 0.15265594 0.16840918 0.00385363
v 0.15043095 -0.4325631 -0.00307797
v 0.15011492 0.05968253 0.00125966
v 0.15051232 -0.02823863 0.00065628
v 0.14975543 -0.08042145 0.00119727
v 0.15278034 -0.08556255 0.00565285
v 0.1503059 -0.33361229 -0.00025696
v 0.14850059 0.1430566 0.00522011
v 0.14966296 0.13918458 0.00034529
v 0.14915323 -0.08045937 -0.01726608
v 0.15033731 -0.33586064 0.01379074
v 0.15010208 -0.43168667 0.01081236
v 0.14890672 0.13903503 0.01608105
v 0.14975266 0.05106115 0.01370335
v 0.14997499 -0.02814166 0.01408644
v 0.14892887 -0.08066806 0.01915952
v 0.15024559 -0.13336068 0.01331656
v 0.15188466 0.15264153 0.03325515
v 0.14755572 0.14309619 0.01901691
v 0.15043689 -0.08477433 0.02501429
v 0.15090506 0.1750506 0.02228706
v 0.15286908 0.16966496 0.03507054
v 0.14803408 0.09079847 0.02562008
v 0.14874029 -0.00110704 0.02536699
v 0.15192662 -0.09479345 0.03127359
v 0.15061463 -0.11958654 0.02601213
v 0.14800738 -0.33046368 0.02636273
v 0.14465025 0.19482172 0.03245295
v 0.15350646 0.1593691 0.03607206
v 0.14668265 0.00406965 0.03628947
v 0.14820713 -0.09012428 0.04673371
v 0.14941408 -0.34947005 0.03886602
v 0.15153719 -0.37823978 0.03825583
v 0.14897837 -0.11597891 0.03792065
v 0.14977428 -0.41018182 0.03918083
v 0.14575619 -0.43637148 0.0383835
v 0.14468557 -0.08497598 0.05014937
v 0.14722647 -0.09623197 0.05216451
v 0.14935717 0.16018644 0.05339221
v 0.14775887 0.15326896 0.05099677
v 0.14640112 -0.3572641 0.0538261
v 0.14822267 -0.38000217 0.05115842
v 0.14663918 -0.39953315 0.05379171
v 0.14843389 0.16936171 0.05275693
v 0.14371127 0.16852777 -0.06670697
v 0.1421015 -0.08779308 -0.0624873
v 0.14269231 -0.09647614 -0.06636328
v 0.14492908 0.15853018 -0.06554205
v 0.14350502 0.15030836 -0.05947683
v 0.14131522 -0.11473008 -0.06425653
v 0.14508472 -0.33799326 -0.0492687
v 0.14292765 -0.35667673 -0.06236364
v 0.14411049 -0.37562978 -0.06071522
v 0.14303774 -0.38936329 -0.05836394
v 0.14176746 0.14328222 -0.0499781
v 0.14289925 0.18778618 -0.05197785
v 0.14338696 0.09169002 -0.04821442
v 0.147193 -0.021234 -0.03310145
v 0.1430905 -0.0683661 -0.04738865
v 0.14087145 -0.1505689 -0.04924002
v 0.14539373 -0.41962537 -0.03641613
v 0.14558814 0.14340587 -0.03508464
v 0.14213952 0.13868651 -0.05206965
v 0.14663686 0.13686591 -0.03318645
v 0.14680903 0.08724736 -0.03386423
v 0.14588545 -0.32664195 -0.03500012
v 0.14691228 -0.0806471 -0.03128775
v 0.14487055 -0.43404406 -0.02790977
v 0.14790913 0.14302459 -0.01669836
v 0.14020269 -0.18277691 -0.0349059
v 0.14325893 -0.18337387 -0.01626266
v 0.14215173 -0.29747301 -0.01462028
v 0.13295303 0.21739568 -0.01242817
v 0.14300682 -0.46219221 -0.00381313
v 0.14384902 -0.18431897 0.00018786
v 0.14222956 -0.29396623 0.00093305
v 0.14348073 -0.45922366 0.0104962
v 0.14212991 -0.19470581 0.01302699
v 0.14187028 -0.29455382 0.01331346
v 0.14160115 -0.18745159 0.02461031
v 0.1447147 -0.44962734 0.02544141
v 0.14530756 0.14327341 0.0358565
v 0.14574429 0.13516603 0.03662604
v 0.14585252 -0.0809833 0.03594268
v 0.14025591 -0.17926982 0.03666673
v 0.14495896 -0.3256281 0.03820072
v 0.14163461 0.14323248 0.04921039
v 0.14247173 0.13836828 0.04890456
v 0.14161812 -0.0809582 0.05126631
v 0.1439009 0.18431702 0.05187745
v 0.14317451 -0.00409231 0.0496223
v 0.14287515 -0.33253571 0.05311161
v 0.14489229 -0.42060253 0.05185746
v 0.14434007 -0.12141567 0.05261712
v 0.142217 -0.09345888 0.06776006
v 0.14012153 -0.11793775 0.06635487
v 0.1418633 -0.38095725 0.06718632
v 0.14207436 0.1743874 0.06606418
v 0.14351636 0.16003042 0.06858993
v 0.13609062 -0.37608612 -0.07694823
v 0.14018655 -0.33657745 -0.06212396
v 0.14079879 0.04867203 -0.05592307
v 0.1404593 -0.08074857 -0.0545531
v 0.14109069 -0.32134339 -0.04959768
v 0.13818797 -0.29434362 -0.03414024
v 0.13831112 -0.22822246 -0.01665844
v 0.13920718 -0.28697282 -0.02158683
v 0.13819727 -0.47088674 -0.01512185
v 0.13914731 -0.22864924 -0.00071009
v 0.1347325 0.21166375 0.00355947
v 0.1395888 -0.46696419 0.02458093
v 0.13575712 0.21079881 0.01419901
v 0.13918537 -0.28889912 0.02466266
v 0.13193931 0.22434422 0.02317098
v 0.13449098 0.21930541 0.03015028
v 0.13439922 -0.22698142 0.03558186
v 0.13819657 -0.29519644 0.03470989
v 0.13939366 -0.45984781 0.04022984
v 0.13585192 0.21197428 0.04103659
v 0.14117703 -0.43885756 0.05194186
v 0.14079283 0.10186465 0.05486861
v 0.14112672 0.15258349 0.06716631
v 0.13583425 0.14346671 0.06497366
v 0.13567171 0.13914597 0.06668337
v 0.14022808 0.00807875 0.05752666
v 0.13588503 -0.08058822 0.06664088
v 0.1409169 -0.41061637 0.06394017
v 0.13968992 -0.3391147 0.06499619
v 0.13499899 -0.08423987 0.07497577
v 0.14126681 -0.35752401 0.06683271
v 0.1345436 -0.35224754 0.07842345
v 0.13485022 0.17035344 0.08207636
v 0.13485467 0.17143907 -0.08201016
v 0.13335869 0.16251488 -0.0879282
v 0.13555089 0.15530291 -0.08262201
v 0.13472478 -0.08731211 -0.07856898
v 0.13493028 -0.09552291 -0.08226519
v 0.13363971 -0.11698096 -0.07969177
v 0.13277012 -0.33926991 -0.07835873
v 0.13486381 -0.35773963 -0.0785457
v 0.13668898 -0.38239953 -0.07258056
v 0.13323101 0.19567423 -0.06646059
v 0.13584514 0.14010006 -0.06797205
v 0.13598351 0.06982076 -0.06771538
v 0.13619696 -0.02620055 -0.06656167
v 0.13468032 -0.08056369 -0.06856599
v 0.13461773 -0.14883803 -0.06647303
v 0.13647306 0.14332075 -0.06540503
v 0.1355183 -0.17881861 -0.05224242
v 0.13443793 -0.31942269 -0.06517427
v 0.1344524 -0.29801896 -0.04905731
v 0.13234103 0.21172576 -0.0518805
v 0.13466586 0.21754582 -0.03537374
v 0.13242458 -0.40413293 -0.0624198
v 0.13381314 -0.43268645 -0.04215867
v 0.13552785 -0.22278985 -0.03427865
v 0.13655029 -0.26318067 -0.0200906
v 0.13847695 -0.26734009 -0.00350368
v 0.13549915 -0.48274425 -0.00425995
v 0.13796115 -0.25144619 -0.00234018
v 0.13801827 -0.23494482 0.01187008
v 0.13719581 -0.25459149 0.01205848
v 0.13821842 -0.27085286 0.0117494
v 0.13681567 -0.22889353 0.02464374
v 0.13531263 -0.24974944 0.02487915
v 0.13605392 -0.26823971 0.02390488
v 0.13321672 -0.48416236 0.02551904
v 0.13368386 -0.19356997 0.050962
v 0.13357253 0.20815505 0.05290371
v 0.1348833 -0.30243066 0.05188767
v 0.13684738 -0.45328271 0.05223752
v 0.12854312 0.20633852 0.06583197
v 0.13541448 -0.04150668 0.06886867
v 0.13342673 -0.15701641 0.06633164
v 0.13709533 -0.43191642 0.0623843
v 0.13645376 0.08793049 0.065772
v 0.13521074 0.04119185 0.06871134
v 0.13567995 -0.0002634 0.06858762
v 0.13336609 -0.31842655 0.06717642
v 0.13492645 -0.40804231 0.07324911
v 0.13478912 -0.09055668 0.08162715
v 0.13409516 -0.38758099 0.07854293
v 0.13223155 0.18106009 0.0798752
v 0.13580906 0.15985332 0.08304407
v 0.13577171 -0.09559588 0.08109444
v 0.132434 -0.11992375 0.08138511
v 0.13256916 -0.37175497 0.08242694
v 0.13003047 -0.33255735 -0.08294084
v 0.13193242 -0.33084142 -0.07658397
v 0.13288742 -0.33588079 -0.08035243
v 0.12917411 -0.34117275 -0.08485675
v 0.12948345 0.14447913 -0.08024929
v 0.12954068 -0.01020502 -0.07982792
v 0.1279875 -0.38739389 -0.07880641
v 0.12719657 -0.20416787 -0.06194032
v 0.12970217 -0.2284261 -0.04925403
v 0.12891991 -0.27344826 -0.04915805
v 0.13373762 -0.26681468 -0.03376504
v 0.13356407 -0.24677129 -0.03396314
v 0.13680854 -0.24075827 -0.02001
v 0.13328543 -0.46841437 -0.02437351
v 0.13091026 -0.48570612 -0.01451982
v 0.1291693 -0.49288103 -0.00346633
v 0.1336858 -0.4866825 0.00850317
v 0.13232657 -0.25331977 0.03696242
v 0.13254191 -0.26978984 0.0380424
v 0.13238245 -0.48039055 0.03829746
v 0.12851271 -0.24206586 0.04952258
v 0.13012433 -0.28357297 0.05067277
v 0.13119568 -0.47048643 0.05122148
v 0.12760741 -0.19145647 0.06621384
v 0.1333328 -0.44447517 0.06150834
v 0.12287752 -0.29312441 0.07177952
v 0.13329571 -0.41926596 0.07146526
v 0.12878606 0.10962348 0.08028852
v 0.1296576 0.07466228 0.07976351
v 0.12886299 -0.33154538 0.08178329
v 0.12856877 -0.08024801 0.08124762
v 0.12535638 -0.09255683 0.09689955
v 0.12821321 0.17278148 -0.09179816
v 0.1243998 0.15773791 -0.10027888
v 0.12482846 0.15290725 -0.09660704
v 0.12600027 -0.09096466 -0.09451077
v 0.12680838 -0.09653988 -0.09471539
v 0.13002449 0.18657246 -0.0799679
v 0.12413736 -0.11720032 -0.0942435
v 0.12606293 -0.36387551 -0.09227923
v 0.12391632 -0.37688011 -0.09532407
v 0.12771851 -0.38083324 -0.08782724
v 0.12648827 -0.1577208 -0.07903337
v 0.12742406 -0.31803316 -0.08048712
v 0.12923662 0.08135768 -0.08034188
v 0.12814254 -0.08034689 -0.08117168
v 0.12647806 -0.30882838 -0.07320645
v 0.12446765 0.20497909 -0.07503884
v 0.12604269 -0.28615481 -0.05995165
v 0.12598073 0.21168926 -0.06611594
v 0.12561323 0.23696615 -0.03095957
v 0.12852012 -0.25156125 -0.04773286
v 0.13132787 -0.44937915 -0.035189
v 0.13328543 -0.46841437 -0.02437351
v 0.12831056 -0.47354263 -0.02588063
v 0.12757404 0.23515184 -0.02181587
v 0.13091026 -0.48570612 -0.01451982
v 0.12403927 0.23631673 -0.00767539
v 0.12491256 0.23365365 0.00728968
v 0.12888364 -0.49395186 0.00920214
v 0.12788478 -0.49313453 0.02377204
v 0.12504071 0.238912 0.02689105
v 0.12642123 -0.49147651 0.03607535
v 0.12398566 0.23469865 0.04015657
v 0.12820731 -0.48174113 0.04644022
v 0.12425791 0.22559036 0.05300735
v 0.12647322 -0.2686061 0.05369581
v 0.12585376 -0.22321768 0.05995751
v 0.1202867 -0.28228715 0.07087971
v 0.13329571 -0.41926596 0.07146526
v 0.12630776 -0.4352572 0.06879864
v 0.1333328 -0.44447517 0.06150834
v 0.12888926 -0.45298043 0.06068569
v 0.12843986 0.14478587 0.08000474
v 0.12627178 -0.31704894 0.07927188
v 0.12553859 -0.41729361 0.07704815
v 0.13291767 0.15178888 0.08167803
v 0.12632017 0.04018246 0.08473676
v 0.12906745 -0.00538114 0.08111532
v 0.13492645 -0.40804231 0.07324911
v 0.12569611 -0.3923007 0.08655462
v 0.12317841 -0.40321642 0.08411711
v 0.12103277 -0.08460379 0.09766161
v 0.1253584 -0.3543449 0.09201588
v 0.13409516 -0.38758099 0.07854293
v 0.12572069 0.1717722 0.09533446
v 0.12700139 0.15937535 0.09660101
v 0.12552613 -0.11468931 0.09330937
v 0.12303452 0.14421502 -0.09078176
v 0.12308727 0.10014469 -0.08964384
v 0.12440679 -0.00800794 -0.08780561
v 0.12373739 -0.04880496 -0.08818493
v 0.11952592 -0.08011975 -0.09450855
v 0.12064572 -0.20953619 -0.07172065
v 0.12149736 -0.23849529 -0.06371216
v 0.12137716 -0.253764 -0.06173413
v 0.12222724 -0.26799989 -0.0606068
v 0.12215195 -0.46670493 -0.03218424
v 0.11933523 0.24964954 0.0171247
v 0.1209384 -0.49069577 0.04524722
v 0.12820731 -0.48174113 0.04644022
v 0.12220228 -0.48306355 0.05074083
v 0.1209384 -0.49069577 0.04524722
v 0.11986101 -0.25208414 0.06643164
v 0.12295404 -0.47170678 0.0555876
v 0.13119568 -0.47048643 0.05122148
v 0.11797621 -0.26919329 0.07020568
v 0.12243424 -0.1939808 0.07463621
v 0.1191231 0.20704275 0.08161404
v 0.12167779 0.1897002 0.09049607
v 0.11870416 0.14533177 0.09496547
v 0.1232549 0.08016329 0.08971738
v 0.12294839 -0.08033255 0.09013748
v 0.12326263 0.0050979 0.08976521
v 0.12252918 0.1516902 0.09698062
v 0.12003119 -0.37500057 0.09846531
v 0.11236764 0.1741429 -0.11098173
v 0.11440296 0.16609104 -0.11210186
v 0.11420284 0.15723693 -0.11305205
v 0.11572755 -0.09549338 -0.10812537
v 0.11845367 -0.34394518 -0.09870718
v 0.12266842 -0.32000461 -0.08606745
v 0.12261181 -0.38639659 -0.09040975
v 0.11376309 0.19739218 -0.09532636
v 0.1155827 -0.20865542 -0.07981712
v 0.11514059 -0.16354957 -0.09325678
v 0.11989231 -0.2991524 -0.07936468
v 0.11993749 -0.39660272 -0.07983062
v 0.11477029 -0.2821627 -0.07716605
v 0.11848655 0.24033758 -0.04245923
v 0.11624871 0.25514129 -0.02335256
v 0.11864652 0.25174692 -0.01576313
v 0.1157136 0.25157347 0.00460775
v 0.1209384 -0.49069577 0.04524722
v 0.11789076 -0.49709284 0.03590105
v 0.12642123 -0.49147651 0.03607535
v 0.11737034 0.23832725 0.05055175
v 0.1154151 -0.45401791 0.06121074
v 0.11615816 0.22606063 0.06835295
v 0.11992083 -0.22617343 0.07009106
v 0.11527427 -0.43357906 0.0697226
v 0.11971547 -0.15563683 0.08965597
v 0.11507551 -0.20973162 0.08072563
v 0.1184169 -0.31378844 0.0887118
v 0.11832477 -0.39500603 0.09170067
v 0.11720445 0.10617521 0.09757794
v 0.11824284 -0.34337756 0.0988411
v 0.12003119 -0.37500057 0.09846531
v 0.11914375 -0.11868619 0.10024849
v 0.11527323 0.16442345 0.11049035
v 0.12700139 0.15937535 0.09660101
v 0.11527323 0.16442345 0.11049035
v 0.1141887 0.15792786 0.11130676
v 0.12535638 -0.09255683 0.09689955
v 0.11419256 -0.09492995 0.10977148
v 0.12552613 -0.11468931 0.09330937
v 0.11914375 -0.11868619 0.10024849
v 0.10751763 -0.08875398 -0.11446944
v 0.11959185 -0.08604952 -0.09972207
v 0.11248326 -0.11274807 -0.10862105
v 0.11295576 -0.37403786 -0.10794576
v 0.11546917 0.14375843 -0.10110363
v 0.11751026 0.10790759 -0.09706425
v 0.11665443 0.03479863 -0.09870176
v 0.11715295 -0.04635973 -0.09746508
v 0.12391632 -0.37688011 -0.09532407
v 0.12261181 -0.38639659 -0.09040975
v 0.119681 -0.39030623 -0.09415575
v 0.1184299 -0.39753816 -0.08851081
v 0.10737629 -0.29687405 -0.09298106
v 0.11993749 -0.39660272 -0.07983062
v 0.11368207 -0.40207124 -0.08078155
v 0.11398266 0.2346964 -0.06353916
v 0.11410049 0.2175661 -0.07985864
v 0.11110681 -0.27024463 -0.07842994
v 0.11120932 0.24888457 -0.04876522
v 0.11370085 0.25580281 -0.00373339
v 0.10977144 0.26628047 0.01900288
v 0.11447448 -0.48053154 0.05255621
v 0.10995345 -0.28619134 0.08743536
v 0.10860395 -0.42203075 0.07594571
v 0.1118641 -0.40429232 0.08692924
v 0.11067904 -0.41187596 0.08178432
v 0.11557154 0.18785897 0.09977085
v 0.11689669 0.04336157 0.09784164
v 0.11767911 -0.01772221 0.09738491
v 0.11211608 -0.08008841 0.10386375
v 0.10794424 -0.20227306 0.09192476
v 0.11237417 -0.32519874 0.10065383
v 0.11022929 -0.38446879 0.10727216
v 0.10808016 -0.39404002 0.10368996
v 0.1253584 -0.3543449 0.09201588
v 0.11227584 -0.37078184 0.10762057
v 0.10696006 -0.34599051 -0.1109598
v 0.11845367 -0.34394518 -0.09870718
v 0.10859188 -0.36049241 -0.11148245
v 0.10859188 -0.36049241 -0.11148245
v 0.10905485 0.1437666 -0.1088715
v 0.1101498 0.01632935 -0.10591143
v 0.10994764 -0.08031791 -0.10612182
v 0.11627478 -0.38997665 -0.09961868
v 0.11160673 -0.31553504 -0.09691218
v 0.11532199 -0.40661064 -0.09579192
v 0.11102799 -0.42103991 -0.10274217
v 0.10612863 -0.20459956 -0.09302178
v 0.11164285 -0.24819967 -0.07743693
v 0.10921552 0.26822856 -0.01544245
v 0.10810372 0.26917002 0.01489106
v 0.10741732 0.26785415 0.0241047
v 0.1069383 0.26114339 0.03617065
v 0.1098982 -0.49888089 0.03697778
v 0.11170863 -0.49297866 0.04551291
v 0.11051758 -0.48779228 0.04894646
v 0.10050722 0.2548497 0.06204498
v 0.10791861 -0.2311254 0.08630475
v 0.10710342 -0.24884571 0.08573659
v 0.10676272 -0.26756585 0.08649578
v 0.10670557 0.23320083 0.07600679
v 0.11870416 0.14533177 0.09496547
v 0.11039476 0.08782684 0.10549121
v 0.11720445 0.10617521 0.09757794
v 0.11689669 0.04336157 0.09784164
v 0.1100914 0.00359954 0.10578944
v 0.11767911 -0.01772221 0.09738491
v 0.11083607 -0.11660638 0.10964767
v 0.10794424 -0.20227306 0.09192476
v 0.11237417 -0.32519874 0.10065383
v 0.10837381 -0.3474924 0.1100194
v 0.11824284 -0.34337756 0.0988411
v 0.11074407 0.17738031 0.11045308
v 0.12103277 -0.08460379 0.09766161
v 0.10690051 -0.09174558 0.11668942
v 0.10200042 0.20607775 -0.10446442
v 0.10883424 0.09823401 -0.1070146
v 0.10855698 -0.3833192 -0.11038902
v 0.11627478 -0.38997665 -0.09961868
v 0.10971018 -0.41712657 -0.10616356
v 0.10985631 -0.04204983 -0.10564592
v 0.11102799 -0.42103991 -0.10274217
v 0.11028273 -0.41999036 -0.09755741
v 0.11152858 -0.40895602 -0.09077337
v 0.10127214 -0.23232324 -0.09312517
v 0.10198624 -0.2829116 -0.09374471
v 0.106941 0.2344493 -0.07443264
v 0.10668887 0.26024181 -0.03532367
v 0.1046695 0.27272484 -0.02140157
v 0.10558437 0.26843488 0.00177872
v 0.09514422 0.26962757 0.05221164
v 0.10173882 -0.47318006 0.05182235
v 0.10605646 0.21618535 0.09179786
v 0.10427606 0.20297679 0.10323954
v 0.10995345 -0.28619134 0.08743536
v 0.10085146 -0.28591159 0.09791055
v 0.1184169 -0.31378844 0.0887118
v 0.1006572 -0.19981876 0.10049897
v 0.10427606 0.20297679 0.10323954
v 0.11074407 0.17738031 0.11045308
v 0.11557154 0.18785897 0.09977085
v 0.10525609 0.14559299 0.11025601
v 0.11211608 -0.08008841 0.10386375
v 0.10518246 -0.08434703 0.11457746
v 0.10166046 -0.36925811 0.11802858
v 0.10354286 0.16856936 0.12042894
v 0.10377818 0.15933485 0.12129275
v 0.10236257 -0.10742308 0.11939359
v 0.10227327 0.16194594 -0.12334126
v 0.11440296 0.16609104 -0.11210186
v 0.11420284 0.15723693 -0.11305205
v 0.11572755 -0.09549338 -0.10812537
v 0.11248326 -0.11274807 -0.10862105
v 0.0974053 -0.11360391 -0.12245011
v 0.09998534 -0.09497716 -0.1230517
v 0.10327291 0.10562974 -0.11249037
v 0.1101498 0.01632935 -0.10591143
v 0.10248227 0.016074 -0.11362646
v 0.10985631 -0.04204983 -0.10564592
v 0.10751763 -0.08875398 -0.11446944
v 0.09985684 -0.08015692 -0.11569545
v 0.10994764 -0.08031791 -0.10612182
v 0.10529509 -0.43528551 -0.10198391
v 0.10390232 -0.44011396 -0.1048747
v 0.10501307 -0.42061621 -0.09470546
v 0.10460908 -0.43209934 -0.09921449
v 0.09854393 -0.41926298 -0.08985826
v 0.09848984 -0.25205439 -0.09453096
v 0.09964374 -0.26944947 -0.09356274
v 0.10346159 -0.41216019 -0.08545719
v 0.09886052 0.2785283 -0.00090241
v 0.10186043 -0.49342671 0.04239981
v 0.09912881 -0.44720745 0.06181271
v 0.09793472 -0.43157259 0.07057884
v 0.09736063 -0.42084637 0.07896049
v 0.09904606 0.22873873 0.09008055
v 0.10605646 0.21618535 0.09179786
v 0.10670557 0.23320083 0.07600679
v 0.09920403 -0.31481841 0.11015423
v 0.09757734 -0.3337718 0.1172955
v 0.093212 -0.39712986 0.12010403
v 0.0982825 0.19684334 0.11249939
v 0.10239419 0.07420666 0.11343246
v 0.10231054 0.01394591 0.11348178
v 0.10254493 -0.0764439 0.11343165
v 0.09043232 -0.39027545 0.12626772
v 0.08892797 -0.09079919 -0.13041885
v 0.09347346 -0.35478836 -0.12465004
v 0.09575634 -0.37352902 -0.12428014
v 0.11295576 -0.37403786 -0.10794576
v 0.09924983 -0.38478923 -0.12009688
v 0.10191579 -0.41415381 -0.1150998
v 0.10190734 -0.04628531 -0.11359716
v 0.10291257 -0.4388057 -0.10811811
v 0.11514059 -0.16354957 -0.09325678
v 0.10612863 -0.20459956 -0.09302178
v 0.10272183 -0.15604255 -0.10854002
v 0.1010863 -0.44084778 -0.10008743
v 0.09708798 -0.42559037 -0.09419834
v 0.09405158 0.2291972 -0.09570428
v 0.10086482 0.26165065 -0.05419826
v 0.09742638 0.27352941 -0.03400421
v 0.09828759 0.27076906 0.04102832
v 0.09261934 -0.41551447 0.08627854
v 0.10640289 -0.40265137 0.09343044
v 0.10791861 -0.2311254 0.08630475
v 0.09671502 -0.24688858 0.09744903
v 0.10710342 -0.24884571 0.08573659
v 0.09865413 -0.22684985 0.09744722
v 0.10676272 -0.26756585 0.08649578
v 0.09707846 -0.2675153 0.09755763
v 0.09232971 -0.28609753 0.10611467
v 0.09237005 -0.07988936 0.12188444
v 0.09434172 -0.15724975 0.11571784
v 0.11071099 0.15161523 0.11077971
v 0.09438102 0.15125968 0.12493197
v 0.09313112 0.14561009 0.12076322
v 0.09345784 0.06796353 0.12092708
v 0.09370194 -0.01363711 0.12076591
v 0.09534773 0.17437781 0.12511069
v 0.09232398 -0.03915526 -0.12139274
v 0.09940927 -0.45215875 -0.10443949
v 0.10291257 -0.4388057 -0.10811811
v 0.09640372 -0.45370358 -0.09977235
v 0.0952564 -0.19799747 -0.1059536
v 0.10127214 -0.23232324 -0.09312517
v 0.09357133 -0.43435544 -0.09488972
v 0.08601411 0.24995996 -0.08625255
v 0.09365211 -0.41914144 -0.07704362
v 0.09228115 0.27942991 -0.04587165
v 0.0843478 0.30127096 -0.01672149
v 0.08934192 0.29535738 -0.01166537
v 0.08424874 0.30170101 0.01219153
v 0.08845153 0.28785938 0.03113185
v 0.0852166 -0.47473615 0.0443654
v 0.08866028 -0.4627195 0.05226213
v 0.0894407 0.25855592 0.07376239
v 0.08794434 -0.42610613 0.07408942
v 0.0894407 0.25855592 0.07376239
v 0.10640289 -0.40265137 0.09343044
v 0.08807324 -0.41710791 0.08890477
v 0.09261934 -0.41551447 0.08627854
v 0.0869768 0.22875664 0.10162978
v 0.08710141 -0.22732756 0.10818111
v 0.10808016 -0.39404002 0.10368996
v 0.0905131 -0.41154149 0.0984966
v 0.0876523 -0.20323291 0.11184741
v 0.093212 -0.39712986 0.12010403
v 0.09434612 -0.40167278 0.11247227
v 0.09012897 -0.08460247 0.12694091
v 0.09444279 -0.35412675 0.1234682
v 0.09600319 0.1596404 0.12770601
v 0.09366599 -0.09308258 0.12813719
v 0.09353198 -0.11048202 0.12599538
v 0.09031346 -0.08446369 -0.12597032
v 0.08410019 -0.08050171 -0.12713307
v 0.08824673 -0.18955086 -0.11397832
v 0.09940927 -0.45215875 -0.10443949
v 0.09169643 -0.45360148 -0.11376736
v 0.08993621 -0.46796817 -0.10788362
v 0.08361651 0.22643536 -0.10620218
v 0.10200042 0.20607775 -0.10446442
v 0.09239578 0.2027376 -0.11395379
v 0.09383909 -0.46443504 -0.10251478
v 0.08993621 -0.46796817 -0.10788362
v 0.09153675 -0.42834792 -0.08627445
v 0.08450998 0.2688328 -0.06980214
v 0.08605387 0.28201619 -0.05422448
v 0.09989266 -0.41564149 -0.06546193
v 0.09317244 -0.4227069 -0.05894613
v 0.09280905 -0.41943362 -0.06524942
v 0.07622837 0.30829251 -0.02406231
v 0.08698299 0.29405731 0.0234269
v 0.10186043 -0.49342671 0.04239981
v 0.0852166 -0.47473615 0.0443654
v 0.09195226 -0.4937495 0.03590058
v 0.08267354 0.29257527 0.04382741
v 0.07793396 0.2969113 0.0478581
v 0.08394659 -0.26728818 0.10919583
v 0.08343822 -0.28602412 0.11343816
v 0.08744939 0.20199975 0.11812128
v 0.08063631 -0.08883145 0.13496844
v 0.08223225 -0.37350738 -0.13481975
v 0.08981087 -0.11191858 -0.12842427
v 0.08030891 -0.17073426 -0.12374889
v 0.08417708 -0.41890281 -0.13081315
v 0.08779447 -0.40229625 -0.12961657
v 0.0868676 0.17864573 -0.12915371
v 0.09767248 0.17285895 -0.12408074
v 0.09230286 -0.28461608 -0.10434585
v 0.09676183 -0.30764139 -0.10896084
v 0.08371234 -0.28669107 -0.11246984
v 0.09101045 -0.23039909 -0.10389645
v 0.09848984 -0.25205439 -0.09453096
v 0.08387037 -0.2529799 -0.10845433
v 0.08948805 -0.44335842 -0.09199315
v 0.08832363 -0.45682266 -0.09328798
v 0.09007099 -0.46856135 -0.09756808
v 0.08774499 -0.43230879 -0.07851112
v 0.0894215 -0.42518055 -0.07331652
v 0.09280905 -0.41943362 -0.06524942
v 0.07916246 -0.44846311 0.0568193
v 0.07760539 -0.43525687 0.06502357
v 0.07893509 -0.42861336 0.07161881
v 0.08362918 0.25531173 0.08346085
v 0.08828007 -0.24894597 0.10533806
v 0.09125773 -0.4041692 0.11685017
v 0.08609848 -0.31830212 0.12205821
v 0.08248926 0.17467846 0.13346131
v 0.0865211 0.14536987 0.12519999
v 0.08044746 0.10550136 0.12959142
v 0.08407514 0.03712691 0.1275212
v 0.0795786 -0.14784503 0.12818936
v 0.08506067 -0.35047048 0.1305294
v 0.08791771 -0.37868333 0.1296823
v 0.08155435 0.16254178 0.13679779
v 0.07954817 0.15757614 0.13760263
v 0.07971535 0.15210618 0.13513187
v 0.07982937 -0.0952353 0.13695762
v 0.08062936 -0.11427321 0.13397314
v 0.09887143 0.15234879 -0.12317413
v 0.09469632 0.14409204 -0.12076996
v 0.07494355 0.15272787 -0.13792349
v 0.09242905 0.03151933 -0.12166066
v 0.08288191 0.00958039 -0.12821954
v 0.08358496 0.20347162 -0.11976518
v 0.08855554 -0.32529569 -0.12203888
v 0.07500621 -0.29614049 -0.12187098
v 0.08237999 -0.22695322 -0.11156227
v 0.08429378 -0.48038369 -0.09547855
v 0.08583783 -0.47922131 -0.10202776
v 0.08486661 -0.46280438 -0.08976915
v 0.08270643 -0.43892413 -0.06115457
v 0.08632948 -0.43022865 -0.05586946
v 0.07706226 0.30072391 -0.04413244
v 0.07331137 0.31833646 -0.00148163
v 0.07437535 0.29338229 0.05695191
v 0.08310179 -0.42162398 0.10455351
v 0.07525279 0.22587347 0.11243822
v 0.08461199 -0.41567004 0.11846872
v 0.0772267 0.20466432 0.1234145
v 0.0778848 -0.41863543 0.1295127
v 0.08197408 -0.08009624 0.12879273
v 0.07938594 -0.32488292 0.12911619
v 0.07524887 -0.40432084 0.13598414
v 0.08439986 -0.35271135 -0.13134442
v 0.07798918 -0.40104404 -0.13712457
v 0.08344134 0.12215912 -0.12763661
v 0.09377195 0.11949386 -0.12054825
v 0.08403087 0.07518891 -0.12770861
v 0.07683497 -0.49129725 -0.09702048
v 0.0786804 -0.47677678 -0.08599651
v 0.07978584 -0.46085399 -0.07477172
v 0.07349279 0.2967906 -0.05482449
v 0.08064796 0.29772738 -0.03152109
v 0.06986518 0.31837064 0.02307089
v 0.07871221 -0.42771572 0.09054556
v 0.0810151 -0.42485353 0.07830233
v 0.07402157 0.26041612 0.08793593
v 0.07894459 -0.24591145 0.11250852
v 0.07620452 -0.20867778 0.11912008
v 0.07379971 -0.28633678 0.12020288
v 0.07152894 -0.43659881 0.12781568
v 0.0778848 -0.41863543 0.1295127
v 0.07664531 0.03120544 0.13197015
v 0.076096 -0.35178167 0.1364889
v 0.07814163 -0.37905928 0.136544
v 0.0753283 0.14487107 -0.13220279
v 0.06828446 -0.31927183 -0.13368702
v 0.08104913 -0.33832231 -0.13090704
v 0.0765195 -0.47036797 -0.11944583
v 0.06875928 -0.45258215 -0.13338244
v 0.07070167 -0.22771519 -0.11934327
v 0.07848414 -0.48309505 -0.10904447
v 0.07209449 -0.49195275 -0.10584237
v 0.07466535 -0.48923507 -0.0877956
v 0.06967314 0.2874662 -0.068078
v 0.08450998 0.2688328 -0.06980214
v 0.08601411 0.24995996 -0.08625255
v 0.07632068 -0.45251304 -0.05321892
v 0.07957876 -0.44045201 -0.04538765
v 0.07248869 0.31865606 0.0104374
v 0.07079373 -0.43915588 0.06179763
v 0.06616695 -0.44913223 0.0527971
v 0.07437535 0.29338229 0.05695191
v 0.07141357 0.28264105 0.07081755
v 0.07352073 0.24054597 0.10349365
v 0.06752373 -0.26845968 0.12005235
v 0.06982789 -0.44713157 0.12050401
v 0.06508629 0.18855757 0.13728753
v 0.0723785 0.14522067 0.1337129
v 0.07371947 -0.08046819 0.13334654
v 0.06592145 -0.09404875 0.14335206
v 0.08035129 0.13879824 -0.12978008
v 0.06530914 0.1448295 -0.13722281
v 0.07848414 -0.48309505 -0.10904447
v 0.06507453 -0.48356923 -0.12098514
v 0.06822083 0.2477867 -0.10101327
v 0.07651681 0.25380486 -0.09106433
v 0.07222606 -0.47911176 -0.07688794
v 0.06291101 0.28406131 -0.07629519
v 0.07248069 -0.46860069 -0.06470034
v 0.073688 -0.44792315 -0.03782549
v 0.06611843 0.31894055 -0.03281889
v 0.07175288 0.31919059 -0.01563419
v 0.0654714 -0.46334064 0.04189142
v 0.07783877 -0.48222497 0.0341875
v 0.0654714 -0.46334064 0.04189142
v 0.07893509 -0.42861336 0.07161881
v 0.06840438 -0.43758667 0.06728942
v 0.07422356 -0.43142366 0.07899132
v 0.07288021 -0.44079694 0.10589602
v 0.06563937 -0.23419021 0.12202661
v 0.0666272 -0.25221145 0.12027907
v 0.07126297 -0.1535573 0.131727
v 0.06284305 -0.2056144 0.12725061
v 0.06431063 -0.31820711 0.13535453
v 0.06537504 0.08925849 0.13773903
v 0.06528082 -0.0025526 0.13812558
v 0.06424371 -0.33703423 0.1402781
v 0.0709139 -0.43133447 0.13177456
v 0.0646385 0.16917692 0.14427172
v 0.06412484 -0.10916449 0.14248775
v 0.0662457 -0.37643939 0.1431182
v 0.06470917 -0.3941707 0.14306623
v 0.06551518 -0.09489404 -0.14278245
v 0.06765549 -0.08543383 -0.13890183
v 0.08380311 -0.094033 -0.1345593
v 0.0644526 -0.10881004 -0.14184831
v 0.06970973 -0.49373361 -0.08718456
v 0.07349279 0.2967906 -0.05482449
v 0.06723737 0.33638683 -0.01458118
v 0.06881421 0.33585402 -0.00178191
v 0.07232492 0.41804951 -0.01212063
v 0.07272483 0.41815206 0.01050003
v 0.07247267 0.41527137 1.144E-05
v 0.07232492 0.41804951 -0.01212063
v 0.07015853 0.42004043 -0.01297813
v 0.07272483 0.41815206 0.01050003
v 0.06961405 0.42025957 0.01313023
v 0.0677423 0.33667892 0.00924579
v 0.06515397 0.33681884 0.0199047
v 0.06458201 0.31997028 0.03506752
v 0.06079233 -0.47189555 0.03070685
v 0.05869192 0.32090294 0.04395092
v 0.05922673 -0.45638672 0.04504551
v 0.07079373 -0.43915588 0.06179763
v 0.06637382 -0.44235149 0.08263125
v 0.06341745 -0.45302999 0.09273957
v 0.06080395 0.26776111 0.09157087
v 0.06421705 0.21216196 0.12681131
v 0.0709139 -0.43133447 0.13177456
v 0.06419736 -0.08059458 0.13799666
v 0.06010858 -0.43769205 0.13816838
v 0.06511205 0.15969273 0.14499938
v 0.06536755 -0.33893993 -0.14357333
v 0.06483814 -0.33095208 -0.14299266
v 0.06610622 -0.34370524 -0.14124455
v 0.06438993 -0.32013234 -0.13877095
v 0.06840677 -0.33239299 -0.1370676
v 0.06483814 -0.33095208 -0.14299266
v 0.06610622 -0.34370524 -0.14124455
v 0.06185817 -0.30646053 -0.13546988
v 0.06525367 -0.30846792 -0.1316857
v 0.06969746 -0.16027696 -0.13184258
v 0.06536278 -0.21220471 -0.12454595
v 0.05781397 -0.20693919 -0.1290745
v 0.06507453 -0.48356923 -0.12098514
v 0.07209449 -0.49195275 -0.10584237
v 0.05834065 -0.4921197 -0.11760212
v 0.07683497 -0.49129725 -0.09702048
v 0.06114209 -0.49904037 -0.08800273
v 0.0630774 -0.49912444 -0.09688243
v 0.06023337 0.27393514 -0.08668393
v 0.06361119 -0.48383874 -0.07012507
v 0.05204908 0.32068837 -0.05141252
v 0.06433596 -0.45872819 -0.03244551
v 0.06088873 0.32160771 -0.04027475
v 0.06552701 -0.45770741 -0.02979735
v 0.06221832 0.33560371 -0.02919185
v 0.06764942 0.41862887 -0.02730656
v 0.06368797 0.4212831 -0.02981242
v 0.06764942 0.41862887 -0.02730656
v 0.07232492 0.41804951 -0.01212063
v 0.06905937 0.4146474 -0.01580012
v 0.06905937 0.4146474 -0.01580012
v 0.06872677 0.44889385 0.0039884
v 0.06864307 0.44156012 -0.00057556
v 0.06749097 0.44166651 -0.01161062
v 0.06765769 0.44808409 -0.01147703
v 0.06463426 0.3564555 -0.00264194
v 0.06422967 0.45544538 -0.01165348
v 0.06342755 0.4227342 0.00596076
v 0.06805189 0.44175795 0.00842764
v 0.06477873 0.44928938 0.02114921
v 0.07247267 0.41527137 1.144E-05
v 0.07272483 0.41815206 0.01050003
v 0.06864893 0.41524875 0.0200862
v 0.06760687 0.41887185 0.02562901
v 0.06431739 0.41557917 0.03137331
v 0.05869192 0.32090294 0.04395092
v 0.06077528 0.30605951 0.0587463
v 0.05711812 0.29550168 0.07166869
v 0.06467282 -0.45742199 0.10613053
v 0.05812395 0.25177124 0.10518679
v 0.06113307 -0.2851932 0.12640814
v 0.05920009 0.14499149 0.13949585
v 0.06325864 0.1377338 0.13832662
v 0.06348998 -0.14534669 0.13673165
v 0.06010764 0.15186845 0.14407241
v 0.05231808 -0.08537981 0.14508027
v 0.06283238 -0.35791236 0.14380516
v 0.0590056 -0.41848463 0.14261952
v 0.06102939 -0.34410876 -0.14400332
v 0.07103404 -0.36803865 -0.14149563
v 0.05810194 -0.36792356 -0.14744674
v 0.05807848 -0.29237157 -0.13204589
v 0.06322755 -0.29398948 -0.12756619
v 0.06970973 -0.49373361 -0.08718456
v 0.06028241 -0.49719751 -0.0834155
v 0.06028241 -0.49719751 -0.0834155
v 0.05204908 0.32068837 -0.05141252
v 0.06123244 0.41896752 -0.03889924
v 0.06498498 0.41564843 -0.03046415
v 0.06123244 0.41896752 -0.03889924
v 0.06368797 0.4212831 -0.02981242
v 0.06764942 0.41862887 -0.02730656
v 0.06193333 0.48955539 -0.02625951
v 0.06522333 0.49676645 -0.01208114
v 0.06691612 0.47705042 -0.01417146
v 0.0631329 0.47599757 -0.02498131
v 0.06550565 0.46409267 -0.01391003
v 0.06283881 0.44862524 -0.02560228
v 0.06347965 0.4537923 -0.01809134
v 0.06350752 0.44149742 -0.02413759
v 0.0567667 0.42292148 -0.03211635
v 0.0613356 0.42256254 -0.01521843
v 0.06522333 0.49676645 -0.01208114
v 0.05857963 0.49750692 -0.02906611
v 0.05965303 0.49996489 -0.01361649
v 0.06098939 0.41388452 -0.01277696
v 0.0592789 0.41191009 -0.01329145
v 0.0614857 0.36830202 -0.01261379
v 0.06473221 0.49877632 0.00388248
v 0.06686836 0.49489143 0.00029941
v 0.06849707 0.47870272 -0.00020888
v 0.06692717 0.46343407 -0.0011945
v 0.06473221 0.49877632 0.00388248
v 0.06550835 0.45581976 -0.00160527
v 0.06759603 0.47704405 0.00996294
v 0.06661806 0.46379226 0.00888111
v 0.06626265 0.49426162 0.01060578
v 0.06477074 0.45515269 0.0097176
v 0.06118365 0.37077349 0.00867226
v 0.06152156 0.49715263 0.02397249
v 0.06387217 0.46149772 0.01895232
v 0.06210333 0.45539337 0.02032481
v 0.06252356 0.49142984 0.02493663
v 0.06478529 0.47718525 0.02096393
v 0.06456712 0.44157803 0.02204998
v 0.06190719 0.47800523 0.02807029
v 0.06035327 0.46302596 0.02826111
v 0.0603676 0.42135146 0.03486786
v 0.05958775 0.34205505 0.02973512
v 0.06760687 0.41887185 0.02562901
v 0.06197849 0.41897827 0.03668426
v 0.0603676 0.42135146 0.03486786
v 0.0541505 -0.46494114 0.03643332
v 0.05281057 -0.45533177 0.07212042
v 0.06263342 -0.44274011 0.06928696
v 0.04902366 0.24261983 0.11612082
v 0.06047488 -0.457984 0.13068655
v 0.05631229 -0.47793224 0.12015719
v 0.05011285 -0.2914685 0.13256441
v 0.06047488 -0.457984 0.13068655
v 0.05277256 -0.09409373 0.14773934
v 0.04795508 0.16409101 0.15123765
v 0.05887843 0.16917069 -0.14619626
v 0.07119119 0.1670564 -0.14143322
v 0.05956928 0.15896705 -0.14684395
v 0.0431236 -0.08021715 -0.14469366
v 0.06902793 -0.080675 -0.13511512
v 0.05622381 -0.45317221 -0.14026813
v 0.0665621 -0.46797004 -0.12864755
v 0.05522679 -0.47015846 -0.13429618
v 0.05570344 -0.28164905 -0.12932698
v 0.05786868 -0.27037629 -0.12490903
v 0.06822655 -0.27993622 -0.12119833
v 0.05544173 0.23400944 -0.11857983
v 0.06104673 0.25246802 -0.10285309
v 0.06715284 0.22819923 -0.11566661
v 0.05400291 -0.49196792 -0.07354901
v 0.05551784 -0.47817424 -0.05206146
v 0.05804658 -0.46229836 -0.02828738
v 0.06260963 -0.47221634 -0.05091833
v 0.05365861 0.33730271 -0.04144483
v 0.05519943 0.44928911 -0.03847462
v 0.05883179 0.45578423 -0.02691297
v 0.05899674 0.44134369 -0.03289077
v 0.05746721 0.47512645 -0.03507187
v 0.05806321 0.46299428 -0.0313245
v 0.05857963 0.49750692 -0.02906611
v 0.05656696 0.42529628 -0.0241501
v 0.05544136 0.38073614 -0.02390592
v 0.05710027 0.35572001 -0.02919322
v 0.05571099 0.49955586 -0.0272408
v 0.05941577 0.42500669 -0.01467885
v 0.05858842 0.38389942 -0.01421623
v 0.05874498 0.39738309 -0.00712329
v 0.05851187 0.43577269 -0.00711533
v 0.05921799 0.43390313 -0.00076943
v 0.06117098 0.42521921 0.00019856
v 0.0592789 0.41191009 -0.01329145
v 0.05903664 0.41148764 0.00074344
v 0.05804616 0.40789023 -0.01192739
v 0.06022682 0.38525319 -0.00036548
v 0.05921593 0.43555582 0.00433289
v 0.06098939 0.41388452 -0.01277696
v 0.06098907 0.41380951 0.01009419
v 0.05604189 0.49987596 0.02525932
v 0.06028076 0.42512816 0.0100584
v 0.05764971 0.40565592 0.01033443
v 0.060478 0.41287428 0.01298853
v 0.05662945 0.41259822 0.0166552
v 0.06152156 0.49715263 0.02397249
v 0.05758597 0.42412534 0.02297397
v 0.05575637 0.38244888 0.02228647
v 0.05954064 0.36108944 0.02083128
v 0.05866161 0.45525256 0.0282473
v 0.05658741 0.4485414 0.03711747
v 0.05658741 0.4485414 0.03711747
v 0.0572875 0.44110733 0.0353006
v 0.06456712 0.44157803 0.02204998
v 0.05573096 0.41568902 0.0450804
v 0.05429539 0.33694646 0.04052673
v 0.05037428 0.42085686 0.04970169
v 0.04703552 0.32102469 0.05624208
v 0.06216091 -0.44961154 0.05469409
v 0.0548959 -0.46017674 0.04577947
v 0.0536997 -0.47268024 0.09395738
v 0.05177243 -0.4888843 0.10870706
v 0.04762181 0.22211252 0.12869015
v 0.04995688 -0.23525636 0.12938282
v 0.05129341 -0.27447075 0.12842657
v 0.04767268 0.2067115 0.13629819
v 0.04923149 -0.17135234 0.1379572
v 0.05057745 -0.31724605 0.14006226
v 0.05486949 -0.45505312 0.13611749
v 0.04909416 -0.08070511 0.14368063
v 0.04958225 0.02353829 0.14445464
v 0.05030205 -0.33752704 0.14520304
v 0.0485347 0.1578501 0.15035626
v 0.04764522 -0.35890871 0.14909773
v 0.05329071 -0.3802844 0.1480771
v 0.0477826 -0.39261195 0.14950931
v 0.04832935 -0.08491093 -0.14550866
v 0.05095836 -0.09552416 -0.14765315
v 0.05523754 -0.42093083 -0.14737293
v 0.06503934 -0.42176434 -0.14329274
v 0.05292011 -0.43774232 -0.14545217
v 0.05419944 0.15216927 -0.14579503
v 0.05426962 0.1450277 -0.14175846
v 0.05396422 -0.16334245 -0.13754576
v 0.04713082 -0.20232828 -0.13374452
v 0.05834065 -0.4921197 -0.11760212
v 0.04682677 -0.48636925 -0.12835556
v 0.04780973 0.27708867 -0.09256944
v 0.04817346 0.41901413 -0.05306949
v 0.0461494 0.42144334 -0.05219415
v 0.05283049 0.49121743 -0.04020337
v 0.05219189 0.44083148 -0.0416624
v 0.04944372 0.35685471 -0.03977169
v 0.05043174 0.49750963 -0.04066998
v 0.05194537 0.45561472 -0.0374352
v 0.052458 0.424624 -0.03389191
v 0.05656696 0.42529628 -0.0241501
v 0.05482029 0.43397072 -0.02405601
v 0.05941577 0.42500669 -0.01467885
v 0.05725633 0.41296005 -0.0181191
v 0.05325463 0.40585756 -0.02524064
v 0.0556939 0.41302776 -0.02310145
v 0.05699336 0.43670335 -0.02090973
v 0.05851187 0.43577269 -0.00711533
v 0.05482029 0.43397072 -0.02405601
v 0.05851187 0.43577269 -0.00711533
v 0.05522063 0.39886487 0.02004946
v 0.05588933 0.43558025 0.01901254
v 0.05662945 0.41259822 0.0166552
v 0.05656898 0.41312596 0.02474998
v 0.05460066 0.41110572 0.022464
v 0.05460066 0.41110572 0.022464
v 0.05148655 0.41292781 0.02852983
v 0.05163991 -0.47350413 0.02372879
v 0.06120317 -0.47775283 0.02166805
v 0.05334958 0.42473057 0.03088378
v 0.05366362 0.3549726 0.03432148
v 0.05502172 0.49635828 0.0370025
v 0.05502172 0.49635828 0.0370025
v 0.06252356 0.49142984 0.02493663
v 0.05502172 0.49635828 0.0370025
v 0.06190719 0.47800523 0.02807029
v 0.0569464 0.47703475 0.0366262
v 0.0554961 0.46323165 0.03636372
v 0.06035327 0.46302596 0.02826111
v 0.05866161 0.45525256 0.0282473
v 0.05435 0.45542079 0.03526623
v 0.04479407 0.30116075 0.07516243
v 0.04714971 -0.46512705 0.07395087
v 0.04424358 0.2767728 0.09427
v 0.04899983 -0.49274531 0.10369683
v 0.05023763 -0.25389761 0.12794323
v 0.05338628 -0.47136837 0.13019349
v 0.04915943 -0.48239112 0.12640753
v 0.04619374 -0.22085726 0.13232356
v 0.04828268 0.18132949 0.14626822
v 0.04825633 0.13909315 0.14377326
v 0.04924393 0.09512138 0.14413406
v 0.04781388 -0.02190422 0.14477275
v 0.04343889 0.30058852 -0.07638127
v 0.04159763 0.32028016 -0.06058528
v 0.04702619 0.44924149 -0.04810699
v 0.05043174 0.49750963 -0.04066998
v 0.05102488 0.47573113 -0.04373366
v 0.052458 0.424624 -0.03389191
v 0.04776975 -0.46872807 -0.02725982
v 0.04971252 0.38859048 -0.03206717
v 0.05187995 0.43682662 -0.03140776
v 0.05699336 0.43670335 -0.02090973
v 0.05482029 0.43397072 -0.02405601
v 0.052458 0.424624 -0.03389191
v 0.0523398 0.41328532 -0.02834309
v 0.05588933 0.43558025 0.01901254
v 0.0524164 0.43642899 0.0301758
v 0.05099986 0.43352571 0.02984521
v 0.05099986 0.43352571 0.02984521
v 0.04792396 -0.47038132 0.03001545
v 0.04592536 -0.47358531 0.02274246
v 0.05148655 0.41292781 0.02852983
v 0.04808839 0.39666685 0.03297064
v 0.04364901 0.49978262 0.04306065
v 0.04796756 0.42519724 0.0388374
v 0.04916553 0.37570712 0.0349848
v 0.04586363 0.46054089 0.04714252
v 0.04809164 0.44939703 0.04688163
v 0.0476275 0.49680439 0.04465737
v 0.0476275 0.49680439 0.04465737
v 0.04843994 0.49078566 0.04574949
v 0.04860387 0.47724342 0.04695746
v 0.05922673 -0.45638672 0.04504551
v 0.0541505 -0.46494114 0.03643332
v 0.0480492 0.44057512 0.04616879
v 0.05429539 0.33694646 0.04052673
v 0.04734661 0.33839405 0.04795202
v 0.03846053 0.41901511 0.06077108
v 0.04780569 -0.46619993 0.05331472
v 0.03930477 -0.48139933 0.07542855
v 0.04968375 -0.48955297 0.11747158
v 0.04312018 -0.47646356 0.13384604
v 0.05338628 -0.47136837 0.13019349
v 0.04495357 -0.4508602 0.14124291
v 0.03613719 0.14594412 0.14704266
v 0.03609704 0.14318416 0.14664216
v 0.04738581 -0.11938949 0.14631236
v 0.04504814 -0.41793302 0.14736854
v 0.03718871 0.15230222 -0.15046808
v 0.04734674 -0.00961367 -0.14428173
v 0.05667214 -0.0588885 -0.14079882
v 0.0424257 0.2553581 -0.1103116
v 0.04205392 0.49688044 -0.04925328
v 0.04348422 0.49993649 -0.04239378
v 0.04384308 0.47560662 -0.05078011
v 0.0399877 0.42455366 -0.04793793
v 0.04660357 0.42541218 -0.04070153
v 0.04944372 0.35685471 -0.03977169
v 0.05365861 0.33730271 -0.04144483
v 0.04514013 0.33879998 -0.04994081
v 0.04620141 0.41303593 -0.03764383
v 0.0422397 0.40676969 -0.0400395
v 0.04318794 0.38267705 -0.04089841
v 0.04696382 0.43480673 -0.03638919
v 0.04660357 0.42541218 -0.04070153
v 0.05482029 0.43397072 -0.02405601
v 0.04412274 0.43544072 0.03815896
v 0.04637981 0.4124862 0.03560324
v 0.04604898 0.45535243 0.04544562
v 0.04539715 0.35509336 0.04443691
v 0.04792396 -0.47038132 0.03001545
v 0.04455306 -0.47013357 0.04109881
v 0.04087756 0.42453003 0.04644137
v 0.05037428 0.42085686 0.04970169
v 0.04539715 0.35509336 0.04443691
v 0.03882616 0.4914827 0.0534114
v 0.03937538 0.47719786 0.05475434
v 0.03992676 0.44081727 0.0528475
v 0.03998305 0.33494574 0.05582079
v 0.0417341 -0.47299108 0.06349688
v 0.04471827 -0.49284446 0.09343148
v 0.0426232 -0.49662039 0.11362159
v 0.04171209 -0.49046937 0.12497937
v 0.03408031 -0.25087816 0.13349144
v 0.03967893 -0.26950583 0.13196208
v 0.0332293 -0.29537043 0.13856895
v 0.04915943 -0.48239112 0.12640753
v 0.03481382 -0.31341293 0.14277565
v 0.03757782 0.15219797 0.15059538
v 0.03430187 -0.08033983 0.14788426
v 0.05822757 -0.32266837 -0.14011796
v 0.03024534 -0.3238925 -0.14690796
v 0.03767527 -0.30123478 -0.13930874
v 0.04203909 0.23572564 -0.1227546
v 0.03841034 0.41891667 -0.06056629
v 0.04817346 0.41901413 -0.05306949
v 0.05381068 0.41551569 -0.04710864
v 0.04192441 0.41536427 -0.05753247
v 0.04668063 0.45746434 -0.04436273
v 0.03708529 0.45588705 -0.05191609
v 0.04318794 0.38267705 -0.04089841
v 0.04010461 0.35088137 -0.05068353
v 0.04012026 0.41311765 -0.0435617
v 0.04620141 0.41303593 -0.03764383
v 0.0422397 0.40676969 -0.0400395
v 0.04046861 0.43301454 -0.04329023
v 0.03541948 0.49985144 -0.04815959
v 0.04412274 0.43544072 0.03815896
v 0.04125271 0.41233721 0.04087513
v 0.04172424 0.38565338 0.04164108
v 0.03480009 0.49714291 0.05431275
v 0.0353215 0.45553926 0.05411138
v 0.03652189 0.35177749 0.05327995
v 0.03709628 0.44892886 0.05602253
v 0.03848971 -0.47559452 0.05527265
v 0.03487425 0.32093117 0.06459875
v 0.03402909 0.30171573 0.0800349
v 0.04171209 -0.49046937 0.12497937
v 0.03374596 0.20688587 0.1397268
v 0.0332218 -0.18986781 0.13982552
v 0.03235114 0.13760413 0.1481982
v 0.0352212 0.08304602 0.14808941
v 0.03270178 0.0136118 0.14903361
v 0.0331757 -0.13778381 0.14695388
v 0.03419588 0.1713783 0.1530073
v 0.03511103 0.16044334 0.15385571
v 0.03319747 -0.37363705 0.15288644
v 0.03289453 -0.38997331 0.15264699
v 0.0261135 -0.08362793 -0.15053213
v 0.03622569 0.33666873 -0.05773248
v 0.03784074 0.44882557 -0.05541819
v 0.0399877 0.42455366 -0.04793793
v 0.03398239 0.38159579 -0.04902442
v 0.04438374 0.43698114 -0.04027758
v 0.03930263 0.43621174 0.04406532
v 0.0342196 0.4337275 0.04766972
v 0.04125271 0.41233721 0.04087513
v 0.03219833 0.39877489 0.04886306
v 0.04172424 0.38565338 0.04164108
v 0.03364097 0.37471011 0.05066702
v 0.03480009 0.49714291 0.05431275
v 0.03262957 0.4218033 0.05993509
v 0.03846053 0.41901511 0.06077108
v 0.03589408 -0.49193245 0.08126894
v 0.03261332 0.25433192 0.11413068
v 0.03311398 0.2286817 0.12931417
v 0.03143351 -0.27288583 0.13477623
v 0.03204741 -0.08812437 0.15130338
v 0.03376284 -0.33636859 0.14828914
v 0.03234059 -0.42194071 0.14918925
v 0.03414369 -0.09741767 0.1517507
v 0.03339342 -0.35723519 0.15172309
v 0.03234806 0.08886052 -0.14852269
v 0.04657137 0.08091938 -0.14505887
v 0.03241252 -0.01672477 -0.14807643
v 0.02467145 0.33401316 -0.06513421
v 0.02767232 0.42058265 -0.06478751
v 0.03281081 0.49205503 -0.05684292
v 0.03418859 0.47499415 -0.05732621
v 0.02596546 0.49773571 -0.05811336
v 0.02820855 0.42520127 -0.05493734
v 0.03220525 0.35903627 -0.05459633
v 0.02820855 0.42520127 -0.05493734
v 0.03040191 0.43395141 -0.05062425
v 0.03575851 0.43711343 -0.04831018
v 0.0342196 0.4337275 0.04766972
v 0.03361001 0.42478865 0.05166133
v 0.03509106 0.4124206 0.04651031
v 0.02670206 0.47816288 0.06190516
v 0.02762448 0.46170914 0.05983353
v 0.02951283 0.44110852 0.05978577
v 0.02436051 0.35752082 0.05947781
v 0.02602119 0.34057456 0.06272284
v 0.03367974 -0.48295996 0.06594139
v 0.02787082 0.29530087 0.08668508
v 0.03058706 -0.48136994 0.13454655
v 0.02991063 -0.492809 0.12658815
v 0.03052402 -0.22379558 0.13638124
v 0.03097903 -0.45943391 0.14165194
v 0.02504987 0.42285347 -0.05925405
v 0.03396491 0.43682727 0.0499784
v 0.0263393 0.43553764 0.05189811
v 0.02820598 0.41272098 0.0516042
v 0.02716314 0.49984443 0.05306554
v 0.02435879 0.4915925 0.06091186
v 0.0259204 0.45530877 0.05903088
v 0.01741377 0.44900179 0.06461411
v 0.02864285 -0.48307252 0.05890249
v 0.02557316 0.41878295 0.06766858
v 0.03846053 0.41901511 0.06077108
v 0.02557316 0.41878295 0.06766858
v 0.02744273 0.4154256 0.06574439
v 0.02442167 0.32069871 0.06936762
v 0.01715116 -0.11597436 0.15227415
v 0.02258633 0.16913618 0.15478283
v 0.02070117 0.16077404 0.15545382
v 0.03285799 -0.08060849 -0.14722972
v 0.02066531 -0.03511505 -0.14999333
v 0.01342382 -0.08060086 -0.14993732
v 0.02306541 0.3199943 -0.07030106
v 0.01581753 0.49990112 -0.05709682
v 0.02416006 0.42503819 0.0565195
v 0.02237275 0.40662196 0.05453508
v 0.02277211 0.38612506 0.05555844
v 0.02320712 0.49710643 0.05942765
v 0.02320712 0.49710643 0.05942765
v 0.02039255 0.44158366 0.06339537
v 0.01957271 0.42033106 0.06864409
v 0.01300384 0.28762227 0.09484818
v 0.01934052 0.25072837 0.11861341
v 0.02121867 0.22307344 0.13407765
v 0.01607719 -0.23699188 0.13777241
v 0.0156872 -0.2532801 0.13710396
v 0.0167045 -0.20190553 0.14105478
v 0.01824438 -0.29713267 0.14152624
v 0.0189893 0.19941737 0.14473312
v 0.01568541 -0.0805328 0.1508946
v 0.02091666 -0.33856693 0.15032682
v 0.01889077 -0.420145 0.15049566
v 0.01847652 -0.4573594 0.14289963
v 0.0185383 0.15355393 0.15367556
v 0.01663709 0.14508654 0.1497397
v 0.01663155 0.13095021 0.15091622
v 0.01695764 0.07250579 0.1512946
v 0.02193911 -0.03152852 0.15074863
v 0.01541372 -0.08870414 0.15368755
v 0.01608133 -0.09607859 0.15418008
v 0.01764354 -0.35859296 0.15358439
v 0.01975075 -0.37320486 0.15437877
v 0.02053879 -0.39364043 0.15364458
v 0.01626556 0.14052498 -0.15014924
v 0.01539141 0.1445701 -0.14982884
v 0.03686842 0.14104889 -0.14696591
v 0.0240341 0.41830292 -0.06770994
v 0.01875643 0.42014164 -0.06844263
v 0.02334735 0.41319838 -0.05976579
v 0.03010268 0.41278285 -0.05035467
v 0.02154275 0.41040668 -0.05478321
v 0.0263393 0.43553764 0.05189811
v 0.02304645 0.41238421 0.05576938
v 0.01368966 0.4625839 0.06442297
v 0.01079886 0.32028481 0.07326753
v 0.0193752 -0.48185596 0.13496253
v 0.01803521 -0.49362093 0.12665395
v 0.01584312 -0.27015221 0.1375768
v 0.01936507 0.23884253 -0.12533313
v 0.01283409 0.26463324 -0.11012944
v 0.02850555 0.25939092 -0.11165851
v 0.01691764 0.4364554 0.05647977
v 0.01626006 0.43402249 0.05590552
v 0.0263393 0.43553764 0.05189811
v 0.00967331 0.49876508 0.06047281
v 0.02416006 0.42503819 0.0565195
v 0.01619865 0.42425621 0.05928401
v 0.01770767 0.41183549 0.05706149
v 0.0115562 0.40794 0.05816504
v 0.01066436 0.38204768 0.06014562
v 0.01287044 0.49472773 0.06307251
v 0.01320055 0.45513582 0.06285845
v 0.00609165 0.42302683 0.06226364
v 0.03262957 0.4218033 0.05993509
v 0.01139967 0.35566831 0.06414649
v 0.00609165 0.42302683 0.06226364
v 0.01105489 0.33569294 0.06860919
v 0.01110647 0.26860443 0.10739732
v 0.01404473 0.01976228 0.15171169
v 0.01239234 -0.02813482 0.15184829
v 0.00980761 0.3209669 -0.07271982
v 0.01023329 0.35285503 -0.06476603
v 0.0218281 0.35102949 -0.06192857
v -0.00158267 0.42263672 -0.06431936
v 0.00064436 0.49742258 -0.06346312
v -0.01669582 0.49992472 0.05648168
v 0.00967331 0.49876508 0.06047281
v 0.0126673 0.47908515 0.06577243
v 0.01437278 0.44138125 0.06500766
v 0.00334022 0.41707826 0.07235067
v 0.00334022 0.41707826 0.07235067
v 0.01193769 0.41479453 0.06929503
v 0.0053672 -0.48219651 0.13256595
v 0.00132496 -0.17601718 0.14497364
v 0.00686973 -0.4483898 0.14433841
v -0.00279465 0.17177241 0.15479493
v 0.00103143 -0.38861093 0.15426627
v 0.01156275 -0.25171179 -0.13730343
v 0.02355178 -0.25849062 -0.13557234
v 0.01155637 -0.26936921 -0.1380329
v 0.0032768 0.41962916 -0.07088112
v 0.01276839 0.41164041 -0.05974
v 0.01709364 0.41236565 -0.05735723
v 0.01005004 0.4072209 -0.05800164
v -0.05807301 0.49996403 0.01049846
v 0.00037619 0.42676681 0.06029633
v 0.00241315 0.41925901 0.07212727
v 0.0010416 0.22541034 0.13351604
v 0.00721379 -0.49251482 0.12516676
v 0.00084899 -0.26972622 0.13850337
v 0.00670981 -0.47114637 0.13774621
v 0.00133655 -0.29998553 0.14302911
v 0.0015641 -0.33842227 0.15111361
v 0.00326996 -0.41393647 0.15129302
v 0.00221345 0.19860531 0.14550209
v -0.00176034 0.16191649 0.15614857
v 0.00252112 -0.37395546 0.15483996
v -0.00031001 -0.08060496 -0.1504948
v 0.01514695 0.44875169 -0.06476012
v 6.057E-05 0.44872597 -0.06641748
v 0.00038851 0.45485505 -0.06352025
v 0.01400163 0.45495042 -0.0622341
v 0.00040406 0.43604597 0.0571865
v 0.00082713 0.41258302 0.06040489
v 0.00028323 0.40796632 0.05935126
v 0.01295449 0.41147426 0.05989056
v 8.3E-05 0.49543801 0.06390273
v 0.00098071 0.48026049 0.06668425
v 0.00011149 0.44614336 0.06674828
v -0.00149307 0.44040716 0.0651323
v -0.00421384 0.42281589 0.06381683
v 0.00076167 0.25846699 0.11435911
v 6.931E-05 -0.22583717 0.13943543
v -0.00172611 0.14488444 0.15051508
v -0.0008463 0.1349896 0.15170638
v 0.00170925 0.0384374 0.15228654
v -0.00097679 -0.08074535 0.15165353
v -0.00354063 -0.08804243 0.15417154
v -0.00056282 -0.12400933 0.15198043
v -0.00038051 -0.0969273 0.15474588
v -0.00031378 -0.35931396 0.15392931
v -0.00099936 0.38463944 0.06087982
v -0.00132343 0.35746497 0.0648331
v 0.00083192 0.46325341 0.06544836
v -0.00014229 0.45529205 0.06387196
v 0.00334022 0.41707826 0.07235067
v -0.01452105 0.41478771 0.06945072
v 0.01193769 0.41479453 0.06929503
v -0.00071187 0.33472633 0.06976873
v -0.00139727 0.32085571 0.07384957
v 0.0053672 -0.48219651 0.13256595
v 0.00077424 -0.48700342 0.12653673
v 0.00721379 -0.49251482 0.12516676
v -0.00072837 -0.25221941 0.13800031
v -0.00354117 -0.45208725 0.14138195
v -0.00105934 0.15250111 0.15376982
v -0.00083881 -0.01088901 0.1520939
v -0.01045263 -0.41685107 0.14908764
v 0.00056576 0.24356695 -0.12330142
v -0.01230067 0.24219441 -0.12384751
v -0.01078844 0.2694692 -0.10713037
v 0.00067785 0.2723788 -0.10573963
v 0.00424669 0.41746441 -0.07250095
v -0.00848075 0.41795704 -0.07218498
v -0.01359799 0.49143514 -0.06344254
v -0.0162685 0.49737492 -0.06105218
v 0.00064436 0.49742258 -0.06346312
v -0.0162685 0.49737492 -0.06105218
v -0.01856239 0.49993023 -0.05577518
v -0.05670357 0.49993259 -0.02310584
v -0.01640811 0.49781662 0.06054331
v -0.01640811 0.49781662 0.06054331
v -0.01299469 0.49445391 0.06310543
v 8.3E-05 0.49543801 0.06390273
v -0.01332167 0.42460686 0.0595827
v -0.01332167 0.42460686 0.0595827
v -0.01033459 0.38449973 0.05981646
v -0.01045161 0.47817841 0.06584005
v -0.01072314 0.46222299 0.0646069
v -0.00863145 0.41850889 0.07226611
v -0.01487765 -0.11085559 0.15300752
v -0.02181911 -0.3765133 0.15313667
v -0.01744123 -0.08485682 -0.15206696
v -0.01223871 -0.08088185 -0.15003794
v -0.02105164 0.42005551 -0.06823239
v -0.01312529 0.44919789 -0.06479554
v -0.01241668 0.45491752 -0.06252354
v -0.00068598 0.42599577 -0.06034894
v -0.00158267 0.42263672 -0.06431936
v -0.0188069 0.42508703 -0.05854171
v -0.01682246 0.43658391 0.05612288
v -0.01577412 0.43411854 0.05567465
v -0.00844032 0.41311467 0.06138235
v -0.01241114 0.41148949 0.05983509
v 0.00082713 0.41258302 0.06040489
v -0.01241114 0.41148949 0.05983509
v -0.01152733 0.40714467 0.0581082
v -0.01126825 0.45524004 0.06305727
v -0.01152065 0.44911692 0.06513878
v -0.01733135 0.44150436 0.06443512
v -0.01096568 0.34395739 0.06659447
v -0.02140008 0.42134953 0.06616433
v -0.00863145 0.41850889 0.07226611
v -0.01124517 0.32066113 0.07303584
v -0.01189828 0.29629883 0.08936944
v -0.012404 0.25659859 0.1150326
v -0.01791789 0.24062741 0.12429899
v -0.01560141 0.21951528 0.1357356
v -0.003504 -0.46542022 0.13657273
v -0.01019345 -0.45632893 0.13516051
v -0.00459369 -0.47569865 0.13054852
v -0.01449851 -0.21222141 0.14017794
v -0.01576513 -0.24050514 0.13772166
v -0.01280997 -0.26367435 0.13762175
v -0.01440066 -0.2797991 0.13899842
v -0.00354117 -0.45208725 0.14138195
v -0.01630019 0.20432623 0.14261028
v -0.01483184 -0.17516467 0.14431934
v -0.01866115 -0.30035251 0.14216889
v -0.01640292 0.18139417 0.1512693
v -0.01810444 -0.33857727 0.15041713
v -0.01844017 0.14508507 0.14945115
v -0.01705266 0.13975893 0.15034072
v -0.0150406 0.10500032 0.15122057
v -0.01673152 0.04049177 0.15150008
v -0.01364862 -0.01509653 0.15136008
v -0.01713776 -0.08076245 0.15066144
v -0.01834053 -0.35970166 0.15302506
v -0.0135692 -0.387043 0.15328111
v -0.02783518 0.15713398 0.15424761
v -0.02357427 0.41942903 0.06841747
v -0.01642978 -0.42839295 0.14323996
v -0.01593236 -0.44067335 0.13674785
v -0.0167168 -0.41395172 0.14797625
v -0.01642978 -0.42839295 0.14323996
v -0.02473715 -0.39307526 0.15036854
v -0.02742515 0.16332923 0.15518634
v -0.01795671 -0.09374616 0.15368147
v -0.00430966 0.22393952 -0.13377826
v -0.02166198 0.22948958 -0.13020389
v -0.02283248 0.25900522 -0.11250964
v -0.03001843 0.42262352 -0.05790632
v -0.03001843 0.42262352 -0.05790632
v -0.01786311 0.41221887 0.05720682
v -0.02125212 0.40698725 0.05505614
v -0.02077341 0.3822912 0.05677779
v -0.02311307 0.45532206 0.05979124
v -0.02543952 0.44986409 0.06115135
v -0.02056401 0.34358653 0.06405552
v -0.02373227 0.32038277 0.07005365
v -0.02387201 -0.01734794 0.14995986
v -0.0289671 -0.08448958 0.1503922
v -0.02823576 -0.34107223 0.14963283
v -0.0297121 -0.08040591 -0.14780575
v -0.02453556 0.31982133 -0.0700013
v -0.02258934 0.33350229 -0.06603017
v -0.01164094 0.33599418 -0.06830172
v -0.0256123 0.4356434 0.05153668
v -0.02358976 0.4250682 0.05644205
v -0.02281624 0.49442416 0.06035564
v -0.02470523 0.4778583 0.06189917
v -0.0253535 0.46187627 0.06030659
v -0.00421384 0.42281589 0.06381683
v -0.03396754 0.4217073 0.05988887
v -0.02357427 0.41942903 0.06841747
v -0.02845781 0.28516302 0.09391637
v -0.02803732 0.26647577 0.10682917
v -0.0254002 -0.26307315 0.13557164
v -0.03312365 -0.26873824 0.13409539
v -0.02293843 -0.41844946 0.14178
v -0.02614368 -0.19939001 0.1397541
v -0.03535181 -0.0945401 0.1513956
v -0.03372274 -0.12027603 0.14916974
v -0.02806196 0.4479146 -0.06067623
v -0.02529704 0.45515358 -0.05895926
v -0.03300219 0.49860793 -0.05304863
v -0.03264533 0.45505896 0.0550332
v -0.02632673 0.41298217 0.05321807
v -0.02358976 0.4250682 0.05644205
v -0.02985071 0.35914055 0.05621871
v -0.0296042 0.33539516 0.06248919
v -0.03187342 -0.15764531 0.14413643
v -0.03532987 0.14420326 0.14638679
v -0.03090292 -0.39752352 0.14588957
v -0.03283993 0.0658123 0.14882834
v -0.03329243 -0.08030614 0.14770468
v -0.03161823 0.17244312 0.15285204
v -0.0303739 0.33757612 -0.06132021
v -0.03492167 0.41974238 -0.06229488
v -0.03011851 0.42612699 -0.05305371
v -0.04911432 0.49990121 0.03548308
v -0.03779447 0.49957541 0.04697985
v -0.03522678 0.49622104 0.05423789
v -0.03331018 0.42485642 0.05230302
v -0.0311141 0.41117519 0.0500039
v -0.02908403 0.39697397 0.05103338
v -0.02921263 0.37830764 0.05301606
v -0.03522678 0.49622104 0.05423789
v -0.02358976 0.4250682 0.05644205
v -0.03331018 0.42485642 0.05230302
v -0.03396754 0.4217073 0.05988887
v -0.03222232 0.29740366 0.08402346
v -0.03191962 0.23957631 0.12286686
v -0.0318832 0.20602362 0.14014044
v -0.03637801 -0.19752753 0.13776569
v -0.0334598 -0.24459863 0.13388796
v -0.03431253 -0.2805517 0.13529648
v -0.03752007 -0.32396206 0.14478622
v -0.03725701 0.1516127 0.15022096
v -0.03324259 0.13719891 0.14755788
v -0.03381692 -0.02921038 0.14802833
v -0.04273575 -0.35918662 0.1493139
v -0.02454283 -0.45573366 -0.0761272
v -0.03391876 -0.46535769 -0.07513437
v -0.03598364 -0.45300433 -0.08872119
v -0.02511965 -0.46682724 -0.06290347
v -0.04057769 -0.47647077 -0.06858904
v -0.03690447 0.45520115 -0.05264009
v -0.03516794 0.43664917 0.04734381
v -0.03435398 0.43396538 0.047126
v -0.0412052 0.42519042 0.04619008
v -0.03607533 0.41275102 0.04955571
v -0.02399233 -0.4629072 0.05277516
v -0.0399433 -0.47486934 0.04913637
v -0.03164612 -0.4732101 0.04055818
v -0.04042194 0.47751287 0.05309731
v -0.03894557 0.46269238 0.05274522
v -0.04162652 0.44921225 0.0520961
v -0.02666132 0.44102553 0.06085512
v -0.0345257 0.44383702 0.0568587
v -0.03659298 0.44025424 0.05433466
v -0.02358455 -0.45900926 0.05819171
v -0.04058888 -0.46674266 0.06402425
v -0.03620659 0.4190309 0.0621024
v -0.02357427 0.41942903 0.06841747
v -0.03620659 0.4190309 0.0621024
v -0.03129373 0.41576064 0.064031
v -0.03512653 0.32033598 0.06494626
v -0.03708263 -0.29918355 0.13854101
v -0.03090292 -0.39752352 0.14588957
v -0.03564252 -0.40792742 0.13310629
v -0.03205838 -0.41156214 0.13279648
v -0.04408534 -0.37786901 0.14841476
v -0.03510462 0.30114838 -0.07979491
v -0.03561551 0.32016861 -0.06481144
v -0.04924093 0.42009082 -0.05167915
v -0.03854108 0.44802672 -0.05521233
v -0.04687991 0.42410347 -0.04320745
v -0.04687991 0.42410347 -0.04320745
v -0.03877985 0.42551523 -0.0482472
v -0.03011851 0.42612699 -0.05305371
v -0.04687991 0.42410347 -0.04320745
v -0.04345105 0.49938321 -0.04406251
v -0.03675226 0.40768015 0.04493302
v -0.03967755 0.38232628 0.0439408
v -0.04735639 0.49725714 0.0439762
v -0.04359898 0.35693872 0.04575641
v -0.04201289 0.34043959 0.05237991
v -0.0245023 -0.45375448 0.06568619
v -0.04415949 -0.44882354 0.08476716
v -0.04244176 0.26142249 0.10586578
v -0.03152018 -0.43677649 0.09226947
v -0.03984311 -0.43725103 0.09414563
v -0.0280948 -0.4440245 0.081019
v -0.04699375 0.20887323 0.13523738
v -0.04536504 -0.08047993 0.14440434
v -0.05324347 -0.38944265 0.14238472
v -0.04788404 0.17205092 0.14976466
v -0.047812 0.29627329 -0.07749913
v -0.04722115 0.4979538 -0.04364439
v -0.04125873 0.43615472 0.0408577
v -0.04874991 0.42499769 0.03867994
v -0.03894557 0.46269238 0.05274522
v -0.04595384 0.4545885 0.04514451
v -0.03264533 0.45505896 0.0550332
v -0.04162652 0.44921225 0.0520961
v -0.04554713 0.44082808 0.04831871
v -0.0345257 0.44383702 0.0568587
v -0.03659298 0.44025424 0.05433466
v -0.04945462 0.42135525 0.0489981
v -0.04843665 0.41940883 0.05263185
v -0.04654562 0.3208684 0.05679436
v -0.04406645 0.28430551 0.08860759
v -0.02620081 -0.44851825 0.07408051
v -0.0495116 0.23359214 0.12094372
v -0.05086879 -0.25336388 0.12749778
v -0.05557654 -0.26884866 0.12587881
v -0.05408372 -0.15011814 0.1394287
v -0.05170538 0.1450066 0.14183694
v -0.05206199 0.13945653 0.14221098
v -0.04822325 -0.02357595 0.14421628
v -0.05219493 -0.08542822 0.14470658
v -0.0491213 -0.1121953 0.14661264
v -0.04977677 -0.34038621 0.14569543
v -0.05303495 -0.0934934 0.14721645
v -0.03894623 -0.33359295 -0.14649832
v -0.05072834 -0.33151445 -0.14328428
v -0.0333843 -0.2903364 -0.13766268
v -0.03312606 0.20643768 -0.13966155
v -0.04792485 0.20776427 -0.13518248
v -0.03401732 0.23210776 -0.12698187
v -0.04065366 -0.46398079 -0.08500431
v -0.05014937 -0.45724037 -0.10126852
v -0.04435791 -0.47370631 -0.08081641
v -0.05656813 0.29567286 -0.07226371
v -0.04577559 0.44792765 -0.04954821
v -0.04470198 0.45453534 -0.04677361
v -0.04735639 0.49725714 0.0439762
v -0.04864396 0.49164644 0.04452337
v -0.03522678 0.49622104 0.05423789
v -0.04042194 0.47751287 0.05309731
v -0.0412052 0.42519042 0.04619008
v -0.05256111 -0.48271602 0.05365635
v -0.04992973 -0.23570809 0.1290776
v -0.0497108 -0.20353791 0.13293892
v -0.06235727 -0.32561556 0.13979393
v -0.04846872 0.0861597 0.14443791
v -0.05663965 -0.37990171 0.14429955
v -0.04797912 0.15914847 0.15111278
v -0.05004067 -0.47271749 -0.09177296
v -0.0512036 -0.48465204 -0.07559856
v -0.04460922 -0.48060012 -0.0654432
v -0.05656813 0.29567286 -0.07226371
v -0.06448743 0.29765442 -0.06391966
v -0.04429538 0.32054442 -0.05892113
v -0.04817135 0.43544972 0.03221225
v -0.05537947 0.42499056 0.02733213
v -0.04874991 0.42499769 0.03867994
v -0.04013657 0.41219288 0.04366831
v -0.04938116 0.41300493 0.03212248
v -0.04746402 0.40698844 0.03361186
v -0.05056835 0.3866902 0.03002619
v -0.04857806 0.37665483 0.03499973
v -0.05081837 0.47607428 0.04359603
v -0.04938116 0.41300493 0.03212248
v -0.04013657 0.41219288 0.04366831
v -0.0521693 0.41406101 0.04298804
v -0.05263235 0.44892979 0.04107338
v -0.0547012 0.29640982 0.07228642
v -0.05275203 -0.47419181 0.06870393
v -0.05428978 -0.46129638 0.08158636
v -0.05278568 0.261013 0.10125756
v -0.04349854 -0.42536938 0.10779376
v -0.05222958 -0.43293524 0.10328787
v -0.05368043 -0.28316426 0.12926346
v -0.05644164 -0.29811326 0.13281521
v -0.05328526 0.15088573 0.14562181
v -0.04329491 -0.08636571 -0.14745869
v -0.06491095 -0.08450127 -0.13907261
v -0.04779262 -0.08058524 -0.14320292
v -0.04308272 -0.43926767 -0.10350189
v -0.04644328 -0.44577679 -0.1025624
v -0.05544696 -0.43747839 -0.11473043
v -0.05949384 -0.49258769 -0.08613327
v -0.04762822 -0.47928923 -0.0608154
v -0.05220542 -0.48379803 -0.06066812
v -0.04490425 -0.48062301 -0.06166193
v -0.04490425 -0.48062301 -0.06166193
v -0.05233805 -0.48736504 -0.06118205
v -0.05233805 -0.48736504 -0.06118205
v -0.03738872 -0.47927803 -0.03836112
v -0.05306908 -0.48492864 -0.03602314
v -0.05014715 -0.48501942 -0.04372828
v -0.05760303 0.49778897 0.02958689
v -0.05536975 0.46297133 0.03559081
v -0.05780008 0.4553189 0.02913081
v -0.05774806 0.32101914 0.04557873
v -0.06413291 0.26621348 0.09018758
v -0.058666 -0.41811943 0.11787502
v -0.04717379 -0.41472664 0.11990386
v -0.04829989 -0.39899269 0.13732275
v -0.06004849 -0.39841011 0.13530271
v -0.04587517 -0.40710405 0.12897451
v -0.05828957 -0.08091637 0.13996971
v -0.06089782 -0.36441526 0.14396867
v -0.06417567 0.16005516 0.1458908
v -0.05933629 -0.49379498 -0.06954858
v -0.05233805 -0.48736504 -0.06118205
v -0.05344854 -0.48809487 -0.05028297
v -0.04924093 0.42009082 -0.05167915
v -0.06177381 0.41937372 -0.03719607
v -0.06643727 0.42029652 -0.02752186
v -0.05634781 0.42262265 -0.03470501
v -0.05907407 0.49672523 -0.02860761
v -0.05976801 0.42295524 -0.0234429
v -0.05502115 0.42585507 -0.02863372
v -0.05998952 0.49878484 0.02122847
v -0.04938116 0.41300493 0.03212248
v -0.05652936 0.41349095 0.02475788
v -0.05466916 0.41025704 0.02148329
v -0.06185263 0.46376997 0.02434866
v -0.05906269 0.42285892 0.02473405
v -0.06171212 0.42025715 0.03674457
v -0.05913712 0.47723877 0.03205484
v -0.06144182 0.45013681 0.02619675
v -0.05652936 0.41349095 0.02475788
v -0.05411804 0.35801315 0.03215287
v -0.0580922 0.33835781 0.03403104
v -0.05204714 0.33820656 0.04264837
v -0.0645003 -0.47904694 0.07794547
v -0.06095731 -0.44211155 0.10063709
v -0.06133017 -0.40754491 0.12735438
v -0.06570802 0.20704424 0.12850097
v -0.06171487 -0.22354046 0.12508553
v -0.06133017 -0.40754491 0.12735438
v -0.06366536 0.18630587 0.13869673
v -0.0681833 0.1717494 0.14238352
v -0.06252773 0.09373994 0.13901432
v -0.05918893 0.03548418 0.14050904
v -0.06478622 -0.03177821 0.13816918
v -0.06254914 -0.34003499 0.14209031
v -0.06599564 -0.09817775 0.14301816
v -0.06240114 -0.48447096 -0.1046882
v -0.06273236 -0.47481772 -0.11103513
v -0.05979589 -0.48705953 -0.09739698
v -0.06340432 0.26249537 -0.09394093
v -0.05970476 -0.49311665 -0.05322363
v -0.05212927 0.32061821 -0.05202525
v -0.07203345 0.29712403 -0.05616827
v -0.05963244 0.32005039 -0.043735
v -0.06353787 0.49714959 -0.01612076
v -0.06428613 0.49841836 8.78E-05
v -0.05897258 0.38165507 0.00901364
v -0.06178807 0.36121529 0.01084261
v -0.05794683 0.36953497 0.01915715
v -0.05944025 0.42499483 0.01326736
v -0.06264869 0.42263865 0.00998543
v -0.05411804 0.35801315 0.03215287
v -0.06385742 0.33758777 0.02233504
v -0.0580922 0.33835781 0.03403104
v -0.06983356 -0.49670732 0.06002124
v -0.05422963 -0.48492107 0.04362768
v -0.0700013 0.29638091 0.0592187
v -0.05368428 -0.48031509 0.06171531
v -0.06974667 -0.49351183 0.07076874
v -0.07196865 -0.45062023 0.10285905
v -0.07311079 0.22709146 0.11249936
v -0.0628755 -0.18074834 0.13129076
v -0.06863635 0.14271817 0.13563584
v -0.08112147 -0.39469928 0.13291019
v -0.07247666 -0.39583889 0.13491635
v -0.06411623 -0.49288443 -0.09741173
v -0.05428218 0.33579007 -0.04127973
v -0.06664119 0.31971896 -0.03239487
v -0.06118691 0.33385944 -0.0315057
v -0.05914006 0.45523959 -0.02642079
v -0.06535821 0.44828764 -0.01732407
v -0.06338177 0.45569542 -0.01367352
v -0.06250976 0.42304412 -0.00468332
v -0.06976629 0.42084396 -0.00511046
v -0.06437092 0.49649265 0.01288062
v -0.06405886 0.4553411 0.01210591
v -0.06646253 0.44862339 0.01076681
v -0.06746317 0.42033985 0.02486171
v -0.06737495 0.41490257 0.02388355
v -0.05700899 0.41273317 0.01683921
v -0.07736111 0.24248458 0.098943
v -0.07014993 -0.42113757 0.11964089
v -0.06792993 -0.25178459 0.11896127
v -0.06979465 -0.27970022 0.12030086
v -0.07306799 -0.29493198 0.122953
v -0.07395845 -0.31323865 0.12917483
v -0.07389576 0.14572217 0.13355394
v -0.06994764 0.05094823 0.13589959
v -0.08025488 -0.08548527 0.13301046
v -0.07416496 0.15197663 0.13819556
v -0.0720662 -0.37593725 0.13897386
v -0.05881464 -0.42653701 -0.12166933
v -0.06364965 -0.45805764 -0.11760292
v -0.06920101 -0.42790148 -0.13013451
v -0.06861445 -0.45909312 -0.12085953
v -0.07032599 -0.47406667 -0.11607879
v -0.06549947 -0.49806044 -0.0711135
v -0.0670631 -0.49655136 -0.05098595
v -0.07650268 0.29958978 -0.04662988
v -0.07208941 0.41855308 -0.01295237
v -0.06740936 0.44913262 -0.00154574
v -0.06797504 0.4431605 -0.00138306
v -0.07020022 0.4199667 0.01361713
v -0.06409302 0.41530612 0.03240259
v -0.06746317 0.42033985 0.02486171
v -0.06737495 0.41490257 0.02388355
v -0.0693371 0.31930751 0.0248151
v -0.06413569 0.32073668 0.0362622
v -0.07523747 -0.49246693 0.08136392
v -0.07321829 -0.46743718 0.0940638
v -0.07372402 -0.43195134 0.1151068
v -0.07764639 -0.26648182 0.11276385
v -0.07151216 -0.23459651 0.11822761
v -0.07412907 -0.40673742 0.12921254
v -0.07014993 -0.42113757 0.11964089
v -0.07624711 -0.08035569 0.13154356
v -0.07059905 -0.32945478 0.13635682
v -0.07129161 0.10042731 0.13480918
v -0.07234765 -0.03110546 0.13440563
v -0.077724 -0.09374562 0.1378136
v -0.07409067 -0.36364245 0.13814947
v -0.06654142 -0.09301606 -0.14192785
v -0.0818894 -0.08828758 -0.13342971
v -0.06532256 -0.34172863 -0.14010024
v -0.07843102 -0.34710014 -0.13379243
v -0.07821947 -0.33519608 -0.13176119
v -0.06161809 -0.47808877 -0.0206473
v -0.07570922 -0.47653863 -0.02156468
v -0.07743517 -0.48951173 -0.03371324
v -0.07290822 -0.46821067 -0.012219
v -0.0680121 -0.46807966 -0.00678682
v -0.07290822 -0.46821067 -0.012219
v -0.06409284 -0.47176141 -0.01214871
v -0.07277559 0.41906315 0.00910483
v -0.07209115 0.41629899 0.01264748
v -0.0847888 0.20562212 0.1183061
v -0.0729139 -0.21009289 0.12092369
v -0.07814283 0.18380454 0.13271089
v -0.07757113 0.13935414 0.13114831
v -0.0787669 -0.10779976 0.13594495
v -0.08228099 0.16202863 0.13736245
v -0.08298317 -0.0808398 -0.12777302
v -0.07873787 0.29658353 0.04721574
v -0.08138636 0.25641865 0.0845582
v -0.06912281 0.27864358 0.07615808
v -0.07372402 -0.43195134 0.1151068
v -0.07980774 -0.44593784 0.11272971
v -0.07196865 -0.45062023 0.10285905
v -0.08359852 -0.24914035 0.10821963
v -0.0814501 -0.2070567 0.11574347
v -0.08102547 -0.4311541 0.1202791
v -0.07998487 -0.40796983 0.12965468
v -0.08086345 0.10130886 0.12942743
v -0.08062249 0.04230724 0.12987894
v -0.07803319 -0.15640301 0.12793057
v -0.07599074 0.20515595 -0.12318717
v -0.07768675 0.22846267 -0.10873371
v -0.06469566 0.22641493 -0.11819018
v -0.08852524 0.2235126 -0.10364114
v -0.07493569 0.256524 -0.09016322
v -0.08739474 -0.46333593 -0.01712493
v -0.08163828 -0.48727563 0.09280713
v -0.08219188 -0.49637321 0.08242796
v -0.07925721 -0.48062935 0.09546901
v -0.07321829 -0.46743718 0.0940638
v -0.079633 -0.46278003 0.10484445
v -0.07925721 -0.48062935 0.09546901
v -0.079633 -0.46278003 0.10484445
v -0.08357141 -0.47669289 0.10071858
v -0.07925721 -0.48062935 0.09546901
v -0.079633 -0.46278003 0.10484445
v -0.08390406 -0.46198869 0.10806645
v -0.08229994 -0.23283677 0.11065342
v -0.08728975 -0.27996379 0.10768583
v -0.08325659 -0.42086154 0.12480535
v -0.08146251 -0.03395239 0.12904625
v -0.08610621 -0.32634974 0.12494522
v -0.08396994 -0.34611517 0.13055404
v -0.08785105 -0.09083319 0.13116771
v -0.08487642 -0.37203681 0.13144538
v -0.08783375 0.15597576 0.13294056
v -0.09021579 0.19476475 -0.11907726
v -0.08300774 -0.4773384 -0.02497966
v -0.09506941 -0.49114248 -0.03844562
v -0.08746397 -0.45541096 -0.01045716
v -0.08163828 -0.48727563 0.09280713
v -0.09029648 0.21750399 0.1067727
v -0.08513355 -0.44451767 0.11571899
v -0.09323087 -0.31126904 0.11380371
v -0.09090327 0.18612103 0.12381355
v -0.0907854 0.14421178 0.12264796
v -0.09030543 -0.07976178 0.12286697
v -0.09110429 0.16955112 0.13053776
v -0.09710385 -0.08446016 -0.12135573
v -0.08852524 0.2235126 -0.10364114
v -0.08374952 0.25382459 -0.08459342
v -0.07493569 0.256524 -0.09016322
v -0.0734263 0.31835315 -0.00526569
v -0.09594383 0.28721982 -0.01677063
v -0.08872741 0.29668206 -0.00149038
v -0.08695616 -0.48793247 0.09245955
v -0.09045976 -0.49283251 0.08609457
v -0.09859879 0.22269118 0.09568564
v -0.08880011 -0.47931814 0.09789584
v -0.08695616 -0.48793247 0.09245955
v -0.08829477 -0.46854386 0.10383338
v -0.08855305 -0.45480284 0.11011218
v -0.09057856 -0.2914826 0.10838907
v -0.09002053 -0.4340502 0.1177073
v -0.08872629 -0.41108647 0.12501615
v -0.09420221 0.13885537 0.12051331
v -0.09072892 0.11119422 0.12273034
v -0.09238949 0.04834624 0.12207084
v -0.09108127 0.00898119 0.12265351
v -0.09044731 -0.11637871 0.12735085
v -0.0930489 -0.09596895 0.1286906
v -0.09129696 -0.08066216 -0.1222695
v -0.09683233 -0.46607909 -0.02442559
v -0.09133594 0.27695301 0.05038903
v -0.09971875 0.25560305 0.0623122
v -0.09399646 0.24835442 0.07821956
v -0.09045976 -0.49283251 0.08609457
v -0.09353235 -0.17759873 0.1123291
v -0.09884376 -0.18819664 0.1047734
v -0.09008046 -0.22274527 0.10552052
v -0.09395648 -0.44473973 0.10924911
v -0.098914 -0.34175742 0.11781237
v -0.09949788 -0.35498425 0.11905466
v -0.10172451 -0.36918959 0.11761317
v -0.09253736 -0.39107454 0.12461574
v -0.10253829 0.16223469 0.12408239
v -0.10163585 0.15757163 0.12408663
v -0.08741471 -0.32464477 -0.12259422
v -0.10309814 -0.31331551 -0.10496024
v -0.08905973 -0.28433576 -0.10756452
v -0.10366441 -0.44039622 -0.01067118
v -0.10637499 -0.44481006 -0.01725589
v -0.09579977 0.28532153 0.02088375
v -0.10256475 0.27386141 0.02564357
v -0.09449925 0.27710521 0.03433978
v -0.09444518 -0.48228303 0.08940248
v -0.09778789 -0.48623058 0.08541487
v -0.09697473 -0.24962209 0.09585272
v -0.09396784 -0.26709494 0.09904867
v -0.10252962 -0.20313132 0.09728472
v -0.09850737 -0.23141719 0.09595779
v -0.10328054 -0.27951097 0.09191366
v -0.1083204 0.18096368 0.1124329
v -0.10168654 0.09879122 0.11411064
v -0.10238828 0.0260691 0.11390799
v -0.10198991 -0.03986791 0.11372294
v -0.09923737 -0.07930535 0.11609631
v -0.10011369 -0.11138932 0.12100294
v -0.10288597 -0.40708533 0.11355658
v -0.10110881 -0.09352799 0.12235159
v -0.10421149 -0.08075814 -0.11200882
v -0.10326772 0.2025608 -0.10350128
v -0.0957435 0.225364 -0.09573102
v -0.09030167 -0.49743712 -0.04444235
v -0.10705852 -0.49363491 -0.04569864
v -0.10465074 -0.49788159 -0.05288673
v -0.11160265 -0.48045912 -0.03835053
v -0.10396709 -0.48593536 0.0831259
v -0.09514225 -0.4709245 0.09336568
v -0.09841304 -0.43611917 0.10981023
v -0.10444763 -0.46083832 0.09529221
v -0.09510591 -0.45898363 0.10020701
v -0.11007429 -0.43244559 0.10175215
v -0.1042184 0.14582315 0.11350038
v -0.1045251 0.14200167 0.1119937
v -0.11092543 -0.32624376 0.10273986
v -0.11140989 0.16882831 0.11510764
v -0.09591691 -0.0935632 -0.1266183
v -0.10945702 -0.09227485 -0.11497572
v -0.104552 0.25165337 -0.05971128
v -0.11003157 0.25347522 -0.04721294
v -0.08653501 0.28817207 -0.0449973
v -0.10484464 -0.46674374 -0.02892527
v -0.10507276 -0.29361326 0.09489267
v -0.11221807 -0.31188783 0.09537401
v -0.11021396 -0.12795144 0.10807566
v -0.10943355 -0.07975633 0.10658685
v -0.1113197 -0.38331974 0.10796686
v -0.11033753 -0.08961853 0.11234234
v -0.09710385 -0.08446016 -0.12135573
v -0.10945702 -0.09227485 -0.11497572
v -0.11389455 -0.08451498 -0.10621109
v -0.10859403 0.267506 0.02274583
v -0.10369078 0.2638818 0.03767075
v -0.10983037 -0.2086619 0.08733619
v -0.10545133 -0.24542396 0.08606143
v -0.11205813 0.20339249 0.09444167
v -0.10190897 0.20352463 0.10567747
v -0.11343998 -0.45791468 0.09097242
v -0.11080083 0.10392179 0.10525783
v -0.11098499 0.0467772 0.10548442
v -0.11568663 -0.34465292 0.10239187
v -0.11427348 -0.36505666 0.10569248
v -0.12899707 -0.43639275 -0.02737858
v -0.10233263 -0.49737567 0.06912179
v -0.11017328 -0.49399391 0.06805483
v -0.1089475 -0.4979876 0.05480402
v -0.11472336 -0.26798347 0.07375557
v -0.11346935 -0.28679127 0.08189943
v -0.11350213 -0.47767341 0.08172316
v -0.11394787 0.1388887 0.10242555
v -0.1188576 -0.41898102 0.0960032
v -0.1149595 0.1590492 0.11241701
v -0.11535254 -0.09693819 0.10892261
v -0.10493241 -0.33069748 -0.10902382
v -0.11773216 -0.32511866 -0.09335393
v -0.10309814 -0.31331551 -0.10496024
v -0.11894677 -0.47522652 -0.04016607
v -0.11729656 -0.48547378 -0.04587185
v -0.09971875 0.25560305 0.0623122
v -0.123094 0.22938116 0.05094427
v -0.11827101 0.22432069 0.06644925
v -0.11836479 -0.48151159 0.07297202
v -0.10667913 -0.49290496 0.07479917
v -0.11875353 -0.21209152 0.07438641
v -0.11460709 -0.16081592 0.09495161
v -0.12096524 0.18370482 0.09572672
v -0.12071277 -0.12355421 0.09743857
v -0.11696935 0.10514031 0.09856516
v -0.11977863 0.067757 0.09550121
v -0.11729509 0.00154168 0.09798504
v -0.11019193 -0.02258329 0.10572686
v -0.11885774 -0.07981362 0.09571932
v -0.12351477 -0.39863896 0.09334511
v -0.12535873 -0.08931409 -0.09577513
v -0.12108235 0.22323218 -0.06319237
v -0.12449598 0.23114371 -0.04661453
v -0.11932094 -0.48814023 -0.05370875
v -0.11302242 -0.49355254 -0.05329844
v -0.1119263 0.25920072 -0.03337007
v -0.11737973 -0.27716044 0.07203313
v -0.12421021 -0.29388964 0.06904721
v -0.12346204 -0.17098257 0.08045562
v -0.12709248 -0.32491371 0.08359227
v -0.12302361 -0.34199107 0.09372488
v -0.12067619 -0.44512621 0.08789045
v -0.12444601 0.17009518 0.09893759
v -0.12415287 -0.09165578 0.09806657
v -0.11426067 -0.08034205 -0.10148852
v -0.12167911 -0.08065002 -0.09241126
v -0.12091167 -0.42265928 -0.0054621
v -0.12981127 -0.41651836 -0.01166248
v -0.11503184 -0.42920157 -0.01113665
v -0.11188794 0.21951684 0.08155201
v -0.11827101 0.22432069 0.06644925
v -0.12305756 0.19953065 0.08127388
v -0.12521438 -0.4550713 0.07903962
v -0.12231447 -0.47022209 0.07548413
v -0.12762469 0.14450772 0.08318481
v -0.12386053 0.13734004 0.08932189
v -0.11755437 0.14418365 0.09758303
v -0.1278813 0.15973224 0.09676012
v -0.13048939 -0.08029645 -0.07798575
v -0.13377821 -0.44002894 -0.03294223
v -0.12972288 -0.46080795 -0.04155599
v -0.13450147 -0.41821152 -0.0187414
v -0.12869398 -0.28003842 0.05220352
v -0.13072371 -0.29073986 0.05357737
v -0.12862547 -0.08033998 0.08080544
v -0.13116413 -0.08456029 0.08158331
v -0.1287533 0.06208672 0.08204891
v -0.12318046 -0.00047918 0.0899542
v -0.13669741 -0.09341519 -0.08011707
v -0.13138756 -0.46429071 -0.0479597
v -0.12374561 -0.47741595 -0.04630911
v -0.12804148 -0.47016215 0.06587601
v -0.1321709 -0.41231135 0.08014276
v -0.1296559 -0.43528622 0.07898305
v -0.12508082 0.15323928 0.09652191
v -0.13542524 0.15245491 0.07996602
v -0.13556208 -0.09342883 0.08150253
v -0.13714623 -0.44409403 -0.03962859
v -0.12773077 0.22939917 -0.00744537
v -0.14529058 0.1858346 0.00139749
v -0.12716137 0.22899003 0.00557977
v -0.12869398 -0.28003842 0.05220352
v -0.13314801 -0.26935303 0.0362289
v -0.13072371 -0.29073986 0.05357737
v -0.12804148 -0.47016215 0.06587601
v -0.14008306 -0.44264939 0.05372956
v -0.13449813 -0.46330363 0.0541736
v -0.13575375 0.14367408 0.06649248
v -0.13939631 -0.32767525 0.0633534
v -0.13631517 0.18641421 0.06892709
v -0.13454126 0.17072825 0.08416329
v -0.13575538 -0.08034652 0.06626286
v -0.12557799 -0.36829284 0.09350508
v -0.13486813 -0.36153328 0.08045664
v -0.13504684 -0.38362432 0.079469
v -0.14227042 -0.09341886 -0.06742258
v -0.13591672 -0.08086907 -0.06645535
v -0.13566299 0.13831151 -0.06671935
v -0.14121231 0.13840358 -0.05236851
v -0.13563773 0.14275117 -0.06537278
v -0.14003547 -0.41574544 -0.02385297
v -0.14227442 -0.42777216 -0.03765808
v -0.13428417 -0.26771331 -0.03263007
v -0.13872188 -0.27790472 -0.01758171
v -0.13776664 -0.26437733 -0.01311653
v -0.14500722 -0.40049735 -0.0120367
v -0.13567281 -0.21439074 0.03674324
v -0.1391528 -0.1700839 0.04501562
v -0.14194442 -0.1699045 0.03555198
v -0.13749148 -0.15266339 0.05897583
v -0.12991159 -0.20704533 0.05536255
v -0.14168262 -0.0804983 0.05131302
v -0.14458323 -0.08479628 0.05046223
v -0.140734 -0.09002296 0.06794884
v -0.13575538 -0.08034652 0.06626286
v -0.13400662 -0.1115225 0.08112141
v -0.14012443 -0.11551181 0.06706798
v -0.1303208 -0.16460709 0.07022347
v -0.14217643 -0.09596254 0.06786487
v -0.14535148 -0.08497149 -0.04754823
v -0.14189732 -0.08089696 -0.05025545
v -0.14158441 -0.29023105 -0.00188028
v -0.14289197 -0.30067641 0.01277525
v -0.13814573 -0.26962635 0.01198731
v -0.13606308 -0.31120378 0.05713439
v -0.13769189 -0.29436874 0.03604328
v -0.13939631 -0.32767525 0.0633534
v -0.1416744 0.14306089 0.04964878
v -0.14193018 0.13712645 0.05158942
v -0.13575375 0.14367408 0.06649248
v -0.13663276 0.13787262 0.06603453
v -0.14215463 0.10388355 0.05132642
v -0.13697045 0.07480763 0.06545645
v -0.1370949 -0.01514741 0.06431289
v -0.14217643 -0.09596254 0.06786487
v -0.13556208 -0.09342883 0.08150253
v -0.14270423 -0.3621698 0.06604393
v -0.14305995 -0.38461226 0.06491435
v -0.13994792 -0.4061082 0.06803051
v -0.14647758 -0.08079076 -0.03322227
v -0.14526317 0.14298187 0.03546588
v -0.14544421 0.13886482 0.03802781
v -0.14279839 0.01529061 0.04940285
v -0.14679062 -0.01502674 0.0353484
v -0.14568684 -0.08038775 0.03725225
v -0.14769733 -0.09413613 -0.05226218
v -0.15105233 -0.08469643 -0.0224725
v -0.14888345 -0.08058674 -0.01849568
v -0.14991865 -0.0800765 -0.00100642
v -0.15222429 0.17381892 -0.0223727
v -0.15353036 0.16724665 0.00566878
v -0.15350471 -0.35908934 0.02078138
v -0.15471335 -0.37177977 0.00714997
v -0.1522308 -0.37182531 0.03611854
v -0.15320829 0.15947469 0.03623084
v -0.15439223 0.15803847 0.0244797
v -0.15040635 0.15211342 0.03774785
v -0.15182781 -0.09497923 0.03619279
v -0.15457352 -0.09477852 0.0180427
v -0.15210778 -0.11312718 0.02443641
v 0.13132787 -0.44937915 -0.035189
v 0.12549187 -0.4367097 -0.04661783
v 0.13381314 -0.43268645 -0.04215867
v 0.1279875 -0.38739389 -0.07880641
v 0.13242458 -0.40413293 -0.0624198
v 0.11993749 -0.39660272 -0.07983062
v 0.12294841 -0.42260873 -0.05813912
v 0.12268914 -0.48527107 -0.02174884
v 0.12239981 -0.49861065 0.00813094
v 0.12888364 -0.49395186 0.00920214
v 0.12196596 -0.4977037 0.02427411
v 0.12788478 -0.49313453 0.02377204
v 0.1227345 -0.40652356 -0.06885393
v 0.12118295 -0.44718578 -0.04212757
v 0.12111884 -0.49374411 -0.014169
v 0.13091026 -0.48570612 -0.01451982
v 0.1291693 -0.49288103 -0.00346633
v 0.12111884 -0.49374411 -0.014169
v 0.12134521 -0.49797669 -0.00401556
v 0.11759611 -0.42737001 -0.05699721
v 0.11631067 -0.47562939 -0.02847046
v 0.11389381 -0.48834684 -0.02099962
v 0.12252918 0.1516902 0.09698062
v 0.11019344 -0.40660995 -0.07611507
v 0.11019344 -0.40660995 -0.07611507
v 0.11426691 -0.41233766 -0.06876331
v 0.11226016 -0.44413057 -0.04589981
v 0.11350057 -0.45892942 -0.03691543
v 0.11299749 -0.49713337 -0.0111683
v 0.11311303 -0.49980855 -0.00279463
v 0.11366742 -0.49991077 0.02706345
v 0.12391632 -0.37688011 -0.09532407
v 0.10460754 -0.32658407 -0.10819934
v 0.10460754 -0.32658407 -0.10819934
v 0.11064541 -0.49289462 -0.01697243
v 0.11299749 -0.49713337 -0.0111683
v 0.11170863 -0.49297866 0.04551291
v 0.10883424 0.09823401 -0.1070146
v 0.10108288 -0.48281917 -0.01931863
v 0.10219184 -0.49923882 -0.00426053
v 0.10219184 -0.49923882 -0.00426053
v 0.11236764 0.1741429 -0.11098173
v 0.09479139 0.15816234 -0.12879728
v 0.10905485 0.1437666 -0.1088715
v 0.11160673 -0.31553504 -0.09691218
v 0.10737629 -0.29687405 -0.09298106
v 0.09970994 -0.41328323 -0.07551278
v 0.09246561 -0.43047461 -0.05234316
v 0.10082549 -0.44310358 -0.04503676
v 0.09680343 -0.46475226 -0.03043082
v 0.10119194 -0.49417439 -0.01076531
v 0.09817629 -0.49964029 0.03003498
v 0.09884962 -0.4982135 0.03525865
v 0.09707768 -0.43696478 -0.11468982
v 0.09989266 -0.41564149 -0.06546193
v 0.09108862 -0.49911371 0.01172977
v 0.08904561 0.16620144 -0.13197166
v 0.10198624 -0.2829116 -0.09374471
v 0.0908006 -0.4420647 -0.04326152
v 0.08892782 -0.47547117 -0.01976875
v 0.09089802 -0.48819354 -0.00811504
v 0.09223423 -0.49840993 0.00280031
v 0.09405158 0.2291972 -0.09570428
v 0.09964374 -0.26944947 -0.09356274
v 0.08381122 -0.27021295 -0.10902104
v 0.09223423 -0.49840993 0.00280031
v 0.09026448 -0.49844176 0.02604872
v 0.08107621 -0.43398559 -0.12970014
v 0.08632948 -0.43022865 -0.05586946
v 0.08069918 -0.44499511 -0.03976307
v 0.07341508 -0.4570204 -0.03019485
v 0.06969409 -0.46789843 -0.02030222
v 0.08098824 -0.47847748 -0.01258058
v 0.0778885 0.15829434 -0.1386755
v 0.0799107 -0.11073843 -0.13445704
v 0.07957876 -0.44045201 -0.04538765
v 0.08194542 -0.48888606 0.00317856
v 0.08194542 -0.48888606 0.00317856
v 0.07748318 -0.4894332 0.01347502
v 0.07285176 0.17600374 -0.13788852
v 0.07181254 0.05670075 -0.13481002
v 0.06567844 -0.43700597 -0.14013651
v 0.06790004 0.20708433 -0.1272524
v 0.07118767 0.10838616 -0.13479523
v 0.07106575 -0.01467406 -0.13485041
v 0.073688 -0.44792315 -0.03782549
v 0.07494182 -0.48003414 -0.00651522
v 0.07194312 -0.48334557 0.00379843
v 0.06932497 -0.48209688 0.02312557
v 0.06810474 -0.4022415 -0.1431853
v 0.06112334 0.02010123 -0.1394732
v 0.06677533 -0.25323573 -0.11973093
v 0.06733738 -0.27020502 -0.12003073
v 0.07194312 -0.48334557 0.00379843
v 0.06618931 -0.48202184 0.01132841
v 0.07209449 -0.49195275 -0.10584237
v 0.06552701 -0.45770741 -0.02979735
v 0.06236884 -0.4742372 -0.01064789
v 0.06536755 -0.33893993 -0.14357333
v 0.05867024 0.1992054 -0.13498639
v 0.05802349 -0.4981406 -0.10668279
v 0.06124828 -0.46887824 -0.01796627
v 0.07247267 0.41527137 1.144E-05
v 0.06528895 0.41337949 0.00442103
v 0.0587064 -0.4776288 -0.00110194
v 0.06236884 -0.4742372 -0.01064789
v 0.06864893 0.41524875 0.0200862
v 0.060478 0.41287428 0.01298853
v 0.06216091 -0.44961154 0.05469409
v 0.05868274 -0.33413327 -0.14273643
v 0.05663008 -0.39477378 -0.14839713
v 0.05769183 0.08719968 -0.14109965
v 0.05505568 -0.2359931 -0.12684934
v 0.0535824 -0.25763401 -0.12633856
v 0.06007305 0.41525033 -0.03859688
v 0.05725633 0.41296005 -0.0181191
v 0.0556939 0.41302776 -0.02310145
v 0.06350752 0.44149742 -0.02413759
v 0.06749097 0.44166651 -0.01161062
v 0.06864307 0.44156012 -0.00057556
v 0.05921593 0.43555582 0.00433289
v 0.06098907 0.41380951 0.01009419
v 0.06805189 0.44175795 0.00842764
v 0.06456712 0.44157803 0.02204998
v 0.06431739 0.41557917 0.03137331
v 0.04818661 -0.34188634 -0.14753383
v 0.05554922 -0.30562627 -0.13549033
v 0.04711776 0.21657281 -0.13161099
v 0.05215167 -0.47935715 -0.13078026
v 0.05804658 -0.46229836 -0.02828738
v 0.05283972 -0.46892694 -0.0200921
v 0.05134288 -0.47320291 -0.01239741
v 0.05405304 -0.47754204 0.01128467
v 0.0572875 0.44110733 0.0353006
v 0.05307567 0.41409701 0.04042244
v 0.05573096 0.41568902 0.0450804
v 0.0541505 -0.46494114 0.03643332
v 0.04452307 -0.12653182 -0.14573862
v 0.04857527 -0.35902622 -0.14978784
v 0.04845569 -0.3976239 -0.15077312
v 0.0462163 0.19129348 -0.14252101
v 0.04940573 -0.28715801 -0.13123205
v 0.05038453 -0.27136576 -0.12777388
v 0.04616248 -0.49748835 -0.11470309
v 0.04243411 -0.50022596 -0.0996476
v 0.04547041 -0.49671331 -0.07885377
v 0.05400291 -0.49196792 -0.07354901
v 0.0523398 0.41328532 -0.02834309
v 0.05899674 0.44134369 -0.03289077
v 0.05187995 0.43682662 -0.03140776
v 0.05134288 -0.47320291 -0.01239741
v 0.03927733 -0.37296769 -0.15284804
v 0.04373534 0.17200996 -0.14987621
v 0.04608385 -0.42721522 -0.14909954
v 0.04307132 0.11489797 -0.14542282
v 0.04595803 -0.45272171 -0.14330068
v 0.04452093 -0.46951923 -0.13764074
v 0.04682677 -0.48636925 -0.12835556
v 0.044271 -0.49324563 -0.12229627
v 0.03187183 -0.49880448 -0.08491211
v 0.04648485 -0.48423111 -0.0554217
v 0.05551784 -0.47817424 -0.05206146
v 0.04583226 -0.47533405 -0.03798136
v 0.03797662 0.41398507 -0.05553058
v 0.04620141 0.41303593 -0.03764383
v 0.05219189 0.44083148 -0.0416624
v 0.04438374 0.43698114 -0.04027758
v 0.04776975 -0.46872807 -0.02725982
v 0.05804658 -0.46229836 -0.02828738
v 0.05283972 -0.46892694 -0.0200921
v 0.04303852 -0.47299632 -0.01786451
v 0.043873 -0.47510153 -0.00709328
v 0.04256407 -0.47597569 0.0081632
v 0.04637981 0.4124862 0.03560324
v 0.0480492 0.44057512 0.04616879
v 0.0548959 -0.46017674 0.04577947
v 0.03956491 0.16009623 -0.15263222
v 0.03856226 0.1445841 -0.1461775
v 0.03653124 -0.20218237 -0.13686343
v 0.0339903 -0.23368944 -0.13409574
v 0.03901833 -0.25889817 -0.13136883
v 0.03692942 -0.27701378 -0.133596
v 0.03405683 -0.49883762 -0.11344016
v 0.03546834 0.30190706 -0.0798316
v 0.04205392 0.49688044 -0.04925328
v 0.04436075 0.4407762 -0.04977912
v 0.04125271 0.41233721 0.04087513
v 0.03942516 0.41390827 0.05394051
v 0.04208199 0.41563305 0.05779389
v 0.04208199 0.41563305 0.05779389
v 0.04309425 -0.49762374 0.10490062
v 0.03308288 -0.09430657 -0.15142399
v 0.03355007 -0.11530289 -0.14962995
v 0.03202134 -0.35452718 -0.15248327
v 0.03429007 -0.39142567 -0.15340707
v 0.03496802 -0.41088277 -0.15223454
v 0.03406183 -0.43227738 -0.14940007
v 0.03446469 -0.45373362 -0.14394607
v 0.03416054 -0.48444253 -0.13087474
v 0.044271 -0.49324563 -0.12229627
v 0.03142084 -0.49274939 -0.12387782
v 0.03442615 -0.48624659 -0.05467561
v 0.03841034 0.41891667 -0.06056629
v 0.0364324 0.45992982 -0.05377385
v 0.04436075 0.4407762 -0.04977912
v 0.04012026 0.41311765 -0.0435617
v 0.03852896 -0.47348881 -0.02770277
v 0.03273669 -0.47606269 0.01637414
v 0.03738997 -0.47458121 0.04222942
v 0.03891211 -0.49773228 0.09266315
v 0.03302272 0.1975079 -0.14333384
v 0.03177192 0.16965646 -0.1529384
v 0.03225031 0.22812594 -0.12970498
v 0.03350238 -0.47110957 -0.13739245
v 0.03142084 -0.49274939 -0.12387782
v 0.02940107 0.28619382 -0.0934175
v 0.03201146 -0.49270201 -0.06830218
v 0.03747566 0.44052872 -0.05488564
v 0.03747566 0.44052872 -0.05488564
v 0.03575851 0.43711343 -0.04831018
v 0.03043185 -0.4790501 -0.03752651
v 0.03162385 -0.47538632 -0.01531633
v 0.03028697 -0.47623837 0.02845251
v 0.0280855 -0.47742054 0.03554472
v 0.03738997 -0.47458121 0.04222942
v 0.03992676 0.44081727 0.0528475
v 0.03509106 0.4124206 0.04651031
v 0.03891211 -0.49773228 0.09266315
v 0.04309425 -0.49762374 0.10490062
v 0.03640388 -0.49982065 0.10300058
v 0.0426232 -0.49662039 0.11362159
v 0.03103322 -0.49910897 0.11616125
v 0.04171209 -0.49046937 0.12497937
v 0.02607073 -0.19270684 -0.14068903
v 0.03031623 0.41547623 -0.06396011
v 0.02596546 0.49773571 -0.05811336
v 0.03010268 0.41278285 -0.05035467
v 0.02665943 0.39723873 -0.05207048
v 0.02891059 -0.47648212 -0.02837764
v 0.02820598 0.41272098 0.0516042
v 0.02744273 0.4154256 0.06574439
v 0.04208199 0.41563305 0.05779389
v 0.02668715 -0.48988307 0.07096736
v 0.03589408 -0.49193245 0.08126894
v 0.03108361 -0.4990786 0.08882075
v 0.02991063 -0.492809 0.12658815
v 0.02169833 0.15789066 -0.15457989
v 0.01691239 -0.35765606 -0.1540214
v 0.02045965 -0.43030173 -0.14904861
v 0.02293256 -0.30204988 -0.14255631
v 0.02276085 -0.45097262 -0.14327537
v 0.02337555 -0.27532083 -0.13688293
v 0.02603284 -0.49775609 -0.1133249
v 0.02073131 -0.49912241 -0.10250162
v 0.02695401 -0.4989475 -0.08874647
v 0.02767232 0.42058265 -0.06478751
v 0.03841034 0.41891667 -0.06056629
v 0.03031623 0.41547623 -0.06396011
v 0.02728815 0.44839931 -0.06109157
v 0.02420876 0.45546651 -0.05886541
v 0.02694044 0.44064024 -0.06041089
v 0.02694044 0.44064024 -0.06041089
v 0.0279247 0.43695959 -0.05255058
v 0.02264494 0.3796593 -0.05623649
v 0.0279247 0.43695959 -0.05255058
v 0.01290587 -0.47634292 -0.01666355
v 0.02462714 -0.48203614 0.05190232
v 0.02864285 -0.48307252 0.05890249
v 0.02951283 0.44110852 0.05978577
v 0.02434479 0.41310775 0.06052411
v 0.02668715 -0.48988307 0.07096736
v 0.01763437 0.17012751 -0.15415661
v 0.01776916 -0.37234396 -0.15479563
v 0.01835586 -0.3911489 -0.15438274
v 0.01601126 0.08815172 -0.15104158
v 0.01733825 -0.12009914 -0.15142938
v 0.0184957 0.20044395 -0.1439888
v 0.01762836 0.21812139 -0.13634281
v 0.02288652 -0.47677466 -0.13239345
v 0.02196299 -0.23778057 -0.13648197
v 0.01840525 -0.48854145 -0.06429758
v 0.0240341 0.41830292 -0.06770994
v 0.0245192 0.49359679 -0.06029806
v 0.0234666 0.47671103 -0.0623813
v 0.02491234 0.46107921 -0.05997898
v 0.02154275 0.41040668 -0.05478321
v 0.01846922 -0.48322442 -0.04841459
v 0.02304645 0.41238421 0.05576938
v 0.0189639 -0.49935701 0.08926588
v 0.01313659 -0.09819003 -0.15358835
v 0.01063404 -0.40267077 -0.15316819
v 0.01419614 -0.20221286 -0.14117511
v 0.02155863 -0.49195987 -0.12055387
v 0.02155863 -0.49195987 -0.12055387
v 0.01171446 0.29359385 -0.09156474
v 0.02066166 -0.49683195 -0.08996452
v 0.0240341 0.41830292 -0.06770994
v 0.01418945 0.41456893 -0.06934535
v 0.02728815 0.44839931 -0.06109157
v 0.02694044 0.44064024 -0.06041089
v 0.01359964 0.44143045 -0.0646156
v 0.01709364 0.41236565 -0.05735723
v 0.01718192 0.43663687 -0.05722495
v 0.01718192 0.43663687 -0.05722495
v 0.01850762 0.43420279 -0.05578499
v 0.01423636 -0.47795153 -0.03127549
v 0.01535646 -0.47757015 0.02928951
v 0.01519491 -0.48112896 0.04430617
v 0.02039255 0.44158366 0.06339537
v 0.01658056 -0.48767868 0.06393177
v 0.01797702 -0.49693066 0.08202599
v 0.00993357 -0.49966538 0.10461149
v 0.01541201 -0.49890056 0.11735181
v 0.01803521 -0.49362093 0.12665395
v 0.0071156 -0.08704145 -0.15336764
v 0.00499581 -0.33802584 -0.15143798
v 0.01087455 -0.44260761 -0.14275219
v 0.01235048 -0.46309659 -0.1335476
v 0.01235048 -0.46309659 -0.1335476
v 0.02288652 -0.47677466 -0.13239345
v 0.0148677 -0.47786424 -0.12653223
v 0.02155863 -0.49195987 -0.12055387
v 0.02073131 -0.49912241 -0.10250162
v 0.02603284 -0.49775609 -0.1133249
v 0.01694852 -0.49336255 -0.11196379
v 0.00424669 0.41746441 -0.07250095
v 0.0240341 0.41830292 -0.06770994
v 0.01418945 0.41456893 -0.06934535
v 0.02596546 0.49773571 -0.05811336
v 0.0245192 0.49359679 -0.06029806
v 0.01203743 0.49424008 -0.06361913
v 0.0234666 0.47671103 -0.0623813
v 0.01145292 0.47815427 -0.06567392
v 0.02420876 0.45546651 -0.05886541
v 0.01304361 0.42489904 -0.05956583
v 0.01304361 0.42489904 -0.05956583
v 0.01691764 0.4364554 0.05647977
v 0.01770767 0.41183549 0.05706149
v 0.01151576 -0.03152098 -0.15101671
v 0.01082298 -0.28839812 -0.14099924
v 0.00616234 -0.42212781 -0.14848304
v 0.01066459 -0.22224206 -0.13920088
v 0.01301479 -0.48567423 -0.11670534
v 0.01462263 -0.4930152 -0.10101048
v 0.02066166 -0.49683195 -0.08996452
v 0.01593745 -0.49285784 -0.08848625
v 0.0129087 -0.48837239 -0.07437143
v 0.0129087 -0.48837239 -0.07437143
v 0.01148081 0.46272314 -0.06438603
v 0.02491234 0.46107921 -0.05997898
v 0.01276839 0.41164041 -0.05974
v 0.00996784 0.38479713 -0.05948146
v 0.01359964 0.44143045 -0.0646156
v 0.02694044 0.44064024 -0.06041089
v 0.01718192 0.43663687 -0.05722495
v 0.01718192 0.43663687 -0.05722495
v 0.01850762 0.43420279 -0.05578499
v 0.00277586 0.43429506 -0.05854863
v 0.00629906 -0.47823915 -0.03835842
v 0.00545868 -0.47649878 0.01724977
v 0.01437278 0.44138125 0.06500766
v 0.01193769 0.41479453 0.06929503
v 0.01295449 0.41147426 0.05989056
v -0.00252647 0.15659276 -0.15511969
v 0.00529727 -0.48070455 -0.09212636
v 0.00366503 -0.48026446 -0.07965185
v 0.00391259 -0.47892451 -0.04825918
v 0.00277586 0.43429506 -0.05854863
v 0.00301892 -0.47695673 0.03072094
v 0.00422506 -0.48065731 0.05114177
v 0.00893945 -0.48664668 0.06764974
v 0.00763538 -0.49706128 0.09217297
v 0.00801145 -0.49755806 0.11639122
v 0.00721379 -0.49251482 0.12516676
v -0.00102196 0.17171599 -0.1542169
v -0.00716082 0.16270572 -0.15541752
v -0.00089637 -0.35820159 -0.15420142
v -0.00634815 -0.37728104 -0.15459183
v -0.00439213 0.20090444 -0.14431949
v -0.0031126 0.14482783 -0.15059792
v -0.00020962 0.08712289 -0.15161635
v -0.00105127 -0.03685417 -0.15137617
v -0.00120938 -0.09488647 -0.15417986
v -0.00121226 -0.40275913 -0.15173306
v -0.00041624 -0.16962451 -0.14586943
v -0.00080218 -0.22330341 -0.13958289
v -0.00154833 -0.25850078 -0.13785326
v -0.00197687 -0.28336549 -0.14048275
v -0.00772703 -0.4184095 -0.14483458
v 0.00821369 -0.47609615 -0.11884253
v -0.00250646 -0.46944538 -0.09264137
v 0.0003307 0.29926988 -0.08813068
v 0.00391573 -0.48082411 -0.06738947
v 0.00063459 0.33315206 -0.06996115
v 5.76E-05 0.32018879 -0.07400028
v -0.0006655 0.35694256 -0.06484848
v -0.00029208 0.47889149 -0.06644475
v -0.0001085 0.46276578 -0.06505067
v -0.000434 0.44149953 -0.06593728
v 0.00391573 -0.48082411 -0.06738947
v -0.00064271 0.38820601 -0.0599193
v 0.00025788 0.43670908 -0.05916356
v 0.00025788 0.43670908 -0.05916356
v -0.00338527 -0.47593415 -0.02950361
v -0.00447506 -0.47572994 0.03609412
v 0.00040406 0.43604597 0.0571865
v -0.00149307 0.44040716 0.0651323
v 0.00893945 -0.48664668 0.06764974
v 0.00763538 -0.49706128 0.09217297
v 0.00399679 -0.48780987 0.07939366
v 0.00452064 -0.49791655 0.10547503
v -0.00079552 -0.12217187 -0.15184975
v -0.00339025 -0.44803604 -0.12765877
v -0.000434 0.44149953 -0.06593728
v -0.00948089 0.41171873 -0.06009611
v -0.00948089 0.41171873 -0.06009611
v -0.00774381 0.40784705 -0.05876997
v -0.01083706 -0.47630739 0.00320453
v 0.00314986 -0.48332798 0.06775431
v -0.01452105 0.41478771 0.06945072
v 0.00314986 -0.48332798 0.06775431
v 0.00326674 -0.49448553 0.09438749
v 0.00452064 -0.49791655 0.10547503
v 0.00095143 -0.49382529 0.11653978
v -0.00610098 -0.43430018 -0.13630372
v -0.00772703 -0.4184095 -0.14483458
v -0.01100316 -0.44610986 -0.11326651
v -0.00592024 -0.47244185 -0.06261781
v -0.0034721 -0.47554484 -0.05092216
v -0.00549229 -0.47555831 0.04941234
v -0.00318749 -0.47757691 0.06396438
v 0.00422506 -0.48065731 0.05114177
v -0.0023711 -0.49164495 0.10648465
v 0.00095143 -0.49382529 0.11653978
v -0.003504 -0.46542022 0.13657273
v -0.01157114 -0.40236112 -0.14961562
v -0.01346001 -0.28869203 -0.14079429
v -0.01520394 -0.22821105 -0.13833284
v -0.01072423 -0.45463738 -0.0977131
v -0.01095334 -0.46234134 -0.07875161
v -0.01155673 0.31916752 -0.07365621
v 0.00424669 0.41746441 -0.07250095
v -0.01688054 0.41481924 -0.06914059
v -0.01662929 0.43661553 -0.05751126
v -0.0034721 -0.47554484 -0.05092216
v -0.01026612 -0.47288835 -0.03846486
v -0.01384777 -0.47518718 0.02401972
v -0.00318749 -0.47757691 0.06396438
v -0.00413601 -0.47977278 0.08449641
v -0.00297839 -0.48889032 0.11882505
v -0.01754431 -0.3598628 -0.1532816
v -0.01996095 0.17238717 -0.15327309
v -0.01897951 0.1538035 -0.15330693
v -0.01470893 0.13962494 -0.15005964
v -0.01405743 0.05576648 -0.15094861
v -0.01353456 -0.03322919 -0.15085806
v -0.01441596 -0.0925928 -0.15351909
v -0.0145288 -0.1167582 -0.1519668
v -0.01365055 -0.33966222 -0.15101247
v -0.0264761 -0.3832019 -0.15169211
v -0.01473356 -0.16858442 -0.14539187
v -0.01381557 -0.26284164 -0.13739085
v -0.0169599 -0.41308534 -0.14210381
v -0.01516685 -0.42824078 -0.13039045
v -0.00848075 0.41795704 -0.07218498
v 0.00424669 0.41746441 -0.07250095
v -0.01688054 0.41481924 -0.06914059
v -0.01200774 0.47771251 -0.0652683
v -0.01123693 0.46255264 -0.06413745
v -0.01305954 0.44155455 -0.06487779
v -0.01194353 0.36173427 -0.06274226
v -0.01305954 0.44155455 -0.06487779
v -0.0113089 0.39215654 -0.05840072
v 0.00277586 0.43429506 -0.05854863
v -0.01556693 0.43407607 -0.05676316
v -0.01556693 0.43407607 -0.05676316
v -0.01678955 -0.46326512 -0.06063224
v -0.0136095 -0.46842328 -0.05051708
v -0.01026612 -0.47288835 -0.03846486
v -0.01110569 -0.47430632 -0.03300694
v -0.01545736 -0.47576258 -0.02071021
v -0.01101345 -0.47350594 0.0371545
v -0.01682246 0.43658391 0.05612288
v -0.01315658 -0.4688589 0.05429706
v -0.00549229 -0.47555831 0.04941234
v -0.00917258 -0.47193545 0.08464676
v -0.01091225 -0.46901077 0.06791167
v -0.00727831 -0.48032135 0.11901651
v -0.01225627 -0.46947935 0.10441034
v -0.00710367 -0.47416243 0.12740915
v -0.0145471 0.41257411 -0.05759282
v -0.0145471 0.41257411 -0.05759282
v -0.01315658 -0.4688589 0.05429706
v -0.02014927 -0.46688867 0.04602999
v -0.01733135 0.44150436 0.06443512
v -0.01230757 -0.46827379 0.09444811
v -0.01552711 -0.45702291 0.11679469
v -0.01306151 -0.45312703 0.1308109
v -0.03047443 -0.3701309 -0.15210731
v -0.02223952 0.19961947 -0.14383888
v -0.02853075 -0.09119972 -0.15167771
v -0.02456228 -0.390149 -0.1503288
v -0.0277872 -0.33737373 -0.14910913
v -0.02253212 -0.40110219 -0.14596233
v -0.02503309 -0.20617341 -0.13930728
v -0.02338813 -0.24370667 -0.13615367
v -0.02814624 -0.26080617 -0.13511552
v -0.01811056 -0.44495091 -0.09757066
v -0.02396813 0.29296559 -0.08913045
v -0.01796241 -0.45506603 -0.07729551
v -0.01965414 -0.45727208 -0.07184636
v -0.02658163 0.47675705 -0.06109731
v -0.02066248 0.35543671 -0.0612928
v -0.02364914 0.4134779 -0.06072246
v -0.0245172 0.38892776 -0.05393293
v -0.02696208 0.44086906 -0.06080012
v -0.0269994 0.43600053 -0.0522112
v -0.0136095 -0.46842328 -0.05051708
v -0.01026612 -0.47288835 -0.03846486
v -0.02604696 -0.47451144 -0.04684381
v -0.02480889 -0.47606093 -0.03454367
v -0.01957055 -0.47316536 0.03346572
v -0.02014927 -0.46688867 0.04602999
v -0.02358455 -0.45900926 0.05819171
v -0.01729929 -0.46153989 0.06473249
v -0.01786311 0.41221887 0.05720682
v -0.02295377 -0.44977462 0.07942241
v -0.01904314 -0.45487994 0.0863984
v -0.03289839 0.14475171 -0.14732613
v -0.03313987 0.11345984 -0.14736064
v -0.03192019 0.08112472 -0.14817384
v -0.0294006 0.01823326 -0.14886788
v -0.03141496 -0.03498827 -0.14831483
v -0.03031124 -0.10520047 -0.15113413
v -0.03256202 -0.12412155 -0.14869618
v -0.02538759 -0.28203136 -0.13785101
v -0.02253212 -0.40110219 -0.14596233
v -0.02877773 -0.4043029 -0.14042491
v -0.02314533 -0.41854647 -0.13058716
v -0.02180408 -0.43120134 -0.11507913
v -0.0213729 -0.44626638 -0.0896256
v -0.0229865 -0.44953373 -0.08342399
v -0.02105164 0.42005551 -0.06823239
v -0.02823897 0.41574416 -0.0658542
v -0.02693889 0.49340728 -0.058941
v -0.02543881 0.46166804 -0.06004984
v -0.02696208 0.44086906 -0.06080012
v -0.02823897 0.41574416 -0.0658542
v -0.02273192 0.4113349 -0.05546699
v -0.02384777 0.40503827 -0.05350649
v -0.02273192 0.4113349 -0.05546699
v -0.01678955 -0.46326512 -0.06063224
v -0.0269994 0.43600053 -0.0522112
v -0.02751752 -0.47271022 -0.05492561
v -0.02604696 -0.47451144 -0.04684381
v -0.03277689 -0.47702339 0.01123588
v -0.0245023 -0.45375448 0.06568619
v -0.02143685 -0.44774792 0.10181872
v -0.02214516 -0.43991622 0.11610407
v -0.03368024 0.15958093 -0.15338001
v -0.03341159 0.17676306 -0.15058634
v -0.0333238 0.15192822 -0.1508919
v -0.0365142 -0.39335483 -0.14584759
v -0.03273764 -0.41605666 -0.12353533
v -0.0295375 -0.42909366 -0.10904864
v -0.0265276 -0.43911579 -0.09710338
v -0.0229865 -0.44953373 -0.08342399
v -0.01965414 -0.45727208 -0.07184636
v -0.02680978 0.3670623 -0.05603928
v -0.02996731 0.4126406 -0.05223331
v -0.02940452 -0.47663361 -0.01695489
v -0.03313276 -0.47654179 0.02564827
v -0.0256123 0.4356434 0.05153668
v -0.02666132 0.44102553 0.06085512
v -0.02620081 -0.44851825 0.07408051
v -0.02553431 -0.4207907 0.13439853
v -0.03371304 0.16705205 -0.15298551
v -0.03640142 -0.352615 -0.14985138
v -0.03376797 -0.15100965 -0.14468752
v -0.03452153 -0.23899667 -0.13377169
v -0.03655836 -0.27156359 -0.13344544
v -0.03364521 0.26544282 -0.10612555
v -0.0265276 -0.43911579 -0.09710338
v -0.02971147 -0.44293046 -0.09278759
v -0.03300219 0.49860793 -0.05304863
v -0.03178492 0.40681043 -0.04894304
v -0.02996731 0.4126406 -0.05223331
v -0.03386337 0.3851772 -0.0484202
v -0.03447375 0.43376666 -0.04774689
v -0.03659298 0.44025424 0.05433466
v -0.02632673 0.41298217 0.05321807
v -0.03129373 0.41576064 0.064031
v -0.03607533 0.41275102 0.04955571
v -0.0280948 -0.4440245 0.081019
v -0.0271028 -0.44220412 0.08603334
v -0.03152018 -0.43677649 0.09226947
v -0.03223658 -0.43194348 0.09966858
v -0.02709023 -0.43423119 0.10935589
v -0.03457688 -0.20401016 -0.13737668
v -0.0365142 -0.39335483 -0.14584759
v -0.03398363 -0.43143842 -0.10541053
v -0.03398363 -0.43143842 -0.10541053
v -0.03492167 0.41974238 -0.06229488
v -0.04065024 0.49328545 -0.05119785
v -0.03858717 0.47618827 -0.05467399
v -0.03572115 0.35852087 -0.05213575
v -0.03752374 0.44055441 -0.05511909
v -0.03536597 0.43689448 -0.04829119
v -0.03536597 0.43689448 -0.04829119
v -0.0269994 0.43600053 -0.0522112
v -0.03447375 0.43376666 -0.04774689
v -0.02996731 0.4126406 -0.05223331
v -0.03178492 0.40681043 -0.04894304
v -0.03809906 0.40976694 -0.04431866
v -0.03738872 -0.47927803 -0.03836112
v -0.04139332 -0.47900134 -0.0263036
v -0.04451384 -0.47820815 0.01465253
v -0.03516794 0.43664917 0.04734381
v -0.03345392 -0.42568916 0.10953248
v -0.03510521 -0.41777858 0.12077926
v -0.03991785 0.14449303 -0.145429
v -0.0394863 -0.40628356 -0.13192195
v -0.0428008 -0.41795897 -0.11824174
v -0.03985848 -0.43395814 -0.10492351
v -0.03752374 0.44055441 -0.05511909
v -0.04299872 0.41534489 -0.0570754
v -0.04397887 0.3365947 -0.05211569
v -0.03877985 0.42551523 -0.0482472
v -0.04239013 0.3808046 -0.04139908
v -0.03386337 0.3851772 -0.0484202
v -0.03572115 0.35852087 -0.05213575
v -0.04505271 0.42920288 -0.04091384
v -0.04061383 0.4128114 -0.04503696
v -0.04285008 -0.48126191 -0.05135872
v -0.04303046 -0.47871822 0.03816696
v -0.04237463 0.41570064 0.05755355
v -0.04237463 0.41570064 0.05755355
v -0.03705524 -0.42909116 0.10288999
v -0.03223658 -0.43194348 0.09966858
v -0.03345392 -0.42568916 0.10953248
v -0.04976689 0.15778559 -0.14949346
v -0.05009359 -0.09353739 -0.14726146
v -0.05092222 -0.11080761 -0.14579758
v -0.05210102 -0.35657376 -0.1467343
v -0.05067738 -0.37306276 -0.1477568
v -0.05057859 0.1366927 -0.14254783
v -0.05158302 0.09267263 -0.14284407
v -0.04784852 0.01866299 -0.14421828
v -0.04848891 -0.03202279 -0.14396921
v -0.05048582 -0.21210642 -0.13130836
v -0.05129326 -0.23839067 -0.12815242
v -0.05016635 -0.28944287 -0.13216324
v -0.05033641 -0.25459957 -0.12762815
v -0.04691216 0.24935472 -0.11225246
v -0.0428008 -0.41795897 -0.11824174
v -0.04723216 0.27589184 -0.09333491
v -0.04299872 0.41534489 -0.0570754
v -0.04429538 0.32054442 -0.05892113
v -0.04722115 0.4979538 -0.04364439
v -0.04763567 0.44030574 -0.04666675
v -0.04061383 0.4128114 -0.04503696
v -0.04466907 0.35785887 -0.04427816
v -0.04284821 0.43615055 -0.0409364
v -0.04410311 0.40750405 -0.03815059
v -0.03447375 0.43376666 -0.04774689
v -0.04284821 0.43615055 -0.0409364
v -0.04524745 -0.47635216 -0.00823275
v -0.04646803 -0.47945082 0.02439683
v -0.04125873 0.43615472 0.0408577
v -0.04554713 0.44082808 0.04831871
v -0.046778 0.41522667 0.05311251
v -0.04587517 -0.40710405 0.12897451
v -0.04958652 0.18126702 -0.14526799
v -0.0498416 0.16637789 -0.14930114
v -0.06176611 -0.3886852 -0.14278229
v -0.048613 -0.39289472 -0.14281264
v -0.048613 -0.39289472 -0.14281264
v -0.04836106 0.22519135 -0.12634005
v -0.04780211 -0.42372605 -0.11496947
v -0.04924093 0.42009082 -0.05167915
v -0.0477084 0.4772177 -0.04703481
v -0.04763567 0.44030574 -0.04666675
v -0.05190267 0.41527385 -0.04920623
v -0.04397887 0.3365947 -0.05211569
v -0.04524683 0.41255087 -0.03976388
v -0.04524683 0.41255087 -0.03976388
v -0.05003307 -0.47695443 -0.01546226
v -0.05205451 -0.47675806 0.0031529
v -0.04125873 0.43615472 0.0408577
v -0.04528127 0.43595439 0.0365271
v -0.04528127 0.43595439 0.0365271
v -0.03620659 0.4190309 0.0621024
v -0.04843665 0.41940883 0.05263185
v -0.04237463 0.41570064 0.05755355
v -0.04717379 -0.41472664 0.11990386
v -0.03564252 -0.40792742 0.13310629
v -0.05630171 0.14420545 -0.14022511
v -0.05089245 -0.18028966 -0.1357498
v -0.0522611 -0.27067551 -0.12746944
v -0.0428008 -0.41795897 -0.11824174
v -0.05414566 -0.39867309 -0.13741204
v -0.05414566 -0.39867309 -0.13741204
v -0.05212927 0.32061821 -0.05202525
v -0.04971025 0.44440582 -0.04554066
v -0.05541035 0.44895199 -0.03838412
v -0.0534186 0.45519769 -0.03612981
v -0.05024546 0.37922832 -0.03174164
v -0.05174999 0.4364287 -0.03139253
v -0.05119807 0.43415585 -0.03058506
v -0.05119807 0.43415585 -0.03058506
v -0.04139332 -0.47900134 -0.0263036
v -0.05424411 -0.48051578 -0.02484501
v -0.04817135 0.43544972 0.03221225
v -0.05865116 -0.05375628 -0.14008175
v -0.05883689 -0.39378721 -0.14131784
v -0.05980435 -0.40505299 -0.13450752
v -0.05190267 0.41527385 -0.04920623
v -0.05316259 0.49314019 -0.03879286
v -0.05425058 0.47487482 -0.03935215
v -0.05251276 0.46299565 -0.03975291
v -0.04687991 0.42410347 -0.04320745
v -0.05624646 0.41424575 -0.0392513
v -0.05206518 0.35033441 -0.0378943
v -0.05883965 0.44121411 -0.03326293
v -0.05502115 0.42585507 -0.02863372
v -0.05142652 0.41182941 -0.02982098
v -0.05109519 0.40720624 -0.02854369
v -0.05306908 -0.48492864 -0.03602314
v -0.05670591 -0.47403362 -0.00825458
v -0.05828656 -0.48012763 0.01290869
v -0.05607332 -0.48438141 0.03552761
v -0.04817135 0.43544972 0.03221225
v -0.04554713 0.44082808 0.04831871
v -0.05251711 0.44167155 0.04087387
v -0.05251711 0.44167155 0.04087387
v -0.05569534 0.41562054 0.04480103
v -0.05569534 0.41562054 0.04480103
v -0.046778 0.41522667 0.05311251
v -0.04587517 -0.40710405 0.12897451
v -0.06653472 0.1682208 -0.14306121
v -0.0662232 -0.10145082 -0.14191818
v -0.06363916 -0.37551379 -0.14325376
v -0.06380725 0.02798221 -0.13815856
v -0.06703254 -0.08061612 -0.13601039
v -0.06466885 -0.14154693 -0.13659045
v -0.06366506 -0.32187051 -0.13621804
v -0.06631541 0.1890963 -0.13596216
v -0.06425058 0.20755078 -0.12857804
v -0.06025747 0.24986881 -0.10508274
v -0.04924093 0.42009082 -0.05167915
v -0.05190267 0.41527385 -0.04920623
v -0.06135579 0.41568738 -0.03796105
v -0.05883965 0.44121411 -0.03326293
v -0.06135579 0.41568738 -0.03796105
v -0.05907407 0.49672523 -0.02860761
v -0.05919462 0.34975103 -0.02635882
v -0.05142652 0.41182941 -0.02982098
v -0.05864472 0.41303253 -0.02466996
v -0.05533535 0.37528539 -0.02403379
v -0.05510852 0.41070518 -0.0211947
v -0.05510852 0.41070518 -0.0211947
v -0.05413215 0.39553189 -0.02254806
v -0.05712324 0.43671262 -0.02032511
v -0.05174999 0.4364287 -0.03139253
v -0.05119807 0.43415585 -0.03058506
v -0.0569569 0.43424222 -0.0172922
v -0.05712324 0.43671262 -0.02032511
v -0.05936174 0.42485663 -0.01616154
v -0.06161809 -0.47808877 -0.0206473
v -0.05639594 0.43651798 0.01692654
v -0.05643386 0.43425494 0.01435117
v -0.05173395 0.43592554 0.02622063
v -0.05639594 0.43651798 0.01692654
v -0.05173395 0.43592554 0.02622063
v -0.06007037 0.44156161 0.03049749
v -0.04746402 0.40698844 0.03361186
v -0.05517626 0.39632905 0.01952203
v -0.05056835 0.3866902 0.03002619
v -0.05760303 0.49778897 0.02958689
v -0.0546791 0.49463683 0.03670125
v -0.06007037 0.44156161 0.03049749
v -0.06835755 0.15895802 -0.14292778
v -0.06699184 0.15240498 -0.14097813
v -0.06593741 0.14403549 -0.1363322
v -0.06754385 -0.40423584 -0.1377254
v -0.06754385 -0.40423584 -0.1377254
v -0.06842928 -0.17139769 -0.12987374
v -0.07172024 -0.28965771 -0.1222702
v -0.06669503 -0.41449639 -0.1337771
v -0.06177381 0.41937372 -0.03719607
v -0.06161101 0.47666052 -0.0276039
v -0.05424411 -0.48051578 -0.02484501
v -0.06861629 -0.49143401 -0.03776014
v -0.06113685 0.46281326 -0.02544786
v -0.06574241 0.44121394 -0.01596384
v -0.05985148 0.37409487 -0.0111224
v -0.06007174 0.41182429 -0.00814206
v -0.05729658 0.41061532 -0.01275316
v -0.05770338 0.3910161 -0.01257274
v -0.05729658 0.41061532 -0.01275316
v -0.05801881 0.43602428 -0.00145607
v -0.05801881 0.43602428 -0.00145607
v -0.05999371 0.42762128 -0.00096546
v -0.05859956 0.40719911 -0.00063327
v -0.05962453 0.38421836 -0.00081337
v -0.0610984 -0.4745571 0.00099803
v -0.06558724 0.44033864 0.00698678
v -0.05760518 0.41118029 0.00972168
v -0.06508218 0.44167098 0.01928215
v -0.05700899 0.41273317 0.01683921
v -0.06355259 -0.4847523 0.02440732
v -0.06409302 0.41530612 0.03240259
v -0.0615205 0.49400738 0.02439099
v -0.06171212 0.42025715 0.03674457
v -0.0696132 -0.36370456 -0.1403448
v -0.06804214 0.10233979 -0.13588807
v -0.06870175 -0.03602023 -0.13590537
v -0.07086638 -0.20948666 -0.12189484
v -0.06923411 -0.23521441 -0.11931324
v -0.06922326 -0.2515249 -0.11828122
v -0.07025462 -0.27073818 -0.11861508
v -0.06813675 -0.48589921 -0.1087637
v -0.06733266 -0.49871787 -0.08330833
v -0.06861629 -0.49143401 -0.03776014
v -0.06761225 0.41540876 -0.02547186
v -0.06438119 0.3364262 -0.02195301
v -0.06353787 0.49714959 -0.01612076
v -0.06541286 0.48809281 -0.01211108
v -0.06504745 0.34265265 -0.01329199
v -0.06007174 0.41182429 -0.00814206
v -0.06438996 0.35307381 -0.00059454
v -0.05760518 0.41118029 0.00972168
v -0.06949225 0.41480926 0.01481667
v -0.05998952 0.49878484 0.02122847
v -0.06437092 0.49649265 0.01288062
v -0.07089358 -0.48422927 0.01631447
v -0.06446188 0.47869337 0.01974745
v -0.06508218 0.44167098 0.01928215
v -0.06413569 0.32073668 0.0362622
v -0.07057476 -0.49639955 0.04579346
v -0.0741741 -0.40896443 -0.13533504
v -0.07182543 -0.44698212 -0.12585588
v -0.06980932 -0.49522495 -0.09750202
v -0.06761225 0.41540876 -0.02547186
v -0.06643727 0.42029652 -0.02752186
v -0.06574241 0.44121394 -0.01596384
v -0.06637876 0.47745374 -0.01291581
v -0.07097803 0.41471311 -0.00929743
v -0.06353787 0.49714959 -0.01612076
v -0.06541286 0.48809281 -0.01211108
v -0.065984 0.49465394 -0.00022841
v -0.06637876 0.47745374 -0.01291581
v -0.06756976 0.47842246 -0.00029995
v -0.06654423 0.46447983 -0.00066168
v -0.06338177 0.45569542 -0.01367352
v -0.06535821 0.44828764 -0.01732407
v -0.06574241 0.44121394 -0.01596384
v -0.06428613 0.49841836 8.78E-05
v -0.06476029 0.45570451 -0.0014747
v -0.06558724 0.44033864 0.00698678
v -0.07113215 -0.46652383 -0.00489411
v -0.06660023 0.47752646 0.01089712
v -0.06719496 0.33612761 0.01034422
v -0.07596572 -0.47995526 0.01033561
v -0.07979548 -0.49692136 0.03255448
v -0.08213711 -0.09476691 -0.13526347
v -0.08206548 0.17358069 -0.13353825
v -0.08040687 -0.1081674 -0.13457924
v -0.07439813 -0.39153266 -0.13738014
v -0.08082217 0.14380352 -0.12856732
v -0.07974127 0.01197327 -0.12972918
v -0.07390586 -0.42166862 -0.13274229
v -0.06669503 -0.41449639 -0.1337771
v -0.0775152 -0.31022713 -0.12527844
v -0.06920101 -0.42790148 -0.13013451
v -0.07182543 -0.44698212 -0.12585588
v -0.06861445 -0.45909312 -0.12085953
v -0.07032599 -0.47406667 -0.11607879
v -0.07660075 -0.48452091 -0.1112881
v -0.06813675 -0.48589921 -0.1087637
v -0.0762376 -0.49121752 -0.10461281
v -0.0762376 -0.49121752 -0.10461281
v -0.07479366 -0.49964646 -0.06569685
v -0.07684303 -0.49917582 -0.05235223
v -0.07707192 -0.49671644 -0.04318867
v -0.07743517 -0.48951173 -0.03371324
v -0.07123794 0.318948 -0.01905622
v -0.07208941 0.41855308 -0.01295237
v -0.07097803 0.41471311 -0.00929743
v -0.07351696 0.41600171 -0.00448071
v -0.06874583 0.33383194 -0.00076156
v -0.07113215 -0.46652383 -0.00489411
v -0.0610984 -0.4745571 0.00099803
v -0.07770534 -0.47171828 0.00355768
v -0.07351696 0.41600171 -0.00448071
v -0.07209115 0.41629899 0.01264748
v -0.07596572 -0.47995526 0.01033561
v -0.07223032 0.31932533 0.01202519
v -0.07209115 0.41629899 0.01264748
v -0.07343892 0.30850577 0.03612921
v -0.07873787 0.29658353 0.04721574
v -0.07637401 -0.49810854 0.07130469
v -0.0830171 0.15886071 -0.135708
v -0.08242226 0.15122162 -0.1325735
v -0.0783067 -0.4305613 -0.12953827
v -0.08005898 -0.15430723 -0.12672129
v -0.0773129 -0.4465929 -0.12576242
v -0.07654572 -0.47193584 -0.11735339
v -0.08143456 -0.22609523 -0.11202383
v -0.0761068 -0.26450655 -0.11384557
v -0.0830539 -0.28720725 -0.11343731
v -0.07732143 -0.49651313 -0.09531438
v -0.07817354 -0.4995302 -0.08302752
v -0.07707192 -0.49671644 -0.04318867
v -0.07351696 0.41600171 -0.00448071
v -0.0826721 -0.49220136 0.02313963
v -0.07692762 0.30877262 0.02367394
v -0.08020117 -0.49910158 0.04311251
v -0.07876679 -0.49949625 0.05940914
v -0.08160297 -0.3744995 -0.13352303
v -0.08056204 -0.4078027 -0.13212438
v -0.08142203 0.08802719 -0.12840259
v -0.08416734 -0.19312057 -0.115992
v -0.07976923 -0.24882849 -0.11112075
v -0.08967287 -0.4989939 -0.0810442
v -0.08279921 -0.45708245 -0.00666163
v -0.07113215 -0.46652383 -0.00489411
v -0.08279921 -0.45708245 -0.00666163
v -0.08660555 -0.45537651 -0.00391749
v -0.08267125 0.30485919 0.01111458
v -0.09393004 -0.11308441 -0.12533368
v -0.09319419 -0.37847015 -0.12475221
v -0.09027074 -0.42862102 -0.12192605
v -0.08779871 -0.44741049 -0.11958798
v -0.08776654 -0.47164476 -0.11181568
v -0.08660722 -0.48597413 -0.1053379
v -0.08906374 -0.49463627 -0.09330051
v -0.08906374 -0.49463627 -0.09330051
v -0.09047439 0.25616616 -0.07517563
v -0.09153132 0.2683256 -0.06125136
v -0.09030167 -0.49743712 -0.04444235
v -0.09030167 -0.49743712 -0.04444235
v -0.09251345 -0.4943018 -0.04061836
v -0.09251345 -0.4943018 -0.04061836
v -0.08880609 -0.47498795 0.01063429
v -0.0869632 0.27172872 0.06372894
v -0.08753943 -0.49953648 0.07212052
v -0.09317601 -0.35806587 -0.12436119
v -0.09228031 -0.40252468 -0.12381396
v -0.09064507 0.10898065 -0.12198412
v -0.09495874 0.14437611 -0.11901009
v -0.08964673 0.02151743 -0.12305295
v -0.0912539 -0.20302652 -0.10815312
v -0.09331135 -0.23505451 -0.10093007
v -0.09552613 -0.24946958 -0.09783862
v -0.09385987 -0.26564941 -0.09972668
v -0.09522877 -0.49951574 -0.05266866
v -0.09529711 0.28290498 -0.03323048
v -0.0826721 -0.49220136 0.02313963
v -0.09480177 -0.49244204 0.02388672
v -0.09460582 -0.49797964 0.03093917
v -0.09346186 0.27620974 0.04531673
v -0.10005198 -0.49972212 0.04116373
v -0.09641254 -0.49971688 0.06059542
v -0.08844792 -0.4976317 0.0788939
v -0.09753508 0.17104326 -0.12444495
v -0.09786868 0.16434571 -0.12588811
v -0.09681208 0.15715197 -0.12669285
v -0.09387001 -0.34623894 -0.12232102
v -0.09818472 -0.47937411 -0.09939709
v -0.09838995 -0.49926245 -0.06642012
v -0.0959077 -0.44561827 -0.00587022
v -0.0959077 -0.44561827 -0.00587022
v -0.0925612 -0.46395782 0.00605155
v -0.10245408 0.27798027 0.0128309
v -0.10226728 -0.48917067 0.02363541
v -0.09460582 -0.49797964 0.03093917
v -0.09133594 0.27695301 0.05038903
v -0.09733311 0.07450341 -0.11728743
v -0.09747002 -0.01072714 -0.1172802
v -0.09993751 -0.11455639 -0.12029901
v -0.10493241 -0.33069748 -0.10902382
v -0.09982447 -0.4505941 -0.1081047
v -0.10036957 0.18489665 -0.11597744
v -0.09826355 -0.46722192 -0.10453621
v -0.09926945 -0.48685655 -0.09349366
v -0.10030624 -0.49712405 -0.07680801
v -0.10667913 -0.49290496 0.07479917
v -0.09681208 0.15715197 -0.12669285
v -0.09495874 0.14437611 -0.11901009
v -0.11147091 0.15186238 -0.11039062
v -0.11044104 -0.11468147 -0.11070075
v -0.10326772 0.2025608 -0.10350128
v -0.10198438 -0.28858605 -0.09668279
v -0.08905973 -0.28433576 -0.10756452
v -0.10194414 -0.19014113 -0.10094053
v -0.10464992 -0.20851842 -0.09387732
v -0.10194414 -0.19014113 -0.10094053
v -0.09331135 -0.23505451 -0.10093007
v -0.10592267 -0.28007087 -0.08966932
v -0.09385987 -0.26564941 -0.09972668
v -0.10696608 -0.49219194 -0.07861774
v -0.10300598 0.22503033 -0.08812278
v -0.10696608 -0.49219194 -0.07861774
v -0.10681395 0.2330433 -0.0761985
v -0.10465074 -0.49788159 -0.05288673
v -0.10869953 0.26903751 -0.0195818
v -0.10928848 0.26812112 -0.01245061
v -0.108937 -0.49528486 0.03215487
v -0.09786868 0.16434571 -0.12588811
v -0.11289984 0.15881272 -0.11316531
v -0.11068848 -0.36872432 -0.10933965
v -0.1058562 0.068675 -0.10978153
v -0.09733311 0.07450341 -0.11728743
v -0.09747002 -0.01072714 -0.1172802
v -0.11068855 -0.34699693 -0.10715646
v -0.11063109 -0.39673603 -0.10762883
v -0.11123192 0.14442073 -0.1039861
v -0.10644639 0.13968879 -0.10898719
v -0.10957427 -0.43234679 -0.1028866
v -0.10676589 -0.23371242 -0.0867879
v -0.09552613 -0.24946958 -0.09783862
v -0.10729029 -0.26636946 -0.08487004
v -0.10846961 -0.49634197 -0.0631937
v -0.10764077 -0.43517289 -0.00593067
v -0.10855561 0.26527658 0.00040864
v -0.10764077 -0.43517289 -0.00593067
v -0.10543805 -0.43927139 -0.00329084
v -0.11191557 -0.4412356 0.00337192
v -0.11767784 -0.47958913 0.02549824
v -0.108937 -0.49528486 0.03215487
v -0.10846968 0.25222024 0.04929197
v -0.10399619 -0.26753742 0.08835609
v -0.1100553 0.1781431 -0.11044115
v -0.10587186 -0.02321905 -0.10983331
v -0.10421149 -0.08075814 -0.11200882
v -0.11508527 0.1954336 -0.09506441
v -0.11334877 -0.46493751 -0.08979337
v -0.09826355 -0.46722192 -0.10453621
v -0.09818472 -0.47937411 -0.09939709
v -0.10699878 -0.25095156 -0.08471165
v -0.11418289 -0.45094034 0.01089416
v -0.11375541 -0.49000537 0.02950684
v -0.11208472 -0.49722257 0.04273833
v -0.11331245 0.16625544 -0.11195476
v -0.11331245 0.16625544 -0.11195476
v -0.11336504 0.03032892 -0.10226866
v -0.1100553 0.1781431 -0.11044115
v -0.1115494 -0.16445774 -0.09720221
v -0.11044104 -0.11468147 -0.11070075
v -0.09982447 -0.4505941 -0.1081047
v -0.11684555 0.21292886 -0.07983022
v -0.11255587 -0.2093049 -0.08403844
v -0.11888702 -0.28602928 -0.07495331
v -0.11085999 -0.4816972 -0.08420272
v -0.09926945 -0.48685655 -0.09349366
v -0.10696608 -0.49219194 -0.07861774
v -0.10846961 -0.49634197 -0.0631937
v -0.11595057 0.25650606 0.0154633
v -0.1178211 -0.09588148 -0.10621054
v -0.1258225 -0.38880631 -0.09242634
v -0.11068848 -0.36872432 -0.10933965
v -0.11063109 -0.39673603 -0.10762883
v -0.12026393 0.14425306 -0.09289332
v -0.10957427 -0.43234679 -0.1028866
v -0.11830775 -0.25126201 -0.06898756
v -0.11695234 -0.48318842 -0.0742567
v -0.11925784 -0.48689198 -0.06383941
v -0.10846961 -0.49634197 -0.0631937
v -0.11709726 0.24983662 -0.0009788
v -0.12454149 -0.42717895 0.00304558
v -0.1282108 -0.44513711 0.01666926
v -0.11867025 0.25074902 0.02501104
v -0.11870818 -0.49253932 0.05459567
v -0.11402515 -0.24974224 0.07416622
v -0.12550515 0.17215438 -0.0953749
v -0.12582341 0.15924497 -0.09823799
v -0.12605657 0.15254822 -0.09345979
v -0.12256716 -0.12235261 -0.09533615
v -0.11068855 -0.34699693 -0.10715646
v -0.12161597 -0.37046441 -0.0979625
v -0.12063798 0.06989934 -0.09325646
v -0.12049808 0.00373877 -0.09350157
v -0.11838093 -0.15787056 -0.09096133
v -0.1216321 -0.40919706 -0.09405997
v -0.12168606 -0.43591377 -0.08866916
v -0.1220405 -0.46864367 -0.07683602
v -0.12063047 -0.21294847 -0.07168236
v -0.12022776 -0.23416719 -0.06781142
v -0.11781979 -0.26887563 -0.07043748
v -0.11932094 -0.48814023 -0.05370875
v -0.12451183 0.2398285 -0.03208012
v -0.12182701 0.24781905 -0.01987459
v -0.12452816 -0.4769074 0.02880992
v -0.12276977 -0.48612371 0.03421599
v -0.12182333 -0.49079159 0.0420504
v -0.11208472 -0.49722257 0.04273833
v -0.12182333 -0.49079159 0.0420504
v -0.12066885 -0.48660195 0.06347959
v -0.12066885 -0.48660195 0.06347959
v -0.12570347 -0.35357204 -0.09140543
v -0.12605599 -0.31763583 -0.07951067
v -0.12986685 -0.4450855 -0.07478684
v -0.12623261 -0.16551419 -0.07773003
v -0.12091167 -0.42265928 -0.0054621
v -0.12481331 0.23447201 0.03827959
v -0.12259942 -0.23536441 0.06202706
v -0.12602162 -0.25345066 0.05271596
v -0.12832132 -0.09615155 -0.09320623
v -0.13134013 0.1846261 -0.07876067
v -0.12747338 0.14392768 -0.08213399
v -0.12883969 0.1001652 -0.08056872
v -0.12674628 0.04400186 -0.0842877
v -0.12815538 1.252E-05 -0.08244978
v -0.12828964 -0.04153358 -0.08189576
v -0.13201113 -0.3438594 -0.08055884
v -0.1321317 0.19887759 -0.06579948
v -0.12744583 -0.19946553 -0.06304378
v -0.12862033 -0.29418558 -0.0601361
v -0.12808126 -0.47146627 -0.06262599
v -0.13021664 -0.28295481 -0.05054324
v -0.12686257 -0.47688445 -0.05398339
v -0.12855458 -0.23473784 -0.05042259
v -0.12686257 -0.47688445 -0.05398339
v -0.13484463 -0.40964156 -0.0050769
v -0.13629141 -0.41552073 0.00477135
v -0.12773991 0.2324564 0.01661311
v -0.13117436 0.22700463 0.02740338
v -0.12790273 -0.48072383 0.05394949
v -0.12182333 -0.49079159 0.0420504
v -0.11870818 -0.49253932 0.05459567
v -0.12715791 -0.26665199 0.05108118
v -0.12066885 -0.48660195 0.06347959
v -0.12732589 -0.19283447 0.06541123
v -0.12991159 -0.20704533 0.05536255
v -0.11836479 -0.48151159 0.07297202
v -0.12882072 0.20457818 0.06717212
v -0.12936278 -0.12321259 0.08563025
v -0.12717615 -0.09578405 0.09497199
v -0.12913772 -0.37207147 -0.08864023
v -0.13190174 -0.12726773 -0.08022375
v -0.13346061 -0.4165073 -0.07691229
v -0.13517155 0.15191965 -0.07819103
v -0.13275015 -0.45690086 -0.06390124
v -0.13663942 -0.32806876 -0.06531046
v -0.13189232 -0.20461588 -0.05142845
v -0.12799245 -0.26284567 -0.0494296
v -0.13247721 0.22417672 -0.03315074
v -0.13236171 0.22620432 -0.023349
v -0.13698769 -0.44224054 0.0226757
v -0.13143222 -0.4699105 0.03274397
v -0.13143222 -0.4699105 0.03274397
v -0.12276977 -0.48612371 0.03421599
v -0.13008025 -0.47852385 0.0418658
v -0.12884967 -0.23587687 0.04917815
v -0.12882072 0.20457818 0.06717212
v -0.12951389 0.13752525 0.08049967
v -0.13306493 -0.34299329 0.08059645
v -0.13677526 0.16756259 -0.07995335
v -0.13641743 0.15839756 -0.08167096
v -0.1367484 -0.36228043 -0.07648781
v -0.13662341 -0.38982195 -0.07620144
v -0.13405383 0.00235866 -0.07113492
v -0.13531941 -0.13322589 -0.07091968
v -0.13650402 0.09764592 -0.06559452
v -0.13572139 -0.17167744 -0.05473565
v -0.13532916 0.20881061 -0.04818014
v -0.13743702 -0.45126322 -0.05063657
v -0.13940649 -0.31538436 -0.04943257
v -0.13138756 -0.46429071 -0.0479597
v -0.1366716 -0.2137427 -0.03277017
v -0.13432334 -0.23623292 -0.03316876
v -0.1335682 -0.25352454 -0.03330573
v -0.13666673 -0.28495961 -0.0328258
v -0.13995105 0.20133564 -0.0141883
v -0.13484463 -0.40964156 -0.0050769
v -0.13683435 -0.42547989 0.01327172
v -0.13975191 0.20497303 0.02095775
v -0.13791624 0.20728411 0.04138427
v -0.13396119 -0.46950305 0.04277375
v -0.13280123 -0.24756913 0.03627832
v -0.12715791 -0.26665199 0.05108118
v -0.13533683 0.20516911 0.05231095
v -0.12884967 -0.23587687 0.04917815
v -0.12602162 -0.25345066 0.05271596
v -0.13606308 -0.31120378 0.05713439
v -0.13631517 0.18641421 0.06892709
v -0.13749148 -0.15266339 0.05897583
v -0.13638966 -0.43831432 0.0665023
v -0.13638966 -0.43831432 0.0665023
v -0.13663276 0.13787262 0.06603453
v -0.13281596 0.04943047 0.07403266
v -0.13648792 0.15958954 0.08353566
v -0.14405255 0.15659794 -0.06487148
v -0.13898151 -0.43210804 -0.06201777
v -0.13809559 -0.00980081 -0.06234583
v -0.14113343 -0.43518576 -0.05289131
v -0.13909686 -0.17454515 -0.04209331
v -0.14059836 0.20248233 -0.03895498
v -0.13909078 -0.3005529 -0.03671912
v -0.13714623 -0.44409403 -0.03962859
v -0.14102294 -0.18007571 -0.03224959
v -0.13922817 -0.21663529 -0.01741691
v -0.13717596 -0.24316463 -0.01695049
v -0.14126852 0.19685014 0.01089075
v -0.13698769 -0.44224054 0.0226757
v -0.13927731 -0.4478181 0.03145846
v -0.13644934 -0.24175023 0.02257647
v -0.13619635 -0.26996797 0.02467709
v -0.1407982 -0.19495919 0.02373501
v -0.13697045 0.07480763 0.06545645
v -0.14540908 0.15145908 0.05516562
v -0.13542524 0.15245491 0.07996602
v -0.1370949 -0.01514741 0.06431289
v -0.13116413 -0.08456029 0.08158331
v -0.14011846 -0.33838186 0.06659142
v -0.14324068 0.17203756 -0.06507216
v -0.14426757 0.1631552 -0.06601607
v -0.14282601 -0.10139341 -0.0646966
v -0.14315322 -0.38239971 -0.06393158
v -0.14061782 -0.34126228 -0.06350446
v -0.14211518 -0.13009785 -0.0554813
v -0.14197224 -0.40863258 -0.06200138
v -0.14338218 0.18823275 -0.04970211
v -0.14727041 0.15218624 -0.04943147
v -0.14214925 0.14274137 -0.04722491
v -0.14241865 0.08744868 -0.04973169
v -0.14293161 -0.00997749 -0.04916668
v -0.14227442 -0.42777216 -0.03765808
v -0.14639516 -0.32796413 -0.03403305
v -0.14353837 -0.18058808 -0.01724065
v -0.14231013 -0.29872793 -0.01609247
v -0.14207427 0.20243759 -0.02827
v -0.14325595 -0.19030373 -0.0014178
v -0.13938947 -0.22826521 -0.00131301
v -0.13849993 -0.24527363 -0.00127544
v -0.14612719 -0.39832515 -0.00363052
v -0.13862969 -0.26682198 -8.869E-05
v -0.13811907 -0.23736073 0.01230187
v -0.14538211 -0.40720773 0.0089578
v -0.14495222 -0.41448584 0.01623593
v -0.14276823 -0.19028482 0.0132077
v -0.1437133 -0.42397422 0.02210959
v -0.14103843 -0.29848227 0.02453548
v -0.1437133 -0.42397422 0.02210959
v -0.14716646 0.18772866 0.03030359
v -0.14143062 -0.44443169 0.04166377
v -0.14386372 0.18430194 0.05239906
v -0.14334948 0.16953109 0.06714948
v -0.14357339 0.15939689 0.06856018
v -0.14334948 0.16953109 0.06714948
v -0.14357339 0.15939689 0.06856018
v -0.14365113 -0.3617025 -0.06212896
v -0.14509372 -0.33983949 -0.05062555
v -0.14902978 -0.38371113 -0.04787851
v -0.14566603 -0.41078717 -0.05023903
v -0.14431357 -0.42333665 -0.04603681
v -0.14575173 0.14310567 -0.03223599
v -0.14595611 0.13829853 -0.03448205
v -0.14774346 -0.40571204 -0.03335382
v -0.14537221 -0.40889418 -0.02684661
v -0.14537221 -0.40889418 -0.02684661
v -0.14612719 -0.39832515 -0.00363052
v -0.14428723 -0.43084151 0.03184938
v -0.14555684 -0.32815397 0.03972801
v -0.14638969 0.08858271 0.03631285
v -0.14677635 -0.41983292 0.04058255
v -0.14543381 -0.11390175 0.05318692
v -0.14454283 -0.33988917 0.05462048
v -0.14571108 -0.40958443 0.05319918
v -0.14012443 -0.11551181 0.06706798
v -0.14011846 -0.33838186 0.06659142
v -0.14822118 -0.36237252 0.05197518
v -0.14270423 -0.3621698 0.06604393
v -0.14305995 -0.38461226 0.06491435
v -0.13994792 -0.4061082 0.06803051
v -0.15027808 0.16909133 -0.04818893
v -0.15029417 0.15918425 -0.04966338
v -0.14830188 -0.36163425 -0.0490694
v -0.15018629 -0.11371866 -0.03556854
v -0.15194833 0.17397614 -0.03436063
v -0.15379338 0.15632902 -0.02660953
v -0.14686336 -0.01013637 -0.0336825
v -0.1499712 -0.34809646 -0.03552232
v -0.15039091 -0.39309642 -0.03576174
v -0.14865981 0.05230424 -0.0220785
v -0.14766437 0.14301112 -0.01867498
v -0.14824979 0.13641758 -0.01990655
v -0.1488288 -0.02496606 -0.02212599
v -0.14928053 0.1092563 -0.01042428
v -0.15077738 -0.33767188 -0.01565363
v -0.15171215 -0.38881159 -0.01595922
v -0.14500722 -0.40049735 -0.0120367
v -0.1494929 0.13887849 0.00054455
v -0.15178114 -0.12919712 -0.00058085
v -0.150433 -0.3919915 -0.00200673
v -0.14850643 0.14278083 0.00337849
v -0.15026264 -0.33203226 -0.00013008
v -0.14612719 -0.39832515 -0.00363052
v -0.14763506 0.14298573 0.01983294
v -0.14985816 -0.4014883 0.01699587
v -0.14538211 -0.40720773 0.0089578
v -0.14903863 0.13893543 0.01364804
v -0.15203485 -0.12255149 0.01411461
v -0.15048999 -0.33812249 0.02211412
v -0.14784564 0.13889921 0.02431324
v -0.14495222 -0.41448584 0.01623593
v -0.14946766 0.08785902 0.01830498
v -0.14962666 -0.40746677 0.02856582
v -0.14905021 -0.02408861 0.02354636
v -0.14938013 -0.08012003 0.01534679
v -0.15007587 -0.08546113 0.03111571
v -0.15052232 -0.35284963 0.03829398
v -0.15210913 0.16984594 0.03838663
v -0.14987399 -0.11466695 0.03662518
v -0.15052451 -0.39488846 0.03969645
v -0.14961742 0.16621166 0.05197065
v -0.14948858 0.15741736 0.05088877
v -0.14783768 -0.09447617 0.052095
v -0.14804836 -0.39198577 0.05100277
v -0.15375099 0.16050415 -0.03429634
v -0.15177396 -0.09527145 -0.03570889
v -0.15194462 -0.37369001 -0.03561839
v -0.15453108 0.16562332 -0.02246949
v -0.15361135 -0.35931289 -0.0189641
v -0.15403517 -0.37822407 -0.01429304
v -0.15374027 -0.09328365 -0.02067314
v -0.15308085 -0.1123765 -0.01860953
v -0.15009885 -0.02281771 -0.01015043
v -0.14990075 0.04559373 -0.0108364
v -0.15337907 0.15348856 -0.00217099
v -0.15413751 -0.08930194 0.00474532
v -0.15327676 -0.34913447 0.0028577
v -0.15035041 0.05839964 0.00092102
v -0.15055795 -0.02206045 0.00077641
v -0.15268847 -0.38862213 0.00942951
v -0.15007912 -0.02184335 0.0155632
v -0.15518381 -0.09854561 0.00069498
v -0.15308182 -0.38608101 0.02436907
v -0.15391096 0.16728728 0.02778313
v -0.15451914 -0.36296952 -0.00239313
v -0.15459722 0.15929852 0.001071
vt 0.14421 0.0795
vt 0.15219 0.0835
vt 0.14872 0.08261
vt 0.88873 0.69486
vt 0.89621 0.69103
vt 0.88888 0.68726
vt 0.89289 0.68483
vt 0.89358 0.69638
vt 0.29543 0.69014
vt 0.29649 0.66249
vt 0.30112 0.65453
vt 0.30269 0.68859
vt 0.74678 0.65898
vt 0.76587 0.65821
vt 0.75492 0.6752
vt 0.77657 0.6737
vt 0.78419 0.65892
vt 0.51793 0.67943
vt 0.51269 0.67943
vt 0.51448 0.65324
vt 0.53296 0.66112
vt 0.53398 0.67173
vt 0.78261 0.64843
vt 0.51875 0.64996
vt 0.73998 0.63944
vt 0.75886 0.64611
vt 0.75072 0.63478
vt 0.77023 0.63458
vt 0.79722 0.63311
vt 0.28557 0.71366
vt 0.28946 0.69991
vt 0.29436 0.71231
vt 0.51698 0.71022
vt 0.5165 0.69501
vt 0.53091 0.70736
vt 0.75877 0.68854
vt 0.77166 0.68743
vt 0.76991 0.69866
vt 0.75312 0.69951
vt 0.26858 0.70309
vt 0.29688 0.70071
vt 0.30082 0.71203
vt 0.30406 0.7031
vt 0.53656 0.69437
vt 0.73983 0.68838
vt 0.7866 0.68336
vt 0.78882 0.68731
vt 0.50892 0.70498
vt 0.50724 0.68067
vt 0.264 0.69766
vt 0.28825 0.68979
vt 0.30882 0.68667
vt 0.54032 0.68211
vt 0.73049 0.67413
vt 0.79466 0.67101
vt 0.31768 0.68672
vt 0.36436 0.67797
vt 0.41539 0.68689
vt 0.56432 0.66593
vt 0.81451 0.66991
vt 0.42677 0.67495
vt 0.48097 0.68416
vt 0.4827 0.67343
vt 0.29158 0.66725
vt 0.80594 0.65829
vt 0.38418 0.6658
vt 0.45917 0.66384
vt 0.50389 0.66206
vt 0.50885 0.65783
vt 0.72461 0.65781
vt 0.31335 0.66488
vt 0.31691 0.66918
vt 0.50432 0.6794
vt 0.72626 0.645
vt 0.80503 0.64582
vt 0.31646 0.65483
vt 0.39116 0.65396
vt 0.45877 0.65124
vt 0.50377 0.64514
vt 0.54911 0.64974
vt 0.30317 0.64059
vt 0.31288 0.65223
vt 0.50772 0.63982
vt 0.28548 0.65153
vt 0.28958 0.64034
vt 0.35699 0.64421
vt 0.43533 0.64131
vt 0.51637 0.63419
vt 0.5372 0.63842
vt 0.72141 0.63353
vt 0.2688 0.64334
vt 0.29752 0.63888
vt 0.43061 0.63103
vt 0.51221 0.61973
vt 0.73711 0.62214
vt 0.76072 0.62236
vt 0.53399 0.62747
vt 0.78689 0.62074
vt 0.80877 0.62059
vt 0.50735 0.61589
vt 0.51732 0.61467
vt 0.29568 0.62372
vt 0.30155 0.62474
vt 0.74316 0.60826
vt 0.76191 0.61042
vt 0.77798 0.6074
vt 0.28847 0.62479
vt 0.29268 0.72889
vt 0.51268 0.72143
vt 0.52018 0.72413
vt 0.30056 0.72774
vt 0.30777 0.72336
vt 0.53531 0.72216
vt 0.72934 0.70242
vt 0.74494 0.71395
vt 0.76049 0.71195
vt 0.77191 0.71011
vt 0.31454 0.71576
vt 0.27712 0.71677
vt 0.35812 0.71315
vt 0.45403 0.69585
vt 0.49467 0.70858
vt 0.5653 0.70798
vt 0.79664 0.68944
vt 0.31431 0.70175
vt 0.31839 0.71751
vt 0.31973 0.69976
vt 0.36165 0.69935
vt 0.71946 0.68989
vt 0.50483 0.69274
vt 0.80843 0.68138
vt 0.31421 0.68489
vt 0.59257 0.69415
vt 0.59262 0.67635
vt 0.69363 0.67235
vt 0.25018 0.68377
vt 0.83124 0.65842
vt 0.59313 0.66077
vt 0.69022 0.65766
vt 0.82847 0.64543
vt 0.60193 0.64836
vt 0.69047 0.64587
vt 0.59545 0.63753
vt 0.82011 0.63204
vt 0.31203 0.63663
vt 0.31883 0.63555
vt 0.50369 0.62907
vt 0.58823 0.62625
vt 0.71701 0.62254
vt 0.31128 0.62381
vt 0.31544 0.62398
vt 0.50331 0.61411
vt 0.27607 0.62584
vt 0.43722 0.61783
vt 0.72258 0.60873
vt 0.79554 0.6085
vt 0.53848 0.61332
vt 0.51492 0.59978
vt 0.53547 0.60015
vt 0.76233 0.59482
vt 0.28306 0.61255
vt 0.29455 0.60955
vt 0.76115 0.72834
vt 0.72828 0.71481
vt 0.39487 0.71988
vt 0.50549 0.71539
vt 0.7152 0.70399
vt 0.69124 0.69124
vt 0.63199 0.67619
vt 0.68444 0.67948
vt 0.83958 0.6688
vt 0.63206 0.66074
vt 0.2543 0.66944
vt 0.83526 0.63221
vt 0.25487 0.66002
vt 0.68519 0.63497
vt 0.24332 0.65243
vt 0.24767 0.64608
vt 0.62995 0.62533
vt 0.69044 0.62521
vt 0.82903 0.61791
vt 0.25325 0.63615
vt 0.81111 0.60757
vt 0.3463 0.61652
vt 0.30102 0.60917
vt 0.31003 0.60821
vt 0.31367 0.60636
vt 0.42656 0.6103
vt 0.50276 0.59863
vt 0.78725 0.59678
vt 0.72767 0.59742
vt 0.50645 0.59112
vt 0.74292 0.59568
vt 0.73797 0.58379
vt 0.28446 0.59651
vt 0.28963 0.74414
vt 0.2968 0.74968
vt 0.30282 0.74491
vt 0.51291 0.73756
vt 0.52001 0.74011
vt 0.53786 0.73774
vt 0.7305 0.73092
vt 0.74588 0.73024
vt 0.76655 0.72451
vt 0.2696 0.73123
vt 0.31715 0.73321
vt 0.37701 0.73219
vt 0.45917 0.72885
vt 0.50581 0.72959
vt 0.56444 0.72498
vt 0.31443 0.73077
vt 0.58972 0.71116
vt 0.71368 0.71947
vt 0.69468 0.70578
vt 0.25642 0.71874
vt 0.25182 0.70408
vt 0.78609 0.71735
vt 0.80993 0.69801
vt 0.6276 0.69349
vt 0.66323 0.67894
vt 0.66662 0.66257
vt 0.84964 0.65846
vt 0.6524 0.66182
vt 0.6374 0.64837
vt 0.65489 0.64766
vt 0.66941 0.64765
vt 0.6318 0.63608
vt 0.6503 0.63515
vt 0.66677 0.63572
vt 0.85075 0.63067
vt 0.60056 0.6115
vt 0.2551 0.62511
vt 0.6963 0.60861
vt 0.82378 0.60637
vt 0.25468 0.61257
vt 0.46899 0.59741
vt 0.56905 0.59792
vt 0.80559 0.59699
vt 0.35775 0.60484
vt 0.39777 0.59994
vt 0.43343 0.59883
vt 0.70979 0.59425
vt 0.78527 0.58647
vt 0.51233 0.58549
vt 0.76767 0.58203
vt 0.27526 0.59864
vt 0.29324 0.59491
vt 0.51658 0.58629
vt 0.53723 0.58458
vt 0.7541 0.57885
vt 0.72497 0.73564
vt 0.72341 0.72978
vt 0.72779 0.73255
vt 0.73201 0.73771
vt 0.31324 0.74595
vt 0.44584 0.74321
vt 0.77224 0.73352
vt 0.61218 0.72159
vt 0.63299 0.70873
vt 0.67279 0.70803
vt 0.6667 0.69249
vt 0.64886 0.69311
vt 0.64323 0.67932
vt 0.83914 0.67881
vt 0.85371 0.66841
vt 0.85988 0.65769
vt 0.85311 0.64652
vt 0.65317 0.62298
vt 0.66773 0.62156
vt 0.8475 0.61873
vt 0.64297 0.6106
vt 0.6795 0.60886
vt 0.83932 0.60629
vt 0.59875 0.59604
vt 0.81684 0.59653
vt 0.68706 0.5875
vt 0.79508 0.58737
vt 0.3383 0.59041
vt 0.36853 0.58961
vt 0.72023 0.57978
vt 0.50221 0.5831
vt 0.51392 0.56872
vt 0.28793 0.75463
vt 0.3002 0.76379
vt 0.30467 0.76089
vt 0.51668 0.75402
vt 0.52136 0.75355
vt 0.27666 0.74374
vt 0.53886 0.75363
vt 0.75096 0.74514
vt 0.76192 0.74863
vt 0.7654 0.74085
vt 0.57272 0.73834
vt 0.71272 0.73484
vt 0.36733 0.74581
vt 0.50611 0.74295
vt 0.70431 0.7293
vt 0.26062 0.74076
vt 0.68412 0.71851
vt 0.25542 0.73249
vt 0.23435 0.70159
vt 0.65339 0.70724
vt 0.08042 0.03101
vt 0.09529 0.01852
vt 0.10077 0.02165
vt 0.23583 0.69331
vt 0.1108 0.0105
vt 0.23301 0.68068
vt 0.23461 0.66718
vt 0.8606 0.64557
vt 0.85981 0.63169
vt 0.2301 0.64968
vt 0.85844 0.61991
vt 0.23237 0.63737
vt 0.84959 0.61034
vt 0.23888 0.62507
vt 0.66615 0.60545
vt 0.62638 0.60069
vt 0.67749 0.58767
vt 0.7439 0.31473
vt 0.75857 0.31274
vt 0.76512 0.32305
vt 0.77298 0.32149
vt 0.30781 0.59242
vt 0.70781 0.58148
vt 0.74307 0.30581
vt 0.30055 0.59385
vt 0.39804 0.58261
vt 0.43746 0.58534
vt 0.73427 0.31412
vt 0.72111 0.29885
vt 0.73099 0.29894
vt 0.50639 0.56608
vt 0.73886 0.56863
vt 0.71704 0.30963
vt 0.28105 0.58192
vt 0.29192 0.5796
vt 0.53294 0.57169
vt 0.31322 0.75756
vt 0.35132 0.75658
vt 0.44418 0.75217
vt 0.47924 0.75173
vt 0.50649 0.75793
vt 0.61734 0.73236
vt 0.64228 0.72431
vt 0.6556 0.72235
vt 0.66806 0.72085
vt 0.09725 0.03123
vt 0.22045 0.65888
vt 0.85964 0.60982
vt 0.79797 0.3325
vt 0.79952 0.32592
vt 0.80705 0.32834
vt 0.65134 0.59224
vt 0.78986 0.32251
vt 0.78748 0.33068
vt 0.66603 0.58774
vt 0.60105 0.58683
vt 0.25084 0.59624
vt 0.26527 0.58688
vt 0.30632 0.57532
vt 0.36332 0.57867
vt 0.50207 0.57307
vt 0.42813 0.57585
vt 0.29938 0.57616
vt 0.75601 0.55988
vt 0.28446 0.77747
vt 0.29202 0.77789
vt 0.2999 0.7792
vt 0.52115 0.7697
vt 0.73396 0.75381
vt 0.71395 0.74157
vt 0.77074 0.74551
vt 0.26479 0.76235
vt 0.61701 0.74133
vt 0.57881 0.75478
vt 0.69581 0.73727
vt 0.78185 0.73837
vt 0.68055 0.7379
vt 0.22992 0.71308
vt 0.21722 0.69617
vt 0.22018 0.68907
vt 0.21814 0.67052
vt 0.8218 0.30585
vt 0.83 0.30302
vt 0.82453 0.29747
vt 0.22682 0.62743
vt 0.77772 0.30992
vt 0.23517 0.60964
vt 0.62893 0.58962
vt 0.7603 0.30254
vt 0.56833 0.57267
vt 0.61488 0.57863
vt 0.70406 0.57052
vt 0.72382 0.29049
vt 0.3403 0.57047
vt 0.72882 0.5605
vt 0.70561 0.28772
vt 0.53677 0.5631
vt 0.28428 0.56318
vt 0.24131 0.3325
vt 0.2359 0.31467
vt 0.24185 0.31335
vt 0.46404 0.31549
vt 0.46454 0.29921
vt 0.48365 0.31565
vt 0.48616 0.30619
vt 0.51522 0.7795
vt 0.51243 0.76159
vt 0.53616 0.77104
vt 0.75927 0.7641
vt 0.31341 0.76978
vt 0.34469 0.76546
vt 0.40769 0.76571
vt 0.47742 0.76253
vt 0.99063 0.6915
vt 0.98977 0.68135
vt 0.98463 0.67971
vt 0.98541 0.6707
vt 0.693 0.75416
vt 0.99276 0.66764
vt 0.98839 0.66126
vt 0.23396 0.73275
vt 0.24808 0.74772
vt 0.67011 0.74075
vt 0.22137 0.72
vt 0.21465 0.67832
vt 0.20451 0.65791
vt 0.79955 0.31852
vt 0.6797 0.56934
vt 0.75179 0.29247
vt 0.73415 0.28857
vt 0.74179 0.2905
vt 0.26476 0.57613
vt 0.39476 0.56744
vt 0.44762 0.56625
vt 0.50138 0.5565
vt 0.60883 0.56612
vt 0.71286 0.55743
vt 0.71321 0.27522
vt 0.72201 0.27592
vt 0.6883 0.29606
vt 0.70166 0.27682
vt 0.67413 0.32805
vt 0.67125 0.3132
vt 0.68602 0.32631
vt 0.74771 0.76898
vt 0.31326 0.7795
vt 0.42379 0.77441
vt 0.50705 0.77222
vt 0.97965 0.68262
vt 0.7094 0.75546
vt 0.97496 0.66678
vt 0.96209 0.65878
vt 0.61444 0.75667
vt 0.65114 0.73998
vt 0.20451 0.69001
vt 0.20184 0.66175
vt 0.20212 0.65329
vt 0.20619 0.64143
vt 0.8332 0.30825
vt 0.81139 0.32092
vt 0.8069 0.31793
vt 0.20727 0.61591
vt 0.63325 0.57084
vt 0.64817 0.5707
vt 0.66387 0.56944
vt 0.22579 0.60119
vt 0.25549 0.32752
vt 0.30534 0.31229
vt 0.28978 0.32314
vt 0.34444 0.31917
vt 0.37826 0.3067
vt 0.39745 0.31593
vt 0.48291 0.29471
vt 0.55804 0.29265
vt 0.663 0.28249
vt 0.68192 0.2734
vt 0.6787 0.28724
vt 0.27212 0.5632
vt 0.45634 0.31298
vt 0.46098 0.29017
vt 0.2549 0.77441
vt 0.35325 0.77787
vt 0.70483 0.32464
vt 0.71018 0.31268
vt 0.73249 0.32077
vt 0.47397 0.77297
vt 0.73582 0.31763
vt 0.96623 0.65649
vt 0.97723 0.66049
vt 0.6382 0.75806
vt 0.68081 0.75733
vt 0.23235 0.7445
vt 0.21024 0.70871
vt 0.1996 0.69595
vt 0.20177 0.67409
vt 0.19434 0.62607
vt 0.79847 0.30525
vt 0.23878 0.58417
vt 0.2486 0.57129
vt 0.6289 0.29004
vt 0.62853 0.2772
vt 0.65294 0.29441
vt 0.55457 0.28256
vt 0.19991 0.30648
vt 0.22406 0.31042
vt 0.21252 0.31915
vt 0.25457 0.30783
vt 0.45087 0.30325
vt 0.45431 0.29104
vt 0.69991 0.26324
vt 0.23297 0.29969
vt 0.24089 0.29972
vt 0.47371 0.28387
vt 0.23418 0.34903
vt 0.22853 0.33389
vt 0.23671 0.33349
vt 0.46126 0.32191
vt 0.47619 0.32482
vt 0.47636 0.3439
vt 0.46053 0.34217
vt 0.28443 0.33825
vt 0.36207 0.32617
vt 0.36255 0.33656
vt 0.4131 0.32506
vt 0.45505 0.33157
vt 0.4467 0.33799
vt 0.44658 0.32462
vt 0.95491 0.64648
vt 0.95038 0.64405
vt 0.96827 0.65128
vt 0.95856 0.64678
vt 0.9728 0.64563
vt 0.65493 0.75997
vt 0.66948 0.75837
vt 0.97926 0.65093
vt 0.19154 0.67726
vt 0.81581 0.31266
vt 0.77757 0.29362
vt 0.76371 0.28674
vt 0.75309 0.28167
vt 0.1743 0.30478
vt 0.18521 0.3117
vt 0.16548 0.31729
vt 0.65377 0.26778
vt 0.67003 0.26189
vt 0.72357 0.2551
vt 0.20738 0.29761
vt 0.31665 0.30093
vt 0.36865 0.29703
vt 0.44664 0.29069
vt 0.71706 0.24968
vt 0.45696 0.3544
vt 0.68245 0.34443
vt 0.69746 0.34175
vt 0.69693 0.32064
vt 0.70635 0.33655
vt 0.73005 0.33133
vt 0.41699 0.33574
vt 0.75048 0.32645
vt 0.52069 0.31525
vt 0.55565 0.3229
vt 0.51332 0.33313
vt 0.95341 0.63988
vt 0.96706 0.64302
vt 0.23321 0.7682
vt 0.20822 0.72678
vt 0.19652 0.70903
vt 0.1952 0.63699
vt 0.74775 0.27441
vt 0.7322 0.281
vt 0.58291 0.29293
vt 0.59487 0.27682
vt 0.59766 0.29114
vt 0.57785 0.28003
vt 0.61316 0.28923
vt 0.61252 0.27564
vt 0.62839 0.26607
vt 0.44858 0.27789
vt 0.51606 0.27427
vt 0.24802 0.3113
vt 0.24843 0.29094
vt 0.25439 0.29246
vt 0.3215 0.28961
vt 0.39168 0.28445
vt 0.22846 0.29069
vt 0.41096 0.34767
vt 0.94443 0.63378
vt 0.94829 0.64664
vt 0.94696 0.62912
vt 0.54936 0.33824
vt 0.57898 0.32706
vt 0.96226 0.63672
vt 0.21332 0.76115
vt 0.98133 0.63763
vt 0.19096 0.72076
vt 0.169 0.69434
vt 0.1754 0.68884
vt 0.16696 0.66616
vt 0.17852 0.64699
vt 0.80728 0.29179
vt 0.795 0.29043
vt 0.19909 0.60311
vt 0.76157 0.27599
vt 0.14402 0.29972
vt 0.08181 0.88083
vt 0.07168 0.90014
vt 0.07612 0.89848
vt 0.1779 0.28961
vt 0.57677 0.26516
vt 0.07791 0.86895
vt 0.06794 0.89022
vt 0.55559 0.26597
vt 0.05891 0.8675
vt 0.06324 0.87441
vt 0.45288 0.27293
vt 0.68702 0.25553
vt 0.2409 0.2905
vt 0.4606 0.27409
vt 0.47524 0.27344
vt 0.45104 0.35108
vt 0.44712 0.35662
vt 0.54176 0.3478
vt 0.7623 0.32678
vt 0.76265 0.33772
vt 0.77534 0.33588
vt 0.17665 0.36566
vt 0.19255 0.34606
vt 0.19817 0.35778
vt 0.93956 0.62231
vt 0.93321 0.62128
vt 0.97077 0.63531
vt 0.19719 0.74541
vt 0.18698 0.72981
vt 0.06308 0.07972
vt 0.07308 0.08013
vt 0.06852 0.0845
vt 0.16047 0.70275
vt 0.17353 0.65487
vt 0.83275 0.31714
vt 0.8381 0.33704
vt 0.84118 0.31972
vt 0.17206 0.63491
vt 0.16658 0.63098
vt 0.61145 0.25898
vt 0.62793 0.25515
vt 0.20419 0.28581
vt 0.45568 0.26126
vt 0.69806 0.35673
vt 0.47479 0.35276
vt 0.52525 0.35878
vt 0.73392 0.35207
vt 0.72069 0.3492
vt 0.22159 0.36574
vt 0.22527 0.35422
vt 0.62293 0.33861
vt 0.64253 0.33657
vt 0.62541 0.34925
vt 0.57713 0.34075
vt 0.59533 0.32978
vt 0.59642 0.34833
vt 0.95925 0.62813
vt 0.95072 0.61998
vt 0.94084 0.61563
vt 0.97381 0.62757
vt 0.98083 0.63024
vt 0.98972 0.63147
vt 0.78634 0.27722
vt 0.77457 0.27108
vt 0.76694 0.26945
vt 0.15029 0.29102
vt 0.59579 0.26574
vt 0.0581 0.87488
vt 0.65641 0.25133
vt 0.22899 0.27692
vt 0.25466 0.28483
vt 0.28859 0.27664
vt 0.34735 0.27696
vt 0.50593 0.25743
vt 0.68365 0.24501
vt 0.70713 0.24648
vt 0.23901 0.27517
vt 0.24303 0.2734
vt 0.24774 0.27468
vt 0.46096 0.25912
vt 0.47704 0.25921
vt 0.24293 0.35055
vt 0.25118 0.35175
vt 0.24472 0.3764
vt 0.34942 0.34926
vt 0.36876 0.35973
vt 0.19928 0.36756
vt 0.65843 0.34829
vt 0.6343 0.36015
vt 0.57409 0.35151
vt 0.9362 0.60467
vt 0.93244 0.60919
vt 0.94988 0.6128
vt 0.98186 0.61222
vt 0.99028 0.61661
vt 0.16834 0.72178
vt 0.14967 0.6807
vt 0.16712 0.62117
vt 0.05726 0.89651
vt 0.18314 0.27588
vt 0.05036 0.88423
vt 0.20294 0.27518
vt 0.03914 0.88202
vt 0.44772 0.26608
vt 0.66193 0.24235
vt 0.72793 0.23223
vt 0.68131 0.35442
vt 0.71998 0.35989
vt 0.27111 0.36284
vt 0.27278 0.35077
vt 0.31177 0.36052
vt 0.92927 0.59518
vt 0.94463 0.59933
vt 0.9609 0.60391
vt 0.17052 0.73291
vt 0.171 0.70925
vt 0.14714 0.65579
vt 0.06336 0.91006
vt 0.07383 0.9139
vt 0.14774 0.28039
vt 0.59227 0.25471
vt 0.55902 0.25253
vt 0.62772 0.24388
vt 0.03127 0.89766
vt 0.74087 0.23664
vt 0.35191 0.26844
vt 0.68435 0.23527
vt 0.70692 0.23563
vt 0.2522 0.37299
vt 0.65471 0.36941
vt 0.66981 0.35738
vt 0.77651 0.35181
vt 0.76106 0.36416
vt 0.57477 0.36478
vt 0.92351 0.60724
vt 0.92093 0.59711
vt 0.9365 0.59094
vt 0.11376 0.37473
vt 0.12846 0.35872
vt 0.15026 0.35997
vt 0.97989 0.59649
vt 0.99173 0.6016
vt 0.14846 0.66864
vt 0.78033 0.2667
vt 0.79215 0.26649
vt 0.10992 0.28836
vt 0.1238 0.28172
vt 0.16876 0.27635
vt 0.61134 0.23984
vt 0.03153 0.90978
vt 0.21801 0.2612
vt 0.25464 0.26945
vt 0.44724 0.25719
vt 0.45875 0.24543
vt 0.25701 0.36739
vt 0.25282 0.38338
vt 0.7886 0.34505
vt 0.78804 0.36132
vt 0.15793 0.3803
vt 0.14932 0.37068
vt 0.9494 0.58999
vt 0.11993 0.38287
vt 0.96338 0.59037
vt 0.99276 0.5903
vt 0.14838 0.71335
vt 0.14915 0.69513
vt 0.84861 0.35227
vt 0.84837 0.33229
vt 0.80652 0.27089
vt 0.07669 0.92059
vt 0.073 0.93339
vt 0.06873 0.92077
vt 0.04529 0.91248
vt 0.58064 0.23997
vt 0.5968 0.24013
vt 0.51001 0.24843
vt 0.55492 0.23791
vt 0.65545 0.22768
vt 0.30176 0.26002
vt 0.37992 0.25401
vt 0.67155 0.22484
vt 0.75131 0.22874
vt 0.23411 0.25905
vt 0.47114 0.24281
vt 0.70414 0.22351
vt 0.7187 0.22132
vt 0.46046 0.37856
vt 0.45215 0.37543
vt 0.45973 0.36034
vt 0.47211 0.37911
vt 0.93446 0.58519
vt 0.10063 0.36823
vt 0.1327 0.69484
vt 0.13298 0.68195
vt 0.76481 0.5575
vt 0.78473 0.56024
vt 0.77527 0.5615
vt 0.14739 0.80272
vt 0.14682 0.80539
vt 0.13143 0.79284
vt 0.12803 0.79458
vt 0.13146 0.67099
vt 0.13019 0.66024
vt 0.14338 0.64355
vt 0.85836 0.34565
vt 0.14001 0.63406
vt 0.80228 0.26323
vt 0.07769 0.93602
vt 0.05962 0.92916
vt 0.0469 0.93153
vt 0.14292 0.26695
vt 0.19743 0.26286
vt 0.03022 0.8916
vt 0.44655 0.2472
vt 0.75548 0.2163
vt 0.24152 0.25929
vt 0.02971 0.75039
vt 0.03154 0.7425
vt 0.03154 0.7555
vt 0.65631 0.37487
vt 0.66559 0.36981
vt 0.66522 0.37556
vt 0.67492 0.37299
vt 0.64475 0.37636
vt 0.6456 0.37154
vt 0.51611 0.37101
vt 0.56125 0.37167
vt 0.55667 0.38003
vt 0.96945 0.2395
vt 0.95341 0.24738
vt 0.97008 0.25123
vt 0.94401 0.24869
vt 0.94641 0.26854
vt 0.95197 0.26195
vt 0.13211 0.38688
vt 0.95129 0.57892
vt 0.08109 0.39004
vt 0.99048 0.57619
vt 0.14476 0.72192
vt 0.99314 0.57632
vt 0.13282 0.71013
vt 0.15676 0.81264
vt 0.15667 0.81749
vt 0.86845 0.20419
vt 0.87961 0.21199
vt 0.8784 0.20671
vt 0.76097 0.5615
vt 0.93738 0.75776
vt 0.93113 0.76199
vt 0.93132 0.7724
vt 0.93675 0.77221
vt 0.11396 0.68378
vt 0.94374 0.7729
vt 0.13025 0.80316
vt 0.93134 0.7535
vt 0.93802 0.74135
vt 0.87431 0.1885
vt 0.8831 0.18452
vt 0.89201 0.18786
vt 0.11889 0.78906
vt 0.90249 0.18799
vt 0.08302 0.27712
vt 0.10054 0.27433
vt 0.11373 0.2675
vt 0.03566 0.92642
vt 0.16005 0.26174
vt 0.62588 0.23039
vt 0.25478 0.25618
vt 0.26089 0.25989
vt 0.50215 0.24071
vt 0.24808 0.25559
vt 0.44995 0.23408
vt 0.68877 0.22138
vt 0.73877 0.21517
vt 0.67545 0.37817
vt 0.69424 0.36824
vt 0.69473 0.38053
vt 0.63244 0.37878
vt 0.633 0.3723
vt 0.94024 0.26082
vt 0.94288 0.27181
vt 0.93513 0.5753
vt 0.14267 0.73542
vt 0.86014 0.19601
vt 0.86761 0.19969
vt 0.0203 0.76512
vt 0.01605 0.77303
vt 0.01143 0.77299
vt 0.97311 0.78639
vt 0.97917 0.77285
vt 0.96247 0.77452
vt 0.96172 0.78503
vt 0.95143 0.77468
vt 0.93739 0.78597
vt 0.94206 0.77911
vt 0.93136 0.78457
vt 0.15559 0.82407
vt 0.1451 0.81343
vt 0.01394 0.53659
vt 0.01051 0.5534
vt 0.01782 0.54107
vt 0.8831 0.20079
vt 0.88272 0.19854
vt 0.10339 0.69416
vt 0.02266 0.52484
vt 0.97748 0.76119
vt 0.96382 0.7616
vt 0.9508 0.76258
vt 0.98126 0.75777
vt 0.94401 0.76303
vt 0.96245 0.75222
vt 0.95116 0.75305
vt 0.97696 0.75167
vt 0.94349 0.75197
vt 0.10026 0.67335
vt 0.97994 0.73859
vt 0.94922 0.74317
vt 0.94379 0.74138
vt 0.97491 0.73781
vt 0.96269 0.7417
vt 0.93146 0.74026
vt 0.96348 0.73453
vt 0.95057 0.73378
vt 0.10912 0.79001
vt 0.12387 0.65029
vt 0.89695 0.18427
vt 0.90755 0.18482
vt 0.90709 0.1815
vt 0.81313 0.26195
vt 0.05852 0.94907
vt 0.06797 0.93824
vt 0.17034 0.25146
vt 0.01695 0.91399
vt 0.01474 0.93513
vt 0.63078 0.21789
vt 0.77417 0.21779
vt 0.45756 0.23295
vt 0.23818 0.24382
vt 0.23255 0.3935
vt 0.23326 0.38191
vt 0.24059 0.39242
vt 0.44738 0.39899
vt 0.44739 0.37283
vt 0.76159 0.37641
vt 0.77394 0.36368
vt 0.77572 0.37477
vt 0.62274 0.38023
vt 0.61246 0.37691
vt 0.62037 0.36609
vt 0.17512 0.39484
vt 0.15509 0.38792
vt 0.17853 0.38324
vt 0.94446 0.56921
vt 0.96637 0.56866
vt 0.99115 0.56837
vt 0.9706 0.57607
vt 0.12971 0.72416
vt 0.93809 0.79985
vt 0.94414 0.78864
vt 0.93132 0.79369
vt 0.9611 0.79567
vt 0.95062 0.7926
vt 0.98007 0.78998
vt 0.14917 0.82171
vt 0.09212 0.70641
vt 0.11435 0.71104
vt 0.01391 0.55361
vt 0.14347 0.81552
vt 0.08934 0.69656
vt 0.0773 0.69002
vt 0.13383 0.82022
vt 0.13033 0.816
vt 0.13307 0.8085
vt 0.0647 0.69604
vt 0.06476 0.68316
vt 0.06829 0.69492
vt 0.08778 0.6829
vt 0.12623 0.81523
vt 0.06254 0.69565
vt 0.06169 0.67484
vt 0.03921 0.51318
vt 0.12553 0.80444
vt 0.06916 0.67355
vt 0.06227 0.67219
vt 0.06307 0.66774
vt 0.03441 0.51064
vt 0.11536 0.79922
vt 0.08872 0.66028
vt 0.1079 0.66063
vt 0.94377 0.73311
vt 0.93804 0.7245
vt 0.05215 0.63948
vt 0.05868 0.63783
vt 0.05857 0.6235
vt 0.9164 0.18842
vt 0.12624 0.63824
vt 0.92248 0.18326
vt 0.08698 0.26196
vt 0.07606 0.95027
vt 0.07617 0.96479
vt 0.03488 0.94729
vt 0.01653 0.95009
vt 0.18958 0.24805
vt 0.58021 0.22303
vt 0.61554 0.22155
vt 0.20316 0.24671
vt 0.52348 0.22535
vt 0.65378 0.21429
vt 0.77039 0.211
vt 0.44538 0.23206
vt 0.3566 0.24004
vt 0.67119 0.21142
vt 0.24297 0.24445
vt 0.68881 0.2069
vt 0.70662 0.21085
vt 0.71645 0.20506
vt 0.45179 0.39448
vt 0.46102 0.39257
vt 0.73624 0.38055
vt 0.73652 0.37155
vt 0.74944 0.38115
vt 0.24674 0.39611
vt 0.25331 0.39442
vt 0.51886 0.38659
vt 0.55275 0.39117
vt 0.79692 0.36543
vt 0.79085 0.37945
vt 0.13222 0.40013
vt 0.03481 0.75622
vt 0.03664 0.75858
vt 0.97476 0.80175
vt 0.93099 0.80398
vt 0.11251 0.72336
vt 0.01056 0.5668
vt 0.94422 0.80084
vt 0.1553 0.8285
vt 0.40819 0.9819
vt 0.40765 0.9905
vt 0.39972 0.9805
vt 0.06398 0.70073
vt 0.07013 0.7083
vt 0.0639 0.70547
vt 0.90924 0.5521
vt 0.90282 0.56301
vt 0.91321 0.55134
vt 0.3926 0.9905
vt 0.07452 0.66352
vt 0.11488 0.8104
vt 0.90739 0.20576
vt 0.91389 0.20801
vt 0.91253 0.20503
vt 0.06394 0.66215
vt 0.91831 0.20472
vt 0.86761 0.34747
vt 0.86418 0.33851
vt 0.10772 0.7978
vt 0.11146 0.64583
vt 0.04532 0.5038
vt 0.98014 0.72477
vt 0.01409 0.62702
vt 0.00992 0.64036
vt 0.02582 0.62971
vt 0.02666 0.63892
vt 0.03866 0.63957
vt 0.03888 0.63074
vt 0.04571 0.6316
vt 0.04563 0.63937
vt 0.11007 0.25493
vt 0.05189 0.95674
vt 0.13628 0.25082
vt 0.01743 0.9562
vt 0.59701 0.22228
vt 0.00913 0.9254
vt 0.00583 0.93664
vt 0.56695 0.21981
vt 0.22443 0.24521
vt 0.2594 0.24546
vt 0.29605 0.24431
vt 0.39519 0.23506
vt 0.10735 0.40288
vt 0.08496 0.40255
vt 0.93811 0.81144
vt 0.9803 0.8034
vt 0.96181 0.80555
vt 0.02669 0.77357
vt 0.98792 0.5575
vt 0.08501 0.71578
vt 0.16932 0.79845
vt 0.15951 0.8005
vt 0.16222 0.79716
vt 0.41728 0.98267
vt 0.06369 0.71117
vt 0.89356 0.58535
vt 0.89064 0.59581
vt 0.89336 0.59641
vt 0.10599 0.80588
vt 0.86527 0.35383
vt 0.87131 0.35113
vt 0.06177 0.65617
vt 0.07509 0.64944
vt 0.0565 0.50613
vt 0.09946 0.79671
vt 0.09303 0.64596
vt 0.041 0.65315
vt 0.05131 0.65155
vt 0.05436 0.50184
vt 0.00947 0.6504
vt 0.01483 0.65053
vt 0.02648 0.65117
vt 0.07959 0.9609
vt 0.081 0.97303
vt 0.05896 0.6512
vt 0.06984 0.27264
vt 0.07063 0.26341
vt 0.93647 0.18511
vt 0.06635 0.96796
vt 0.04166 0.96957
vt 0.00984 0.94642
vt 0.78855 0.19912
vt 0.78558 0.2101
vt 0.76573 0.20103
vt 0.25343 0.23443
vt 0.25567 0.23438
vt 0.47843 0.22623
vt 0.73744 0.20172
vt 0.24744 0.41175
vt 0.38619 0.39643
vt 0.42869 0.38605
vt 0.15585 0.40663
vt 0.01205 0.57807
vt 0.01516 0.57176
vt 0.96182 0.81475
vt 0.04079 0.76473
vt 0.03355 0.76959
vt 0.04909 0.39309
vt 0.065 0.38725
vt 0.0664 0.39843
vt 0.0636 0.72153
vt 0.06906 0.72566
vt 0.08973 0.72642
vt 0.17459 0.7947
vt 0.17581 0.78477
vt 0.02494 0.7865
vt 0.89244 0.60638
vt 0.06137 0.64812
vt 0.04568 0.65193
vt 0.10931 0.63379
vt 0.08181 0.98218
vt 0.07268 0.97825
vt 0.09052 0.79571
vt 0.09456 0.78679
vt 0.05665 0.26175
vt 0.01425 0.66195
vt 0.02651 0.66223
vt 0.05866 0.66099
vt 0.07533 0.25427
vt 0.05461 0.96973
vt 0.02362 0.96371
vt 0.00682 0.9559
vt 0.00046 0.94552
vt 0.59306 0.20564
vt 0.61029 0.20997
vt 0.63316 0.20035
vt 0.79597 0.20615
vt 0.64929 0.19966
vt 0.24762 0.23519
vt 0.44395 0.21768
vt 0.65816 0.38048
vt 0.65996 0.4061
vt 0.64034 0.39881
vt 0.17519 0.40768
vt 0.04477 0.75214
vt 0.85138 0.18138
vt 0.85723 0.18612
vt 0.8515 0.17374
vt 0.94617 0.80902
vt 0.94476 0.82068
vt 0.02822 0.40244
vt 0.05675 0.40497
vt 0.00295 0.40997
vt 0.00229 0.40213
vt 0.00804 0.40569
vt 0.18234 0.79123
vt 0.01797 0.58049
vt 0.09707 0.80651
vt 0.06079 0.64138
vt 0.08328 0.63816
vt 0.00917 0.66557
vt 0.0454 0.66513
vt 0.06075 0.25084
vt 0.05159 0.66478
vt 0.05863 0.97733
vt 0.08946 0.24783
vt 0.11094 0.24373
vt 0.80306 0.1986
vt 0.2032 0.2344
vt 0.53839 0.20849
vt 0.26009 0.2306
vt 0.30545 0.23025
vt 0.3639 0.22311
vt 0.49308 0.21173
vt 0.23242 0.23236
vt 0.24079 0.2328
vt 0.7001 0.19267
vt 0.71351 0.1915
vt 0.4511 0.41571
vt 0.07065 0.40898
vt 0.93808 0.82219
vt 0.18384 0.78203
vt 0.03082 0.4136
vt 0.17884 0.79585
vt 0.89239 0.61347
vt 0.89535 0.61874
vt 0.0096 0.25797
vt 0.02101 0.24755
vt 0.03135 0.25879
vt 0.04116 0.24856
vt 0.0682 0.5015
vt 0.0777 0.79048
vt 0.08102 0.7855
vt 0.03179 0.97437
vt 0.16012 0.23717
vt 0.18417 0.23547
vt 0.61275 0.20111
vt 0.45078 0.2143
vt 0.66915 0.19619
vt 0.7402 0.18977
vt 0.45875 0.21529
vt 0.68662 0.194
vt 0.30171 0.41356
vt 0.3081 0.39962
vt 0.39264 0.41085
vt 0.07534 0.42169
vt 0.05476 0.75167
vt 0.97592 0.82594
vt 0.96147 0.82548
vt 0.01939 0.59347
vt 0.05226 0.76175
vt 0.05104 0.41455
vt 0.19547 0.78095
vt 0.19304 0.7902
vt 0.18863 0.79419
vt 0.08574 0.8049
vt 0.08281 0.79647
vt 0.00979 0.2506
vt 0.02565 0.67549
vt 0.03982 0.67411
vt 0.05833 0.67266
vt 0.05668 0.23763
vt 0.07194 0.2388
vt 0.04667 0.97867
vt 0.1182 0.23681
vt 0.79228 0.18711
vt 0.80447 0.18688
vt 0.56835 0.20378
vt 0.77254 0.18765
vt 0.05575 0.75778
vt 0.89272 0.62096
vt 0.89679 0.62695
vt 0.00969 0.24305
vt 0.07287 0.50723
vt 0.01411 0.67705
vt 0.04558 0.67537
vt 0.0514 0.68471
vt 0.0506 0.9855
vt 0.06823 0.78755
vt 0.08812 0.00233
vt 0.07568 0.0015
vt 0.0777 0.00546
vt 0.09081 0.23646
vt 0.47307 0.19824
vt 0.23385 0.22252
vt 0.2402 0.22062
vt 0.44789 0.40899
vt 0.40875 0.42172
vt 0.44827 0.42756
vt 0.08905 0.42278
vt 0.02736 0.59776
vt 0.07404 0.7983
vt 0.01464 0.23728
vt 0.03181 0.23717
vt 0.07891 0.50381
vt 0.00908 0.67757
vt 0.05786 0.68184
vt 0.06359 0.79113
vt 0.12645 0.22179
vt 0.16377 0.22484
vt 0.18913 0.22465
vt 0.57916 0.18847
vt 0.5939 0.18687
vt 0.5477 0.1916
vt 0.63377 0.18547
vt 0.20919 0.22126
vt 0.44274 0.19998
vt 0.67023 0.18418
vt 0.73813 0.17744
vt 0.77037 0.17597
vt 0.24593 0.21863
vt 0.25333 0.21688
vt 0.26485 0.21603
vt 0.31322 0.21261
vt 0.40138 0.20963
vt 0.45 0.19879
vt 0.45624 0.19875
vt 0.68683 0.17961
vt 0.69901 0.18053
vt 0.71593 0.18011
vt 0.25844 0.42998
vt 0.25506 0.43085
vt 0.25744 0.4109
vt 0.05834 0.74864
vt 0.06284 0.7504
vt 0.85365 0.15693
vt 0.85977 0.16505
vt 0.85861 0.1563
vt 0.07864 0.80759
vt 0.00986 0.23734
vt 0.03886 0.6878
vt 0.09192 0.22226
vt 0.79252 0.17656
vt 0.80518 0.17526
vt 0.60922 0.18565
vt 0.17365 0.42838
vt 0.14867 0.43415
vt 0.15328 0.4197
vt 0.06734 0.10572
vt 0.06722 0.10329
vt 0.0761 0.1065
vt 0.08874 0.51075
vt 0.07473 0.09561
vt 0.06776 0.09345
vt 0.0104 0.23268
vt 0.01334 0.22708
vt 0.03518 0.22502
vt 0.01127 0.68781
vt 0.04553 0.68812
vt 0.05903 0.0907
vt 0.08181 0.09094
vt 0.0586 0.22437
vt 0.0571 0.8044
vt 0.07709 0.22316
vt 0.14583 0.21873
vt 0.35739 0.2061
vt 0.39782 0.20093
vt 0.08922 0.43644
vt 0.05925 0.43726
vt 0.05987 0.42544
vt 0.07886 0.75883
vt 0.03459 0.61114
vt 0.10517 0.528
vt 0.00686 0.69032
vt 0.02473 0.68869
vt 0.05795 0.6877
vt 0.04861 0.79515
vt 0.05622 0.00397
vt 0.06406 0.0065
vt 0.79363 0.163
vt 0.52381 0.1788
vt 0.76235 0.16525
vt 0.23069 0.20138
vt 0.71076 0.16262
vt 0.59719 0.42435
vt 0.6029 0.41235
vt 0.6129 0.42391
vt 0.07609 0.7512
vt 0.00699 0.43835
vt 0.00639 0.43413
vt 0.01125 0.44015
vt 0.11175 0.58533
vt 0.05398 0.09444
vt 0.0489 0.79756
vt 0.18632 0.20739
vt 0.80498 0.16455
vt 0.60778 0.17079
vt 0.78289 0.16458
vt 0.63516 0.16892
vt 0.66886 0.16639
vt 0.73225 0.16331
vt 0.20918 0.20702
vt 0.23837 0.20169
vt 0.69867 0.1649
vt 0.44853 0.44054
vt 0.98866 0.99193
vt 0.97573 0.9921
vt 0.976 0.98563
vt 0.98805 0.98545
vt 0.0535 0.10371
vt 0.00908 0.2177
vt 0.01282 0.21692
vt 0.01013 0.22809
vt 0.01033 0.6997
vt 0.02351 0.69926
vt 0.05348 0.70095
vt 0.05857 0.70264
vt 0.04844 0.80886
vt 0.15579 0.20879
vt 0.5679 0.17351
vt 0.25251 0.20059
vt 0.26058 0.20076
vt 0.34072 0.19617
vt 0.4417 0.18435
vt 0.44805 0.18141
vt 0.47866 0.18128
vt 0.45574 0.18361
vt 0.68634 0.16327
vt 0.03238 0.21411
vt 0.05654 0.21199
vt 0.03805 0.6998
vt 0.04513 0.70091
vt 0.84757 0.50034
vt 0.86301 0.50253
vt 0.84049 0.5045
vt 0.07771 0.21126
vt 0.09119 0.20983
vt 0.84898 0.09745
vt 0.85072 0.0893
vt 0.85809 0.09014
vt 0.59175 0.17061
vt 0.76576 0.15505
vt 0.24598 0.20168
vt 0.38223 0.18995
vt 0.73435 0.15029
vt 0.16941 0.44533
vt 0.17075 0.45693
vt 0.144 0.456
vt 0.14112 0.44541
vt 0.07573 0.7485
vt 0.08631 0.7517
vt 0.96379 0.95096
vt 0.96111 0.94507
vt 0.97586 0.9451
vt 0.04761 0.61849
vt 0.05199 0.61509
vt 0.09447 0.61036
vt 0.10728 0.52439
vt 0.00749 0.7154
vt 0.01094 0.71191
vt 0.0978 0.5123
vt 0.04231 0.09202
vt 0.0438 0.8178
vt 0.03171 0.20524
vt 0.02498 0.70969
vt 0.03863 0.71063
vt 0.04019 0.80331
vt 0.46643 0.16921
vt 0.69936 0.14253
vt 0.45309 0.45639
vt 0.44902 0.45182
vt 0.09601 0.75836
vt 0.96442 0.99154
vt 0.96468 0.98561
vt 0.22064 0.78048
vt 0.22139 0.7755
vt 0.23643 0.78047
vt 0.03891 0.10404
vt 0.03963 0.1016
vt 0.96007 0.15939
vt 0.95933 0.15515
vt 0.95682 0.16751
vt 0.00869 0.20625
vt 0.01251 0.20623
vt 0.04485 0.71162
vt 0.05052 0.71174
vt 0.05696 0.71744
vt 0.06817 0.20151
vt 0.03373 0.81619
vt 0.85773 0.49854
vt 0.09053 0.19972
vt 0.11652 0.19858
vt 0.15693 0.19694
vt 0.17164 0.19161
vt 0.1906 0.1929
vt 0.83229 0.09918
vt 0.82289 0.09623
vt 0.84 0.09202
vt 0.55465 0.16042
vt 0.58001 0.15658
vt 0.60129 0.15766
vt 0.61585 0.15496
vt 0.82162 0.1055
vt 0.20351 0.19171
vt 0.52186 0.16347
vt 0.6342 0.14967
vt 0.22223 0.19056
vt 0.66781 0.14829
vt 0.2513 0.18584
vt 0.25572 0.18673
vt 0.28432 0.18591
vt 0.33769 0.17938
vt 0.38485 0.1777
vt 0.44056 0.1692
vt 0.68556 0.14683
vt 0.70868 0.1493
vt 0.24028 0.17936
vt 0.0305 0.81501
vt 0.79849 0.10431
vt 0.80853 0.09733
vt 0.73173 0.14445
vt 0.74487 0.14331
vt 0.71327 0.13827
vt 0.23563 0.18035
vt 0.45187 0.16773
vt 0.18766 0.44952
vt 0.18257 0.46508
vt 0.15411 0.46694
vt 0.10173 0.76991
vt 0.24603 0.77825
vt 0.00778 0.20124
vt 0.01151 0.19713
vt 0.03236 0.19471
vt 0.04431 0.72336
vt 0.04935 0.72518
vt 0.06731 0.19163
vt 0.08918 0.18673
vt 0.386 0.16792
vt 0.44313 0.15796
vt 0.66927 0.13883
vt 0.44911 0.46853
vt 0.08979 0.47138
vt 0.07703 0.46947
vt 0.07533 0.45839
vt 0.03057 0.10356
vt 0.03318 0.09275
vt 0.01061 0.7213
vt 0.02475 0.72314
vt 0.0384 0.72485
vt 0.05071 0.0895
vt 0.02697 0.8285
vt 0.87093 0.4985
vt 0.12677 0.18258
vt 0.14606 0.18293
vt 0.59982 0.145
vt 0.60441 0.13672
vt 0.78845 0.10191
vt 0.54233 0.15016
vt 0.45138 0.15163
vt 0.47317 0.15084
vt 0.9512 0.99267
vt 0.95291 0.98534
vt 0.06338 0.62091
vt 0.04404 0.73344
vt 0.00598 0.19337
vt 0.03743 0.82643
vt 0.05148 0.18295
vt 0.07348 0.18135
vt 0.50544 0.14884
vt 0.25079 0.17064
vt 0.71727 0.13121
vt 0.31528 0.16648
vt 0.43894 0.15387
vt 0.22837 0.17749
vt 0.07244 0.47772
vt 0.10685 0.76614
vt 0.24697 0.78384
vt 0.1176 0.56138
vt 0.1153 0.54654
vt 0.11784 0.53917
vt 0.02417 0.0932
vt 0.0065 0.18813
vt 0.0185 0.18769
vt 0.03449 0.18539
vt 0.00838 0.73403
vt 0.30586 0.0345
vt 0.29911 0.02763
vt 0.30529 0.0236
vt 0.11321 0.17869
vt 0.17156 0.17928
vt 0.20111 0.17861
vt 0.53991 0.1402
vt 0.58239 0.1383
vt 0.61512 0.1349
vt 0.65396 0.13084
vt 0.24406 0.17049
vt 0.25659 0.17205
vt 0.39531 0.15752
vt 0.68351 0.12446
vt 0.92124 0.7175
vt 0.90983 0.71427
vt 0.91348 0.73167
vt 0.9167 0.70184
vt 0.90024 0.705
vt 0.94133 0.98505
vt 0.02196 0.10568
vt 0.02208 0.10302
vt 0.0158 0.09502
vt 0.00372 0.18478
vt 0.8846 0.42423
vt 0.89959 0.43527
vt 0.90044 0.42316
vt 0.02427 0.73973
vt 0.03713 0.73929
vt 0.0488 0.7425
vt 0.05693 0.7268
vt 0.05402 0.73489
vt 0.05713 0.73796
vt 0.87926 0.42671
vt 0.88652 0.44391
vt 0.30672 0.01992
vt 0.31673 0.0284
vt 0.88286 0.5004
vt 0.87808 0.5029
vt 0.08692 0.17431
vt 0.63193 0.13167
vt 0.7692 0.1055
vt 0.77564 0.09128
vt 0.77998 0.09191
vt 0.69893 0.12158
vt 0.10877 0.48074
vt 0.08783 0.48305
vt 0.11746 0.77831
vt 0.94126 0.99244
vt 0.11375 0.7865
vt 0.75 0.4325
vt 0.75091 0.44186
vt 0.75 0.4515
vt 0.26339 0.78639
vt 0.07507 0.61942
vt 0.00801 0.18075
vt 0.02862 0.17335
vt 0.12112 0.55379
vt 0.04992 0.16628
vt 0.06557 0.1673
vt 0.87232 0.43117
vt 0.86508 0.45695
vt 0.14926 0.16954
vt 0.84942 0.44979
vt 0.85131 0.45784
vt 0.85903 0.44158
vt 0.19725 0.16568
vt 0.43815 0.14216
vt 0.70834 0.1109
vt 0.2273 0.16395
vt 0.11171 0.49343
vt 0.07798 0.6215
vt 0.01451 0.1065
vt 0.00686 0.09681
vt 0.15318 0.53956
vt 0.16035 0.54923
vt 0.15984 0.5335
vt 0.16547 0.54179
vt 0.17263 0.54684
vt 0.17008 0.53379
vt 0.17322 0.53675
vt 0.2913 0.0141
vt 0.29481 0.01299
vt 0.083 0.161
vt 0.1251 0.16728
vt 0.86505 0.43668
vt 0.17487 0.16343
vt 0.58899 0.1191
vt 0.60272 0.11289
vt 0.49738 0.12806
vt 0.24874 0.15583
vt 0.25311 0.15505
vt 0.38941 0.14412
vt 0.44228 0.13579
vt 0.46528 0.13715
vt 0.66733 0.11891
vt 0.44936 0.13518
vt 0.67024 0.46848
vt 0.66887 0.47956
vt 0.63261 0.46658
vt 0.20298 0.47481
vt 0.20091 0.4884
vt 0.17972 0.47633
vt 0.90468 0.72441
vt 0.89979 0.74293
vt 0.89734 0.71719
vt 0.10998 0.50285
vt 0.93358 0.99235
vt 0.93273 0.9855
vt 0.1235 0.55139
vt 0.12847 0.55176
vt 0.12412 0.53637
vt 0.1404 0.54041
vt 0.29142 0.0231
vt 0.90597 0.44882
vt 0.57305 0.122
vt 0.54423 0.12602
vt 0.65413 0.10746
vt 0.297 0.15348
vt 0.69968 0.10932
vt 0.23693 0.16282
vt 0.8924 0.72758
vt 0.88775 0.70928
vt 0.8957 0.70106
vt 0.18757 0.82973
vt 0.18919 0.84041
vt 0.16317 0.83944
vt 0.27698 0.02841
vt 0.27178 0.01685
vt 0.283 0.01901
vt 0.00365 0.17857
vt 0.00046 0.16558
vt 0.00583 0.16657
vt 0.02162 0.15831
vt 0.03088 0.16069
vt 0.14175 0.55354
vt 0.94572 0.11342
vt 0.95309 0.12514
vt 0.95566 0.11373
vt 0.16573 0.55627
vt 0.10887 0.15496
vt 0.8926 0.45681
vt 0.87801 0.46405
vt 0.14763 0.15946
vt 0.83739 0.46759
vt 0.8474 0.47286
vt 0.61606 0.11476
vt 0.62978 0.11239
vt 0.24314 0.15634
vt 0.45509 0.48086
vt 0.45403 0.50267
vt 0.44975 0.48626
vt 0.91471 0.7523
vt 0.90887 0.74913
vt 0.90614 0.76556
vt 0.8767 0.7162
vt 0.04904 0.1295
vt 0.05489 0.1298
vt 0.04799 0.1325
vt 0.89593 0.69744
vt 0.88746 0.69547
vt 0.05713 0.1325
vt 0.90411 0.67621
vt 0.89016 0.6724
vt 0.89169 0.67994
vt 0.12112 0.57046
vt 0.15304 0.56198
vt 0.15984 0.56841
vt 0.07813 0.1466
vt 0.1392 0.14735
vt 0.83201 0.48586
vt 0.82509 0.47671
vt 0.71839 0.11293
vt 0.71627 0.10189
vt 0.72855 0.1118
vt 0.43754 0.12933
vt 0.68644 0.10695
vt 0.23453 0.14904
vt 0.87873 0.7018
vt 0.14305 0.0835
vt 0.88728 0.6854
vt 0.20247 0.02676
vt 0.21496 0.01579
vt 0.22332 0.01209
vt 0.21728 0.02153
vt 0.09387 0.61668
vt 0.2269 0.01861
vt 0.22271 0.02385
vt 0.11845 0.57815
vt 0.08742 0.93099
vt 0.08638 0.92192
vt 0.09023 0.92027
vt 0.15236 0.57415
vt 0.26866 0.01341
vt 0.27782 0.00729
vt 0.14087 0.56668
vt 0.16466 0.57242
vt 0.94126 0.10487
vt 0.04493 0.15119
vt 0.06057 0.14488
vt 0.0638 0.15394
vt 0.89455 0.47132
vt 0.85755 0.47874
vt 0.82107 0.49326
vt 0.19619 0.14878
vt 0.56113 0.11074
vt 0.72592 0.09758
vt 0.21395 0.15058
vt 0.22518 0.14638
vt 0.28935 0.14054
vt 0.33862 0.13849
vt 0.39508 0.12702
vt 0.66618 0.10696
vt 0.45235 0.12258
vt 0.87512 0.73418
vt 0.87914 0.74393
vt 0.87709 0.72716
vt 0.14442 0.50746
vt 0.88044 0.68735
vt 0.16624 0.8485
vt 0.19233 0.84982
vt 0.16891 0.85847
vt 0.10305 0.60915
vt 0.11119 0.59676
vt 0.11512 0.90961
vt 0.13292 0.91207
vt 0.12498 0.91989
vt 0.25887 0.01645
vt 0.2555 0.01319
vt 0.13346 0.93356
vt 0.15268 0.92443
vt 0.15006 0.93624
vt 0.91522 0.46696
vt 0.91396 0.44404
vt 0.10318 0.13694
vt 0.90038 0.45417
vt 0.90824 0.47266
vt 0.86568 0.48886
vt 0.17641 0.14084
vt 0.52324 0.11537
vt 0.24858 0.13975
vt 0.70951 0.08317
vt 0.71175 0.09104
vt 0.87174 0.72507
vt 0.15452 0.85995
vt 0.17106 0.87111
vt 0.15758 0.87104
vt 0.91069 0.98434
vt 0.90115 0.99109
vt 0.89902 0.9834
vt 0.24293 0.01541
vt 0.24198 0.00843
vt 0.11806 0.58725
vt 0.15974 0.58585
vt 0.16582 0.58753
vt 0.26694 0.00547
vt 0.94309 0.09452
vt 0.93465 0.10254
vt 0.16016 0.13532
vt 0.83668 0.49631
vt 0.58615 0.10026
vt 0.61148 0.09697
vt 0.6253 0.09418
vt 0.64199 0.09474
vt 0.24547 0.13522
vt 0.32455 0.12906
vt 0.4405 0.10781
vt 0.23967 0.13777
vt 0.69493 0.09487
vt 0.90953 0.77799
vt 0.8876 0.75837
vt 0.90082 0.78687
vt 0.88336 0.7619
vt 0.87394 0.7506
vt 0.87258 0.70218
vt 0.87406 0.68448
vt 0.19175 0.85985
vt 0.23526 0.00605
vt 0.16536 0.59884
vt 0.17026 0.59871
vt 0.25729 0.00527
vt 0.83944 0.76293
vt 0.84415 0.77049
vt 0.8389 0.77129
vt 0.16899 0.92808
vt 0.16539 0.93922
vt 0.90482 0.48219
vt 0.88185 0.48583
vt 0.84746 0.49664
vt 0.59859 0.08764
vt 0.57032 0.09819
vt 0.72153 0.08652
vt 0.73657 0.08571
vt 0.43565 0.11082
vt 0.65661 0.09913
vt 0.28285 0.13244
vt 0.39389 0.1192
vt 0.44806 0.11127
vt 0.68464 0.09408
vt 0.4618 0.5027
vt 0.45842 0.51912
vt 0.67771 0.49269
vt 0.68222 0.50576
vt 0.67225 0.50653
vt 0.01069 0.28489
vt 0.01873 0.29478
vt 0.00788 0.30643
vt 0.02526 0.2852
vt 0.95526 0.42134
vt 0.96093 0.42135
vt 0.95624 0.41481
vt 0.25324 0.00388
vt 0.25613 0.0015
vt 0.19394 0.13037
vt 0.54828 0.10016
vt 0.21396 0.1373
vt 0.25009 0.13053
vt 0.45959 0.1088
vt 0.23074 0.13294
vt 0.45112 0.52305
vt 0.09737 0.12451
vt 0.14413 0.12917
vt 0.12395 0.14061
vt 0.74517 0.07931
vt 0.75403 0.06884
vt 0.76381 0.0752
vt 0.5824 0.08168
vt 0.54496 0.09067
vt 0.74052 0.07275
vt 0.72082 0.08095
vt 0.28098 0.12254
vt 0.33075 0.1169
vt 0.5012 0.10283
vt 0.19986 0.51617
vt 0.1767 0.51991
vt 0.18146 0.50575
vt 0.1789 0.53196
vt 0.14747 0.51983
vt 0.03422 0.29648
vt 0.89913 0.49317
vt 0.90895 0.48721
vt 0.89255 0.49255
vt 0.981 0.3165
vt 0.97303 0.3255
vt 0.9904 0.3255
vt 0.76879 0.06283
vt 0.77797 0.05339
vt 0.78437 0.05498
vt 0.87595 0.49669
vt 0.76551 0.05932
vt 0.56789 0.08537
vt 0.60991 0.07592
vt 0.731 0.07423
vt 0.39555 0.10909
vt 0.65223 0.08205
vt 0.6692 0.08463
vt 0.44489 0.10064
vt 0.69043 0.08192
vt 0.23447 0.1263
vt 0.2072 0.53093
vt 0.0209 0.30199
vt 0.01433 0.32189
vt 0.04111 0.2904
vt 0.78856 0.04951
vt 0.18148 0.12364
vt 0.75038 0.06475
vt 0.63796 0.07215
vt 0.20979 0.12485
vt 0.24414 0.11724
vt 0.43409 0.09526
vt 0.22357 0.12496
vt 0.45562 0.53756
vt 0.2567 0.8063
vt 0.23078 0.82447
vt 0.22538 0.81638
vt 0.17292 0.89863
vt 0.20712 0.89083
vt 0.19595 0.90424
vt 0.90223 0.49716
vt 0.90984 0.49575
vt 0.17373 0.11353
vt 0.77881 0.04768
vt 0.78701 0.04473
vt 0.76987 0.05276
vt 0.7583 0.05783
vt 0.62013 0.07282
vt 0.74068 0.06362
vt 0.722 0.07148
vt 0.24798 0.1128
vt 0.27142 0.11283
vt 0.32435 0.10442
vt 0.35799 0.10198
vt 0.466 0.09517
vt 0.44886 0.09514
vt 0.45131 0.53267
vt 0.03516 0.30785
vt 0.11337 0.11072
vt 0.1349 0.10405
vt 0.14746 0.11456
vt 0.79075 0.0377
vt 0.51851 0.08122
vt 0.52742 0.07211
vt 0.55829 0.07699
vt 0.74921 0.05469
vt 0.66381 0.06746
vt 0.67473 0.06647
vt 0.6861 0.06269
vt 0.70512 0.0708
vt 0.22729 0.11297
vt 0.23096 0.11281
vt 0.66309 0.51801
vt 0.65248 0.53905
vt 0.62788 0.52648
vt 0.05888 0.29727
vt 0.05574 0.3043
vt 0.20615 0.92602
vt 0.21712 0.93124
vt 0.21051 0.93996
vt 0.78086 0.03832
vt 0.78352 0.0331
vt 0.58159 0.06381
vt 0.59746 0.06667
vt 0.54019 0.06389
vt 0.56534 0.06409
vt 0.60757 0.05431
vt 0.21045 0.10645
vt 0.28027 0.09849
vt 0.34216 0.09018
vt 0.39879 0.08452
vt 0.43307 0.08469
vt 0.46113 0.08493
vt 0.71684 0.05555
vt 0.44627 0.08604
vt 0.45172 0.54849
vt 0.27838 0.81047
vt 0.25757 0.8164
vt 0.00594 0.32415
vt 0.01686 0.33461
vt 0.01068 0.33894
vt 0.02918 0.32989
vt 0.78181 0.02739
vt 0.77138 0.04151
vt 0.74128 0.05301
vt 0.76073 0.03733
vt 0.76129 0.04694
vt 0.73652 0.04084
vt 0.24032 0.1029
vt 0.24341 0.10111
vt 0.64906 0.05186
vt 0.2202 0.10364
vt 0.46384 0.53321
vt 0.46377 0.55005
vt 0.23915 0.85283
vt 0.2392 0.86526
vt 0.20434 0.86328
vt 0.0375 0.31605
vt 0.62023 0.05382
vt 0.63602 0.0477
vt 0.47461 0.06924
vt 0.43255 0.07137
vt 0.69639 0.0491
vt 0.44207 0.07391
vt 0.5296 0.7805
vt 0.53762 0.79281
vt 0.53063 0.80186
vt 0.22447 0.92882
vt 0.22399 0.94358
vt 0.54459 0.05189
vt 0.57703 0.05158
vt 0.18794 0.0989
vt 0.19155 0.11191
vt 0.75673 0.02913
vt 0.27444 0.08734
vt 0.32334 0.081
vt 0.66411 0.04674
vt 0.68112 0.04765
vt 0.06998 0.32317
vt 0.92708 0.49307
vt 0.93196 0.49844
vt 0.93912 0.48893
vt 0.59558 0.03511
vt 0.61278 0.04014
vt 0.77303 0.02116
vt 0.24408 0.08823
vt 0.72437 0.03306
vt 0.22701 0.09803
vt 0.44802 0.06801
vt 0.74284 0.79264
vt 0.7393 0.81185
vt 0.72772 0.79559
vt 0.03565 0.33438
vt 0.02683 0.33924
vt 0.22731 0.96794
vt 0.25698 0.95706
vt 0.25825 0.97283
vt 0.77606 0.01198
vt 0.788 0.01966
vt 0.54703 0.03682
vt 0.50274 0.05619
vt 0.2036 0.08927
vt 0.47025 0.05553
vt 0.27233 0.07902
vt 0.30403 0.07072
vt 0.36137 0.06748
vt 0.383 0.0752
vt 0.43166 0.05757
vt 0.70719 0.03051
vt 0.53515 0.81609
vt 0.26617 0.85277
vt 0.26062 0.86817
vt 0.02421 0.34667
vt 0.01774 0.3433
vt 0.235 0.87803
vt 0.6033 0.0315
vt 0.61721 0.02386
vt 0.51116 0.04003
vt 0.64558 0.02939
vt 0.66085 0.03687
vt 0.74537 0.024
vt 0.2152 0.08614
vt 0.4429 0.05541
vt 0.52626 0.80553
vt 0.52666 0.81674
vt 0.0803 0.29977
vt 0.08727 0.30858
vt 0.07171 0.30219
vt 0.1708 0.09577
vt 0.16086 0.08381
vt 0.18638 0.08273
vt 0.75294 0.01446
vt 0.76584 0.01234
vt 0.2356 0.06664
vt 0.24308 0.07244
vt 0.23866 0.08349
vt 0.22291 0.08047
vt 0.52655 0.8328
vt 0.0685 0.33067
vt 0.05043 0.33867
vt 0.08692 0.31673
vt 0.60344 0.01028
vt 0.61237 0.00916
vt 0.43071 0.04039
vt 0.43503 0.03936
vt 0.30728 0.05483
vt 0.36228 0.05791
vt 0.53884 0.83367
vt 0.04784 0.34508
vt 0.03516 0.34177
vt 0.76539 0.00211
vt 0.71712 0.01506
vt 0.73623 0.01358
vt 0.22891 0.08038
vt 0.22595 0.06168
vt 0.44342 0.0363
vt 0.06606 0.33815
vt 0.26105 0.90363
vt 0.29866 0.91327
vt 0.26061 0.91527
vt 0.70038 0.95574
vt 0.69165 0.94004
vt 0.70951 0.9568
vt 0.86414 0.97199
vt 0.83985 0.9583
vt 0.85772 0.96003
vt 0.23409 0.04826
vt 0.64496 0.00764
vt 0.19283 0.06253
vt 0.2107 0.07033
vt 0.4293 0.02498
vt 0.68221 0.03249
vt 0.67514 0.01886
vt 0.69323 0.01576
vt 0.53893 0.84615
vt 0.52713 0.84488
vt 0.33924 0.84942
vt 0.33965 0.8636
vt 0.33551 0.85074
vt 0.09033 0.32322
vt 0.08068 0.33685
vt 0.69008 0.87266
vt 0.69934 0.88776
vt 0.68732 0.89203
vt 0.10538 0.31445
vt 0.64442 0.9409
vt 0.60669 0.94969
vt 0.60607 0.94047
vt 0.59245 0.96358
vt 0.63905 0.95945
vt 0.52907 0.95908
vt 0.53335 0.95735
vt 0.53873 0.97393
vt 0.5292 0.97438
vt 0.45925 0.03622
vt 0.46265 0.02169
vt 0.50553 0.02853
vt 0.44545 0.02173
vt 0.53141 0.86445
vt 0.52735 0.86115
vt 0.7103 0.90302
vt 0.71938 0.91702
vt 0.69205 0.91639
vt 0.72744 0.95941
vt 0.71341 0.9394
vt 0.74178 0.96496
vt 0.33578 0.96013
vt 0.34102 0.9619
vt 0.33506 0.97741
vt 0.34033 0.97669
vt 0.36986 0.96157
vt 0.39514 0.97558
vt 0.47277 0.97334
vt 0.54401 0.97325
vt 0.54172 0.98773
vt 0.67401 0.00395
vt 0.69259 0.0006
vt 0.71088 0.00252
vt 0.52759 0.87778
vt 0.33608 0.94614
vt 0.33965 0.94855
vt 0.44625 0.95865
vt 0.47218 0.94437
vt 0.52869 0.94513
vt 0.53959 0.86075
vt 0.53172 0.88833
vt 0.52768 0.89189
vt 0.52763 0.90847
vt 0.31007 0.89264
vt 0.31503 0.91745
vt 0.7697 0.92452
vt 0.78049 0.9121
vt 0.78014 0.93886
vt 0.32072 0.94497
vt 0.32222 0.93451
vt 0.32705 0.94705
vt 0.54207 0.94248
vt 0.5414 0.92566
vt 0.55698 0.93116
vt 0.82434 0.69138
vt 0.07126 0.04458
vt 0.06594 0.03695
vt 0.02697 0.07111
vt 0.04132 0.05547
vt 0.03642 0.07591
vt 0.05943 0.05608
vt 0.11204 0.02047
vt 0.84366 0.28689
vt 0.83953 0.28234
vt 0.8346 0.29478
vt 0.83119 0.29008
vt 0.04531 0.06572
vt 0.08165 0.04268
vt 0.12059 0.01566
vt 0.85226 0.26688
vt 0.84685 0.27585
vt 0.85676 0.27586
vt 0.85092 0.28175
vt 0.06533 0.05828
vt 0.10671 0.03111
vt 0.11802 0.02565
vt 0.24869 0.32894
vt 0.99012 0.6545
vt 0.04838 0.07885
vt 0.05298 0.07069
vt 0.08246 0.05231
vt 0.09458 0.04264
vt 0.85878 0.28303
vt 0.85389 0.28748
vt 0.83696 0.30127
vt 0.69895 0.3055
vt 0.65802 0.32936
vt 0.71833 0.76798
vt 0.12356 0.02514
vt 0.12774 0.01992
vt 0.82638 0.31204
vt 0.29057 0.33037
vt 0.12162 0.03788
vt 0.13736 0.0262
vt 0.85966 0.29346
vt 0.22109 0.33606
vt 0.23821 0.35722
vt 0.25031 0.33364
vt 0.64762 0.31888
vt 0.63174 0.32078
vt 0.98575 0.64386
vt 0.08085 0.0758
vt 0.0875 0.06172
vt 0.10835 0.05188
vt 0.13157 0.03059
vt 0.84192 0.31192
vt 0.83878 0.31411
vt 0.74874 0.33427
vt 0.99314 0.63831
vt 0.85522 0.30792
vt 0.23218 0.36393
vt 0.62052 0.32583
vt 0.09228 0.06981
vt 0.12298 0.05111
vt 0.13494 0.04132
vt 0.14551 0.03337
vt 0.17054 0.353
vt 0.60959 0.32791
vt 0.61115 0.3481
vt 0.86012 0.30322
vt 0.8473 0.31477
vt 0.74604 0.35349
vt 0.08185 0.08239
vt 0.10008 0.07569
vt 0.11451 0.07403
vt 0.12703 0.07013
vt 0.13202 0.05472
vt 0.23974 0.37481
vt 0.47375 0.3634
vt 0.09543 0.08024
vt 0.14634 0.0464
vt 0.86618 0.31252
vt 0.86105 0.31988
vt 0.22556 0.3801
vt 0.3282 0.37327
vt 0.74846 0.36947
vt 0.19856 0.38374
vt 0.28361 0.37562
vt 0.3901 0.37212
vt 0.10574 0.07956
vt 0.13903 0.05774
vt 0.87061 0.32052
vt 0.85917 0.33218
vt 0.72125 0.36979
vt 0.36018 0.38327
vt 0.59712 0.36772
vt 0.61188 0.36675
vt 0.14854 0.0567
vt 0.8684 0.32843
vt 0.79762 0.34803
vt 0.11846 0.08
vt 0.13866 0.07121
vt 0.67111 0.37477
vt 0.20677 0.39301
vt 0.96174 0.25998
vt 0.13233 0.07613
vt 0.88986 0.21465
vt 0.89543 0.20959
vt 0.8809 0.32765
vt 0.88596 0.31987
vt 0.90692 0.2175
vt 0.90351 0.20805
vt 0.79231 0.26244
vt 0.66751 0.38055
vt 0.71587 0.38083
vt 0.30234 0.38877
vt 0.58226 0.38125
vt 0.60141 0.38185
vt 0.86241 0.19346
vt 0.8792 0.19582
vt 0.87561 0.1933
vt 0.90457 0.54577
vt 0.89666 0.55449
vt 0.89136 0.56306
vt 0.89767 0.5721
vt 0.90103 0.20744
vt 0.88789 0.57055
vt 0.88442 0.58304
vt 0.91722 0.21705
vt 0.67435 0.38998
vt 0.64373 0.38198
vt 0.19255 0.40355
vt 0.78398 0.37588
vt 0.12475 0.0845
vt 0.13462 0.08381
vt 0.14164 0.08101
vt 0.87486 0.33797
vt 0.88346 0.59703
vt 0.92752 0.20955
vt 0.93071 0.21346
vt 0.85771 0.35511
vt 0.48732 0.39753
vt 0.68808 0.38936
vt 0.71843 0.38797
vt 0.21473 0.40474
vt 0.62748 0.38658
vt 0.61353 0.38503
vt 0.97421 0.26447
vt 0.96498 0.27673
vt 0.94771 0.28672
vt 0.93784 0.28373
vt 0.8722 0.18921
vt 0.91127 0.54018
vt 0.91699 0.54519
vt 0.89246 0.3265
vt 0.6995 0.39715
vt 0.23112 0.40713
vt 0.74156 0.38807
vt 0.27929 0.40405
vt 0.76174 0.38553
vt 0.77569 0.38451
vt 0.98622 0.2515
vt 0.98168 0.2603
vt 0.95974 0.2939
vt 0.9276 0.30161
vt 0.91814 0.29719
vt 0.91355 0.31347
vt 0.85401 0.17069
vt 0.86628 0.18177
vt 0.91971 0.53535
vt 0.92584 0.54018
vt 0.90335 0.31845
vt 0.89783 0.30936
vt 0.89626 0.31977
vt 0.90059 0.32866
vt 0.89291 0.33503
vt 0.88315 0.34498
vt 0.92528 0.20214
vt 0.8844 0.61019
vt 0.85213 0.3609
vt 0.24082 0.41051
vt 0.25443 0.40939
vt 0.55277 0.4017
vt 0.58063 0.40278
vt 0.60285 0.39678
vt 0.61892 0.39884
vt 0.97975 0.27525
vt 0.10783 0.41133
vt 0.97985 0.81472
vt 0.93108 0.81445
vt 0.93082 0.199
vt 0.94204 0.20104
vt 0.94472 0.20474
vt 0.93244 0.1885
vt 0.01295 0.96146
vt 0.46019 0.40933
vt 0.47787 0.40831
vt 0.68517 0.40409
vt 0.71425 0.40062
vt 0.72946 0.39881
vt 0.74637 0.39784
vt 0.76353 0.39522
vt 0.79013 0.39127
vt 0.79882 0.38042
vt 0.79938 0.39234
vt 0.93434 0.31135
vt 0.84747 0.17088
vt 0.94849 0.82212
vt 0.92858 0.53111
vt 0.86297 0.17522
vt 0.90991 0.32551
vt 0.88283 0.35733
vt 0.06794 0.98413
vt 0.02105 0.97023
vt 0.21024 0.41653
vt 0.23359 0.41761
vt 0.18322 0.41691
vt 0.77827 0.39385
vt 0.99027 0.26998
vt 0.12559 0.41813
vt 0.9467 0.30425
vt 0.93107 0.82243
vt 0.93571 0.52906
vt 0.93527 0.53615
vt 0.92274 0.32572
vt 0.90557 0.33903
vt 0.87578 0.36626
vt 0.87208 0.37211
vt 0.8629 0.36833
vt 0.88617 0.61975
vt 0.93694 0.19505
vt 0.82785 0.39747
vt 0.8181 0.40105
vt 0.82263 0.40479
vt 0.81282 0.40605
vt 0.81719 0.41502
vt 0.80484 0.41292
vt 0.54468 0.41239
vt 0.84849 0.16227
vt 0.98126 0.83193
vt 0.00473 0.421
vt 0.01828 0.42276
vt 0.91649 0.33279
vt 0.9428 0.19025
vt 0.95501 0.19355
vt 0.09186 0.0065
vt 0.84812 0.39378
vt 0.83718 0.39233
vt 0.83372 0.40127
vt 0.81004 0.42165
vt 0.24324 0.426
vt 0.68818 0.41723
vt 0.74602 0.40967
vt 0.64142 0.41279
vt 0.76275 0.40559
vt 0.61785 0.41227
vt 0.98439 0.28175
vt 0.97887 0.29272
vt 0.96518 0.2957
vt 0.06079 0.27944
vt 0.06079 0.2905
vt 0.05622 0.28273
vt 0.93805 0.83331
vt 0.94479 0.83462
vt 0.93145 0.83351
vt 0.94584 0.5275
vt 0.94286 0.53499
vt 0.03406 0.42599
vt 0.19596 0.79277
vt 0.91712 0.35284
vt 0.86251 0.38422
vt 0.85591 0.38495
vt 0.88893 0.63097
vt 0.95112 0.18907
vt 0.03893 0.98467
vt 0.23362 0.42986
vt 0.69989 0.4159
vt 0.71485 0.41444
vt 0.30273 0.42898
vt 0.48222 0.42326
vt 0.20822 0.42932
vt 0.19275 0.43005
vt 0.78536 0.40262
vt 0.58452 0.41457
vt 0.95037 0.31846
vt 0.05787 0.2755
vt 0.97757 0.83426
vt 0.96311 0.8365
vt 0.94965 0.83444
vt 0.0077 0.42946
vt 0.93799 0.3284
vt 0.94745 0.18663
vt 0.83899 0.40956
vt 0.46378 0.42773
vt 0.72457 0.42046
vt 0.55325 0.42344
vt 0.80161 0.40165
vt 0.99406 0.28004
vt 0.11898 0.43502
vt 0.96933 0.30073
vt 0.84506 0.15608
vt 0.84746 0.14662
vt 0.99954 0.99207
vt 0.99951 0.9995
vt 0.98745 0.99891
vt 0.85683 0.15183
vt 0.95293 0.53434
vt 0.20582 0.7914
vt 0.20408 0.78917
vt 0.92706 0.34273
vt 0.88303 0.37838
vt 0.87234 0.38713
vt 0.89233 0.6393
vt 0.8577 0.39716
vt 0.84407 0.40643
vt 0.83381 0.42334
vt 0.82354 0.42591
vt 0.81582 0.42971
vt 0.45447 0.43349
vt 0.67247 0.42842
vt 0.75763 0.41705
vt 0.77579 0.41414
vt 0.92043 0.86452
vt 0.93043 0.8525
vt 0.93415 0.86087
vt 0.947 0.85409
vt 0.96211 0.86201
vt 0.95581 0.8529
vt 0.95218 0.86128
vt 0.61472 0.9975
vt 0.63208 0.9975
vt 0.62348 0.9935
vt 0.99798 0.94364
vt 0.99655 0.94812
vt 0.98554 0.94813
vt 0.99578 0.9643
vt 0.98516 0.96324
vt 0.99744 0.98479
vt 0.20889 0.77965
vt 0.06575 0.76094
vt 0.89974 0.63618
vt 0.94972 0.18206
vt 0.40584 0.43051
vt 0.62981 0.42433
vt 0.74091 0.423
vt 0.571 0.42619
vt 0.94438 0.86414
vt 0.95835 0.86907
vt 0.96937 0.87094
vt 0.96682 0.87616
vt 0.97295 0.88848
vt 0.96082 0.31788
vt 0.98552 0.9778
vt 0.9977 0.97929
vt 0.85598 0.14744
vt 0.03063 0.43893
vt 0.89085 0.23481
vt 0.89625 0.2465
vt 0.88748 0.2429
vt 0.74315 0.2475
vt 0.74177 0.2505
vt 0.75591 0.2505
vt 0.93664 0.34496
vt 0.89698 0.37906
vt 0.89516 0.64421
vt 0.96168 0.18021
vt 0.95309 0.17835
vt 0.24481 0.44732
vt 0.95539 0.88525
vt 0.96268 0.89389
vt 0.94523 0.3413
vt 0.21762 0.78865
vt 0.88852 0.38888
vt 0.87327 0.39888
vt 0.85946 0.4045
vt 0.84294 0.4187
vt 0.82731 0.43057
vt 0.8217 0.43667
vt 0.23263 0.44611
vt 0.23993 0.45139
vt 0.68926 0.4329
vt 0.70489 0.43686
vt 0.2081 0.44935
vt 0.25513 0.44781
vt 0.30394 0.44411
vt 0.41069 0.44228
vt 0.4613 0.44102
vt 0.72562 0.43097
vt 0.5253 0.43832
vt 0.57223 0.43725
vt 0.60357 0.43696
vt 0.62572 0.43664
vt 0.73985 0.43626
vt 0.93687 0.86992
vt 0.94724 0.89443
vt 0.11308 0.44599
vt 0.9709 0.90093
vt 0.078 0.4461
vt 0.0905 0.4464
vt 0.05605 0.44807
vt 0.97528 0.96271
vt 0.97553 0.97788
vt 0.97532 0.99894
vt 0.96003 0.33133
vt 0.02817 0.44927
vt 0.87864 0.23027
vt 0.75823 0.24788
vt 0.93535 0.35804
vt 0.88862 0.39796
vt 0.90927 0.64753
vt 0.9048 0.65463
vt 0.85793 0.03281
vt 0.86335 0.05686
vt 0.85548 0.0444
vt 0.83585 0.42773
vt 0.48439 0.43997
vt 0.91324 0.88413
vt 0.88338 0.22448
vt 0.86014 0.12745
vt 0.00813 0.45825
vt 0.01155 0.45674
vt 0.916 0.38353
vt 0.8631 0.40888
vt 0.96846 0.15595
vt 0.85231 0.03331
vt 0.85912 0.05913
vt 0.8619 0.06964
vt 0.83026 0.43656
vt 0.89932 0.88673
vt 0.88403 0.88925
vt 0.91971 0.89777
vt 0.9669 0.91294
vt 0.95101 0.3467
vt 0.87974 0.4057
vt 0.84507 0.02975
vt 0.85166 0.01777
vt 0.85394 0.07029
vt 0.8567 0.07993
vt 0.77826 0.15448
vt 0.72607 0.44044
vt 0.63069 0.44741
vt 0.57696 0.45107
vt 0.93421 0.90284
vt 0.9502 0.91067
vt 0.09146 0.45811
vt 0.84595 0.13671
vt 0.85378 0.11864
vt 0.86789 0.21959
vt 0.97668 0.91712
vt 0.94555 0.35881
vt 0.90261 0.39856
vt 0.8689 0.41139
vt 0.84553 0.04903
vt 0.85107 0.08134
vt 0.69123 0.44762
vt 0.2321 0.4626
vt 0.24711 0.46196
vt 0.25957 0.45836
vt 0.33106 0.45655
vt 0.40783 0.45418
vt 0.45967 0.45326
vt 0.4801 0.45278
vt 0.67446 0.44513
vt 0.71079 0.45465
vt 0.52478 0.45188
vt 0.60775 0.44881
vt 0.8816 0.89908
vt 0.8981 0.8983
vt 0.86678 0.28275
vt 0.86824 0.2945
vt 0.86974 0.27452
vt 0.96544 0.96386
vt 0.96592 0.97815
vt 0.96444 0.99878
vt 0.05183 0.45921
vt 0.87551 0.21639
vt 0.02503 0.45964
vt 0.8787 0.23356
vt 0.86712 0.22212
vt 0.23325 0.7892
vt 0.96055 0.92432
vt 0.97039 0.9263
vt 0.98126 0.9295
vt 0.94203 0.36233
vt 0.93555 0.37278
vt 0.8913 0.40427
vt 0.91991 0.65865
vt 0.83426 0.02016
vt 0.84313 0.01616
vt 0.83745 0.04884
vt 0.83506 0.033
vt 0.84308 0.08103
vt 0.83351 0.06716
vt 0.83808 0.08875
vt 0.86307 0.12329
vt 0.00778 0.46316
vt 0.88007 0.41578
vt 0.88891 0.41762
vt 0.91427 0.66522
vt 0.83296 0.05785
vt 0.82221 0.07837
vt 0.81953 0.0918
vt 0.70013 0.45875
vt 0.20913 0.46501
vt 0.45888 0.46645
vt 0.71659 0.45279
vt 0.67305 0.45805
vt 0.72642 0.45104
vt 0.55783 0.46108
vt 0.59097 0.45879
vt 0.60632 0.46301
vt 0.92748 0.91149
vt 0.11872 0.46927
vt 0.9456 0.91873
vt 0.94967 0.92225
vt 0.95274 0.96473
vt 0.0572 0.4678
vt 0.86226 0.11435
vt 0.02779 0.47275
vt 0.86514 0.20906
vt 0.24323 0.79291
vt 0.92566 0.68916
vt 0.92733 0.67691
vt 0.91402 0.68514
vt 0.95016 0.37204
vt 0.89865 0.40917
vt 0.82931 0.0115
vt 0.8218 0.02263
vt 0.82673 0.02957
vt 0.95874 0.14936
vt 0.81513 0.04292
vt 0.82035 0.04973
vt 0.2553 0.47524
vt 0.28185 0.47543
vt 0.30954 0.47388
vt 0.36371 0.47044
vt 0.40977 0.47122
vt 0.47075 0.46768
vt 0.48693 0.46948
vt 0.62514 0.45928
vt 0.87122 0.9049
vt 0.87588 0.91142
vt 0.89111 0.90732
vt 0.90823 0.90976
vt 0.93247 0.91744
vt 0.93765 0.9209
vt 0.86517 0.27046
vt 0.86913 0.26351
vt 0.95186 0.94912
vt 0.9532 0.97899
vt 0.95205 0.99931
vt 0.85861 0.10881
vt 0.86675 0.11654
vt 0.01416 0.47232
vt 0.00878 0.47074
vt 0.9246 0.70008
vt 0.8588 0.21512
vt 0.91304 0.693
vt 0.95905 0.36585
vt 0.92257 0.40553
vt 0.81761 0.02981
vt 0.81333 0.06391
vt 0.80643 0.07725
vt 0.2422 0.4747
vt 0.22833 0.47441
vt 0.24868 0.47493
vt 0.72027 0.46415
vt 0.89259 0.9186
vt 0.90945 0.91902
vt 0.92291 0.91956
vt 0.92509 0.72566
vt 0.92448 0.71229
vt 0.04661 0.47448
vt 0.87064 0.11043
vt 0.94044 0.38574
vt 0.9125 0.41496
vt 0.92794 0.66175
vt 0.92192 0.66938
vt 0.81283 0.03754
vt 0.78958 0.09435
vt 0.23626 0.47459
vt 0.68595 0.465
vt 0.51028 0.47026
vt 0.58716 0.46999
vt 0.61609 0.47103
vt 0.14688 0.47733
vt 0.92729 0.74197
vt 0.92286 0.73803
vt 0.945 0.9435
vt 0.01267 0.48067
vt 0.00761 0.47783
vt 0.03067 0.48285
vt 0.2508 0.79272
vt 0.93174 0.67234
vt 0.95775 0.14042
vt 0.96846 0.13886
vt 0.95709 0.13044
vt 0.80842 0.04374
vt 0.80744 0.04865
vt 0.80083 0.05355
vt 0.79692 0.06062
vt 0.80042 0.07037
vt 0.55625 0.47048
vt 0.86517 0.91799
vt 0.91223 0.92388
vt 0.9253 0.75454
vt 0.86565 0.25644
vt 0.93853 0.94901
vt 0.94136 0.96507
vt 0.05324 0.48399
vt 0.8558 0.20453
vt 0.85195 0.21077
vt 0.8341 0.90519
vt 0.83775 0.8965
vt 0.83775 0.9055
vt 0.08747 0.84477
vt 0.09253 0.84758
vt 0.09049 0.85479
vt 0.9594 0.37957
vt 0.95331 0.38926
vt 0.92698 0.41675
vt 0.93583 0.66639
vt 0.79128 0.0696
vt 0.78371 0.07955
vt 0.25549 0.48204
vt 0.88083 0.92312
vt 0.89547 0.92882
vt 0.91973 0.75511
vt 0.94184 0.99946
vt 0.86904 0.09721
vt 0.07107 0.49298
vt 0.25534 0.78545
vt 0.11495 0.85764
vt 0.11048 0.84794
vt 0.13251 0.84426
vt 0.2621 0.7918
vt 0.08751 0.85627
vt 0.89809 0.68796
vt 0.90991 0.43101
vt 0.96583 0.12674
vt 0.88894 0.5045
vt 0.84046 0.45953
vt 0.8424 0.45361
vt 0.83311 0.45876
vt 0.24309 0.48921
vt 0.46156 0.48671
vt 0.47619 0.48712
vt 0.68971 0.4792
vt 0.70322 0.47725
vt 0.26195 0.4923
vt 0.29974 0.49315
vt 0.36366 0.48844
vt 0.4076 0.48798
vt 0.56402 0.48636
vt 0.5872 0.48707
vt 0.6322 0.48329
vt 0.60146 0.48587
vt 0.16155 0.48936
vt 0.92579 0.77427
vt 0.13388 0.49138
vt 0.86965 0.24755
vt 0.08555 0.49253
vt 0.93018 0.94409
vt 0.84489 0.20155
vt 0.87881 0.10232
vt 0.13443 0.85495
vt 0.84307 0.20933
vt 0.09284 0.86247
vt 0.85157 0.21384
vt 0.25892 0.79777
vt 0.94314 0.40294
vt 0.92151 0.42465
vt 0.94343 0.66698
vt 0.94051 0.6755
vt 0.96307 0.12142
vt 0.76946 0.08358
vt 0.22391 0.48902
vt 0.23626 0.48898
vt 0.71676 0.48773
vt 0.7206 0.47565
vt 0.8653 0.9295
vt 0.18492 0.48951
vt 0.91917 0.77087
vt 0.86547 0.23986
vt 0.93141 0.96389
vt 0.93067 0.9995
vt 0.87754 0.0908
vt 0.15162 0.84656
vt 0.08839 0.86239
vt 0.8842 0.09937
vt 0.95079 0.402
vt 0.93911 0.41494
vt 0.28612 0.03124
vt 0.28126 0.02975
vt 0.94848 0.66739
vt 0.84163 0.7245
vt 0.84281 0.7386
vt 0.83889 0.7315
vt 0.77436 0.07395
vt 0.72938 0.12208
vt 0.25542 0.4979
vt 0.53624 0.48672
vt 0.61565 0.48721
vt 0.75077 0.47213
vt 0.72706 0.48123
vt 0.92733 0.80283
vt 0.08362 0.50177
vt 0.92881 0.99556
vt 0.92113 0.99116
vt 0.92066 0.98461
vt 0.11708 0.86909
vt 0.83206 0.20745
vt 0.83159 0.20972
vt 0.26995 0.8005
vt 0.9021 0.66452
vt 0.95948 0.39884
vt 0.95293 0.66695
vt 0.42673 0.49777
vt 0.72146 0.48532
vt 0.91989 0.79955
vt 0.86974 0.2365
vt 0.92358 0.94865
vt 0.92289 0.96583
vt 0.92382 0.97709
vt 0.20996 0.0301
vt 0.88696 0.08926
vt 0.14189 0.86304
vt 0.83007 0.1995
vt 0.27559 0.79432
vt 0.0898 0.87266
vt 0.09367 0.87327
vt 0.96658 0.39126
vt 0.94961 0.4116
vt 0.93611 0.42597
vt 0.92022 0.43979
vt 0.78505 0.23911
vt 0.77194 0.2465
vt 0.77528 0.23757
vt 0.17191 0.55634
vt 0.95829 0.11078
vt 0.83955 0.74873
vt 0.83867 0.73737
vt 0.81476 0.47978
vt 0.23398 0.5046
vt 0.46887 0.50203
vt 0.70563 0.48957
vt 0.35586 0.50479
vt 0.45038 0.50584
vt 0.50327 0.50048
vt 0.66089 0.49297
vt 0.21589 0.5052
vt 0.19941 0.50416
vt 0.15853 0.50301
vt 0.89197 0.0205
vt 0.89625 0.02384
vt 0.89522 0.03755
vt 0.91574 0.99837
vt 0.8891 0.08459
vt 0.91362 0.94481
vt 0.14347 0.87585
vt 0.89394 0.09626
vt 0.89982 0.0907
vt 0.12094 0.87758
vt 0.09104 0.88083
vt 0.90203 0.09532
vt 0.10362 0.87906
vt 0.23191 0.03184
vt 0.22214 0.0345
vt 0.222 0.03229
vt 0.23372 0.02887
vt 0.82158 0.20854
vt 0.2333 0.01976
vt 0.96062 0.40643
vt 0.26246 0.02779
vt 0.2604 0.02556
vt 0.27118 0.02778
vt 0.7937 0.22574
vt 0.78832 0.23359
vt 0.78097 0.2272
vt 0.09229 0.93333
vt 0.10208 0.91921
vt 0.10942 0.93039
vt 0.12317 0.56811
vt 0.12608 0.56099
vt 0.17202 0.5683
vt 0.24146 0.50668
vt 0.24724 0.50655
vt 0.25534 0.50777
vt 0.73035 0.49441
vt 0.91475 0.8055
vt 0.52936 0.50455
vt 0.63271 0.50555
vt 0.90994 0.79622
vt 0.89176 0.03833
vt 0.91124 0.96373
vt 0.89209 0.6615
vt 0.87594 0.67168
vt 0.90943 0.97684
vt 0.81436 0.2024
vt 0.12226 0.89059
vt 0.91408 0.09363
vt 0.09116 0.88857
vt 0.10758 0.88888
vt 0.90959 0.09544
vt 0.2471 0.02795
vt 0.80713 0.21657
vt 0.24666 0.01992
vt 0.09372 0.89976
vt 0.11328 0.90019
vt 0.94568 0.41968
vt 0.79725 0.21306
vt 0.09017 0.90917
vt 0.78782 0.2184
vt 0.08843 0.91541
vt 0.9317 0.43787
vt 0.94964 0.09974
vt 0.12666 0.57408
vt 0.84415 0.75818
vt 0.69593 0.49581
vt 0.29143 0.51008
vt 0.41158 0.50854
vt 0.56278 0.50777
vt 0.58519 0.50629
vt 0.59938 0.50614
vt 0.61611 0.50631
vt 0.86973 0.73756
vt 0.86961 0.71219
vt 0.97713 0.39819
vt 0.90112 0.08191
vt 0.15584 0.88094
vt 0.90225 0.94384
vt 0.89808 0.95227
vt 0.15028 0.8894
vt 0.08952 0.89304
vt 0.14073 0.9014
vt 0.92856 0.10048
vt 0.9358 0.09031
vt 0.12203 0.57637
vt 0.12447 0.58517
vt 0.94098 0.43763
vt 0.13967 0.57903
vt 0.17188 0.57971
vt 0.07422 0.13693
vt 0.92357 0.45887
vt 0.73426 0.50119
vt 0.88813 0.77385
vt 0.867 0.72438
vt 0.89528 0.05096
vt 0.89077 0.04862
vt 0.89974 0.99776
vt 0.89809 0.96251
vt 0.91564 0.08291
vt 0.1235 0.61249
vt 0.13145 0.60875
vt 0.12602 0.59751
vt 0.14065 0.60954
vt 0.13986 0.59773
vt 0.15174 0.59805
vt 0.15946 0.61039
vt 0.16612 0.6135
vt 0.17214 0.61213
vt 0.12249 0.59718
vt 0.15939 0.59882
vt 0.17322 0.59102
vt 0.95582 0.42468
vt 0.14063 0.58738
vt 0.1553 0.9128
vt 0.94802 0.43572
vt 0.93627 0.45689
vt 0.46405 0.51818
vt 0.22802 0.52055
vt 0.47532 0.51636
vt 0.71929 0.50055
vt 0.25514 0.52382
vt 0.37004 0.52169
vt 0.74541 0.50218
vt 0.73993 0.49456
vt 0.65077 0.50888
vt 0.75171 0.49849
vt 0.76823 0.50365
vt 0.78004 0.50298
vt 0.79326 0.50756
vt 0.80138 0.51617
vt 0.80568 0.50918
vt 0.80919 0.51878
vt 0.86183 0.73198
vt 0.86576 0.6963
vt 0.86575 0.68434
vt 0.86708 0.67581
vt 0.97931 0.40647
vt 0.17249 0.88486
vt 0.89236 0.06358
vt 0.89625 0.06629
vt 0.89496 0.0715
vt 0.15818 0.90212
vt 0.98993 0.02944
vt 0.98721 0.0175
vt 0.97973 0.03088
vt 0.9204 0.0815
vt 0.93471 0.08696
vt 0.97266 0.02455
vt 0.17072 0.91552
vt 0.84008 0.7825
vt 0.17831 0.93941
vt 0.18869 0.95066
vt 0.91255 0.47751
vt 0.24063 0.52161
vt 0.24763 0.52298
vt 0.75297 0.50751
vt 0.51523 0.5166
vt 0.76715 0.50876
vt 0.78992 0.51284
vt 0.57801 0.52016
vt 0.61081 0.51358
vt 0.63045 0.51885
vt 0.86112 0.72205
vt 0.86126 0.71096
vt 0.98612 0.39925
vt 0.24191 0.00246
vt 0.94355 0.4516
vt 0.18029 0.92743
vt 0.93047 0.46366
vt 0.9205 0.4723
vt 0.70503 0.50824
vt 0.73322 0.50791
vt 0.30391 0.5246
vt 0.54949 0.52241
vt 0.59747 0.51827
vt 0.85222 0.70817
vt 0.03871 0.28522
vt 0.02751 0.2785
vt 0.9904 0.04356
vt 0.98806 0.04738
vt 0.18647 0.91556
vt 0.48047 0.53119
vt 0.70841 0.52158
vt 0.75123 0.5208
vt 0.76759 0.52026
vt 0.78912 0.52455
vt 0.80237 0.52693
vt 0.81307 0.53507
vt 0.8512 0.72006
vt 0.23123 0.83536
vt 0.22189 0.84893
vt 0.85578 0.67513
vt 0.99406 0.40693
vt 0.99234 0.41126
vt 0.01038 0.32231
vt 0.9692 0.03664
vt 0.12358 0.11923
vt 0.91777 0.48489
vt 0.69128 0.52171
vt 0.7288 0.52135
vt 0.28561 0.53538
vt 0.25444 0.54037
vt 0.36193 0.53324
vt 0.55883 0.53132
vt 0.58656 0.53463
vt 0.59873 0.53731
vt 0.61212 0.53456
vt 0.85072 0.68225
vt 0.2111 0.87563
vt 0.95645 0.02164
vt 0.95041 0.02987
vt 0.94551 0.46527
vt 0.2102 0.95027
vt 0.94231 0.47505
vt 0.92903 0.48408
vt 0.91408 0.48931
vt 0.22827 0.53753
vt 0.23442 0.53799
vt 0.24114 0.53739
vt 0.68133 0.52325
vt 0.79682 0.5393
vt 0.84664 0.69417
vt 0.05279 0.2901
vt 0.98986 0.06007
vt 0.97559 0.04624
vt 0.21485 0.91905
vt 0.94883 0.03713
vt 0.94387 0.02637
vt 0.20844 0.95513
vt 0.31581 0.54302
vt 0.39027 0.54191
vt 0.48228 0.53837
vt 0.66764 0.53855
vt 0.77062 0.5359
vt 0.21449 0.54202
vt 0.78549 0.53669
vt 0.80454 0.54319
vt 0.84378 0.70341
vt 0.92584 0.50054
vt 0.31859 0.78317
vt 0.3314 0.78637
vt 0.32422 0.80378
vt 0.48352 0.55166
vt 0.19615 0.54751
vt 0.70629 0.80247
vt 0.7014 0.78713
vt 0.54883 0.54438
vt 0.63764 0.80763
vt 0.622 0.80053
vt 0.66055 0.79603
vt 0.69928 0.81035
vt 0.68612 0.79665
vt 0.81282 0.5575
vt 0.26003 0.8257
vt 0.83684 0.70508
vt 0.25469 0.83796
vt 0.84275 0.68115
vt 0.22587 0.88994
vt 0.22634 0.89645
vt 0.93808 0.03804
vt 0.31227 0.78463
vt 0.31763 0.80327
vt 0.70006 0.54316
vt 0.39725 0.79767
vt 0.39193 0.78705
vt 0.46562 0.78504
vt 0.6815 0.54417
vt 0.72399 0.54424
vt 0.33205 0.80755
vt 0.33593 0.80078
vt 0.75481 0.54621
vt 0.65929 0.81425
vt 0.67265 0.79951
vt 0.68754 0.81534
vt 0.83819 0.69018
vt 0.06544 0.29484
vt 0.22728 0.90845
vt 0.98989 0.07494
vt 0.98737 0.07085
vt 0.97982 0.07426
vt 0.9457 0.05404
vt 0.95317 0.47543
vt 0.23415 0.95492
vt 0.59667 0.05242
vt 0.21854 0.5537
vt 0.47665 0.79541
vt 0.52636 0.79165
vt 0.28713 0.82195
vt 0.85865 0.80921
vt 0.8614 0.78952
vt 0.87223 0.7935
vt 0.6742 0.81576
vt 0.96978 0.06977
vt 0.94001 0.0447
vt 0.9482 0.48397
vt 0.22899 0.5575
vt 0.31117 0.80484
vt 0.43061 0.80666
vt 0.30038 0.80556
vt 0.59954 0.80824
vt 0.55695 0.7966
vt 0.8468 0.78761
vt 0.27339 0.83672
vt 0.63813 0.81952
vt 0.70552 0.82862
vt 0.8736 0.81223
vt 0.87914 0.79867
vt 0.88422 0.81456
vt 0.0099 0.3495
vt 0.2358 0.92288
vt 0.54072 0.80413
vt 0.79347 0.81459
vt 0.77593 0.79392
vt 0.79993 0.79445
vt 0.33286 0.82114
vt 0.83063 0.79703
vt 0.67481 0.83427
vt 0.87485 0.82312
vt 0.879 0.83259
vt 0.89077 0.82823
vt 0.24192 0.90816
vt 0.98143 0.09209
vt 0.96324 0.0834
vt 0.24063 0.93181
vt 0.94502 0.49654
vt 0.57991 0.03727
vt 0.30813 0.82433
vt 0.31864 0.82133
vt 0.32483 0.82448
vt 0.56313 0.81496
vt 0.7573 0.79648
vt 0.7779 0.80858
vt 0.39681 0.81868
vt 0.45375 0.81678
vt 0.59362 0.8166
vt 0.81071 0.81066
vt 0.83351 0.81453
vt 0.86169 0.82372
vt 0.64117 0.83353
vt 0.6598 0.83642
vt 0.6903 0.8324
vt 0.88247 0.8415
vt 0.25357 0.88096
vt 0.24619 0.89127
vt 0.94217 0.06062
vt 0.93534 0.0536
vt 0.92916 0.05018
vt 0.92993 0.03931
vt 0.95488 0.49166
vt 0.94117 0.5055
vt 0.78136 0.00364
vt 0.76395 0.81632
vt 0.7336 0.82719
vt 0.84137 0.82938
vt 0.59999 0.83103
vt 0.98998 0.09224
vt 0.25436 0.94484
vt 0.56676 0.02416
vt 0.58155 0.01416
vt 0.54096 0.81954
vt 0.29899 0.84077
vt 0.33376 0.83337
vt 0.37126 0.83373
vt 0.41933 0.82828
vt 0.4572 0.82942
vt 0.49303 0.8292
vt 0.75625 0.82819
vt 0.28779 0.85244
vt 0.6294 0.84387
vt 0.7132 0.84524
vt 0.86469 0.8379
vt 0.70338 0.85463
vt 0.87088 0.84487
vt 0.66052 0.85503
vt 0.03577 0.3495
vt 0.09581 0.30479
vt 0.9811 0.10783
vt 0.25777 0.92519
vt 0.26259 0.93518
vt 0.87317 0.96116
vt 0.88402 0.95136
vt 0.88558 0.96343
vt 0.59231 0.01136
vt 0.87958 0.97123
vt 0.53008 0.02578
vt 0.54228 0.01625
vt 0.87577 0.98062
vt 0.17712 0.07123
vt 0.46954 0.04187
vt 0.4462 0.05117
vt 0.77958 0.81958
vt 0.56717 0.83139
vt 0.81709 0.82987
vt 0.32637 0.84051
vt 0.85177 0.83921
vt 0.74324 0.84307
vt 0.63399 0.85566
vt 0.68544 0.85522
vt 0.26764 0.8811
vt 0.26565 0.88958
vt 0.95748 0.09154
vt 0.94047 0.07006
vt 0.8653 0.94056
vt 0.88087 0.94343
vt 0.87165 0.94994
vt 0.56671 0.01091
vt 0.27748 0.97393
vt 0.24147 0.06237
vt 0.66001 0.02195
vt 0.31335 0.84079
vt 0.32056 0.83874
vt 0.77182 0.83297
vt 0.7947 0.83245
vt 0.45541 0.84151
vt 0.57226 0.84044
vt 0.37389 0.84943
vt 0.60535 0.8543
vt 0.2805 0.86846
vt 0.84787 0.85262
vt 0.7324 0.85798
vt 0.86044 0.85296
vt 0.64225 0.87393
vt 0.66209 0.87264
vt 0.67743 0.87205
vt 0.7055 0.87285
vt 0.28596 0.899
vt 0.99008 0.11032
vt 0.97118 0.10201
vt 0.28208 0.93015
vt 0.27922 0.94858
vt 0.86348 0.94995
vt 0.67296 0.9402
vt 0.68916 0.95492
vt 0.27969 0.95899
vt 0.6633 0.95304
vt 0.67816 0.95669
vt 0.63002 0.00674
vt 0.29444 0.97589
vt 0.4952 0.01602
vt 0.83629 0.97065
vt 0.73791 0.0005
vt 0.23928 0.04685
vt 0.31741 0.045
vt 0.2198 0.06602
vt 0.32281 0.85476
vt 0.83065 0.84404
vt 0.466 0.85042
vt 0.83372 0.85254
vt 0.60796 0.86657
vt 0.28626 0.87716
vt 0.71933 0.86959
vt 0.84346 0.86404
vt 0.61286 0.87593
vt 0.64504 0.88881
vt 0.66846 0.88851
vt 0.28892 0.92132
vt 0.84215 0.92874
vt 0.84552 0.93795
vt 0.66772 0.92684
vt 0.69229 0.92871
vt 0.62714 0.92867
vt 0.29439 0.0387
vt 0.32713 0.96385
vt 0.32598 0.9895
vt 0.37254 0.0288
vt 0.53327 0.9895
vt 0.65436 0.00839
vt 0.31065 0.85506
vt 0.31762 0.85422
vt 0.54555 0.84859
vt 0.78881 0.84531
vt 0.7546 0.84569
vt 0.56974 0.85599
vt 0.81082 0.84588
vt 0.29798 0.8683
vt 0.32729 0.86823
vt 0.33616 0.86851
vt 0.38302 0.86504
vt 0.46637 0.86368
vt 0.82886 0.86768
vt 0.7435 0.87337
vt 0.61358 0.89026
vt 0.7178 0.88952
vt 0.28628 0.88652
vt 0.62237 0.90491
vt 0.65555 0.90403
vt 0.67052 0.90376
vt 0.10923 0.30749
vt 0.68957 0.90471
vt 0.66375 0.91695
vt 0.97894 0.11964
vt 0.97149 0.11485
vt 0.62276 0.91874
vt 0.96404 0.10803
vt 0.7173 0.92825
vt 0.82557 0.92761
vt 0.29716 0.93899
vt 0.8417 0.94717
vt 0.29859 0.95941
vt 0.31029 0.97418
vt 0.31924 0.97618
vt 0.20646 0.0524
vt 0.21569 0.05037
vt 0.7717 0.84745
vt 0.75362 0.85815
vt 0.79026 0.8609
vt 0.81302 0.85721
vt 0.82401 0.86022
vt 0.33608 0.88272
vt 0.34007 0.88066
vt 0.80955 0.87347
vt 0.81312 0.87952
vt 0.09718 0.32743
vt 0.98993 0.1255
vt 0.83055 0.93729
vt 0.74296 0.94227
vt 0.38299 0.94671
vt 0.8206 0.94475
vt 0.55877 0.95845
vt 0.75268 0.9563
vt 0.81168 0.95619
vt 0.56089 0.97224
vt 0.75091 0.96811
vt 0.77188 0.95371
vt 0.77129 0.96773
vt 0.79042 0.9671
vt 0.80877 0.97098
vt 0.31373 0.87049
vt 0.32133 0.86897
vt 0.77189 0.86004
vt 0.55613 0.87579
vt 0.31011 0.88237
vt 0.32404 0.88894
vt 0.46676 0.87875
vt 0.7607 0.87255
vt 0.79845 0.8719
vt 0.41354 0.89096
vt 0.33628 0.89536
vt 0.34184 0.89422
vt 0.47972 0.88955
vt 0.36503 0.90272
vt 0.75186 0.89077
vt 0.79531 0.89061
vt 0.80693 0.89415
vt 0.33985 0.91321
vt 0.56994 0.90762
vt 0.79836 0.90373
vt 0.33643 0.91579
vt 0.74689 0.90506
vt 0.8049 0.90207
vt 0.33618 0.93119
vt 0.8059 0.92191
vt 0.81198 0.91427
vt 0.33977 0.92539
vt 0.56469 0.92138
vt 0.75192 0.92569
vt 0.33972 0.93541
vt 0.81776 0.92154
vt 0.38351 0.92946
vt 0.81047 0.93297
vt 0.47979 0.93287
vt 0.52804 0.92401
vt 0.53358 0.93847
vt 0.76416 0.94073
vt 0.31219 0.94658
vt 0.55871 0.94252
vt 0.79945 0.94281
vt 0.31446 0.95918
vt 0.32183 0.95871
vt 0.54217 0.95763
vt 0.79683 0.95346
vt 0.32062 0.88246
vt 0.54075 0.87626
vt 0.7821 0.87257
vt 0.31675 0.89265
vt 0.77018 0.888
vt 0.7861 0.89229
vt 0.53929 0.89011
vt 0.55527 0.89157
vt 0.4781 0.90097
vt 0.41942 0.90148
vt 0.32664 0.91065
vt 0.53637 0.91361
vt 0.76149 0.90795
vt 0.40859 0.91275
vt 0.47764 0.91132
vt 0.79486 0.91446
vt 0.47771 0.92531
vt 0.54409 0.90965
vt 0.79233 0.92827
vt 0.31468 0.93716
vt 0.77319 0.90325
vt 0.3217 0.91348
usemtl mat0
f 1/1 2/2 3/3
f 4/4 5/5 6/6
f 6/6 5/5 7/7
f 8/8 5/5 4/4
f 9/9 10/10 11/11
f 9/9 11/11 12/12
f 13/13 14/14 15/15
f 15/15 14/14 16/16
f 14/14 17/17 16/16
f 18/18 19/19 20/20
f 20/20 21/21 22/22
f 18/18 20/20 22/22
f 14/14 23/23 17/17
f 20/20 24/24 21/21
f 13/13 25/25 26/26
f 13/13 26/26 14/14
f 14/14 26/26 23/23
f 25/25 27/27 26/26
f 28/28 29/29 23/23
f 27/27 28/28 26/26
f 26/26 28/28 23/23
f 30/30 31/31 32/32
f 33/33 34/34 35/35
f 36/36 37/37 38/38
f 39/39 36/36 38/38
f 30/30 40/40 31/31
f 32/32 31/31 41/41
f 32/32 41/41 42/42
f 42/42 41/41 43/43
f 35/35 34/34 44/44
f 39/39 45/45 36/36
f 37/37 46/46 47/47
f 38/38 37/37 47/47
f 41/41 9/9 12/12
f 41/41 12/12 43/43
f 34/34 48/48 49/49
f 34/34 19/19 18/18
f 36/36 16/16 37/37
f 50/50 51/51 31/31
f 31/31 51/51 9/9
f 31/31 9/9 41/41
f 12/12 52/52 43/43
f 34/34 49/49 19/19
f 18/18 53/53 44/44
f 34/34 18/18 44/44
f 45/45 54/54 15/15
f 45/45 15/15 36/36
f 36/36 15/15 16/16
f 37/37 16/16 46/46
f 16/16 55/55 46/46
f 56/56 57/57 58/58
f 18/18 22/22 53/53
f 53/53 22/22 59/59
f 46/46 55/55 60/60
f 58/58 57/57 61/61
f 58/58 61/61 62/62
f 62/62 61/61 63/63
f 51/51 64/64 9/9
f 54/54 13/13 15/15
f 55/55 65/65 60/60
f 57/57 66/66 61/61
f 61/61 67/67 63/63
f 67/67 68/68 63/63
f 49/49 69/69 19/19
f 70/70 13/13 54/54
f 17/17 65/65 55/55
f 9/9 64/64 10/10
f 11/11 71/71 52/52
f 12/12 11/11 52/52
f 57/57 72/72 66/66
f 66/66 67/67 61/61
f 49/49 73/73 68/68
f 49/49 68/68 69/69
f 69/69 20/20 19/19
f 21/21 59/59 22/22
f 70/70 74/74 13/13
f 17/17 23/23 65/65
f 65/65 23/23 75/75
f 72/72 76/76 66/66
f 66/66 77/77 67/67
f 67/67 77/77 78/78
f 67/67 78/78 68/68
f 68/68 79/79 69/69
f 21/21 24/24 80/80
f 21/21 80/80 59/59
f 74/74 25/25 13/13
f 66/66 76/76 77/77
f 71/71 81/81 82/82
f 69/69 79/79 83/83
f 23/23 29/29 75/75
f 84/84 85/85 64/64
f 64/64 85/85 10/10
f 11/11 81/81 71/71
f 76/76 86/86 77/77
f 77/77 86/86 87/87
f 77/77 87/87 78/78
f 69/69 83/83 20/20
f 20/20 88/88 24/24
f 88/88 89/89 24/24
f 24/24 89/89 80/80
f 90/90 25/25 74/74
f 84/84 91/91 85/85
f 85/85 92/92 11/11
f 10/10 85/85 11/11
f 11/11 92/92 81/81
f 86/86 93/93 87/87
f 83/83 94/94 20/20
f 90/90 95/95 25/25
f 27/27 96/96 28/28
f 20/20 94/94 88/88
f 88/88 97/97 89/89
f 25/25 95/95 27/27
f 95/95 96/96 27/27
f 28/28 96/96 98/98
f 28/28 98/98 29/29
f 29/29 98/98 99/99
f 83/83 100/100 94/94
f 88/88 101/101 97/97
f 92/92 102/102 103/103
f 92/92 103/103 81/81
f 95/95 104/104 96/96
f 104/104 105/105 96/96
f 96/96 105/105 106/106
f 96/96 106/106 98/98
f 107/107 102/102 85/85
f 85/85 102/102 92/92
f 108/108 30/30 32/32
f 109/109 33/33 110/110
f 32/32 42/42 111/111
f 108/108 32/32 111/111
f 111/111 42/42 112/112
f 33/33 35/35 110/110
f 110/110 35/35 113/113
f 114/114 39/39 115/115
f 115/115 39/39 116/116
f 116/116 38/38 117/117
f 33/33 109/109 48/48
f 116/116 39/39 38/38
f 43/43 118/118 112/112
f 42/42 43/43 112/112
f 38/38 47/47 117/117
f 119/119 40/40 30/30
f 120/120 121/121 122/122
f 48/48 34/34 33/33
f 35/35 44/44 123/123
f 117/117 47/47 124/124
f 43/43 125/125 118/118
f 126/126 127/127 120/120
f 120/120 127/127 128/128
f 120/120 128/128 121/121
f 114/114 129/129 45/45
f 126/126 125/125 127/127
f 121/121 130/130 122/122
f 40/40 50/50 31/31
f 130/130 49/49 48/48
f 129/129 54/54 45/45
f 124/124 47/47 131/131
f 52/52 132/132 125/125
f 125/125 132/132 56/56
f 125/125 56/56 127/127
f 127/127 56/56 128/128
f 56/56 58/58 128/128
f 128/128 58/58 121/121
f 58/58 62/62 121/121
f 121/121 62/62 130/130
f 62/62 73/73 130/130
f 130/130 73/73 49/49
f 44/44 53/53 133/133
f 47/47 60/60 131/131
f 53/53 134/134 133/133
f 129/129 135/135 54/54
f 62/62 63/63 73/73
f 53/53 59/59 134/134
f 56/56 72/72 57/57
f 136/136 64/64 51/51
f 132/132 72/72 56/56
f 63/63 68/68 73/73
f 135/135 70/70 54/54
f 65/65 137/137 60/60
f 132/132 71/71 72/72
f 59/59 138/138 134/134
f 135/135 139/139 70/70
f 139/139 74/74 70/70
f 65/65 140/140 137/137
f 71/71 76/76 72/72
f 78/78 79/79 68/68
f 59/59 80/80 138/138
f 80/80 141/141 138/138
f 139/139 142/142 74/74
f 65/65 75/75 140/140
f 71/71 82/82 76/76
f 80/80 143/143 141/141
f 142/142 90/90 74/74
f 75/75 144/144 140/140
f 87/87 79/79 78/78
f 80/80 89/89 143/143
f 75/75 29/29 144/144
f 82/82 145/145 76/76
f 145/145 146/146 76/76
f 76/76 146/146 86/86
f 79/79 147/147 83/83
f 89/89 148/148 143/143
f 81/81 145/145 82/82
f 146/146 93/93 86/86
f 93/93 147/147 87/87
f 87/87 147/147 79/79
f 89/89 97/97 148/148
f 149/149 95/95 90/90
f 29/29 99/99 144/144
f 147/147 100/100 83/83
f 145/145 81/81 150/150
f 145/145 151/151 146/146
f 147/147 152/152 100/100
f 91/91 153/153 85/85
f 81/81 103/103 150/150
f 151/151 154/154 146/146
f 146/146 154/154 93/93
f 93/93 154/154 147/147
f 147/147 154/154 152/152
f 149/149 155/155 95/95
f 98/98 156/156 99/99
f 85/85 153/153 107/107
f 94/94 101/101 88/88
f 97/97 101/101 157/157
f 95/95 155/155 104/104
f 106/106 156/156 98/98
f 101/101 158/158 159/159
f 101/101 159/159 157/157
f 160/160 106/106 105/105
f 153/153 161/161 107/107
f 107/107 162/162 102/102
f 107/107 161/161 162/162
f 102/102 162/162 103/103
f 94/94 158/158 101/101
f 104/104 160/160 105/105
f 108/108 119/119 30/30
f 163/163 116/116 117/117
f 164/164 114/114 115/115
f 126/126 120/120 165/165
f 165/165 122/122 166/166
f 109/109 166/166 48/48
f 164/164 167/167 114/114
f 120/120 122/122 165/165
f 122/122 130/130 166/166
f 166/166 130/130 48/48
f 167/167 129/129 114/114
f 118/118 125/125 126/126
f 167/167 168/168 129/129
f 168/168 135/135 129/129
f 133/133 134/134 169/169
f 170/170 135/135 168/168
f 136/136 51/51 50/50
f 131/131 60/60 171/171
f 60/60 137/137 171/171
f 134/134 138/138 172/172
f 134/134 172/172 169/169
f 173/173 64/64 136/136
f 138/138 141/141 172/172
f 140/140 144/144 174/174
f 175/175 91/91 84/84
f 176/176 90/90 142/142
f 175/175 177/177 91/91
f 177/177 178/178 91/91
f 148/148 179/179 143/143
f 176/176 180/180 90/90
f 144/144 181/181 174/174
f 180/180 149/149 90/90
f 144/144 99/99 181/181
f 182/182 153/153 91/91
f 150/150 151/151 145/145
f 97/97 157/157 148/148
f 149/149 180/180 155/155
f 99/99 156/156 183/183
f 99/99 183/183 181/181
f 151/151 184/184 154/154
f 185/185 186/186 150/150
f 151/151 187/187 184/184
f 184/184 188/188 154/154
f 152/152 189/189 100/100
f 156/156 190/190 183/183
f 100/100 158/158 94/94
f 155/155 191/191 104/104
f 106/106 190/190 156/156
f 162/162 185/185 103/103
f 100/100 192/192 158/158
f 191/191 193/193 104/104
f 104/104 193/193 160/160
f 160/160 190/190 106/106
f 193/193 191/191 194/194
f 161/161 195/195 162/162
f 196/196 108/108 197/197
f 197/197 108/108 111/111
f 197/197 111/111 198/198
f 199/199 110/110 200/200
f 199/199 109/109 110/110
f 110/110 113/113 201/201
f 202/202 115/115 203/203
f 203/203 115/115 163/163
f 202/202 164/164 115/115
f 163/163 117/117 204/204
f 205/205 119/119 108/108
f 206/206 165/165 207/207
f 207/207 165/165 208/208
f 208/208 166/166 209/209
f 109/109 209/209 166/166
f 113/113 123/123 210/210
f 211/211 126/126 206/206
f 126/126 165/165 206/206
f 165/165 166/166 208/208
f 123/123 212/212 210/210
f 213/213 167/167 164/164
f 211/211 118/118 126/126
f 214/214 167/167 213/213
f 215/215 216/216 40/40
f 215/215 40/40 119/119
f 123/123 133/133 212/212
f 214/214 168/168 167/167
f 217/217 124/124 218/218
f 124/124 131/131 218/218
f 216/216 50/50 40/40
f 133/133 169/169 219/219
f 170/170 220/220 221/221
f 170/170 221/221 135/135
f 221/221 139/139 135/135
f 171/171 137/137 222/222
f 169/169 172/172 223/223
f 172/172 224/224 223/223
f 223/223 225/225 221/221
f 172/172 141/141 224/224
f 224/224 225/225 223/223
f 221/221 225/225 226/226
f 221/221 226/226 139/139
f 226/226 142/142 139/139
f 175/175 84/84 173/173
f 173/173 84/84 64/64
f 227/227 228/228 224/224
f 226/226 176/176 142/142
f 143/143 227/227 141/141
f 141/141 227/227 224/224
f 229/229 176/176 226/226
f 143/143 179/179 227/227
f 174/174 181/181 230/230
f 178/178 182/182 91/91
f 148/148 231/231 179/179
f 182/182 232/232 153/153
f 148/148 157/157 231/231
f 233/233 155/155 180/180
f 183/183 234/234 181/181
f 186/186 151/151 150/150
f 232/232 161/161 153/153
f 232/232 235/235 161/161
f 186/186 187/187 151/151
f 154/154 188/188 236/236
f 154/154 236/236 189/189
f 154/154 189/189 152/152
f 159/159 237/237 157/157
f 157/157 237/237 231/231
f 183/183 190/190 238/238
f 183/183 238/238 234/234
f 184/184 187/187 239/239
f 184/184 239/239 188/188
f 239/239 240/240 188/188
f 240/240 241/241 188/188
f 188/188 241/241 236/236
f 189/189 192/192 100/100
f 242/242 191/191 155/155
f 190/190 243/243 238/238
f 192/192 244/244 158/158
f 193/193 194/194 160/160
f 160/160 245/245 190/190
f 245/245 243/243 190/190
f 246/246 195/195 161/161
f 195/195 247/247 162/162
f 162/162 247/247 185/185
f 158/158 244/244 248/248
f 158/158 248/248 159/159
f 159/159 248/248 249/249
f 194/194 250/250 160/160
f 251/251 252/252 253/253
f 253/253 252/252 202/202
f 202/202 203/203 254/254
f 196/196 205/205 108/108
f 112/112 211/211 255/255
f 198/198 112/112 255/255
f 211/211 206/206 255/255
f 256/256 207/207 208/208
f 208/208 209/209 256/256
f 199/199 209/209 109/109
f 252/252 164/164 202/202
f 252/252 213/213 164/164
f 204/204 117/117 257/257
f 210/210 212/212 258/258
f 117/117 217/217 257/257
f 205/205 215/215 119/119
f 133/133 219/219 212/212
f 212/212 219/219 259/259
f 260/260 168/168 214/214
f 260/260 261/261 168/168
f 262/262 263/263 261/261
f 261/261 170/170 168/168
f 169/169 263/263 219/219
f 219/219 263/263 262/262
f 263/263 220/220 261/261
f 261/261 220/220 170/170
f 264/264 171/171 265/265
f 169/169 223/223 263/263
f 263/263 223/223 220/220
f 220/220 223/223 221/221
f 171/171 222/222 265/265
f 222/222 266/266 265/265
f 222/222 140/140 267/267
f 140/140 174/174 267/267
f 224/224 228/228 225/225
f 225/225 228/228 229/229
f 225/225 229/229 226/226
f 174/174 230/230 267/267
f 227/227 179/179 228/228
f 228/228 179/179 268/268
f 228/228 268/268 229/229
f 268/268 269/269 229/229
f 229/229 269/269 176/176
f 269/269 180/180 176/176
f 230/230 181/181 270/270
f 179/179 231/231 271/271
f 269/269 272/272 180/180
f 180/180 272/272 233/233
f 181/181 273/273 270/270
f 181/181 234/234 273/273
f 231/231 237/237 274/274
f 234/234 275/275 273/273
f 238/238 275/275 234/234
f 276/276 242/242 233/233
f 233/233 242/242 155/155
f 243/243 277/277 238/238
f 235/235 246/246 161/161
f 187/187 278/278 239/239
f 278/278 279/279 239/239
f 239/239 279/279 240/240
f 242/242 280/280 191/191
f 189/189 281/281 192/192
f 159/159 249/249 237/237
f 191/191 280/280 194/194
f 250/250 245/245 160/160
f 244/244 282/282 248/248
f 283/283 196/196 197/197
f 197/197 198/198 284/284
f 284/284 198/198 285/285
f 286/286 200/200 287/287
f 288/288 196/196 283/283
f 286/286 199/199 200/200
f 200/200 201/201 289/289
f 287/287 200/200 289/289
f 251/251 253/253 254/254
f 254/254 203/203 290/290
f 203/203 163/163 291/291
f 290/290 203/203 291/291
f 163/163 292/292 291/291
f 201/201 293/293 289/289
f 294/294 252/252 251/251
f 253/253 202/202 254/254
f 163/163 204/204 292/292
f 255/255 206/206 295/295
f 295/295 207/207 256/256
f 256/256 209/209 296/296
f 201/201 210/210 293/293
f 294/294 297/297 252/252
f 288/288 298/298 205/205
f 288/288 205/205 196/196
f 210/210 258/258 293/293
f 296/296 209/209 199/199
f 297/297 213/213 252/252
f 297/297 299/299 213/213
f 300/300 215/215 205/205
f 299/299 214/214 213/213
f 212/212 259/259 258/258
f 299/299 260/260 214/214
f 301/301 216/216 215/215
f 219/219 262/262 259/259
f 259/259 262/262 302/302
f 262/262 261/261 302/302
f 302/302 261/261 260/260
f 303/303 304/304 305/305
f 301/301 306/306 50/50
f 301/301 50/50 216/216
f 304/304 307/307 305/305
f 306/306 136/136 50/50
f 308/308 309/309 173/173
f 308/308 173/173 136/136
f 266/266 267/267 310/310
f 309/309 175/175 173/173
f 267/267 230/230 310/310
f 309/309 177/177 175/175
f 230/230 311/311 310/310
f 312/312 178/178 177/177
f 270/270 313/313 230/230
f 230/230 313/313 311/311
f 314/314 182/182 178/178
f 312/312 314/314 178/178
f 270/270 315/315 313/313
f 314/314 316/316 182/182
f 179/179 271/271 268/268
f 270/270 273/273 315/315
f 316/316 232/232 182/182
f 271/271 317/317 268/268
f 268/268 317/317 269/269
f 317/317 272/272 269/269
f 231/231 274/274 318/318
f 231/231 318/318 271/271
f 272/272 319/319 233/233
f 320/320 321/321 322/322
f 321/321 323/323 322/322
f 324/324 187/187 186/186
f 276/276 325/325 242/242
f 326/326 321/321 320/320
f 327/327 324/324 186/186
f 189/189 236/236 281/281
f 237/237 249/249 274/274
f 242/242 325/325 280/280
f 187/187 324/324 278/278
f 279/279 328/328 240/240
f 241/241 240/240 329/329
f 241/241 329/329 236/236
f 236/236 329/329 281/281
f 330/330 331/331 320/320
f 332/332 326/326 331/331
f 328/328 329/329 240/240
f 192/192 281/281 333/333
f 192/192 333/333 244/244
f 280/280 334/334 194/194
f 335/335 331/331 330/330
f 246/246 336/336 195/195
f 247/247 337/337 327/327
f 248/248 338/338 249/249
f 194/194 334/334 250/250
f 336/336 337/337 247/247
f 195/195 336/336 247/247
f 244/244 333/333 282/282
f 248/248 282/282 338/338
f 339/339 255/255 340/340
f 340/340 295/295 341/341
f 295/295 256/256 341/341
f 341/341 256/256 342/342
f 342/342 256/256 296/296
f 342/342 296/296 343/343
f 198/198 255/255 339/339
f 293/293 258/258 344/344
f 298/298 300/300 205/205
f 258/258 259/259 345/345
f 259/259 302/302 345/345
f 345/345 302/302 346/346
f 347/347 260/260 299/299
f 346/346 302/302 347/347
f 302/302 260/260 347/347
f 303/303 305/305 348/348
f 308/308 136/136 306/306
f 309/309 349/349 177/177
f 349/349 312/312 177/177
f 315/315 350/350 313/313
f 351/351 352/352 353/353
f 271/271 318/318 354/354
f 271/271 354/354 317/317
f 317/317 319/319 272/272
f 323/323 355/355 356/356
f 316/316 235/235 232/232
f 317/317 357/357 319/319
f 321/321 355/355 323/323
f 319/319 276/276 233/233
f 274/274 358/358 318/318
f 235/235 359/359 246/246
f 249/249 358/358 274/274
f 359/359 360/360 246/246
f 327/327 361/361 324/324
f 278/278 362/362 279/279
f 329/329 363/363 281/281
f 246/246 360/360 336/336
f 361/361 278/278 324/324
f 361/361 362/362 278/278
f 362/362 328/328 279/279
f 328/328 364/364 329/329
f 329/329 364/364 363/363
f 281/281 363/363 333/333
f 327/327 337/337 365/365
f 334/334 366/366 250/250
f 367/367 283/283 368/368
f 368/368 197/197 369/369
f 369/369 197/197 284/284
f 370/370 287/287 289/289
f 371/371 254/254 290/290
f 371/371 372/372 254/254
f 291/291 292/292 373/373
f 374/374 298/298 288/288
f 374/374 288/288 283/283
f 292/292 257/257 373/373
f 293/293 375/375 376/376
f 377/377 294/294 372/372
f 257/257 378/378 373/373
f 293/293 344/344 375/375
f 377/377 297/297 294/294
f 344/344 258/258 345/345
f 379/379 299/299 297/297
f 380/380 301/301 215/215
f 381/381 306/306 301/301
f 381/381 382/382 306/306
f 382/382 308/308 306/306
f 383/383 309/309 308/308
f 384/384 385/385 386/386
f 314/314 387/387 316/316
f 321/321 388/388 355/355
f 389/389 235/235 316/316
f 318/318 390/390 354/354
f 321/321 391/391 388/388
f 389/389 359/359 235/235
f 318/318 358/358 390/390
f 392/392 393/393 358/358
f 325/325 276/276 394/394
f 249/249 392/392 358/358
f 325/325 394/394 280/280
f 331/331 395/395 332/332
f 361/361 396/396 362/362
f 338/338 392/392 249/249
f 280/280 397/397 334/334
f 335/335 398/398 331/331
f 338/338 399/399 392/392
f 250/250 366/366 245/245
f 336/336 400/400 337/337
f 401/401 402/402 403/403
f 404/404 405/405 406/406
f 406/406 405/405 407/407
f 370/370 408/408 409/409
f 370/370 409/409 286/286
f 370/370 289/289 410/410
f 371/371 290/290 411/411
f 411/411 290/290 291/291
f 374/374 283/283 367/367
f 285/285 339/339 412/412
f 412/412 339/339 413/413
f 339/339 340/340 413/413
f 413/413 340/340 414/414
f 341/341 342/342 415/415
f 342/342 343/343 415/415
f 416/416 417/417 418/418
f 417/417 419/419 418/418
f 420/420 377/377 372/372
f 417/417 421/421 419/419
f 421/421 422/422 419/419
f 344/344 345/345 375/375
f 423/423 300/300 424/424
f 424/424 300/300 298/298
f 425/425 347/347 299/299
f 425/425 299/299 379/379
f 423/423 215/215 300/300
f 426/426 380/380 215/215
f 427/427 308/308 382/382
f 427/427 383/383 308/308
f 383/383 349/349 309/309
f 349/349 428/428 312/312
f 355/355 429/429 352/352
f 355/355 388/388 429/429
f 354/354 357/357 317/317
f 357/357 430/430 319/319
f 326/326 431/431 321/321
f 358/358 393/393 390/390
f 319/319 394/394 276/276
f 319/319 430/430 394/394
f 332/332 431/431 326/326
f 332/332 432/432 433/433
f 359/359 434/434 360/360
f 396/396 435/435 362/362
f 362/362 435/435 328/328
f 328/328 435/435 364/364
f 435/435 436/436 364/364
f 364/364 436/436 363/363
f 363/363 436/436 437/437
f 437/437 333/333 363/363
f 399/399 438/438 392/392
f 394/394 439/439 280/280
f 439/439 397/397 280/280
f 398/398 440/440 331/331
f 440/440 441/441 331/331
f 360/360 434/434 336/336
f 442/442 443/443 398/398
f 434/434 400/400 336/336
f 444/444 445/445 446/446
f 447/447 371/371 411/411
f 285/285 412/412 448/448
f 449/449 414/414 415/415
f 409/409 450/450 343/343
f 289/289 376/376 410/410
f 416/416 418/418 451/451
f 415/415 343/343 450/450
f 452/452 372/372 371/371
f 418/418 453/453 451/451
f 451/451 453/453 454/454
f 418/418 419/419 453/453
f 376/376 375/375 455/455
f 419/419 422/422 453/453
f 345/345 346/346 456/456
f 456/456 346/346 347/347
f 456/456 347/347 425/425
f 423/423 426/426 215/215
f 457/457 382/382 381/381
f 457/457 427/427 382/382
f 383/383 458/458 349/349
f 458/458 428/428 349/349
f 459/459 312/312 428/428
f 459/459 314/314 312/312
f 459/459 460/460 314/314
f 385/385 384/384 461/461
f 460/460 387/387 314/314
f 352/352 462/462 353/353
f 429/429 463/463 352/352
f 464/464 316/316 387/387
f 464/464 389/389 316/316
f 321/321 431/431 391/391
f 390/390 465/465 466/466
f 390/390 466/466 354/354
f 354/354 466/466 467/467
f 354/354 467/467 357/357
f 389/389 468/468 359/359
f 390/390 393/393 465/465
f 357/357 467/467 430/430
f 332/332 433/433 431/431
f 332/332 395/395 432/432
f 392/392 438/438 393/393
f 469/469 470/470 471/471
f 471/471 470/470 472/472
f 470/470 473/473 472/472
f 472/472 473/473 474/474
f 407/407 475/475 476/476
f 477/477 478/478 479/479
f 479/479 478/478 442/442
f 434/434 480/480 400/400
f 478/478 443/443 442/442
f 404/404 481/481 482/482
f 404/404 482/482 405/405
f 405/405 475/475 407/407
f 367/367 483/483 374/374
f 412/412 413/413 448/448
f 448/448 413/413 484/484
f 408/408 450/450 409/409
f 485/485 486/486 487/487
f 488/488 415/415 450/450
f 486/486 489/489 487/487
f 453/453 490/490 454/454
f 452/452 420/420 372/372
f 453/453 491/491 490/490
f 375/375 456/456 492/492
f 493/493 379/379 420/420
f 494/494 423/423 424/424
f 426/426 495/495 380/380
f 495/495 381/381 380/380
f 381/381 495/495 496/496
f 496/496 457/457 381/381
f 497/497 383/383 427/427
f 497/497 458/458 383/383
f 460/460 498/498 387/387
f 429/429 499/499 463/463
f 388/388 499/499 429/429
f 464/464 468/468 389/389
f 468/468 500/500 359/359
f 438/438 465/465 393/393
f 500/500 434/434 359/359
f 500/500 501/501 434/434
f 502/502 503/503 477/477
f 502/502 477/477 504/504
f 476/476 475/475 505/505
f 506/506 507/507 508/508
f 469/469 509/509 470/470
f 473/473 510/510 474/474
f 510/510 511/511 481/481
f 481/481 511/511 482/482
f 478/478 512/512 443/443
f 398/398 443/443 440/440
f 507/507 513/513 402/402
f 402/402 513/513 514/514
f 402/402 514/514 403/403
f 405/405 515/515 475/475
f 516/516 517/517 518/518
f 519/519 520/520 521/521
f 522/522 519/519 521/521
f 523/523 524/524 525/525
f 524/524 526/526 525/525
f 527/527 528/528 529/529
f 454/454 530/530 531/531
f 454/454 490/490 530/530
f 532/532 533/533 490/490
f 483/483 424/424 374/374
f 534/534 532/532 490/490
f 491/491 534/534 490/490
f 492/492 456/456 535/535
f 535/535 456/456 536/536
f 536/536 425/425 379/379
f 536/536 379/379 493/493
f 491/491 422/422 537/537
f 456/456 425/425 536/536
f 457/457 538/538 427/427
f 462/462 463/463 539/539
f 388/388 540/540 499/499
f 391/391 540/540 388/388
f 431/431 541/541 391/391
f 433/433 542/542 431/431
f 543/543 544/544 545/545
f 503/503 546/546 477/477
f 546/546 547/547 477/477
f 440/440 548/548 441/441
f 506/506 549/549 507/507
f 470/470 550/550 551/551
f 473/473 470/470 551/551
f 473/473 552/552 510/510
f 477/477 547/547 478/478
f 512/512 553/553 443/443
f 443/443 553/553 440/440
f 405/405 482/482 515/515
f 522/522 554/554 527/527
f 555/555 446/446 556/556
f 556/556 446/446 557/557
f 556/556 557/557 558/558
f 485/485 487/487 559/559
f 558/558 485/485 559/559
f 560/560 529/529 528/528
f 559/559 487/487 561/561
f 562/562 563/563 564/564
f 533/533 565/565 530/530
f 532/532 566/566 533/533
f 534/534 566/566 532/532
f 567/567 494/494 424/424
f 494/494 568/568 423/423
f 569/569 495/495 426/426
f 538/538 497/497 427/427
f 570/570 498/498 460/460
f 498/498 464/464 387/387
f 391/391 541/541 540/540
f 542/542 541/541 431/431
f 571/571 542/542 433/433
f 432/432 572/572 433/433
f 573/573 574/574 575/575
f 476/476 505/505 576/576
f 476/476 576/576 573/573
f 573/573 576/576 574/574
f 577/577 578/578 503/503
f 577/577 503/503 502/502
f 503/503 579/579 546/546
f 552/552 580/580 510/510
f 475/475 515/515 581/581
f 475/475 581/581 505/505
f 582/582 583/583 509/509
f 509/509 550/550 470/470
f 509/509 584/584 550/550
f 550/550 585/585 551/551
f 473/473 551/551 552/552
f 551/551 586/586 552/552
f 510/510 580/580 511/511
f 440/440 553/553 548/548
f 507/507 549/549 513/513
f 549/549 587/587 513/513
f 525/525 560/560 588/588
f 531/531 589/589 590/590
f 531/531 565/565 589/589
f 565/565 591/591 589/589
f 592/592 563/563 593/593
f 566/566 594/594 533/533
f 533/533 594/594 565/565
f 567/567 595/595 494/494
f 537/537 596/596 534/534
f 568/568 597/597 426/426
f 597/597 569/569 426/426
f 496/496 598/598 457/457
f 598/598 599/599 457/457
f 599/599 538/538 457/457
f 538/538 458/458 497/497
f 600/600 428/428 458/458
f 600/600 459/459 428/428
f 459/459 601/601 460/460
f 460/460 601/601 570/570
f 499/499 602/602 463/463
f 540/540 603/603 499/499
f 464/464 604/604 468/468
f 542/542 605/605 541/541
f 545/545 606/606 543/543
f 607/607 608/608 609/609
f 574/574 578/578 575/575
f 575/575 578/578 577/577
f 543/543 506/506 544/544
f 543/543 610/610 506/506
f 576/576 611/611 574/574
f 607/607 612/612 613/613
f 581/581 614/614 505/505
f 612/612 615/615 616/616
f 583/583 584/584 509/509
f 584/584 585/585 550/550
f 551/551 585/585 586/586
f 580/580 617/617 511/511
f 478/478 547/547 618/618
f 478/478 618/618 512/512
f 513/513 587/587 619/619
f 513/513 619/619 514/514
f 511/511 617/617 482/482
f 482/482 617/617 620/620
f 621/621 581/581 515/515
f 482/482 620/620 515/515
f 515/515 620/620 621/621
f 622/622 623/623 528/528
f 564/564 592/592 624/624
f 561/561 625/625 626/626
f 625/625 627/627 626/626
f 628/628 629/629 630/630
f 589/589 631/631 632/632
f 589/589 591/591 631/631
f 565/565 594/594 591/591
f 566/566 633/633 594/594
f 534/534 633/633 566/566
f 534/534 596/596 633/633
f 634/634 635/635 494/494
f 636/636 637/637 638/638
f 639/639 496/496 569/569
f 496/496 639/639 598/598
f 640/640 459/459 600/600
f 640/640 601/601 459/459
f 641/641 642/642 643/643
f 644/644 498/498 570/570
f 644/644 645/645 498/498
f 505/505 614/614 576/576
f 614/614 611/611 576/576
f 578/578 579/579 503/503
f 578/578 646/646 579/579
f 610/610 549/549 506/506
f 579/579 647/647 546/546
f 549/549 648/648 587/587
f 552/552 586/586 580/580
f 617/617 649/649 620/620
f 556/556 650/650 555/555
f 651/651 521/521 652/652
f 559/559 653/653 654/654
f 655/655 630/630 656/656
f 588/588 528/528 623/623
f 657/657 658/658 659/659
f 660/660 661/661 662/662
f 594/594 663/663 664/664
f 594/594 664/664 591/591
f 631/631 591/591 665/665
f 591/591 664/664 665/665
f 594/594 633/633 663/663
f 633/633 596/596 666/666
f 595/595 634/634 494/494
f 596/596 667/667 666/666
f 596/596 668/668 667/667
f 635/635 597/597 568/568
f 600/600 458/458 538/538
f 499/499 603/603 602/602
f 645/645 464/464 498/498
f 540/540 669/669 603/603
f 541/541 670/670 669/669
f 541/541 669/669 540/540
f 541/541 605/605 670/670
f 542/542 671/671 605/605
f 606/606 672/672 543/543
f 672/672 610/610 543/543
f 574/574 611/611 673/673
f 574/574 673/673 578/578
f 673/673 646/646 578/578
f 646/646 647/647 579/579
f 616/616 674/674 613/613
f 549/549 610/610 648/648
f 647/647 675/675 546/546
f 616/616 615/615 674/674
f 546/546 675/675 547/547
f 648/648 676/676 587/587
f 583/583 677/677 584/584
f 584/584 678/678 585/585
f 585/585 679/679 586/586
f 621/621 680/680 581/581
f 547/547 681/681 618/618
f 681/681 682/682 618/618
f 618/618 682/682 512/512
f 512/512 682/682 553/553
f 587/587 676/676 683/683
f 587/587 683/683 619/619
f 683/683 684/684 619/619
f 684/684 685/685 619/619
f 620/620 649/649 686/686
f 686/686 687/687 621/621
f 620/620 686/686 621/621
f 688/688 689/689 690/690
f 691/691 588/588 692/692
f 693/693 630/630 655/655
f 694/694 695/695 659/659
f 696/696 592/592 660/660
f 660/660 662/662 696/696
f 631/631 665/665 697/697
f 631/631 697/697 698/698
f 664/664 699/699 665/665
f 663/663 699/699 664/664
f 633/633 666/666 663/663
f 667/667 700/700 666/666
f 667/667 668/668 701/701
f 667/667 701/701 700/700
f 635/635 702/702 597/597
f 702/702 569/569 597/597
f 703/703 538/538 599/599
f 703/703 600/600 538/538
f 601/601 644/644 570/570
f 464/464 704/704 604/604
f 613/613 674/674 705/705
f 706/706 648/648 610/610
f 674/674 707/707 705/705
f 648/648 708/708 676/676
f 581/581 680/680 614/614
f 674/674 615/615 709/709
f 674/674 709/709 707/707
f 584/584 677/677 678/678
f 678/678 679/679 585/585
f 679/679 710/710 586/586
f 586/586 710/710 580/580
f 621/621 687/687 680/680
f 547/547 675/675 711/711
f 547/547 711/711 681/681
f 682/682 712/712 553/553
f 713/713 555/555 650/650
f 714/714 654/654 653/653
f 715/715 716/716 717/717
f 521/521 624/624 652/652
f 698/698 697/697 718/718
f 699/699 719/719 697/697
f 665/665 699/699 697/697
f 663/663 720/720 699/699
f 666/666 720/720 663/663
f 666/666 700/700 720/720
f 634/634 721/721 635/635
f 702/702 722/722 569/569
f 640/640 723/723 601/601
f 645/645 704/704 464/464
f 605/605 671/671 670/670
f 608/608 724/724 725/725
f 608/608 613/613 724/724
f 726/726 610/610 672/672
f 613/613 705/705 724/724
f 611/611 727/727 673/673
f 673/673 727/727 646/646
f 614/614 728/728 611/611
f 646/646 729/729 647/647
f 706/706 708/708 648/648
f 647/647 729/729 711/711
f 614/614 680/680 728/728
f 647/647 711/711 675/675
f 707/707 709/709 730/730
f 548/548 553/553 731/731
f 678/678 732/732 679/679
f 580/580 710/710 617/617
f 681/681 711/711 733/733
f 682/682 681/681 734/734
f 682/682 734/734 712/712
f 690/690 689/689 735/735
f 736/736 695/695 694/694
f 736/736 694/694 737/737
f 626/626 738/738 739/739
f 652/652 696/696 740/740
f 741/741 698/698 742/742
f 698/698 718/718 742/742
f 697/697 719/719 743/743
f 697/697 743/743 718/718
f 699/699 720/720 719/719
f 744/744 745/745 746/746
f 700/700 747/747 720/720
f 721/721 702/702 635/635
f 700/700 701/701 748/748
f 700/700 748/748 747/747
f 703/703 749/749 600/600
f 600/600 749/749 723/723
f 600/600 723/723 640/640
f 670/670 750/750 751/751
f 670/670 751/751 669/669
f 752/752 672/672 606/606
f 752/752 753/753 672/672
f 610/610 726/726 754/754
f 754/754 706/706 610/610
f 728/728 727/727 611/611
f 646/646 755/755 729/729
f 707/707 756/756 705/705
f 707/707 730/730 756/756
f 708/708 757/757 676/676
f 677/677 685/685 758/758
f 677/677 758/758 678/678
f 679/679 732/732 710/710
f 732/732 759/759 710/710
f 617/617 710/710 649/649
f 681/681 733/733 734/734
f 553/553 712/712 731/731
f 649/649 760/760 686/686
f 761/761 762/762 735/735
f 738/738 763/763 764/764
f 765/765 766/766 628/628
f 719/719 767/767 743/743
f 766/766 768/768 746/746
f 746/746 768/768 744/744
f 720/720 767/767 719/719
f 720/720 769/769 767/767
f 720/720 747/747 769/769
f 748/748 770/770 747/747
f 771/771 722/722 702/702
f 639/639 772/772 598/598
f 772/772 599/599 598/598
f 772/772 703/703 599/599
f 601/601 723/723 644/644
f 773/773 774/774 642/642
f 669/669 775/775 602/602
f 670/670 671/671 750/750
f 776/776 725/725 777/777
f 672/672 753/753 726/726
f 725/725 778/778 777/777
f 724/724 705/705 779/779
f 780/780 781/781 727/727
f 781/781 755/755 646/646
f 727/727 781/781 646/646
f 705/705 756/756 779/779
f 728/728 780/780 727/727
f 782/782 783/783 728/728
f 680/680 782/782 728/728
f 711/711 729/729 784/784
f 678/678 785/785 732/732
f 732/732 786/786 759/759
f 687/687 782/782 680/680
f 711/711 787/787 733/733
f 731/731 712/712 788/788
f 676/676 789/789 683/683
f 686/686 760/760 790/790
f 686/686 790/790 687/687
f 733/733 791/791 734/734
f 791/791 792/792 734/734
f 734/734 792/792 712/712
f 793/793 794/794 795/795
f 795/795 796/796 793/793
f 718/718 743/743 797/797
f 744/744 798/798 745/745
f 747/747 770/770 769/769
f 771/771 639/639 722/722
f 771/771 772/772 639/639
f 799/799 800/800 703/703
f 799/799 703/703 772/772
f 801/801 802/802 803/803
f 804/804 805/805 806/806
f 806/806 805/805 807/807
f 808/808 749/749 800/800
f 800/800 749/749 703/703
f 808/808 809/809 749/749
f 809/809 723/723 749/749
f 810/810 644/644 723/723
f 774/774 773/773 811/811
f 810/810 645/645 644/644
f 812/812 704/704 645/645
f 669/669 751/751 813/813
f 669/669 813/813 775/775
f 776/776 777/777 814/814
f 778/778 724/724 815/815
f 724/724 816/816 815/815
f 726/726 817/817 754/754
f 724/724 779/779 816/816
f 818/818 757/757 708/708
f 709/709 819/819 730/730
f 758/758 785/785 678/678
f 732/732 785/785 786/786
f 786/786 820/820 759/759
f 710/710 759/759 649/649
f 784/784 787/787 711/711
f 712/712 821/821 788/788
f 757/757 789/789 676/676
f 687/687 790/790 782/782
f 683/683 789/789 822/822
f 683/683 822/822 684/684
f 823/823 824/824 825/825
f 826/826 827/827 828/828
f 828/828 827/827 829/829
f 830/830 831/831 736/736
f 830/830 736/736 826/826
f 826/826 736/736 827/827
f 832/832 833/833 834/834
f 835/835 836/836 837/837
f 838/838 839/839 840/840
f 766/766 841/841 768/768
f 767/767 842/842 743/743
f 769/769 842/842 767/767
f 744/744 843/843 798/798
f 769/769 844/844 842/842
f 721/721 845/845 702/702
f 845/845 771/771 702/702
f 770/770 846/846 844/844
f 847/847 799/799 772/772
f 847/847 772/772 771/771
f 848/848 805/805 804/804
f 848/848 849/849 805/805
f 850/850 851/851 852/852
f 801/801 803/803 853/853
f 854/854 855/855 856/856
f 857/857 854/854 856/856
f 858/858 800/800 799/799
f 857/857 859/859 854/854
f 805/805 860/860 807/807
f 858/858 808/808 800/800
f 854/854 861/861 855/855
f 854/854 862/862 861/861
f 863/863 864/864 865/865
f 807/807 866/866 806/806
f 864/864 867/867 865/865
f 723/723 809/809 810/810
f 810/810 812/812 645/645
f 868/868 869/869 752/752
f 869/869 753/753 752/752
f 753/753 870/870 726/726
f 779/779 871/871 816/816
f 817/817 872/872 754/754
f 754/754 872/872 706/706
f 779/779 756/756 871/871
f 706/706 818/818 708/708
f 783/783 780/780 728/728
f 755/755 873/873 729/729
f 873/873 784/784 729/729
f 758/758 874/874 875/875
f 782/782 876/876 783/783
f 758/758 875/875 785/785
f 790/790 876/876 782/782
f 822/822 877/877 684/684
f 649/649 878/878 760/760
f 787/787 879/879 733/733
f 733/733 879/879 791/791
f 712/712 792/792 880/880
f 881/881 882/882 883/883
f 830/830 884/884 885/885
f 830/830 885/885 831/831
f 839/839 886/886 887/887
f 842/842 888/888 797/797
f 721/721 889/889 845/845
f 845/845 847/847 771/771
f 890/890 850/850 891/891
f 892/892 893/893 894/894
f 895/895 896/896 897/897
f 895/895 897/897 898/898
f 898/898 897/897 899/899
f 900/900 901/901 857/857
f 857/857 856/856 902/902
f 900/900 857/857 902/902
f 849/849 903/903 904/904
f 905/905 906/906 907/907
f 908/908 909/909 852/852
f 859/859 857/857 901/901
f 849/849 904/904 860/860
f 849/849 860/860 805/805
f 910/910 858/858 799/799
f 905/905 907/907 911/911
f 912/912 913/913 896/896
f 896/896 913/913 897/897
f 897/897 914/914 899/899
f 899/899 914/914 859/859
f 915/915 912/912 896/896
f 859/859 914/914 916/916
f 859/859 916/916 854/854
f 914/914 917/917 918/918
f 915/915 919/919 912/912
f 918/918 920/920 916/916
f 914/914 918/918 916/916
f 916/916 920/920 854/854
f 921/921 808/808 858/858
f 912/912 919/919 913/913
f 913/913 919/919 917/917
f 915/915 922/922 919/919
f 918/918 923/923 924/924
f 918/918 924/924 920/920
f 920/920 862/862 854/854
f 919/919 925/925 926/926
f 919/919 926/926 917/917
f 926/926 923/923 918/918
f 917/917 926/926 918/918
f 920/920 924/924 862/862
f 862/862 927/927 861/861
f 921/921 809/809 808/808
f 919/919 922/922 925/925
f 928/928 929/929 926/926
f 866/866 807/807 930/930
f 931/931 810/810 809/809
f 932/932 933/933 867/867
f 932/932 934/934 933/933
f 813/813 935/935 775/775
f 869/869 870/870 753/753
f 778/778 936/936 937/937
f 778/778 815/815 936/936
f 872/872 938/938 706/706
f 706/706 938/938 818/818
f 730/730 939/939 756/756
f 756/756 939/939 940/940
f 873/873 941/941 784/784
f 730/730 819/819 939/939
f 788/788 821/821 942/942
f 758/758 877/877 874/874
f 820/820 878/878 649/649
f 759/759 820/820 649/649
f 760/760 878/878 943/943
f 789/789 944/944 822/822
f 945/945 946/946 947/947
f 794/794 948/948 949/949
f 950/950 951/951 952/952
f 953/953 954/954 885/885
f 953/953 885/885 884/884
f 954/954 955/955 885/885
f 956/956 957/957 958/958
f 888/888 842/842 959/959
f 960/960 959/959 842/842
f 961/961 960/960 962/962
f 963/963 847/847 845/845
f 844/844 961/961 962/962
f 900/900 964/964 965/965
f 900/900 902/902 966/966
f 895/895 898/898 967/967
f 967/967 898/898 968/968
f 969/969 896/896 895/895
f 898/898 899/899 968/968
f 968/968 899/899 965/965
f 965/965 901/901 900/900
f 903/903 970/970 904/904
f 971/971 910/910 972/972
f 972/972 910/910 847/847
f 906/906 973/973 907/907
f 899/899 859/859 965/965
f 965/965 859/859 901/901
f 904/904 970/970 974/974
f 971/971 975/975 910/910
f 976/976 910/910 975/975
f 977/977 978/978 979/979
f 977/977 979/979 974/974
f 974/974 979/979 904/904
f 980/980 981/981 982/982
f 982/982 981/981 976/976
f 976/976 983/983 910/910
f 977/977 984/984 978/978
f 904/904 979/979 860/860
f 985/985 981/981 980/980
f 976/976 981/981 983/983
f 983/983 858/858 910/910
f 985/985 986/986 981/981
f 911/911 907/907 987/987
f 978/978 988/988 979/979
f 981/981 989/989 983/983
f 983/983 921/921 858/858
f 979/979 988/988 860/860
f 989/989 921/921 983/983
f 986/986 990/990 981/981
f 981/981 990/990 989/989
f 990/990 991/991 989/989
f 911/911 987/987 992/992
f 988/988 993/993 860/860
f 994/994 995/995 921/921
f 995/995 809/809 921/921
f 993/993 807/807 860/860
f 923/923 929/929 924/924
f 924/924 996/996 862/862
f 995/995 931/931 809/809
f 925/925 928/928 926/926
f 862/862 996/996 997/997
f 993/993 930/930 807/807
f 998/998 999/999 1000/1000
f 862/862 997/997 927/927
f 867/867 933/933 1001/1001
f 931/931 1002/1002 810/810
f 1002/1002 812/812 810/810
f 933/933 1003/1003 1001/1001
f 868/868 1004/1004 869/869
f 1005/1005 937/937 1006/1006
f 870/870 817/817 726/726
f 815/815 816/816 936/936
f 816/816 871/871 1007/1007
f 871/871 756/756 1008/1008
f 756/756 940/940 1008/1008
f 818/818 938/938 1009/1009
f 783/783 1010/1010 780/780
f 755/755 1011/1011 873/873
f 818/818 1012/1012 757/757
f 876/876 1013/1013 783/783
f 784/784 941/941 1014/1014
f 821/821 1015/1015 942/942
f 820/820 1016/1016 878/878
f 784/784 1014/1014 787/787
f 785/785 1017/1017 786/786
f 787/787 1018/1018 879/879
f 944/944 1019/1019 822/822
f 822/822 1019/1019 877/877
f 760/760 943/943 790/790
f 879/879 1020/1020 1021/1021
f 879/879 1021/1021 791/791
f 791/791 1021/1021 792/792
f 1021/1021 1022/1022 792/792
f 1022/1022 880/880 792/792
f 1023/1023 794/794 793/793
f 1023/1023 793/793 1024/1024
f 1025/1025 1026/1026 1027/1027
f 1028/1028 762/762 1029/1029
f 794/794 1023/1023 948/948
f 1030/1030 834/834 1031/1031
f 764/764 1032/1032 1033/1033
f 1034/1034 841/841 957/957
f 892/892 1035/1035 1036/1036
f 1036/1036 893/893 892/892
f 963/963 845/845 889/889
f 969/969 895/895 1037/1037
f 1037/1037 895/895 967/967
f 964/964 966/966 1038/1038
f 963/963 1039/1039 972/972
f 963/963 972/972 847/847
f 906/906 1040/1040 973/973
f 964/964 1041/1041 965/965
f 903/903 1042/1042 970/970
f 1043/1043 1044/1044 1045/1045
f 1046/1046 982/982 1047/1047
f 1048/1048 1046/1046 1047/1047
f 1047/1047 982/982 975/975
f 1047/1047 975/975 971/971
f 1049/1049 1050/1050 1051/1051
f 1044/1044 1052/1052 1045/1045
f 982/982 976/976 975/975
f 984/984 988/988 978/978
f 1053/1053 921/921 989/989
f 1054/1054 993/993 988/988
f 984/984 1054/1054 988/988
f 989/989 991/991 1053/1053
f 1053/1053 994/994 921/921
f 1055/1055 1056/1056 1057/1057
f 991/991 1058/1058 1053/1053
f 1056/1056 1059/1059 1057/1057
f 811/811 1060/1060 1061/1061
f 993/993 1062/1062 930/930
f 994/994 1063/1063 995/995
f 995/995 1063/1063 931/931
f 987/987 1064/1064 992/992
f 922/922 1065/1065 925/925
f 1066/1066 1067/1067 1068/1068
f 1068/1068 1069/1069 1070/1070
f 1068/1068 1070/1070 1071/1071
f 1071/1071 1070/1070 1072/1072
f 1072/1072 1073/1073 998/998
f 1063/1063 1002/1002 931/931
f 1068/1068 1067/1067 1069/1069
f 934/934 1003/1003 933/933
f 869/869 1004/1004 870/870
f 870/870 1074/1074 817/817
f 936/936 816/816 1075/1075
f 816/816 1007/1007 1075/1075
f 817/817 1076/1076 872/872
f 1007/1007 871/871 1077/1077
f 871/871 1008/1008 1077/1077
f 780/780 1010/1010 781/781
f 1010/1010 1078/1078 781/781
f 781/781 1078/1078 755/755
f 1078/1078 1011/1011 755/755
f 939/939 1079/1079 940/940
f 1079/1079 1080/1080 940/940
f 1009/1009 1012/1012 818/818
f 1081/1081 1010/1010 783/783
f 873/873 1011/1011 941/941
f 1013/1013 1081/1081 783/783
f 757/757 1012/1012 1082/1082
f 874/874 1083/1083 875/875
f 875/875 1083/1083 1084/1084
f 875/875 1084/1084 785/785
f 785/785 1084/1084 1017/1017
f 1017/1017 1085/1085 820/820
f 786/786 1017/1017 820/820
f 1085/1085 1016/1016 820/820
f 790/790 1013/1013 876/876
f 1014/1014 1018/1018 787/787
f 757/757 1082/1082 789/789
f 1018/1018 1020/1020 879/879
f 956/956 1034/1034 957/957
f 1086/1086 768/768 841/841
f 1087/1087 843/843 1086/1086
f 1088/1088 964/964 1038/1038
f 1089/1089 969/969 1037/1037
f 1037/1037 967/967 1090/1090
f 1090/1090 967/967 968/968
f 1088/1088 1041/1041 964/964
f 1036/1036 1091/1091 893/893
f 961/961 1092/1092 960/960
f 1047/1047 971/971 1093/1093
f 1093/1093 971/971 972/972
f 1094/1094 1095/1095 1096/1096
f 1044/1044 1043/1043 1097/1097
f 1098/1098 1048/1048 1047/1047
f 1099/1099 1100/1100 1101/1101
f 1102/1102 993/993 1054/1054
f 1060/1060 1103/1103 1104/1104
f 1102/1102 1062/1062 993/993
f 1105/1105 1106/1106 1053/1053
f 1058/1058 1105/1105 1053/1053
f 1053/1053 1106/1106 994/994
f 987/987 1107/1107 1064/1064
f 1102/1102 1108/1108 1062/1062
f 1106/1106 1109/1109 994/994
f 1109/1109 1063/1063 994/994
f 1070/1070 1110/1110 1073/1073
f 1073/1073 1111/1111 998/998
f 1062/1062 1108/1108 930/930
f 1107/1107 1112/1112 1064/1064
f 1113/1113 1114/1114 1067/1067
f 1114/1114 1115/1115 1069/1069
f 1067/1067 1114/1114 1069/1069
f 1069/1069 1115/1115 1070/1070
f 1115/1115 1110/1110 1070/1070
f 1116/1116 1006/1006 1117/1117
f 998/998 1111/1111 1118/1118
f 998/998 1118/1118 999/999
f 1119/1119 1120/1120 868/868
f 1120/1120 1004/1004 868/868
f 1003/1003 1121/1121 1001/1001
f 1006/1006 937/937 1122/1122
f 937/937 936/936 1122/1122
f 1074/1074 1076/1076 817/817
f 1075/1075 1007/1007 1123/1123
f 940/940 1124/1124 1008/1008
f 940/940 1080/1080 1124/1124
f 1015/1015 1125/1125 1126/1126
f 821/821 1127/1127 1015/1015
f 877/877 1128/1128 874/874
f 1128/1128 1129/1129 874/874
f 874/874 1129/1129 1083/1083
f 790/790 1130/1130 1013/1013
f 880/880 1127/1127 821/821
f 943/943 1130/1130 790/790
f 1022/1022 1131/1131 880/880
f 1082/1082 944/944 789/789
f 947/947 1028/1028 1132/1132
f 1133/1133 1134/1134 948/948
f 956/956 1135/1135 1034/1034
f 1040/1040 1136/1136 1137/1137
f 1138/1138 1037/1037 1090/1090
f 1036/1036 1139/1139 1140/1140
f 1036/1036 1140/1140 1091/1091
f 1141/1141 1142/1142 1143/1143
f 1040/1040 1137/1137 973/973
f 1144/1144 1047/1047 1145/1145
f 1145/1145 1047/1047 1093/1093
f 1145/1145 1093/1093 1146/1146
f 1146/1146 1093/1093 972/972
f 1137/1137 907/907 973/973
f 1094/1094 1096/1096 1147/1147
f 1147/1147 1096/1096 1148/1148
f 1140/1140 1149/1149 1091/1091
f 1144/1144 1098/1098 1047/1047
f 1100/1100 1150/1150 1101/1101
f 1105/1105 1151/1151 1106/1106
f 1110/1110 1152/1152 1073/1073
f 1073/1073 1152/1152 1111/1111
f 1109/1109 1153/1153 1063/1063
f 1154/1154 1006/1006 1155/1155
f 930/930 1108/1108 1156/1156
f 930/930 1156/1156 1157/1157
f 1158/1158 1120/1120 1119/1119
f 1063/1063 1153/1153 1002/1002
f 1006/1006 1122/1122 1155/1155
f 1114/1114 1159/1159 1160/1160
f 1114/1114 1160/1160 1115/1115
f 1115/1115 1160/1160 1110/1110
f 1111/1111 1161/1161 1118/1118
f 1120/1120 1162/1162 1004/1004
f 1122/1122 936/936 1163/1163
f 1004/1004 1074/1074 870/870
f 936/936 1075/1075 1163/1163
f 1007/1007 1164/1164 1123/1123
f 1007/1007 1077/1077 1164/1164
f 872/872 1076/1076 938/938
f 1008/1008 1124/1124 1165/1165
f 1008/1008 1165/1165 1077/1077
f 1080/1080 1166/1166 1124/1124
f 1078/1078 1167/1167 1168/1168
f 1078/1078 1168/1168 1011/1011
f 1011/1011 1169/1169 941/941
f 1126/1126 1125/1125 1170/1170
f 941/941 1171/1171 1014/1014
f 1015/1015 1127/1127 1125/1125
f 1172/1172 1128/1128 877/877
f 1019/1019 1172/1172 877/877
f 1016/1016 1173/1173 878/878
f 880/880 1131/1131 1127/1127
f 1021/1021 1020/1020 1022/1022
f 1174/1174 1175/1175 1176/1176
f 1177/1177 1135/1135 956/956
f 1035/1035 1178/1178 1036/1036
f 1179/1179 1180/1180 1181/1181
f 1182/1182 1041/1041 1183/1183
f 1183/1183 1041/1041 1088/1088
f 1184/1184 1141/1141 1185/1185
f 1186/1186 1187/1187 1188/1188
f 1147/1147 1148/1148 1189/1189
f 907/907 1137/1137 1190/1190
f 1190/1190 987/987 907/907
f 1191/1191 1108/1108 1102/1102
f 1191/1191 1156/1156 1108/1108
f 1151/1151 1192/1192 1106/1106
f 1192/1192 1193/1193 1106/1106
f 1106/1106 1193/1193 1109/1109
f 1109/1109 1193/1193 1153/1153
f 1113/1113 1194/1194 1159/1159
f 1113/1113 1159/1159 1114/1114
f 1111/1111 1152/1152 1195/1195
f 1158/1158 1196/1196 1120/1120
f 1111/1111 1195/1195 1197/1197
f 1111/1111 1197/1197 1161/1161
f 1122/1122 1198/1198 1155/1155
f 1122/1122 1163/1163 1198/1198
f 1004/1004 1199/1199 1074/1074
f 1074/1074 1200/1200 1076/1076
f 1081/1081 1167/1167 1010/1010
f 1010/1010 1167/1167 1078/1078
f 1011/1011 1168/1168 1169/1169
f 1125/1125 1201/1201 1170/1170
f 1009/1009 1202/1202 1012/1012
f 1013/1013 1203/1203 1081/1081
f 941/941 1169/1169 1171/1171
f 1014/1014 1171/1171 1018/1018
f 1083/1083 1129/1129 1204/1204
f 1084/1084 1205/1205 1017/1017
f 1017/1017 1205/1205 1206/1206
f 1017/1017 1206/1206 1085/1085
f 1085/1085 1173/1173 1016/1016
f 1207/1207 1013/1013 1130/1130
f 944/944 1208/1208 1209/1209
f 944/944 1209/1209 1019/1019
f 1019/1019 1209/1209 1172/1172
f 1020/1020 1210/1210 1022/1022
f 1022/1022 1210/1210 1211/1211
f 1212/1212 1023/1023 1024/1024
f 1185/1185 1143/1143 1213/1213
f 1088/1088 1214/1214 1183/1183
f 1136/1136 1190/1190 1137/1137
f 1189/1189 1148/1148 1215/1215
f 1216/1216 1188/1188 1184/1184
f 1217/1217 1147/1147 1189/1189
f 1218/1218 1219/1219 1150/1150
f 1220/1220 1221/1221 1222/1222
f 1222/1222 1221/1221 1223/1223
f 1107/1107 1224/1224 1112/1112
f 1110/1110 1195/1195 1152/1152
f 1222/1222 1223/1223 1196/1196
f 1222/1222 1196/1196 1158/1158
f 1160/1160 1195/1195 1110/1110
f 1120/1120 1196/1196 1162/1162
f 1157/1157 1225/1225 1226/1226
f 1162/1162 1199/1199 1004/1004
f 1199/1199 1200/1200 1074/1074
f 1123/1123 1164/1164 1227/1227
f 1076/1076 1228/1228 938/938
f 1228/1228 1229/1229 938/938
f 938/938 1229/1229 1009/1009
f 1009/1009 1229/1229 1202/1202
f 1168/1168 1230/1230 1169/1169
f 1012/1012 1202/1202 1082/1082
f 1207/1207 1203/1203 1013/1013
f 1082/1082 1202/1202 1208/1208
f 1083/1083 1204/1204 1084/1084
f 1084/1084 1204/1204 1205/1205
f 1085/1085 1206/1206 1173/1173
f 1173/1173 1231/1231 878/878
f 1018/1018 1171/1171 1232/1232
f 1018/1018 1232/1232 1020/1020
f 1131/1131 1233/1233 1127/1127
f 1082/1082 1208/1208 944/944
f 943/943 1231/1231 1234/1234
f 1020/1020 1235/1235 1210/1210
f 1022/1022 1233/1233 1131/1131
f 1236/1236 1237/1237 1238/1238
f 1239/1239 1213/1213 1087/1087
f 1178/1178 1240/1240 1036/1036
f 1241/1241 1138/1138 1242/1242
f 1136/1136 1243/1243 1190/1190
f 1036/1036 1244/1244 1139/1139
f 1216/1216 1185/1185 1245/1245
f 1215/1215 1246/1246 1247/1247
f 1248/1248 1217/1217 1189/1189
f 1249/1249 1156/1156 1191/1191
f 1249/1249 1250/1250 1156/1156
f 1220/1220 1251/1251 1221/1221
f 1159/1159 1252/1252 1160/1160
f 1252/1252 1253/1253 1160/1160
f 1197/1197 1254/1254 1161/1161
f 1156/1156 1225/1225 1157/1157
f 1156/1156 1250/1250 1225/1225
f 1196/1196 1255/1255 1256/1256
f 1196/1196 1256/1256 1162/1162
f 1162/1162 1256/1256 1199/1199
f 1198/1198 1163/1163 1257/1257
f 1163/1163 1123/1123 1257/1257
f 1123/1123 1227/1227 1257/1257
f 1200/1200 1258/1258 1076/1076
f 1076/1076 1258/1258 1228/1228
f 1125/1125 1259/1259 1201/1201
f 1201/1201 1259/1259 1260/1260
f 1081/1081 1261/1261 1167/1167
f 1168/1168 1167/1167 1230/1230
f 1203/1203 1261/1261 1081/1081
f 1127/1127 1262/1262 1125/1125
f 1125/1125 1262/1262 1259/1259
f 1233/1233 1262/1262 1127/1127
f 878/878 1231/1231 943/943
f 1234/1234 1207/1207 1130/1130
f 1020/1020 1232/1232 1235/1235
f 1022/1022 1211/1211 1233/1233
f 1036/1036 1263/1263 1244/1244
f 1218/1218 1264/1264 1219/1219
f 1264/1264 1265/1265 1219/1219
f 1251/1251 1266/1266 1221/1221
f 1107/1107 1267/1267 1224/1224
f 1194/1194 1268/1268 1159/1159
f 1159/1159 1268/1268 1252/1252
f 1160/1160 1253/1253 1195/1195
f 1253/1253 1269/1269 1195/1195
f 1197/1197 1270/1270 1254/1254
f 1198/1198 1257/1257 1271/1271
f 1225/1225 1272/1272 1226/1226
f 1273/1273 1274/1274 1275/1275
f 1199/1199 1276/1276 1200/1200
f 1234/1234 1277/1277 1207/1207
f 1208/1208 1278/1278 1279/1279
f 1208/1208 1279/1279 1209/1209
f 1238/1238 1280/1280 1281/1281
f 1212/1212 1282/1282 1280/1280
f 1239/1239 1087/1087 1283/1283
f 1243/1243 1284/1284 1190/1190
f 987/987 1190/1190 1107/1107
f 1249/1249 1285/1285 1250/1250
f 1266/1266 1286/1286 1221/1221
f 1221/1221 1286/1286 1287/1287
f 1221/1221 1287/1287 1223/1223
f 1267/1267 1288/1288 1224/1224
f 1194/1194 1289/1289 1268/1268
f 1195/1195 1269/1269 1197/1197
f 1250/1250 1285/1285 1225/1225
f 1223/1223 1287/1287 1196/1196
f 1196/1196 1287/1287 1255/1255
f 1269/1269 1270/1270 1197/1197
f 1270/1270 1290/1290 1254/1254
f 1225/1225 1291/1291 1272/1272
f 1256/1256 1276/1276 1199/1199
f 1276/1276 1258/1258 1200/1200
f 1258/1258 1292/1292 1228/1228
f 1228/1228 1292/1292 1293/1293
f 1228/1228 1293/1293 1229/1229
f 1229/1229 1293/1293 1294/1294
f 1229/1229 1294/1294 1202/1202
f 1261/1261 1295/1295 1167/1167
f 1295/1295 1296/1296 1167/1167
f 1203/1203 1297/1297 1261/1261
f 1169/1169 1230/1230 1298/1298
f 1202/1202 1294/1294 1299/1299
f 1207/1207 1297/1297 1203/1203
f 1202/1202 1299/1299 1208/1208
f 1173/1173 1300/1300 1231/1231
f 1277/1277 1297/1297 1207/1207
f 1171/1171 1301/1301 1232/1232
f 1302/1302 1303/1303 1262/1262
f 1233/1233 1302/1302 1262/1262
f 1208/1208 1299/1299 1278/1278
f 1172/1172 1304/1304 1305/1305
f 1204/1204 1305/1305 1306/1306
f 1204/1204 1306/1306 1307/1307
f 1204/1204 1307/1307 1205/1205
f 1205/1205 1307/1307 1206/1206
f 1206/1206 1308/1308 1173/1173
f 1173/1173 1308/1308 1300/1300
f 1231/1231 1300/1300 1309/1309
f 1231/1231 1310/1310 1234/1234
f 1235/1235 1311/1311 1210/1210
f 1210/1210 1311/1311 1312/1312
f 1211/1211 1313/1313 1233/1233
f 1313/1313 1302/1302 1233/1233
f 1209/1209 1304/1304 1172/1172
f 1209/1209 1279/1279 1304/1304
f 1314/1314 1315/1315 1316/1316
f 1317/1317 1318/1318 1240/1240
f 1319/1319 1320/1320 1321/1321
f 1322/1322 1285/1285 1249/1249
f 1266/1266 1323/1323 1286/1286
f 1252/1252 1324/1324 1253/1253
f 1276/1276 1325/1325 1258/1258
f 1326/1326 1327/1327 1260/1260
f 1259/1259 1326/1326 1260/1260
f 1167/1167 1296/1296 1328/1328
f 1167/1167 1328/1328 1230/1230
f 1261/1261 1297/1297 1295/1295
f 1230/1230 1328/1328 1298/1298
f 1303/1303 1326/1326 1262/1262
f 1262/1262 1326/1326 1259/1259
f 1169/1169 1298/1298 1171/1171
f 1128/1128 1305/1305 1129/1129
f 1171/1171 1298/1298 1301/1301
f 1129/1129 1305/1305 1204/1204
f 1307/1307 1308/1308 1206/1206
f 1310/1310 1277/1277 1234/1234
f 1232/1232 1301/1301 1235/1235
f 1235/1235 1301/1301 1311/1311
f 1210/1210 1312/1312 1211/1211
f 1211/1211 1312/1312 1313/1313
f 1329/1329 1330/1330 1331/1331
f 1318/1318 1263/1263 1240/1240
f 1332/1332 1333/1333 1334/1334
f 1267/1267 1335/1335 1288/1288
f 1334/1334 1333/1333 1336/1336
f 1333/1333 1337/1337 1336/1336
f 1338/1338 1339/1339 1286/1286
f 1323/1323 1338/1338 1286/1286
f 1286/1286 1339/1339 1287/1287
f 1287/1287 1340/1340 1255/1255
f 1289/1289 1341/1341 1268/1268
f 1253/1253 1324/1324 1269/1269
f 1269/1269 1342/1342 1270/1270
f 1337/1337 1343/1343 1344/1344
f 1336/1336 1337/1337 1344/1344
f 1255/1255 1340/1340 1345/1345
f 1225/1225 1346/1346 1291/1291
f 1255/1255 1345/1345 1347/1347
f 1255/1255 1347/1347 1256/1256
f 1256/1256 1347/1347 1276/1276
f 1276/1276 1347/1347 1325/1325
f 1258/1258 1325/1325 1292/1292
f 1292/1292 1348/1348 1293/1293
f 1307/1307 1349/1349 1308/1308
f 1308/1308 1349/1349 1350/1350
f 1231/1231 1309/1309 1310/1310
f 1351/1351 1239/1239 1283/1283
f 1352/1352 1353/1353 1239/1239
f 1318/1318 1354/1354 1263/1263
f 1243/1243 1355/1355 1284/1284
f 1107/1107 1356/1356 1267/1267
f 1287/1287 1339/1339 1340/1340
f 1289/1289 1357/1357 1341/1341
f 1324/1324 1342/1342 1269/1269
f 1268/1268 1341/1341 1252/1252
f 1341/1341 1358/1358 1252/1252
f 1252/1252 1358/1358 1324/1324
f 1270/1270 1359/1359 1290/1290
f 1291/1291 1360/1360 1272/1272
f 1361/1361 1362/1362 1275/1275
f 1274/1274 1361/1361 1275/1275
f 1326/1326 1363/1363 1327/1327
f 1277/1277 1364/1364 1297/1297
f 1302/1302 1365/1365 1303/1303
f 1299/1299 1366/1366 1278/1278
f 1350/1350 1300/1300 1308/1308
f 1313/1313 1367/1367 1302/1302
f 1368/1368 1369/1369 1370/1370
f 1318/1318 1371/1371 1354/1354
f 1372/1372 1373/1373 1374/1374
f 1107/1107 1190/1190 1375/1375
f 1333/1333 1376/1376 1337/1337
f 1291/1291 1377/1377 1360/1360
f 1293/1293 1378/1378 1294/1294
f 1363/1363 1379/1379 1327/1327
f 1296/1296 1380/1380 1328/1328
f 1326/1326 1381/1381 1363/1363
f 1294/1294 1378/1378 1299/1299
f 1328/1328 1382/1382 1298/1298
f 1303/1303 1381/1381 1326/1326
f 1303/1303 1365/1365 1381/1381
f 1298/1298 1382/1382 1383/1383
f 1298/1298 1383/1383 1301/1301
f 1302/1302 1384/1384 1365/1365
f 1299/1299 1385/1385 1366/1366
f 1301/1301 1383/1383 1311/1311
f 1367/1367 1384/1384 1302/1302
f 1278/1278 1386/1386 1279/1279
f 1312/1312 1311/1311 1387/1387
f 1312/1312 1387/1387 1313/1313
f 1387/1387 1367/1367 1313/1313
f 1212/1212 1388/1388 1282/1282
f 1389/1389 1390/1390 1391/1391
f 1389/1389 1391/1391 1392/1392
f 1332/1332 1393/1393 1333/1333
f 1333/1333 1393/1393 1376/1376
f 1376/1376 1343/1343 1337/1337
f 1394/1394 1395/1395 1339/1339
f 1396/1396 1394/1394 1339/1339
f 1339/1339 1395/1395 1340/1340
f 1341/1341 1397/1397 1398/1398
f 1341/1341 1398/1398 1358/1358
f 1358/1358 1398/1398 1324/1324
f 1270/1270 1399/1399 1359/1359
f 1399/1399 1400/1400 1359/1359
f 1346/1346 1401/1401 1291/1291
f 1291/1291 1401/1401 1377/1377
f 1292/1292 1402/1402 1348/1348
f 1297/1297 1403/1403 1295/1295
f 1299/1299 1378/1378 1385/1385
f 1364/1364 1403/1403 1297/1297
f 1404/1404 1405/1405 1305/1305
f 1305/1305 1405/1405 1306/1306
f 1405/1405 1307/1307 1306/1306
f 1307/1307 1406/1406 1349/1349
f 1350/1350 1407/1407 1300/1300
f 1300/1300 1408/1408 1309/1309
f 1277/1277 1409/1409 1364/1364
f 1366/1366 1386/1386 1278/1278
f 1309/1309 1410/1410 1310/1310
f 1311/1311 1411/1411 1387/1387
f 1375/1375 1356/1356 1107/1107
f 1267/1267 1356/1356 1335/1335
f 1357/1357 1397/1397 1341/1341
f 1395/1395 1412/1412 1340/1340
f 1412/1412 1413/1413 1340/1340
f 1340/1340 1413/1413 1345/1345
f 1398/1398 1414/1414 1324/1324
f 1324/1324 1414/1414 1415/1415
f 1415/1415 1270/1270 1342/1342
f 1415/1415 1399/1399 1270/1270
f 1416/1416 1417/1417 1418/1418
f 1345/1345 1413/1413 1347/1347
f 1347/1347 1413/1413 1419/1419
f 1347/1347 1419/1419 1325/1325
f 1325/1325 1419/1419 1420/1420
f 1325/1325 1420/1420 1292/1292
f 1292/1292 1420/1420 1402/1402
f 1348/1348 1402/1402 1293/1293
f 1402/1402 1378/1378 1293/1293
f 1421/1421 1422/1422 1423/1423
f 1295/1295 1403/1403 1424/1424
f 1295/1295 1424/1424 1296/1296
f 1296/1296 1424/1424 1380/1380
f 1328/1328 1380/1380 1382/1382
f 1365/1365 1425/1425 1381/1381
f 1305/1305 1426/1426 1404/1404
f 1405/1405 1406/1406 1307/1307
f 1349/1349 1406/1406 1427/1427
f 1349/1349 1427/1427 1350/1350
f 1350/1350 1427/1427 1407/1407
f 1300/1300 1407/1407 1408/1408
f 1311/1311 1383/1383 1411/1411
f 1386/1386 1426/1426 1304/1304
f 1279/1279 1386/1386 1304/1304
f 1309/1309 1408/1408 1410/1410
f 1310/1310 1410/1410 1277/1277
f 1410/1410 1409/1409 1277/1277
f 1384/1384 1428/1428 1365/1365
f 1365/1365 1428/1428 1425/1425
f 1429/1429 1430/1430 1431/1431
f 1429/1429 1431/1431 1432/1432
f 1433/1433 1434/1434 1371/1371
f 1435/1435 1436/1436 1437/1437
f 1355/1355 1438/1438 1439/1439
f 1355/1355 1439/1439 1284/1284
f 1284/1284 1440/1440 1190/1190
f 1356/1356 1441/1441 1335/1335
f 1442/1442 1443/1443 1397/1397
f 1335/1335 1441/1441 1444/1444
f 1376/1376 1445/1445 1343/1343
f 1446/1446 1401/1401 1346/1346
f 1412/1412 1447/1447 1413/1413
f 1397/1397 1443/1443 1398/1398
f 1398/1398 1448/1448 1449/1449
f 1398/1398 1449/1449 1414/1414
f 1401/1401 1450/1450 1377/1377
f 1409/1409 1451/1451 1364/1364
f 1387/1387 1452/1452 1367/1367
f 1453/1453 1454/1454 1388/1388
f 1371/1371 1434/1434 1455/1455
f 1371/1371 1455/1455 1354/1354
f 1456/1456 1457/1457 1391/1391
f 1390/1390 1456/1456 1391/1391
f 1458/1458 1459/1459 1460/1460
f 1440/1440 1375/1375 1190/1190
f 1461/1461 1462/1462 1393/1393
f 1393/1393 1462/1462 1376/1376
f 1462/1462 1445/1445 1376/1376
f 1463/1463 1464/1464 1465/1465
f 1394/1394 1466/1466 1467/1467
f 1394/1394 1467/1467 1395/1395
f 1395/1395 1467/1467 1447/1447
f 1395/1395 1447/1447 1412/1412
f 1398/1398 1443/1443 1448/1448
f 1415/1415 1468/1468 1469/1469
f 1415/1415 1469/1469 1399/1399
f 1399/1399 1469/1469 1470/1470
f 1399/1399 1470/1470 1400/1400
f 1447/1447 1471/1471 1413/1413
f 1401/1401 1472/1472 1450/1450
f 1416/1416 1473/1473 1417/1417
f 1413/1413 1471/1471 1419/1419
f 1471/1471 1474/1474 1420/1420
f 1419/1419 1471/1471 1420/1420
f 1420/1420 1474/1474 1475/1475
f 1420/1420 1475/1475 1402/1402
f 1475/1475 1476/1476 1402/1402
f 1476/1476 1477/1477 1378/1378
f 1402/1402 1476/1476 1378/1378
f 1477/1477 1478/1478 1378/1378
f 1479/1479 1480/1480 1481/1481
f 1378/1378 1478/1478 1385/1385
f 1482/1482 1483/1483 1403/1403
f 1403/1403 1483/1483 1424/1424
f 1380/1380 1484/1484 1485/1485
f 1380/1380 1485/1485 1382/1382
f 1486/1486 1480/1480 1479/1479
f 1478/1478 1487/1487 1385/1385
f 1488/1488 1482/1482 1364/1364
f 1364/1364 1482/1482 1403/1403
f 1485/1485 1489/1489 1382/1382
f 1385/1385 1487/1487 1490/1490
f 1489/1489 1491/1491 1382/1382
f 1382/1382 1491/1491 1383/1383
f 1385/1385 1490/1490 1366/1366
f 1404/1404 1492/1492 1405/1405
f 1405/1405 1492/1492 1493/1493
f 1493/1493 1494/1494 1405/1405
f 1405/1405 1494/1494 1406/1406
f 1494/1494 1495/1495 1406/1406
f 1406/1406 1495/1495 1496/1496
f 1406/1406 1496/1496 1427/1427
f 1427/1427 1496/1496 1407/1407
f 1496/1496 1497/1497 1407/1407
f 1407/1407 1497/1497 1408/1408
f 1364/1364 1451/1451 1488/1488
f 1383/1383 1491/1491 1411/1411
f 1411/1411 1491/1491 1498/1498
f 1367/1367 1499/1499 1384/1384
f 1384/1384 1499/1499 1428/1428
f 1386/1386 1500/1500 1426/1426
f 1410/1410 1451/1451 1409/1409
f 1411/1411 1498/1498 1387/1387
f 1367/1367 1452/1452 1499/1499
f 1472/1472 1501/1501 1450/1450
f 1483/1483 1484/1484 1424/1424
f 1502/1502 1503/1503 1480/1480
f 1504/1504 1505/1505 1428/1428
f 1428/1428 1505/1505 1425/1425
f 1426/1426 1500/1500 1492/1492
f 1426/1426 1492/1492 1404/1404
f 1499/1499 1506/1506 1428/1428
f 1428/1428 1506/1506 1504/1504
f 1366/1366 1507/1507 1386/1386
f 1507/1507 1500/1500 1386/1386
f 1408/1408 1508/1508 1410/1410
f 1410/1410 1508/1508 1451/1451
f 1498/1498 1452/1452 1387/1387
f 1509/1509 1510/1510 1430/1430
f 1430/1430 1511/1511 1431/1431
f 1455/1455 1512/1512 1354/1354
f 1459/1459 1513/1513 1460/1460
f 1514/1514 1515/1515 1467/1467
f 1515/1515 1516/1516 1447/1447
f 1467/1467 1515/1515 1447/1447
f 1517/1517 1518/1518 1468/1468
f 1447/1447 1516/1516 1471/1471
f 1516/1516 1519/1519 1471/1471
f 1468/1468 1518/1518 1469/1469
f 1471/1471 1519/1519 1474/1474
f 1474/1474 1520/1520 1475/1475
f 1495/1495 1521/1521 1496/1496
f 1497/1497 1522/1522 1408/1408
f 1522/1522 1508/1508 1408/1408
f 1523/1523 1498/1498 1491/1491
f 1453/1453 1524/1524 1454/1454
f 1525/1525 1526/1526 1527/1527
f 1284/1284 1439/1439 1440/1440
f 1461/1461 1528/1528 1462/1462
f 1528/1528 1529/1529 1462/1462
f 1462/1462 1529/1529 1445/1445
f 1442/1442 1530/1530 1443/1443
f 1443/1443 1530/1530 1531/1531
f 1531/1531 1532/1532 1449/1449
f 1449/1449 1532/1532 1517/1517
f 1449/1449 1517/1517 1468/1468
f 1445/1445 1529/1529 1533/1533
f 1469/1469 1518/1518 1470/1470
f 1401/1401 1534/1534 1472/1472
f 1473/1473 1535/1535 1417/1417
f 1520/1520 1536/1536 1475/1475
f 1536/1536 1537/1537 1475/1475
f 1475/1475 1537/1537 1476/1476
f 1537/1537 1477/1477 1476/1476
f 1483/1483 1538/1538 1484/1484
f 1484/1484 1538/1538 1485/1485
f 1539/1539 1489/1489 1485/1485
f 1540/1540 1503/1503 1502/1502
f 1488/1488 1541/1541 1482/1482
f 1496/1496 1521/1521 1497/1497
f 1522/1522 1542/1542 1508/1508
f 1451/1451 1543/1543 1488/1488
f 1452/1452 1506/1506 1499/1499
f 1456/1456 1544/1544 1545/1545
f 1438/1438 1546/1546 1439/1439
f 1517/1517 1547/1547 1518/1518
f 1514/1514 1548/1548 1515/1515
f 1549/1549 1534/1534 1401/1401
f 1516/1516 1550/1550 1519/1519
f 1519/1519 1551/1551 1520/1520
f 1538/1538 1539/1539 1485/1485
f 1482/1482 1541/1541 1483/1483
f 1488/1488 1552/1552 1541/1541
f 1553/1553 1493/1493 1492/1492
f 1488/1488 1543/1543 1552/1552
f 1506/1506 1554/1554 1504/1504
f 1504/1504 1554/1554 1505/1505
f 1494/1494 1555/1555 1495/1495
f 1497/1497 1556/1556 1522/1522
f 1490/1490 1557/1557 1366/1366
f 1366/1366 1557/1557 1507/1507
f 1525/1525 1558/1558 1526/1526
f 1455/1455 1559/1559 1512/1512
f 1513/1513 1560/1560 1460/1460
f 1375/1375 1561/1561 1356/1356
f 1562/1562 1563/1563 1356/1356
f 1528/1528 1564/1564 1529/1529
f 1548/1548 1565/1565 1566/1566
f 1566/1566 1567/1567 1516/1516
f 1356/1356 1563/1563 1441/1441
f 1442/1442 1568/1568 1530/1530
f 1530/1530 1568/1568 1531/1531
f 1532/1532 1547/1547 1517/1517
f 1569/1569 1570/1570 1571/1571
f 1567/1567 1550/1550 1516/1516
f 1534/1534 1501/1501 1472/1472
f 1520/1520 1572/1572 1536/1536
f 1537/1537 1573/1573 1477/1477
f 1477/1477 1573/1573 1478/1478
f 1573/1573 1574/1574 1478/1478
f 1575/1575 1576/1576 1483/1483
f 1483/1483 1576/1576 1538/1538
f 1478/1478 1574/1574 1487/1487
f 1541/1541 1575/1575 1483/1483
f 1539/1539 1577/1577 1489/1489
f 1487/1487 1574/1574 1490/1490
f 1574/1574 1557/1557 1490/1490
f 1489/1489 1578/1578 1491/1491
f 1500/1500 1579/1579 1492/1492
f 1493/1493 1580/1580 1494/1494
f 1580/1580 1555/1555 1494/1494
f 1495/1495 1555/1555 1521/1521
f 1555/1555 1581/1581 1521/1521
f 1508/1508 1542/1542 1451/1451
f 1498/1498 1582/1582 1452/1452
f 1583/1583 1584/1584 1585/1585
f 1583/1583 1586/1586 1584/1584
f 1584/1584 1586/1586 1587/1587
f 1544/1544 1588/1588 1545/1545
f 1561/1561 1562/1562 1356/1356
f 1528/1528 1589/1589 1590/1590
f 1590/1590 1591/1591 1528/1528
f 1591/1591 1564/1564 1528/1528
f 1548/1548 1592/1592 1565/1565
f 1593/1593 1594/1594 1595/1595
f 1531/1531 1596/1596 1597/1597
f 1531/1531 1597/1597 1532/1532
f 1532/1532 1597/1597 1547/1547
f 1547/1547 1598/1598 1518/1518
f 1599/1599 1600/1600 1601/1601
f 1518/1518 1598/1598 1600/1600
f 1518/1518 1600/1600 1599/1599
f 1593/1593 1602/1602 1603/1603
f 1571/1571 1604/1604 1605/1605
f 1535/1535 1606/1606 1607/1607
f 1551/1551 1608/1608 1520/1520
f 1520/1520 1608/1608 1572/1572
f 1538/1538 1576/1576 1539/1539
f 1577/1577 1609/1609 1489/1489
f 1610/1610 1611/1611 1612/1612
f 1552/1552 1575/1575 1541/1541
f 1492/1492 1579/1579 1553/1553
f 1553/1553 1580/1580 1493/1493
f 1578/1578 1523/1523 1491/1491
f 1451/1451 1542/1542 1543/1543
f 1523/1523 1582/1582 1498/1498
f 1452/1452 1613/1613 1506/1506
f 1614/1614 1615/1615 1525/1525
f 1559/1559 1616/1616 1512/1512
f 1544/1544 1617/1617 1588/1588
f 1512/1512 1616/1616 1618/1618
f 1619/1619 1620/1620 1621/1621
f 1513/1513 1622/1622 1560/1560
f 1546/1546 1623/1623 1439/1439
f 1565/1565 1592/1592 1624/1624
f 1565/1565 1624/1624 1566/1566
f 1566/1566 1624/1624 1625/1625
f 1562/1562 1626/1626 1563/1563
f 1567/1567 1627/1627 1550/1550
f 1550/1550 1628/1628 1551/1551
f 1628/1628 1608/1608 1551/1551
f 1602/1602 1629/1629 1603/1603
f 1629/1629 1630/1630 1603/1603
f 1572/1572 1631/1631 1536/1536
f 1632/1632 1633/1633 1634/1634
f 1536/1536 1631/1631 1537/1537
f 1537/1537 1631/1631 1573/1573
f 1573/1573 1635/1635 1574/1574
f 1489/1489 1609/1609 1578/1578
f 1556/1556 1636/1636 1522/1522
f 1506/1506 1613/1613 1637/1637
f 1506/1506 1637/1637 1554/1554
f 1574/1574 1638/1638 1557/1557
f 1614/1614 1639/1639 1615/1615
f 1546/1546 1640/1640 1623/1623
f 1439/1439 1623/1623 1440/1440
f 1641/1641 1642/1642 1590/1590
f 1642/1642 1591/1591 1590/1590
f 1643/1643 1644/1644 1645/1645
f 1567/1567 1625/1625 1627/1627
f 1645/1645 1644/1644 1646/1646
f 1646/1646 1647/1647 1648/1648
f 1648/1648 1647/1647 1649/1649
f 1570/1570 1650/1650 1571/1571
f 1627/1627 1628/1628 1550/1550
f 1650/1650 1651/1651 1571/1571
f 1571/1571 1651/1651 1604/1604
f 1628/1628 1652/1652 1608/1608
f 1608/1608 1653/1653 1572/1572
f 1629/1629 1654/1654 1630/1630
f 1572/1572 1653/1653 1631/1631
f 1631/1631 1655/1655 1573/1573
f 1576/1576 1656/1656 1539/1539
f 1539/1539 1656/1656 1657/1657
f 1552/1552 1658/1658 1575/1575
f 1579/1579 1659/1659 1553/1553
f 1553/1553 1660/1660 1580/1580
f 1555/1555 1661/1661 1581/1581
f 1581/1581 1636/1636 1556/1556
f 1636/1636 1662/1662 1522/1522
f 1543/1543 1663/1663 1552/1552
f 1578/1578 1664/1664 1523/1523
f 1557/1557 1638/1638 1507/1507
f 1522/1522 1665/1665 1542/1542
f 1582/1582 1613/1613 1452/1452
f 1666/1666 1667/1667 1668/1668
f 1669/1669 1670/1670 1671/1671
f 1585/1585 1672/1672 1673/1673
f 1672/1672 1584/1584 1674/1674
f 1584/1584 1587/1587 1674/1674
f 1639/1639 1675/1675 1615/1615
f 1617/1617 1676/1676 1677/1677
f 1562/1562 1561/1561 1626/1626
f 1678/1678 1679/1679 1680/1680
f 1680/1680 1679/1679 1681/1681
f 1682/1682 1650/1650 1570/1570
f 1603/1603 1683/1683 1594/1594
f 1573/1573 1655/1655 1635/1635
f 1576/1576 1684/1684 1656/1656
f 1575/1575 1685/1685 1576/1576
f 1575/1575 1658/1658 1685/1685
f 1574/1574 1635/1635 1638/1638
f 1609/1609 1686/1686 1578/1578
f 1660/1660 1687/1687 1580/1580
f 1580/1580 1687/1687 1555/1555
f 1687/1687 1661/1661 1555/1555
f 1661/1661 1636/1636 1581/1581
f 1613/1613 1688/1688 1637/1637
f 1638/1638 1689/1689 1507/1507
f 1507/1507 1689/1689 1500/1500
f 1500/1500 1689/1689 1579/1579
f 1673/1673 1672/1672 1690/1690
f 1672/1672 1674/1674 1690/1690
f 1674/1674 1587/1587 1691/1691
f 1587/1587 1692/1692 1691/1691
f 1693/1693 1694/1694 1695/1695
f 1623/1623 1640/1640 1440/1440
f 1696/1696 1697/1697 1698/1698
f 1699/1699 1700/1700 1701/1701
f 1701/1701 1702/1702 1625/1625
f 1702/1702 1703/1703 1625/1625
f 1679/1679 1704/1704 1681/1681
f 1704/1704 1644/1644 1643/1643
f 1698/1698 1650/1650 1682/1682
f 1705/1705 1706/1706 1707/1707
f 1644/1644 1708/1708 1646/1646
f 1608/1608 1652/1652 1709/1709
f 1630/1630 1710/1710 1603/1603
f 1630/1630 1711/1711 1710/1710
f 1653/1653 1709/1709 1712/1712
f 1713/1713 1714/1714 1633/1633
f 1685/1685 1684/1684 1576/1576
f 1539/1539 1657/1657 1577/1577
f 1657/1657 1715/1715 1577/1577
f 1715/1715 1716/1716 1609/1609
f 1553/1553 1659/1659 1660/1660
f 1663/1663 1658/1658 1552/1552
f 1609/1609 1716/1716 1686/1686
f 1578/1578 1686/1686 1664/1664
f 1579/1579 1689/1689 1717/1717
f 1579/1579 1717/1717 1659/1659
f 1665/1665 1663/1663 1542/1542
f 1542/1542 1663/1663 1543/1543
f 1718/1718 1719/1719 1720/1720
f 1721/1721 1722/1722 1723/1723
f 1674/1674 1724/1724 1690/1690
f 1674/1674 1691/1691 1724/1724
f 1725/1725 1726/1726 1727/1727
f 1692/1692 1728/1728 1729/1729
f 1727/1727 1726/1726 1730/1730
f 1731/1731 1732/1732 1733/1733
f 1561/1561 1734/1734 1626/1626
f 1735/1735 1736/1736 1644/1644
f 1704/1704 1735/1735 1644/1644
f 1628/1628 1737/1737 1652/1652
f 1709/1709 1738/1738 1712/1712
f 1653/1653 1712/1712 1631/1631
f 1713/1713 1739/1739 1714/1714
f 1631/1631 1712/1712 1655/1655
f 1740/1740 1739/1739 1713/1713
f 1741/1741 1742/1742 1743/1743
f 1637/1637 1742/1742 1741/1741
f 1661/1661 1744/1744 1636/1636
f 1582/1582 1745/1745 1613/1613
f 1638/1638 1746/1746 1689/1689
f 1722/1722 1673/1673 1723/1723
f 1692/1692 1729/1729 1747/1747
f 3/3 2/2 1748/1748
f 1/1 3/3 1748/1748
f 6/6 1749/1749 1729/1729
f 1750/1750 1751/1751 1752/1752
f 1750/1750 1752/1752 1753/1753
f 1640/1640 1754/1754 1440/1440
f 1753/1753 1755/1755 1756/1756
f 1375/1375 1757/1757 1561/1561
f 1758/1758 1759/1759 1760/1760
f 1561/1561 1757/1757 1734/1734
f 1735/1735 1761/1761 1736/1736
f 1762/1762 1763/1763 1697/1697
f 1764/1764 1735/1735 1704/1704
f 1736/1736 1765/1765 1708/1708
f 1697/1697 1763/1763 1698/1698
f 1766/1766 1705/1705 1707/1707
f 1767/1767 1768/1768 1769/1769
f 1763/1763 1651/1651 1650/1650
f 1769/1769 1737/1737 1628/1628
f 1711/1711 1770/1770 1710/1710
f 1630/1630 1771/1771 1711/1711
f 1772/1772 1739/1739 1740/1740
f 1655/1655 1773/1773 1635/1635
f 1684/1684 1685/1685 1774/1774
f 1684/1684 1774/1774 1656/1656
f 1742/1742 1775/1775 1743/1743
f 1635/1635 1776/1776 1638/1638
f 1776/1776 1777/1777 1638/1638
f 1687/1687 1778/1778 1779/1779
f 1687/1687 1779/1779 1661/1661
f 1779/1779 1780/1780 1661/1661
f 1661/1661 1780/1780 1744/1744
f 1636/1636 1744/1744 1662/1662
f 1664/1664 1686/1686 1781/1781
f 1665/1665 1782/1782 1663/1663
f 1664/1664 1781/1781 1582/1582
f 1745/1745 1688/1688 1613/1613
f 1673/1673 1783/1783 1784/1784
f 1783/1783 1690/1690 1785/1785
f 1690/1690 1724/1724 1785/1785
f 1786/1786 1675/1675 1639/1639
f 1729/1729 1787/1787 1747/1747
f 1788/1788 1789/1789 1790/1790
f 1754/1754 1791/1791 1440/1440
f 1753/1753 1752/1752 1755/1755
f 1440/1440 1791/1791 1792/1792
f 1440/1440 1792/1792 1375/1375
f 1375/1375 1792/1792 1757/1757
f 1793/1793 1794/1794 1795/1795
f 1796/1796 1797/1797 1762/1762
f 1798/1798 1799/1799 1800/1800
f 1683/1683 1801/1801 1802/1802
f 1737/1737 1803/1803 1652/1652
f 1804/1804 1710/1710 1805/1805
f 1771/1771 1806/1806 1711/1711
f 1712/1712 1807/1807 1655/1655
f 1635/1635 1773/1773 1776/1776
f 1658/1658 1808/1808 1685/1685
f 1659/1659 1809/1809 1660/1660
f 1663/1663 1782/1782 1658/1658
f 1688/1688 1810/1810 1811/1811
f 1688/1688 1811/1811 1637/1637
f 1638/1638 1777/1777 1746/1746
f 1781/1781 1745/1745 1582/1582
f 1783/1783 1785/1785 1812/1812
f 1785/1785 1724/1724 1812/1812
f 1813/1813 1814/1814 1815/1815
f 1816/1816 1817/1817 1818/1818
f 1755/1755 1752/1752 1819/1819
f 1752/1752 1820/1820 1819/1819
f 1819/1819 1820/1820 1797/1797
f 1757/1757 1792/1792 1821/1821
f 1822/1822 1823/1823 1765/1765
f 1797/1797 1824/1824 1762/1762
f 1766/1766 1825/1825 1826/1826
f 1804/1804 1805/1805 1683/1683
f 1710/1710 1770/1770 1805/1805
f 1738/1738 1827/1827 1712/1712
f 1712/1712 1827/1827 1807/1807
f 1739/1739 1828/1828 1714/1714
f 1807/1807 1773/1773 1655/1655
f 1774/1774 1829/1829 1656/1656
f 1656/1656 1829/1829 1657/1657
f 1657/1657 1830/1830 1715/1715
f 1772/1772 1828/1828 1739/1739
f 1830/1830 1831/1831 1715/1715
f 1715/1715 1831/1831 1716/1716
f 1716/1716 1832/1832 1686/1686
f 1659/1659 1833/1833 1809/1809
f 1660/1660 1809/1809 1778/1778
f 1778/1778 1834/1834 1779/1779
f 1744/1744 1835/1835 1662/1662
f 1658/1658 1782/1782 1808/1808
f 1746/1746 1836/1836 1717/1717
f 1745/1745 1837/1837 1688/1688
f 1838/1838 1839/1839 1840/1840
f 1841/1841 1784/1784 1842/1842
f 1843/1843 1787/1787 1844/1844
f 1789/1789 1845/1845 1790/1790
f 1790/1790 1845/1845 1814/1814
f 1752/1752 1846/1846 1820/1820
f 1847/1847 1848/1848 1823/1823
f 1820/1820 1849/1849 1797/1797
f 1797/1797 1849/1849 1824/1824
f 1850/1850 1851/1851 1852/1852
f 1799/1799 1853/1853 1854/1854
f 1770/1770 1855/1855 1805/1805
f 1711/1711 1856/1856 1770/1770
f 1806/1806 1856/1856 1711/1711
f 1714/1714 1857/1857 1771/1771
f 1828/1828 1857/1857 1714/1714
f 1858/1858 1830/1830 1657/1657
f 1774/1774 1859/1859 1829/1829
f 1775/1775 1860/1860 1861/1861
f 1831/1831 1832/1832 1716/1716
f 1742/1742 1811/1811 1860/1860
f 1780/1780 1862/1862 1744/1744
f 1832/1832 1863/1863 1686/1686
f 1778/1778 1864/1864 1834/1834
f 1779/1779 1834/1834 1865/1865
f 1779/1779 1865/1865 1780/1780
f 1744/1744 1862/1862 1835/1835
f 1686/1686 1863/1863 1781/1781
f 1662/1662 1866/1866 1665/1665
f 1665/1665 1866/1866 1782/1782
f 1781/1781 1867/1867 1745/1745
f 1745/1745 1867/1867 1837/1837
f 1868/1868 1869/1869 1719/1719
f 1870/1870 1871/1871 1872/1872
f 1873/1873 1874/1874 1875/1875
f 1876/1876 1874/1874 1873/1873
f 1877/1877 1878/1878 1879/1879
f 1820/1820 1846/1846 1880/1880
f 1820/1820 1880/1880 1849/1849
f 1849/1849 1880/1880 1881/1881
f 1771/1771 1857/1857 1806/1806
f 1807/1807 1882/1882 1773/1773
f 1829/1829 1858/1858 1657/1657
f 1774/1774 1883/1883 1859/1859
f 1773/1773 1884/1884 1776/1776
f 1809/1809 1885/1885 1778/1778
f 1778/1778 1885/1885 1864/1864
f 1780/1780 1865/1865 1862/1862
f 1884/1884 1777/1777 1776/1776
f 1835/1835 1866/1866 1662/1662
f 1782/1782 1886/1886 1808/1808
f 1781/1781 1863/1863 1867/1867
f 1688/1688 1837/1837 1810/1810
f 1777/1777 1887/1887 1746/1746
f 1869/1869 1888/1888 1719/1719
f 1737/1737 1889/1889 1803/1803
f 1803/1803 1890/1890 1891/1891
f 1738/1738 1890/1890 1827/1827
f 1892/1892 1893/1893 1894/1894
f 1829/1829 1859/1859 1895/1895
f 1829/1829 1895/1895 1858/1858
f 1883/1883 1896/1896 1859/1859
f 1861/1861 1897/1897 1892/1892
f 1773/1773 1882/1882 1884/1884
f 1811/1811 1898/1898 1860/1860
f 1899/1899 1834/1834 1864/1864
f 1834/1834 1900/1900 1865/1865
f 1808/1808 1886/1886 1901/1901
f 1866/1866 1886/1886 1782/1782
f 1902/1902 1903/1903 1904/1904
f 1905/1905 1906/1906 1903/1903
f 1876/1876 1907/1907 1874/1874
f 1908/1908 1909/1909 1855/1855
f 1856/1856 1910/1910 1855/1855
f 1855/1855 1910/1910 1908/1908
f 1911/1911 1912/1912 1913/1913
f 1914/1914 1915/1915 1916/1916
f 1894/1894 1893/1893 1914/1914
f 1806/1806 1917/1917 1856/1856
f 1893/1893 1918/1918 1914/1914
f 1859/1859 1919/1919 1895/1895
f 1858/1858 1920/1920 1830/1830
f 1830/1830 1920/1920 1831/1831
f 1892/1892 1897/1897 1893/1893
f 1860/1860 1921/1921 1861/1861
f 1861/1861 1921/1921 1897/1897
f 1898/1898 1921/1921 1860/1860
f 1885/1885 1899/1899 1864/1864
f 1834/1834 1899/1899 1900/1900
f 1900/1900 1922/1922 1865/1865
f 1865/1865 1922/1922 1862/1862
f 1832/1832 1923/1923 1863/1863
f 1923/1923 1924/1924 1863/1863
f 1811/1811 1810/1810 1898/1898
f 1835/1835 1925/1925 1866/1866
f 1867/1867 1926/1926 1810/1810
f 1867/1867 1810/1810 1837/1837
f 1887/1887 1927/1927 1746/1746
f 1746/1746 1927/1927 1836/1836
f 1902/1902 1928/1928 1903/1903
f 1875/1875 1929/1929 1930/1930
f 1874/1874 1929/1929 1875/1875
f 1907/1907 1929/1929 1874/1874
f 1931/1931 1907/1907 1876/1876
f 1915/1915 1932/1932 1916/1916
f 1807/1807 1827/1827 1933/1933
f 1914/1914 1918/1918 1915/1915
f 1893/1893 1934/1934 1918/1918
f 1896/1896 1919/1919 1859/1859
f 1893/1893 1897/1897 1934/1934
f 1921/1921 1934/1934 1897/1897
f 1901/1901 1896/1896 1883/1883
f 1831/1831 1935/1935 1832/1832
f 1882/1882 1936/1936 1884/1884
f 1833/1833 1937/1937 1809/1809
f 1809/1809 1937/1937 1885/1885
f 1922/1922 1938/1938 1862/1862
f 1938/1938 1835/1835 1862/1862
f 1898/1898 1810/1810 1921/1921
f 1884/1884 1939/1939 1777/1777
f 1777/1777 1939/1939 1887/1887
f 1924/1924 1926/1926 1867/1867
f 1869/1869 1940/1940 1888/1888
f 1941/1941 1942/1942 1943/1943
f 1944/1944 1945/1945 1946/1946
f 1909/1909 1947/1947 1948/1948
f 1890/1890 1949/1949 1827/1827
f 1915/1915 1950/1950 1951/1951
f 1915/1915 1951/1951 1932/1932
f 1915/1915 1952/1952 1950/1950
f 1918/1918 1952/1952 1915/1915
f 1918/1918 1953/1953 1952/1952
f 1934/1934 1953/1953 1918/1918
f 1954/1954 1935/1935 1831/1831
f 1921/1921 1955/1955 1934/1934
f 1832/1832 1935/1935 1923/1923
f 1921/1921 1956/1956 1955/1955
f 1833/1833 1927/1927 1937/1937
f 1937/1937 1957/1957 1885/1885
f 1957/1957 1958/1958 1899/1899
f 1899/1899 1958/1958 1959/1959
f 1899/1899 1959/1959 1900/1900
f 1959/1959 1960/1960 1900/1900
f 1900/1900 1960/1960 1922/1922
f 1960/1960 1938/1938 1922/1922
f 1810/1810 1956/1956 1921/1921
f 1884/1884 1936/1936 1939/1939
f 1886/1886 1961/1961 1901/1901
f 1925/1925 1962/1962 1866/1866
f 1866/1866 1962/1962 1886/1886
f 1888/1888 1940/1940 1963/1963
f 1907/1907 1964/1964 1929/1929
f 1965/1965 1966/1966 1889/1889
f 1967/1967 1949/1949 1890/1890
f 1951/1951 1950/1950 1968/1968
f 1969/1969 1970/1970 1971/1971
f 1955/1955 1972/1972 1953/1953
f 1955/1955 1953/1953 1934/1934
f 1923/1923 1973/1973 1924/1924
f 1924/1924 1974/1974 1926/1926
f 1926/1926 1975/1975 1976/1976
f 1926/1926 1976/1976 1810/1810
f 1810/1810 1976/1976 1956/1956
f 1939/1939 1977/1977 1887/1887
f 1887/1887 1977/1977 1978/1978
f 1887/1887 1978/1978 1927/1927
f 1886/1886 1962/1962 1961/1961
f 1979/1979 1980/1980 1981/1981
f 1982/1982 1983/1983 1931/1931
f 1984/1984 1985/1985 1986/1986
f 1987/1987 1988/1988 1968/1968
f 1895/1895 1989/1989 1990/1990
f 1971/1971 1991/1991 1992/1992
f 1920/1920 1993/1993 1954/1954
f 1882/1882 1994/1994 1936/1936
f 1957/1957 1995/1995 1958/1958
f 1958/1958 1995/1995 1959/1959
f 1959/1959 1996/1996 1960/1960
f 1960/1960 1997/1997 1938/1938
f 1938/1938 1997/1997 1998/1998
f 1999/1999 1969/1969 1896/1896
f 1938/1938 1998/1998 1925/1925
f 1924/1924 1973/1973 1974/1974
f 1956/1956 1976/1976 2000/2000
f 1925/1925 2001/2001 1962/1962
f 1961/1961 1962/1962 1999/1999
f 1940/1940 2002/2002 1963/1963
f 2003/2003 2004/2004 1941/1941
f 2005/2005 2006/2006 2007/2007
f 1929/1929 1964/1964 2008/2008
f 1929/1929 2008/2008 1930/1930
f 1988/1988 2009/2009 1968/1968
f 2010/2010 1988/1988 1987/1987
f 1970/1970 1991/1991 1971/1971
f 2011/2011 2012/2012 1972/1972
f 1972/1972 2012/2012 2013/2013
f 1955/1955 2014/2014 2011/2011
f 2015/2015 2016/2016 1937/1937
f 2016/2016 1957/1957 1937/1937
f 1935/1935 2017/2017 1923/1923
f 1923/1923 2017/2017 1973/1973
f 1956/1956 2000/2000 2014/2014
f 1956/1956 2014/2014 1955/1955
f 1959/1959 1995/1995 1996/1996
f 1960/1960 1996/1996 1997/1997
f 1927/1927 1978/1978 2015/2015
f 1927/1927 2015/2015 1937/1937
f 1998/1998 2001/2001 1925/1925
f 1936/1936 2018/2018 1939/1939
f 2019/2019 2020/2020 1940/1940
f 2021/2021 2022/2022 2023/2023
f 1964/1964 2024/2024 2008/2008
f 2012/2012 2009/2009 1988/1988
f 2010/2010 2012/2012 1988/1988
f 2013/2013 2012/2012 2010/2010
f 2025/2025 2026/2026 1935/1935
f 1954/1954 2025/2025 1935/1935
f 1969/1969 2027/2027 1970/1970
f 1997/1997 2028/2028 1998/1998
f 1957/1957 2016/2016 1995/1995
f 1999/1999 2027/2027 1969/1969
f 1976/1976 2029/2029 2000/2000
f 1998/1998 2030/2030 2001/2001
f 1975/1975 2029/2029 1976/1976
f 1939/1939 2018/2018 1977/1977
f 1962/1962 2001/2001 1999/1999
f 2031/2031 2032/2032 2033/2033
f 1930/1930 2008/2008 2006/2006
f 1983/1983 1964/1964 1907/1907
f 1985/1985 2034/2034 2035/2035
f 2036/2036 2037/2037 1992/1992
f 1949/1949 2038/2038 2039/2039
f 2011/2011 2040/2040 2012/2012
f 2027/2027 1991/1991 1970/1970
f 2016/2016 2041/2041 1995/1995
f 1995/1995 2042/2042 1996/1996
f 2017/2017 2043/2043 1973/1973
f 1973/1973 2043/2043 1974/1974
f 1974/1974 2044/2044 1975/1975
f 1983/1983 2045/2045 1964/1964
f 2046/2046 2047/2047 2048/2048
f 2049/2049 2050/2050 1993/1993
f 1993/1993 2050/2050 2025/2025
f 2012/2012 2040/2040 2051/2051
f 2012/2012 2051/2051 2009/2009
f 2014/2014 2040/2040 2011/2011
f 2038/2038 1994/1994 2039/2039
f 2016/2016 2052/2052 2041/2041
f 2000/2000 2053/2053 2014/2014
f 2018/2018 2054/2054 1977/1977
f 1977/1977 2054/2054 1978/1978
f 2030/2030 2055/2055 2001/2001
f 2001/2001 2055/2055 1999/1999
f 1999/1999 2055/2055 2027/2027
f 2056/2056 2057/2057 2058/2058
f 2008/2008 2059/2059 2060/2060
f 2008/2008 2060/2060 2006/2006
f 2024/2024 2059/2059 2008/2008
f 1964/1964 2045/2045 2024/2024
f 2061/2061 2062/2062 2063/2063
f 2051/2051 2064/2064 2065/2065
f 2036/2036 2066/2066 2037/2037
f 2067/2067 2036/2036 1991/1991
f 2038/2038 2068/2068 1994/1994
f 2069/2069 2067/2067 2027/2027
f 2041/2041 2070/2070 2042/2042
f 2070/2070 2071/2071 2042/2042
f 2042/2042 2072/2072 2073/2073
f 2028/2028 2074/2074 2030/2030
f 2029/2029 2075/2075 2053/2053
f 1974/1974 2043/2043 2044/2044
f 1975/1975 2044/2044 2029/2029
f 2032/2032 2076/2076 2033/2033
f 2077/2077 2078/2078 2022/2022
f 2060/2060 2079/2079 2080/2080
f 2022/2022 2078/2078 2081/2081
f 2045/2045 2059/2059 2024/2024
f 2082/2082 2083/2083 2050/2050
f 2067/2067 2084/2084 2036/2036
f 2050/2050 2085/2085 2025/2025
f 2026/2026 2085/2085 2017/2017
f 2017/2017 2085/2085 2086/2086
f 2014/2014 2087/2087 2040/2040
f 1994/1994 2068/2068 2088/2088
f 2074/2074 2089/2089 2030/2030
f 2055/2055 2069/2069 2027/2027
f 2090/2090 2076/2076 2091/2091
f 2092/2092 2093/2093 2094/2094
f 2095/2095 2096/2096 2097/2097
f 2098/2098 2099/2099 2051/2051
f 2038/2038 2097/2097 2068/2068
f 2100/2100 2101/2101 2102/2102
f 2101/2101 2071/2071 2070/2070
f 2018/2018 2103/2103 2054/2054
f 2076/2076 2104/2104 2091/2091
f 2105/2105 2106/2106 2059/2059
f 2045/2045 2105/2105 2059/2059
f 1983/1983 2107/2107 2045/2045
f 2108/2108 2109/2109 2082/2082
f 2082/2082 2109/2109 2083/2083
f 2110/2110 2111/2111 2074/2074
f 2071/2071 2112/2112 2113/2113
f 2074/2074 2111/2111 2089/2089
f 2088/2088 2103/2103 2018/2018
f 2076/2076 2114/2114 2104/2104
f 2106/2106 2115/2115 2116/2116
f 2098/2098 2117/2117 2099/2099
f 2118/2118 2119/2119 2053/2053
f 2120/2120 2121/2121 2100/2100
f 2111/2111 2122/2122 2089/2089
f 2123/2123 2115/2115 2106/2106
f 2105/2105 2123/2123 2106/2106
f 2124/2124 2125/2125 2126/2126
f 2127/2127 2128/2128 2129/2129
f 2130/2130 2131/2131 2132/2132
f 2100/2100 2121/2121 2133/2133
f 2083/2083 2134/2134 2085/2085
f 2097/2097 2135/2135 2136/2136
f 2137/2137 2111/2111 2110/2110
f 2138/2138 2139/2139 2140/2140
f 2114/2114 2141/2141 2142/2142
f 2104/2104 2114/2114 2142/2142
f 2143/2143 2144/2144 2145/2145
f 2146/2146 2147/2147 2123/2123
f 2146/2146 2123/2123 2105/2105
f 2148/2148 2149/2149 2150/2150
f 2151/2151 2107/2107 2093/2093
f 2152/2152 2153/2153 2154/2154
f 2155/2155 2153/2153 2156/2156
f 2157/2157 2158/2158 2159/2159
f 2157/2157 2159/2159 2160/2160
f 2161/2161 2162/2162 2163/2163
f 2122/2122 2164/2164 2161/2161
f 2142/2142 2141/2141 2165/2165
f 2142/2142 2165/2165 2166/2166
f 2167/2167 2168/2168 2169/2169
f 2170/2170 2171/2171 2172/2172
f 2173/2173 2174/2174 2175/2175
f 2176/2176 2177/2177 2178/2178
f 2178/2178 2177/2177 2179/2179
f 2159/2159 2180/2180 2181/2181
f 2139/2139 2182/2182 2183/2183
f 2140/2140 2183/2183 2184/2184
f 2166/2166 2165/2165 2185/2185
f 2186/2186 2187/2187 2173/2173
f 2173/2173 2187/2187 2174/2174
f 2187/2187 2177/2177 2174/2174
f 2188/2188 2189/2189 2157/2157
f 2157/2157 2189/2189 2190/2190
f 2165/2165 2191/2191 2192/2192
f 2193/2193 2192/2192 2194/2194
f 2125/2125 2195/2195 2196/2196
f 2197/2197 2198/2198 2199/2199
f 2200/2200 2201/2201 2202/2202
f 2203/2203 2204/2204 2205/2205
f 16/16 17/17 55/55
f 114/114 45/45 39/39
f 125/125 43/43 52/52
f 47/47 46/46 60/60
f 132/132 52/52 71/71
f 113/113 35/35 123/123
f 217/217 117/117 124/124
f 123/123 44/44 133/133
f 150/150 103/103 185/185
f 198/198 111/111 112/112
f 163/163 115/115 116/116
f 211/211 112/112 118/118
f 131/131 171/171 264/264
f 200/200 110/110 201/201
f 201/201 113/113 210/210
f 218/218 131/131 2206/2206
f 2206/2206 131/131 264/264
f 222/222 137/137 140/140
f 186/186 185/185 327/327
f 295/295 206/206 207/207
f 2207/2207 2208/2208 303/303
f 266/266 222/222 267/267
f 356/356 322/322 323/323
f 275/275 238/238 277/277
f 327/327 185/185 247/247
f 255/255 295/295 340/340
f 257/257 292/292 204/204
f 2209/2209 2210/2210 2211/2211
f 2210/2210 2208/2208 2212/2212
f 2212/2212 2208/2208 2207/2207
f 305/305 307/307 2213/2213
f 2214/2214 2215/2215 2216/2216
f 2216/2216 2215/2215 2217/2217
f 351/351 356/356 352/352
f 326/326 320/320 331/331
f 283/283 197/197 368/368
f 286/286 287/287 370/370
f 285/285 198/198 339/339
f 199/199 286/286 409/409
f 343/343 199/199 409/409
f 289/289 293/293 376/376
f 372/372 251/251 254/254
f 296/296 199/199 343/343
f 294/294 251/251 372/372
f 2211/2211 2210/2210 2218/2218
f 2218/2218 2210/2210 2212/2212
f 2207/2207 303/303 2219/2219
f 2219/2219 303/303 348/348
f 348/348 305/305 2213/2213
f 2213/2213 307/307 2220/2220
f 2221/2221 2222/2222 2223/2223
f 2223/2223 2222/2222 2224/2224
f 2224/2224 2222/2222 2214/2214
f 2222/2222 2215/2215 2214/2214
f 2216/2216 2217/2217 386/386
f 355/355 352/352 356/356
f 361/361 327/327 365/365
f 414/414 340/340 341/341
f 414/414 341/341 415/415
f 424/424 298/298 374/374
f 379/379 297/297 377/377
f 2212/2212 2207/2207 2225/2225
f 2225/2225 2207/2207 2219/2219
f 348/348 2213/2213 2226/2226
f 2227/2227 2213/2213 2220/2220
f 2216/2216 386/386 385/385
f 2228/2228 401/401 403/403
f 369/369 284/284 285/285
f 413/413 414/414 484/484
f 379/379 377/377 420/420
f 456/456 375/375 345/345
f 422/422 421/421 2229/2229
f 2230/2230 2211/2211 2218/2218
f 2230/2230 2218/2218 2231/2231
f 2231/2231 2218/2218 2212/2212
f 2231/2231 2212/2212 2225/2225
f 2232/2232 2225/2225 2219/2219
f 2232/2232 2219/2219 2233/2233
f 381/381 301/301 380/380
f 2233/2233 2219/2219 348/348
f 2233/2233 348/348 2226/2226
f 2226/2226 2213/2213 2227/2227
f 2223/2223 2224/2224 2234/2234
f 2234/2234 2224/2224 2235/2235
f 2235/2235 2224/2224 2214/2214
f 2235/2235 2214/2214 2236/2236
f 2214/2214 2216/2216 2236/2236
f 2236/2236 2216/2216 385/385
f 395/395 331/331 441/441
f 2228/2228 403/403 582/582
f 369/369 285/285 448/448
f 557/557 2237/2237 485/485
f 484/484 414/414 449/449
f 449/449 415/415 488/488
f 2238/2238 445/445 444/444
f 485/485 2237/2237 486/486
f 520/520 562/562 564/564
f 452/452 371/371 2239/2239
f 491/491 453/453 422/422
f 2231/2231 2225/2225 2232/2232
f 2240/2240 2227/2227 2220/2220
f 2240/2240 2220/2220 2241/2241
f 2236/2236 385/385 461/461
f 461/461 384/384 2242/2242
f 462/462 352/352 463/463
f 432/432 395/395 441/441
f 509/509 469/469 2228/2228
f 509/509 2228/2228 582/582
f 523/523 2243/2243 524/524
f 525/525 526/526 560/560
f 455/455 375/375 492/492
f 2230/2230 2231/2231 636/636
f 568/568 426/426 423/423
f 2244/2244 2227/2227 2240/2240
f 2240/2240 2241/2241 2245/2245
f 2246/2246 2234/2234 2235/2235
f 572/572 432/432 441/441
f 2247/2247 517/517 656/656
f 656/656 517/517 516/516
f 516/516 518/518 2248/2248
f 2248/2248 518/518 688/688
f 527/527 519/519 522/522
f 629/629 2247/2247 656/656
f 521/521 520/520 564/564
f 444/444 446/446 555/555
f 558/558 557/557 485/485
f 688/688 518/518 689/689
f 689/689 518/518 2249/2249
f 689/689 2249/2249 716/716
f 716/716 2249/2249 2243/2243
f 716/716 2243/2243 523/523
f 560/560 526/526 529/529
f 487/487 489/489 561/561
f 658/658 2250/2250 2238/2238
f 590/590 454/454 531/531
f 2251/2251 2250/2250 658/658
f 530/530 490/490 533/533
f 534/534 491/491 537/537
f 422/422 2229/2229 2252/2252
f 636/636 2231/2231 2253/2253
f 2231/2231 2232/2232 2253/2253
f 2253/2253 2232/2232 2254/2254
f 2233/2233 2226/2226 2255/2255
f 569/569 496/496 495/495
f 2226/2226 2227/2227 2244/2244
f 2256/2256 2240/2240 2245/2245
f 2235/2235 2236/2236 2257/2257
f 2257/2257 2236/2236 461/461
f 2257/2257 461/461 2258/2258
f 461/461 2242/2242 641/641
f 2258/2258 461/461 641/641
f 582/582 403/403 583/583
f 583/583 403/403 514/514
f 559/559 561/561 2259/2259
f 592/592 564/564 563/563
f 657/657 2251/2251 658/658
f 531/531 530/530 565/565
f 424/424 483/483 567/567
f 537/537 422/422 596/596
f 596/596 422/422 2252/2252
f 2252/2252 2229/2229 2260/2260
f 636/636 2253/2253 637/637
f 2254/2254 2232/2232 2255/2255
f 2255/2255 2232/2232 2233/2233
f 2255/2255 2226/2226 2244/2244
f 2244/2244 2240/2240 2256/2256
f 2246/2246 2235/2235 2261/2261
f 2235/2235 2257/2257 2261/2261
f 571/571 433/433 572/572
f 656/656 516/516 2262/2262
f 622/622 527/527 554/554
f 522/522 521/521 651/651
f 523/523 525/525 716/716
f 528/528 527/527 622/622
f 694/694 444/444 555/555
f 629/629 656/656 630/630
f 588/588 560/560 528/528
f 521/521 564/564 624/624
f 2238/2238 444/444 694/694
f 653/653 559/559 2259/2259
f 2259/2259 561/561 626/626
f 592/592 593/593 660/660
f 2263/2263 2251/2251 657/657
f 596/596 2252/2252 668/668
f 2252/2252 2260/2260 668/668
f 635/635 568/568 494/494
f 2253/2253 2254/2254 2264/2264
f 2254/2254 2255/2255 2264/2264
f 2255/2255 2244/2244 2265/2265
f 2244/2244 2256/2256 2266/2266
f 2256/2256 2245/2245 2267/2267
f 2258/2258 641/641 643/643
f 602/602 539/539 463/463
f 608/608 607/607 613/613
f 613/613 612/612 616/616
f 583/583 514/514 619/619
f 655/655 656/656 2262/2262
f 2262/2262 516/516 2248/2248
f 554/554 522/522 795/795
f 795/795 522/522 651/651
f 654/654 558/558 559/559
f 716/716 525/525 691/691
f 588/588 691/691 525/525
f 658/658 2238/2238 694/694
f 2268/2268 629/629 628/628
f 660/660 593/593 661/661
f 661/661 2269/2269 2270/2270
f 2269/2269 2263/2263 657/657
f 2266/2266 2256/2256 2267/2267
f 2271/2271 2246/2246 2261/2261
f 2261/2261 2257/2257 2272/2272
f 2272/2272 2257/2257 2258/2258
f 556/556 558/558 654/654
f 689/689 716/716 715/715
f 717/717 716/716 691/691
f 694/694 555/555 737/737
f 653/653 2259/2259 2273/2273
f 659/659 658/658 694/694
f 628/628 630/630 693/693
f 624/624 592/592 696/696
f 662/662 661/661 2270/2270
f 2270/2270 2269/2269 657/657
f 632/632 631/631 698/698
f 638/638 637/637 2274/2274
f 2274/2274 637/637 2253/2253
f 2264/2264 2255/2255 2275/2275
f 2275/2275 2255/2255 2276/2276
f 722/722 639/639 569/569
f 2255/2255 2265/2265 2277/2277
f 2265/2265 2244/2244 2266/2266
f 2265/2265 2266/2266 2278/2278
f 2272/2272 2258/2258 643/643
f 671/671 542/542 571/571
f 583/583 619/619 685/685
f 2262/2262 2248/2248 2279/2279
f 2248/2248 688/688 690/690
f 2280/2280 795/795 651/651
f 650/650 556/556 654/654
f 761/761 689/689 715/715
f 717/717 691/691 692/692
f 692/692 588/588 623/623
f 737/737 555/555 713/713
f 2259/2259 626/626 2273/2273
f 2273/2273 626/626 739/739
f 738/738 626/626 627/627
f 2270/2270 657/657 659/659
f 632/632 698/698 741/741
f 746/746 2268/2268 766/766
f 766/766 2268/2268 628/628
f 2274/2274 2253/2253 2281/2281
f 2253/2253 2264/2264 2275/2275
f 2276/2276 2255/2255 2277/2277
f 2278/2278 2266/2266 2282/2282
f 2266/2266 2267/2267 2282/2282
f 2283/2283 2271/2271 2284/2284
f 2271/2271 2261/2261 2284/2284
f 2284/2284 2261/2261 2272/2272
f 642/642 774/774 643/643
f 776/776 609/609 725/725
f 725/725 609/609 608/608
f 655/655 2262/2262 946/946
f 2285/2285 655/655 946/946
f 946/946 2262/2262 2279/2279
f 2279/2279 2248/2248 690/690
f 713/713 650/650 882/882
f 650/650 654/654 714/714
f 2286/2286 717/717 692/692
f 735/735 689/689 761/761
f 623/623 622/622 949/949
f 652/652 624/624 696/696
f 2281/2281 2253/2253 2275/2275
f 774/774 2272/2272 643/643
f 669/669 602/602 603/603
f 778/778 725/725 724/724
f 677/677 583/583 685/685
f 794/794 554/554 795/795
f 737/737 713/713 829/829
f 829/829 713/713 882/882
f 653/653 2273/2273 2287/2287
f 693/693 655/655 2288/2288
f 2288/2288 655/655 2285/2285
f 761/761 715/715 2289/2289
f 2289/2289 715/715 717/717
f 2289/2289 717/717 2286/2286
f 2290/2290 692/692 623/623
f 622/622 554/554 794/794
f 949/949 622/622 794/794
f 832/832 2280/2280 651/651
f 832/832 651/651 652/652
f 958/958 693/693 2288/2288
f 628/628 693/693 958/958
f 740/740 696/696 662/662
f 2270/2270 659/659 955/955
f 955/955 659/659 695/695
f 738/738 627/627 763/763
f 2281/2281 2275/2275 2291/2291
f 2291/2291 2275/2275 2276/2276
f 2277/2277 2265/2265 2278/2278
f 2292/2292 2278/2278 2282/2282
f 2293/2293 2283/2283 2284/2284
f 2284/2284 2272/2272 2294/2294
f 774/774 2294/2294 2272/2272
f 795/795 2280/2280 796/796
f 796/796 2280/2280 832/832
f 882/882 650/650 2295/2295
f 650/650 714/714 2295/2295
f 2295/2295 714/714 1026/1026
f 1026/1026 714/714 653/653
f 1026/1026 653/653 2287/2287
f 2286/2286 692/692 2296/2296
f 2296/2296 692/692 2290/2290
f 736/736 737/737 827/827
f 2287/2287 2273/2273 739/739
f 2290/2290 623/623 949/949
f 832/832 652/652 833/833
f 833/833 652/652 740/740
f 739/739 738/738 951/951
f 740/740 662/662 2297/2297
f 2297/2297 662/662 2270/2270
f 2297/2297 2270/2270 2298/2298
f 2270/2270 955/955 2298/2298
f 765/765 628/628 958/958
f 2292/2292 2282/2282 2299/2299
f 2293/2293 2284/2284 2300/2300
f 2294/2294 774/774 1061/1061
f 946/946 2279/2279 947/947
f 947/947 2279/2279 690/690
f 827/827 737/737 829/829
f 762/762 761/761 2289/2289
f 885/885 695/695 831/831
f 695/695 736/736 831/831
f 951/951 738/738 764/764
f 764/764 763/763 2301/2301
f 957/957 765/765 958/958
f 836/836 838/838 840/840
f 841/841 766/766 765/765
f 839/839 838/838 886/886
f 769/769 770/770 844/844
f 2291/2291 2276/2276 2302/2302
f 2302/2302 2276/2276 2277/2277
f 2277/2277 2278/2278 2303/2303
f 2303/2303 2278/2278 2292/2292
f 2303/2303 2292/2292 2299/2299
f 2300/2300 2284/2284 2294/2294
f 1061/1061 774/774 811/811
f 937/937 777/777 778/778
f 758/758 685/685 877/877
f 821/821 712/712 880/880
f 828/828 2304/2304 881/881
f 881/881 2304/2304 829/829
f 881/881 829/829 882/882
f 2288/2288 2285/2285 2305/2305
f 690/690 735/735 762/762
f 955/955 695/695 885/885
f 2306/2306 836/836 840/840
f 797/797 743/743 842/842
f 842/842 844/844 962/962
f 891/891 850/850 852/852
f 2302/2302 2277/2277 2307/2307
f 2307/2307 2277/2277 2303/2303
f 897/897 913/913 914/914
f 852/852 2308/2308 2309/2309
f 2310/2310 2311/2311 2293/2293
f 914/914 913/913 917/917
f 2310/2310 2293/2293 2300/2300
f 2309/2309 2308/2308 2312/2312
f 2309/2309 2312/2312 2313/2313
f 864/864 932/932 867/867
f 2314/2314 751/751 750/750
f 1005/1005 814/814 777/777
f 877/877 685/685 684/684
f 2315/2315 828/828 881/881
f 883/883 882/882 2295/2295
f 883/883 2295/2295 2316/2316
f 2316/2316 2295/2295 1026/1026
f 945/945 2285/2285 946/946
f 1174/1174 826/826 828/828
f 1174/1174 828/828 2315/2315
f 2305/2305 2285/2285 945/945
f 762/762 2289/2289 2317/2317
f 1029/1029 762/762 2317/2317
f 2289/2289 2286/2286 2317/2317
f 2317/2317 2286/2286 2296/2296
f 2296/2296 2290/2290 1134/1134
f 1134/1134 2290/2290 949/949
f 796/796 832/832 1030/1030
f 830/830 826/826 1174/1174
f 2287/2287 739/739 950/950
f 1030/1030 832/832 834/834
f 950/950 739/739 951/951
f 952/952 951/951 764/764
f 958/958 2288/2288 956/956
f 833/833 740/740 2318/2318
f 2318/2318 740/740 2297/2297
f 2318/2318 2297/2297 2319/2319
f 2297/2297 2298/2298 954/954
f 2298/2298 955/955 954/954
f 837/837 836/836 2306/2306
f 841/841 765/765 957/957
f 2320/2320 890/890 891/891
f 910/910 799/799 847/847
f 891/891 852/852 2321/2321
f 2322/2322 891/891 2321/2321
f 2323/2323 2324/2324 1050/1050
f 2321/2321 852/852 909/909
f 908/908 852/852 2309/2309
f 2324/2324 2325/2325 2326/2326
f 1050/1050 2324/2324 2326/2326
f 2327/2327 908/908 2309/2309
f 2326/2326 2325/2325 2328/2328
f 2327/2327 2309/2309 2313/2313
f 2326/2326 2328/2328 2329/2329
f 2300/2300 2294/2294 1061/1061
f 923/923 926/926 929/929
f 1055/1055 2313/2313 2312/2312
f 1055/1055 2312/2312 1056/1056
f 1056/1056 2312/2312 2330/2330
f 813/813 751/751 2314/2314
f 1005/1005 777/777 937/937
f 1024/1024 793/793 796/796
f 2315/2315 881/881 2331/2331
f 2316/2316 1026/1026 1025/1025
f 947/947 690/690 1028/1028
f 1026/1026 2287/2287 1027/1027
f 1027/1027 2287/2287 950/950
f 1028/1028 690/690 762/762
f 2332/2332 830/830 1174/1174
f 2332/2332 884/884 830/830
f 2333/2333 2288/2288 2305/2305
f 956/956 2288/2288 2333/2333
f 2318/2318 834/834 833/833
f 2319/2319 954/954 953/953
f 2334/2334 952/952 764/764
f 2319/2319 2297/2297 954/954
f 843/843 744/744 768/768
f 842/842 962/962 960/960
f 1180/1180 890/890 2320/2320
f 964/964 900/900 966/966
f 2320/2320 891/891 2322/2322
f 961/961 844/844 846/846
f 2335/2335 2302/2302 2307/2307
f 2335/2335 2307/2307 2336/2336
f 1049/1049 2323/2323 1050/1050
f 1046/1046 980/980 982/982
f 2307/2307 2303/2303 2337/2337
f 2336/2336 2307/2307 2337/2337
f 2310/2310 2300/2300 2338/2338
f 1099/1099 2326/2326 2329/2329
f 2338/2338 2300/2300 1061/1061
f 924/924 929/929 996/996
f 1099/1099 2329/2329 1100/1100
f 1100/1100 2329/2329 2339/2339
f 1056/1056 2330/2330 2340/2340
f 2340/2340 2330/2330 2341/2341
f 2342/2342 811/811 773/773
f 1116/1116 1005/1005 1006/1006
f 1024/1024 796/796 2343/2343
f 2331/2331 881/881 2344/2344
f 881/881 883/883 2344/2344
f 2345/2345 2316/2316 1025/1025
f 2317/2317 2296/2296 1237/1237
f 1237/1237 2296/2296 1133/1133
f 2296/2296 1134/1134 1133/1133
f 2343/2343 796/796 1030/1030
f 2305/2305 945/945 2346/2346
f 1134/1134 949/949 948/948
f 2347/2347 884/884 2332/2332
f 1031/1031 834/834 2318/2318
f 2319/2319 953/953 2348/2348
f 2348/2348 953/953 2347/2347
f 2334/2334 764/764 1033/1033
f 837/837 2306/2306 2349/2349
f 2350/2350 2306/2306 840/840
f 2350/2350 840/840 839/839
f 2351/2351 887/887 2352/2352
f 1086/1086 843/843 768/768
f 1179/1179 890/890 1180/1180
f 1042/1042 903/903 849/849
f 2353/2353 2320/2320 2322/2322
f 1041/1041 968/968 965/965
f 2354/2354 2323/2323 1049/1049
f 2355/2355 2354/2354 1049/1049
f 2356/2356 2311/2311 2310/2310
f 2338/2338 1061/1061 1060/1060
f 1073/1073 1072/1072 1070/1070
f 1059/1059 1056/1056 2340/2340
f 1060/1060 811/811 2342/2342
f 1126/1126 942/942 1015/1015
f 2344/2344 883/883 2357/2357
f 883/883 2316/2316 2357/2357
f 2357/2357 2316/2316 2345/2345
f 2346/2346 945/945 2358/2358
f 1174/1174 2315/2315 2331/2331
f 2345/2345 1025/1025 2359/2359
f 2359/2359 1025/1025 1027/1027
f 1132/1132 1028/1028 1029/1029
f 1029/1029 2317/2317 2360/2360
f 2360/2360 2317/2317 1237/1237
f 1027/1027 950/950 2361/2361
f 2333/2333 2305/2305 2346/2346
f 1176/1176 2332/2332 1174/1174
f 2361/2361 950/950 952/952
f 2361/2361 952/952 2362/2362
f 2347/2347 2332/2332 1176/1176
f 2362/2362 952/952 2334/2334
f 953/953 884/884 2347/2347
f 1177/1177 956/956 2333/2333
f 2363/2363 837/837 2364/2364
f 2364/2364 837/837 2349/2349
f 1086/1086 841/841 1034/1034
f 2350/2350 839/839 2365/2365
f 839/839 887/887 2351/2351
f 2366/2366 2352/2352 2367/2367
f 1142/1142 843/843 1143/1143
f 2366/2366 2367/2367 2368/2368
f 1090/1090 968/968 1182/1182
f 1180/1180 2320/2320 2369/2369
f 1182/1182 968/968 1041/1041
f 2369/2369 2320/2320 2370/2370
f 1146/1146 972/972 1039/1039
f 2371/2371 2354/2354 2355/2355
f 2372/2372 2371/2371 2355/2355
f 2370/2370 2320/2320 2353/2353
f 2368/2368 2367/2367 2373/2373
f 2373/2373 2374/2374 2375/2375
f 2376/2376 2375/2375 2356/2356
f 2356/2356 2310/2310 2377/2377
f 2377/2377 2310/2310 2378/2378
f 2310/2310 2338/2338 2378/2378
f 2378/2378 2338/2338 1104/1104
f 2338/2338 1060/1060 1104/1104
f 1103/1103 1060/1060 2342/2342
f 1059/1059 2340/2340 2379/2379
f 1100/1100 2339/2339 2380/2380
f 1103/1103 2342/2342 2381/2381
f 2358/2358 945/945 2382/2382
f 945/945 947/947 2382/2382
f 2382/2382 947/947 1132/1132
f 1316/1316 1029/1029 2360/2360
f 2359/2359 1027/1027 2361/2361
f 1132/1132 1029/1029 2383/2383
f 2383/2383 1029/1029 1316/1316
f 2384/2384 1030/1030 1031/1031
f 2385/2385 1031/1031 2318/2318
f 2385/2385 2318/2318 2319/2319
f 2385/2385 2319/2319 2386/2386
f 2386/2386 2319/2319 2348/2348
f 2386/2386 2348/2348 2387/2387
f 2387/2387 2348/2348 2347/2347
f 2362/2362 2334/2334 1033/1033
f 2388/2388 2349/2349 2306/2306
f 2388/2388 2306/2306 2350/2350
f 2389/2389 1086/1086 1034/1034
f 2365/2365 839/839 2351/2351
f 2351/2351 2352/2352 2366/2366
f 1143/1143 843/843 1087/1087
f 1181/1181 1180/1180 2369/2369
f 2390/2390 1089/1089 1037/1037
f 2390/2390 1037/1037 1138/1138
f 1138/1138 1090/1090 1182/1182
f 1088/1088 1038/1038 2391/2391
f 1185/1185 1141/1141 1143/1143
f 1217/1217 1094/1094 1147/1147
f 2373/2373 2375/2375 2376/2376
f 2376/2376 2356/2356 2377/2377
f 1150/1150 1100/1100 2380/2380
f 2379/2379 2340/2340 2392/2392
f 2340/2340 2341/2341 2393/2393
f 2393/2393 2341/2341 2394/2394
f 2395/2395 1001/1001 1121/1121
f 2396/2396 1077/1077 1165/1165
f 1165/1165 1124/1124 1166/1166
f 2397/2397 1024/1024 2398/2398
f 2331/2331 2344/2344 2399/2399
f 2399/2399 2344/2344 2357/2357
f 2357/2357 2345/2345 2400/2400
f 2400/2400 2345/2345 2401/2401
f 2401/2401 2345/2345 2359/2359
f 1238/1238 1133/1133 948/948
f 1024/1024 2343/2343 2398/2398
f 1175/1175 1174/1174 2331/2331
f 2359/2359 2361/2361 2402/2402
f 2402/2402 2361/2361 2403/2403
f 1280/1280 948/948 1023/1023
f 2343/2343 1030/1030 2384/2384
f 2403/2403 2361/2361 2362/2362
f 2384/2384 1031/1031 2385/2385
f 2387/2387 2347/2347 1176/1176
f 2362/2362 1033/1033 2404/2404
f 1033/1033 2405/2405 2406/2406
f 2389/2389 1034/1034 1135/1135
f 2389/2389 1087/1087 1086/1086
f 2351/2351 2366/2366 2407/2407
f 2408/2408 1179/1179 1181/1181
f 1213/1213 1143/1143 1087/1087
f 1214/1214 1088/1088 2391/2391
f 2409/2409 1138/1138 1182/1182
f 2410/2410 2371/2371 2372/2372
f 2411/2411 2369/2369 2370/2370
f 2412/2412 2368/2368 2373/2373
f 2412/2412 2373/2373 2376/2376
f 2378/2378 1104/1104 2413/2413
f 1154/1154 1155/1155 2414/2414
f 1218/1218 1150/1150 2380/2380
f 2392/2392 2340/2340 2393/2393
f 1163/1163 1075/1075 1123/1123
f 1227/1227 1164/1164 2415/2415
f 1164/1164 1077/1077 2415/2415
f 2415/2415 1077/1077 2396/2396
f 1130/1130 943/943 1234/1234
f 2416/2416 2358/2358 2417/2417
f 2358/2358 2382/2382 2417/2417
f 1212/1212 1024/1024 2397/2397
f 1175/1175 2331/2331 2399/2399
f 2401/2401 2359/2359 2402/2402
f 2346/2346 2358/2358 2416/2416
f 2360/2360 1237/1237 1236/1236
f 1238/1238 1237/1237 1133/1133
f 1238/1238 948/948 1280/1280
f 1280/1280 1023/1023 1212/1212
f 2418/2418 2333/2333 2416/2416
f 2333/2333 2346/2346 2416/2416
f 2403/2403 2362/2362 2419/2419
f 2419/2419 2362/2362 2404/2404
f 1177/1177 2333/2333 2418/2418
f 2404/2404 1033/1033 2406/2406
f 1331/1331 1135/1135 1177/1177
f 2364/2364 2349/2349 2420/2420
f 2420/2420 2349/2349 2388/2388
f 2389/2389 1135/1135 2421/2421
f 2365/2365 2351/2351 2422/2422
f 2422/2422 2351/2351 2407/2407
f 2390/2390 1138/1138 1241/1241
f 1242/1242 1138/1138 2409/2409
f 1214/1214 2391/2391 2423/2423
f 2409/2409 1182/1182 1183/1183
f 1216/1216 1184/1184 1185/1185
f 2424/2424 2410/2410 2425/2425
f 2407/2407 2366/2366 2426/2426
f 2425/2425 2410/2410 2372/2372
f 2426/2426 2366/2366 2368/2368
f 2426/2426 2368/2368 2412/2412
f 2412/2412 2376/2376 2427/2427
f 2376/2376 2377/2377 2427/2427
f 2427/2427 2377/2377 2378/2378
f 1104/1104 1103/1103 2428/2428
f 2413/2413 1104/1104 2428/2428
f 2428/2428 1103/1103 2429/2429
f 2429/2429 1103/1103 2430/2430
f 1218/1218 2380/2380 2431/2431
f 1218/1218 2431/2431 1264/1264
f 2432/2432 2392/2392 2393/2393
f 1155/1155 1198/1198 2414/2414
f 2433/2433 2434/2434 2435/2435
f 2435/2435 2434/2434 2436/2436
f 2437/2437 2436/2436 2438/2438
f 1316/1316 2360/2360 1236/1236
f 2398/2398 2343/2343 2439/2439
f 2439/2439 2343/2343 2384/2384
f 1331/1331 1177/1177 2418/2418
f 2421/2421 1135/1135 1331/1331
f 2440/2440 2408/2408 1181/1181
f 2440/2440 1181/1181 2369/2369
f 1245/1245 1185/1185 1213/1213
f 2441/2441 2390/2390 1241/1241
f 2369/2369 2411/2411 1320/1320
f 2442/2442 1188/1188 2443/2443
f 1188/1188 1216/1216 2443/2443
f 1248/1248 1189/1189 1247/1247
f 1189/1189 1215/1215 1247/1247
f 1186/1186 1188/1188 2442/2442
f 2426/2426 2412/2412 2444/2444
f 2445/2445 2432/2432 2393/2393
f 2414/2414 1198/1198 1271/1271
f 2393/2393 2394/2394 2446/2446
f 1275/1275 2447/2447 1273/1273
f 2448/2448 2449/2449 2450/2450
f 2449/2449 2433/2433 2450/2450
f 2433/2433 2435/2435 2450/2450
f 2437/2437 2435/2435 2436/2436
f 2437/2437 2438/2438 2451/2451
f 2452/2452 2382/2382 1132/1132
f 2453/2453 2399/2399 2357/2357
f 2454/2454 2402/2402 2403/2403
f 2455/2455 1176/1176 1175/1175
f 2439/2439 2384/2384 2385/2385
f 2456/2456 2403/2403 2419/2419
f 1369/1369 2386/2386 2457/2457
f 2457/2457 2386/2386 2387/2387
f 2420/2420 2388/2388 2458/2458
f 2388/2388 2350/2350 2459/2459
f 2350/2350 2365/2365 2460/2460
f 1087/1087 2389/2389 1283/1283
f 2461/2461 2462/2462 2463/2463
f 1245/1245 1213/1213 1239/1239
f 1183/1183 1214/1214 2464/2464
f 2465/2465 1183/1183 2464/2464
f 2464/2464 1214/1214 2423/2423
f 2464/2464 2423/2423 2466/2466
f 1263/1263 1036/1036 1240/1240
f 2409/2409 1183/1183 2465/2465
f 2467/2467 2424/2424 2468/2468
f 1319/1319 2369/2369 1320/1320
f 2443/2443 1216/1216 2469/2469
f 2469/2469 1216/1216 1245/1245
f 2468/2468 2424/2424 2425/2425
f 2470/2470 1248/1248 1247/1247
f 2412/2412 2427/2427 2444/2444
f 2427/2427 2378/2378 2471/2471
f 2429/2429 2430/2430 2472/2472
f 2472/2472 2430/2430 2473/2473
f 1264/1264 2431/2431 2474/2474
f 2475/2475 2393/2393 2446/2446
f 1271/1271 1257/1257 2476/2476
f 2476/2476 1257/1257 1227/1227
f 1128/1128 1172/1172 1305/1305
f 2417/2417 2382/2382 2452/2452
f 2477/2477 2417/2417 2452/2452
f 2478/2478 2453/2453 2357/2357
f 2478/2478 2357/2357 2479/2479
f 2479/2479 2357/2357 2400/2400
f 1316/1316 1236/1236 1314/1314
f 1236/1236 1238/1238 2480/2480
f 2481/2481 2397/2397 2398/2398
f 2400/2400 2401/2401 2479/2479
f 2416/2416 2417/2417 2482/2482
f 1315/1315 1132/1132 2383/2383
f 1315/1315 2383/2383 1316/1316
f 2481/2481 2398/2398 2439/2439
f 2454/2454 2403/2403 2456/2456
f 2483/2483 2418/2418 2482/2482
f 2418/2418 2416/2416 2482/2482
f 2387/2387 1176/1176 2455/2455
f 2457/2457 2387/2387 2455/2455
f 2456/2456 2419/2419 2484/2484
f 2485/2485 2385/2385 2386/2386
f 2485/2485 2386/2386 1369/1369
f 2484/2484 2419/2419 2404/2404
f 2484/2484 2404/2404 2406/2406
f 1331/1331 2418/2418 1329/1329
f 2458/2458 2388/2388 2459/2459
f 2459/2459 2350/2350 2460/2460
f 1283/1283 2389/2389 2421/2421
f 2460/2460 2365/2365 2486/2486
f 2486/2486 2365/2365 2422/2422
f 2461/2461 2463/2463 2487/2487
f 2488/2488 1241/1241 2489/2489
f 1241/1241 1242/1242 2489/2489
f 2489/2489 1242/1242 2490/2490
f 1353/1353 1245/1245 1239/1239
f 2441/2441 1241/1241 2488/2488
f 2490/2490 1242/1242 2409/2409
f 2490/2490 2409/2409 2465/2465
f 2440/2440 2369/2369 1319/1319
f 2469/2469 1245/1245 1353/1353
f 2491/2491 2442/2442 2443/2443
f 2422/2422 2407/2407 2492/2492
f 2492/2492 2407/2407 2426/2426
f 2471/2471 2378/2378 2413/2413
f 1265/1265 1264/1264 2474/2474
f 2445/2445 2393/2393 2493/2493
f 2493/2493 2393/2393 2475/2475
f 2472/2472 2473/2473 2448/2448
f 2494/2494 2450/2450 2435/2435
f 2482/2482 2417/2417 2477/2477
f 2452/2452 1132/1132 1315/1315
f 1314/1314 1236/1236 2480/2480
f 2480/2480 1238/1238 1281/1281
f 2495/2495 2397/2397 2481/2481
f 2479/2479 2401/2401 2496/2496
f 2496/2496 2401/2401 2402/2402
f 2496/2496 2402/2402 2454/2454
f 1281/1281 1280/1280 1282/1282
f 2497/2497 2481/2481 2439/2439
f 2497/2497 2439/2439 2385/2385
f 2497/2497 2385/2385 2485/2485
f 1329/1329 2418/2418 2483/2483
f 2484/2484 2406/2406 2498/2498
f 2499/2499 2420/2420 2458/2458
f 2421/2421 1331/1331 2500/2500
f 2459/2459 2460/2460 2501/2501
f 2501/2501 2460/2460 2486/2486
f 2502/2502 2440/2440 2503/2503
f 2504/2504 2505/2505 2506/2506
f 2503/2503 2440/2440 1319/1319
f 2486/2486 2422/2422 2492/2492
f 2507/2507 1319/1319 1321/1321
f 2467/2467 2468/2468 2508/2508
f 2509/2509 2470/2470 1247/1247
f 2509/2509 1247/1247 2510/2510
f 2510/2510 1247/1247 1246/1246
f 2492/2492 2426/2426 2511/2511
f 2511/2511 2426/2426 2444/2444
f 2511/2511 2444/2444 2427/2427
f 2413/2413 2428/2428 2512/2512
f 2512/2512 2428/2428 2429/2429
f 2429/2429 2472/2472 2513/2513
f 1265/1265 2474/2474 2514/2514
f 2472/2472 2448/2448 2515/2515
f 2448/2448 2450/2450 2516/2516
f 2515/2515 2448/2448 2516/2516
f 2516/2516 2450/2450 2494/2494
f 2435/2435 2437/2437 2517/2517
f 2518/2518 2437/2437 2519/2519
f 2519/2519 2437/2437 2451/2451
f 1212/1212 2397/2397 2520/2520
f 2520/2520 2397/2397 2495/2495
f 2521/2521 1175/1175 2399/2399
f 2456/2456 2484/2484 2522/2522
f 2522/2522 2484/2484 2523/2523
f 2524/2524 2525/2525 2526/2526
f 2526/2526 2525/2525 2527/2527
f 2500/2500 1331/1331 1330/1330
f 2528/2528 2527/2527 2529/2529
f 2530/2530 2527/2527 2528/2528
f 1351/1351 1283/1283 2500/2500
f 2500/2500 1283/1283 2421/2421
f 1318/1318 1317/1317 1433/1433
f 2531/2531 2532/2532 2533/2533
f 2534/2534 2535/2535 2536/2536
f 2535/2535 2537/2537 2538/2538
f 2536/2536 2535/2535 2538/2538
f 2539/2539 2504/2504 1389/1389
f 1392/1392 2539/2539 1389/1389
f 1389/1389 2504/2504 2506/2506
f 2503/2503 1319/1319 2507/2507
f 2510/2510 1246/1246 2540/2540
f 1244/1244 1263/1263 2541/2541
f 2491/2491 2443/2443 1374/1374
f 1374/1374 2443/2443 2469/2469
f 2511/2511 2427/2427 2471/2471
f 2512/2512 2429/2429 2513/2513
f 2513/2513 2472/2472 2515/2515
f 2542/2542 1265/1265 2514/2514
f 2493/2493 2475/2475 2543/2543
f 2543/2543 2475/2475 2446/2446
f 2494/2494 2435/2435 2517/2517
f 2517/2517 2437/2437 2518/2518
f 2480/2480 1281/1281 2544/2544
f 2544/2544 1281/1281 1282/1282
f 2521/2521 2399/2399 2453/2453
f 2545/2545 2455/2455 2521/2521
f 2455/2455 1175/1175 2521/2521
f 2546/2546 2454/2454 2522/2522
f 2454/2454 2456/2456 2522/2522
f 2457/2457 2455/2455 2545/2545
f 2497/2497 2485/2485 2547/2547
f 2547/2547 2485/2485 1368/1368
f 1369/1369 2457/2457 1370/1370
f 1370/1370 2457/2457 2545/2545
f 2485/2485 1369/1369 1368/1368
f 2548/2548 2526/2526 2527/2527
f 2530/2530 2548/2548 2527/2527
f 2530/2530 2528/2528 2549/2549
f 2528/2528 2550/2550 2551/2551
f 2549/2549 2528/2528 2551/2551
f 2552/2552 2551/2551 2550/2550
f 2553/2553 2501/2501 2486/2486
f 1352/1352 1239/1239 1351/1351
f 2538/2538 2537/2537 2554/2554
f 1437/1437 2534/2534 2536/2536
f 2554/2554 2537/2537 2555/2555
f 2554/2554 2555/2555 2539/2539
f 2554/2554 2539/2539 1392/1392
f 2503/2503 2507/2507 2556/2556
f 2557/2557 2469/2469 1352/1352
f 1352/1352 2469/2469 1353/1353
f 2558/2558 2559/2559 2560/2560
f 2561/2561 2562/2562 2563/2563
f 1373/1373 2491/2491 1374/1374
f 1374/1374 2469/2469 2557/2557
f 2492/2492 2511/2511 2564/2564
f 2471/2471 2413/2413 2565/2565
f 2413/2413 2512/2512 2565/2565
f 1339/1339 1338/1338 1396/1396
f 2542/2542 2514/2514 2566/2566
f 2543/2543 2446/2446 2567/2567
f 2568/2568 2543/2543 2567/2567
f 2569/2569 2452/2452 1315/1315
f 2548/2548 2530/2530 2549/2549
f 2570/2570 2549/2549 2551/2551
f 2571/2571 2570/2570 2551/2551
f 2571/2571 2551/2551 2552/2552
f 1371/1371 1318/1318 1433/1433
f 2553/2553 2486/2486 2572/2572
f 2541/2541 1263/1263 1354/1354
f 2573/2573 2510/2510 2540/2540
f 2486/2486 2492/2492 2572/2572
f 2565/2565 2512/2512 2574/2574
f 2574/2574 2512/2512 2513/2513
f 2575/2575 2513/2513 2515/2515
f 2576/2576 2515/2515 2516/2516
f 2576/2576 2516/2516 2577/2577
f 2577/2577 2516/2516 2494/2494
f 2577/2577 2494/2494 2517/2517
f 2578/2578 2518/2518 2579/2579
f 2518/2518 2519/2519 2579/2579
f 2580/2580 2477/2477 2581/2581
f 2581/2581 2477/2477 2452/2452
f 2581/2581 2452/2452 2569/2569
f 2453/2453 2478/2478 2582/2582
f 2583/2583 2478/2478 2479/2479
f 2583/2583 2479/2479 2496/2496
f 2584/2584 2482/2482 2477/2477
f 2584/2584 2477/2477 2580/2580
f 1315/1315 1314/1314 2585/2585
f 1314/1314 2480/2480 2586/2586
f 2480/2480 2544/2544 2587/2587
f 2544/2544 1282/1282 1388/1388
f 1388/1388 1212/1212 2520/2520
f 2520/2520 2495/2495 2588/2588
f 2521/2521 2453/2453 2582/2582
f 2589/2589 2496/2496 2454/2454
f 2589/2589 2454/2454 2546/2546
f 2481/2481 2497/2497 2590/2590
f 2483/2483 2482/2482 2584/2584
f 2591/2591 2547/2547 1368/1368
f 1368/1368 1370/1370 2592/2592
f 2592/2592 1370/1370 2593/2593
f 2593/2593 1370/1370 2545/2545
f 2594/2594 2522/2522 2523/2523
f 1329/1329 2483/2483 1509/1509
f 1429/1429 1329/1329 1509/1509
f 1330/1330 1329/1329 1429/1429
f 2595/2595 2526/2526 2548/2548
f 1432/1432 1330/1330 1429/1429
f 2596/2596 2548/2548 2549/2549
f 2500/2500 1330/1330 1432/1432
f 2570/2570 2596/2596 2549/2549
f 2597/2597 1351/1351 2500/2500
f 2571/2571 2552/2552 2598/2598
f 2599/2599 1351/1351 2600/2600
f 2601/2601 1352/1352 2599/2599
f 1352/1352 1351/1351 2599/2599
f 2536/2536 2538/2538 2602/2602
f 2603/2603 2538/2538 2554/2554
f 1390/1390 1389/1389 2506/2506
f 1390/1390 2506/2506 2604/2604
f 2605/2605 2553/2553 2572/2572
f 2606/2606 2557/2557 1352/1352
f 2558/2558 2560/2560 2607/2607
f 2608/2608 2561/2561 2563/2563
f 2572/2572 2492/2492 2564/2564
f 2609/2609 2471/2471 2565/2565
f 2574/2574 2513/2513 2610/2610
f 2610/2610 2513/2513 2575/2575
f 2575/2575 2515/2515 2576/2576
f 1342/1342 1324/1324 1415/1415
f 2611/2611 2542/2542 2566/2566
f 2611/2611 2566/2566 2612/2612
f 1465/1465 2568/2568 2567/2567
f 2613/2613 2614/2614 2615/2615
f 2577/2577 2517/2517 2616/2616
f 2517/2517 2518/2518 2616/2616
f 2616/2616 2518/2518 2578/2578
f 1305/1305 1304/1304 1426/1426
f 2582/2582 2478/2478 2583/2583
f 2569/2569 1315/1315 2585/2585
f 2585/2585 1314/1314 2586/2586
f 2586/2586 2480/2480 2587/2587
f 2587/2587 2544/2544 1388/1388
f 2588/2588 2495/2495 2617/2617
f 2617/2617 2495/2495 2481/2481
f 2617/2617 2481/2481 2590/2590
f 2593/2593 2545/2545 2521/2521
f 2590/2590 2497/2497 2547/2547
f 2590/2590 2547/2547 2591/2591
f 1509/1509 2483/2483 2584/2584
f 2591/2591 1368/1368 2592/2592
f 2618/2618 2526/2526 2595/2595
f 2595/2595 2548/2548 2596/2596
f 2597/2597 2500/2500 1432/1432
f 2600/2600 1351/1351 2597/2597
f 1437/1437 2536/2536 2602/2602
f 2602/2602 2538/2538 2603/2603
f 2606/2606 1352/1352 2601/2601
f 2603/2603 2554/2554 1392/1392
f 2603/2603 1392/1392 1391/1391
f 2619/2619 2558/2558 2607/2607
f 1458/1458 2540/2540 1459/1459
f 2620/2620 2503/2503 2556/2556
f 2621/2621 1372/1372 1374/1374
f 2621/2621 1374/1374 2622/2622
f 2622/2622 1374/1374 2606/2606
f 2606/2606 1374/1374 2557/2557
f 2573/2573 2540/2540 1458/1458
f 2564/2564 2511/2511 2609/2609
f 2511/2511 2471/2471 2609/2609
f 2609/2609 2565/2565 2623/2623
f 2624/2624 2575/2575 2576/2576
f 1465/1465 2567/2567 2625/2625
f 2615/2615 2626/2626 2613/2613
f 2615/2615 2614/2614 2627/2627
f 2627/2627 2614/2614 2628/2628
f 2616/2616 2578/2578 2629/2629
f 2578/2578 2579/2579 2629/2629
f 2594/2594 2546/2546 2522/2522
f 2630/2630 2631/2631 2524/2524
f 2630/2630 2524/2524 2526/2526
f 2630/2630 2526/2526 2618/2618
f 2632/2632 2618/2618 2595/2595
f 2571/2571 2598/2598 2633/2633
f 2605/2605 2572/2572 2634/2634
f 2572/2572 2564/2564 2609/2609
f 2635/2635 2610/2610 2575/2575
f 2636/2636 2637/2637 2626/2626
f 2638/2638 2627/2627 2628/2628
f 2638/2638 2628/2628 2639/2639
f 2639/2639 1423/1423 1422/1422
f 2640/2640 1363/1363 1381/1381
f 1425/1425 2640/2640 1381/1381
f 1454/1454 2587/2587 1388/1388
f 1388/1388 2520/2520 1453/1453
f 1453/1453 2520/2520 2588/2588
f 2589/2589 2546/2546 2641/2641
f 2642/2642 2593/2593 2521/2521
f 2641/2641 2546/2546 2594/2594
f 2590/2590 2591/2591 2643/2643
f 1430/1430 1429/1429 1509/1509
f 2644/2644 2632/2632 2595/2595
f 2644/2644 2595/2595 2596/2596
f 2645/2645 2596/2596 2570/2570
f 2646/2646 2600/2600 2597/2597
f 2633/2633 2570/2570 2571/2571
f 1527/1527 2599/2599 2600/2600
f 2647/2647 2503/2503 2648/2648
f 1527/1527 2601/2601 2599/2599
f 1435/1435 1437/1437 2602/2602
f 2648/2648 2503/2503 2620/2620
f 2619/2619 2607/2607 2649/2649
f 2633/2633 2598/2598 2650/2650
f 2634/2634 2572/2572 2651/2651
f 2651/2651 2572/2572 2609/2609
f 2652/2652 2565/2565 2574/2574
f 2635/2635 2575/2575 2653/2653
f 1360/1360 1377/1377 1450/1450
f 2654/2654 2626/2626 2615/2615
f 2636/2636 2626/2626 2654/2654
f 2654/2654 2615/2615 2627/2627
f 2638/2638 2654/2654 2627/2627
f 2655/2655 2638/2638 2639/2639
f 2655/2655 2639/2639 1422/1422
f 1481/1481 2655/2655 1422/1422
f 1479/1479 1481/1481 1421/1421
f 1481/1481 1422/1422 1421/1421
f 2656/2656 2582/2582 2583/2583
f 2584/2584 2580/2580 2657/2657
f 2658/2658 2569/2569 2585/2585
f 2585/2585 2586/2586 2659/2659
f 2659/2659 2586/2586 2660/2660
f 2586/2586 2587/2587 2660/2660
f 2660/2660 2587/2587 2661/2661
f 2587/2587 1454/1454 2661/2661
f 1453/1453 2588/2588 2662/2662
f 2588/2588 2617/2617 2663/2663
f 2664/2664 2521/2521 2582/2582
f 2664/2664 2582/2582 2656/2656
f 2583/2583 2496/2496 2665/2665
f 2496/2496 2589/2589 2641/2641
f 2665/2665 2496/2496 2641/2641
f 2617/2617 2590/2590 2666/2666
f 2642/2642 2521/2521 2664/2664
f 2590/2590 2643/2643 2666/2666
f 2591/2591 2592/2592 2643/2643
f 2643/2643 2592/2592 2667/2667
f 2668/2668 2631/2631 2630/2630
f 2669/2669 2630/2630 2618/2618
f 1431/1431 2597/2597 1432/1432
f 2646/2646 2597/2597 1431/1431
f 2645/2645 2570/2570 2633/2633
f 1527/1527 2600/2600 2646/2646
f 2670/2670 2671/2671 2672/2672
f 1435/1435 2602/2602 2673/2673
f 2602/2602 2603/2603 2673/2673
f 2673/2673 2603/2603 2674/2674
f 1390/1390 2604/2604 2675/2675
f 1456/1456 1390/1390 2675/2675
f 2676/2676 2601/2601 1527/1527
f 2603/2603 1391/1391 1457/1457
f 2674/2674 2603/2603 1457/1457
f 2677/2677 2619/2619 2649/2649
f 2622/2622 2606/2606 2678/2678
f 2678/2678 2606/2606 2676/2676
f 2676/2676 2606/2606 2601/2601
f 2607/2607 2679/2679 2680/2680
f 2649/2649 2607/2607 2680/2680
f 2681/2681 2573/2573 1458/1458
f 2681/2681 1458/1458 1460/1460
f 2633/2633 2650/2650 2682/2682
f 2682/2682 2650/2650 2683/2683
f 2683/2683 2650/2650 2684/2684
f 2651/2651 2609/2609 2685/2685
f 2685/2685 2609/2609 2686/2686
f 2686/2686 2609/2609 2623/2623
f 2623/2623 2565/2565 2652/2652
f 2652/2652 2574/2574 2610/2610
f 2610/2610 2635/2635 2687/2687
f 1449/1449 1468/1468 1415/1415
f 1414/1414 1449/1449 1415/1415
f 2688/2688 2611/2611 2612/2612
f 2689/2689 2690/2690 2636/2636
f 1463/1463 1465/1465 2625/2625
f 2691/2691 2692/2692 2636/2636
f 2691/2691 2636/2636 2654/2654
f 2638/2638 2691/2691 2654/2654
f 2693/2693 2694/2694 2638/2638
f 2693/2693 2638/2638 2655/2655
f 2695/2695 2693/2693 2655/2655
f 2695/2695 2655/2655 1481/1481
f 1424/1424 1484/1484 1380/1380
f 2662/2662 2588/2588 2663/2663
f 2663/2663 2617/2617 2666/2666
f 1510/1510 1509/1509 2584/2584
f 2592/2592 2593/2593 2667/2667
f 2667/2667 2593/2593 2642/2642
f 2645/2645 2644/2644 2596/2596
f 2682/2682 2645/2645 2633/2633
f 2648/2648 2620/2620 2696/2696
f 2697/2697 2621/2621 2622/2622
f 2652/2652 2610/2610 2687/2687
f 2687/2687 2635/2635 2698/2698
f 2699/2699 2687/2687 2698/2698
f 2688/2688 2612/2612 2700/2700
f 1464/1464 1463/1463 2625/2625
f 2692/2692 2689/2689 2636/2636
f 2701/2701 2691/2691 2694/2694
f 2694/2694 2691/2691 2638/2638
f 2702/2702 2694/2694 2693/2693
f 2693/2693 2695/2695 2703/2703
f 1480/1480 2703/2703 1481/1481
f 1481/1481 2703/2703 2695/2695
f 1502/1502 1480/1480 1486/1486
f 2657/2657 2580/2580 2581/2581
f 2656/2656 2583/2583 2704/2704
f 2705/2705 2584/2584 2657/2657
f 1524/1524 2661/2661 1454/1454
f 1453/1453 2662/2662 2706/2706
f 2665/2665 2641/2641 2707/2707
f 2708/2708 2642/2642 2664/2664
f 2707/2707 2641/2641 2709/2709
f 2641/2641 2594/2594 2709/2709
f 2666/2666 2643/2643 2710/2710
f 2643/2643 2667/2667 2711/2711
f 2711/2711 2667/2667 2712/2712
f 2669/2669 2668/2668 2630/2630
f 2632/2632 2669/2669 2618/2618
f 2713/2713 2632/2632 2644/2644
f 2714/2714 2646/2646 1431/1431
f 2713/2713 2644/2644 2645/2645
f 2713/2713 2645/2645 2715/2715
f 1527/1527 2646/2646 1525/1525
f 2682/2682 2715/2715 2645/2645
f 2715/2715 2682/2682 2716/2716
f 1435/1435 2673/2673 2717/2717
f 2717/2717 2673/2673 2674/2674
f 2718/2718 2676/2676 1527/1527
f 1545/1545 1457/1457 1456/1456
f 2648/2648 2696/2696 2719/2719
f 2720/2720 2678/2678 2676/2676
f 2720/2720 2676/2676 2718/2718
f 2721/2721 2677/2677 2649/2649
f 2681/2681 1460/1460 2722/2722
f 2723/2723 2724/2724 2725/2725
f 2726/2726 2651/2651 2685/2685
f 2652/2652 2687/2687 2727/2727
f 2727/2727 2687/2687 2699/2699
f 2728/2728 2689/2689 2729/2729
f 1466/1466 1514/1514 1467/1467
f 2729/2729 2689/2689 2730/2730
f 2731/2731 1464/1464 2625/2625
f 2730/2730 2689/2689 2692/2692
f 2732/2732 2730/2730 2692/2692
f 2733/2733 2732/2732 2691/2691
f 2691/2691 2732/2732 2692/2692
f 2733/2733 2691/2691 2701/2701
f 2702/2702 2693/2693 2703/2703
f 1503/1503 2703/2703 1480/1480
f 2734/2734 2585/2585 2659/2659
f 2734/2734 2659/2659 2735/2735
f 2659/2659 2660/2660 2736/2736
f 2736/2736 2660/2660 2737/2737
f 2660/2660 2661/2661 2737/2737
f 2737/2737 2661/2661 2738/2738
f 2738/2738 2661/2661 1524/1524
f 2706/2706 2662/2662 2739/2739
f 2662/2662 2663/2663 2739/2739
f 2739/2739 2663/2663 2740/2740
f 2663/2663 2666/2666 2740/2740
f 2708/2708 2664/2664 2656/2656
f 2704/2704 2583/2583 2665/2665
f 2741/2741 2642/2642 2708/2708
f 2742/2742 2631/2631 2668/2668
f 2742/2742 2668/2668 2743/2743
f 1510/1510 2584/2584 2705/2705
f 2710/2710 2643/2643 2711/2711
f 2712/2712 2667/2667 2741/2741
f 2741/2741 2667/2667 2642/2642
f 2744/2744 2668/2668 2669/2669
f 1511/1511 1430/1430 1510/1510
f 2745/2745 2669/2669 2632/2632
f 2713/2713 2745/2745 2632/2632
f 2714/2714 1431/1431 1511/1511
f 2746/2746 2713/2713 2715/2715
f 2746/2746 2715/2715 2747/2747
f 1525/1525 2646/2646 2714/2714
f 2747/2747 2715/2715 2716/2716
f 2748/2748 2670/2670 2749/2749
f 2749/2749 2670/2670 2672/2672
f 2718/2718 1527/1527 1526/1526
f 2750/2750 1436/1436 1435/1435
f 2717/2717 2674/2674 2751/2751
f 2674/2674 1457/1457 1545/1545
f 2751/2751 2674/2674 1545/1545
f 1456/1456 2675/2675 2752/2752
f 1544/1544 1456/1456 2752/2752
f 2753/2753 2648/2648 2719/2719
f 2719/2719 2696/2696 2754/2754
f 2697/2697 2622/2622 2755/2755
f 2756/2756 2697/2697 2755/2755
f 2755/2755 2622/2622 2678/2678
f 2755/2755 2678/2678 2720/2720
f 2757/2757 2723/2723 1586/1586
f 2649/2649 2680/2680 2758/2758
f 1586/1586 2723/2723 2759/2759
f 2759/2759 2723/2723 2725/2725
f 2760/2760 2651/2651 2726/2726
f 2726/2726 2685/2685 2686/2686
f 2761/2761 2623/2623 2652/2652
f 1593/1593 2699/2699 1602/1602
f 1443/1443 1531/1531 1448/1448
f 1531/1531 1449/1449 1448/1448
f 1599/1599 1470/1470 1518/1518
f 2729/2729 2730/2730 2762/2762
f 1474/1474 1519/1519 1520/1520
f 2763/2763 2733/2733 2701/2701
f 2763/2763 2701/2701 2694/2694
f 2764/2764 2763/2763 2702/2702
f 2763/2763 2694/2694 2702/2702
f 1503/1503 2764/2764 2703/2703
f 2764/2764 2702/2702 2703/2703
f 2581/2581 2569/2569 2765/2765
f 2705/2705 2657/2657 2766/2766
f 2765/2765 2569/2569 2658/2658
f 2767/2767 2658/2658 2734/2734
f 2735/2735 2659/2659 2736/2736
f 2734/2734 2658/2658 2585/2585
f 2740/2740 2666/2666 2710/2710
f 2768/2768 2707/2707 2709/2709
f 1669/1669 1510/1510 2705/2705
f 2744/2744 2669/2669 2745/2745
f 2744/2744 2745/2745 2769/2769
f 2745/2745 2713/2713 2770/2770
f 2770/2770 2713/2713 2771/2771
f 2771/2771 2713/2713 2746/2746
f 2771/2771 2746/2746 2747/2747
f 2772/2772 2773/2773 1583/1583
f 2718/2718 1526/1526 1558/1558
f 2773/2773 2757/2757 1583/1583
f 1583/1583 2757/2757 1586/1586
f 2750/2750 1435/1435 2717/2717
f 2774/2774 2718/2718 1558/1558
f 2719/2719 2754/2754 2775/2775
f 2774/2774 2720/2720 2718/2718
f 2721/2721 2649/2649 2758/2758
f 1560/1560 2722/2722 1460/1460
f 2726/2726 2686/2686 2776/2776
f 2776/2776 2686/2686 2623/2623
f 2761/2761 2652/2652 2777/2777
f 2652/2652 2727/2727 2777/2777
f 2778/2778 2688/2688 2779/2779
f 2688/2688 2700/2700 2779/2779
f 1535/1535 1607/1607 1417/1417
f 2780/2780 2762/2762 2730/2730
f 2780/2780 2730/2730 2732/2732
f 2732/2732 2733/2733 2763/2763
f 2781/2781 2764/2764 1503/1503
f 1540/1540 2781/2781 1503/1503
f 2782/2782 2581/2581 2765/2765
f 2766/2766 2657/2657 2782/2782
f 2657/2657 2581/2581 2782/2782
f 2765/2765 2658/2658 2767/2767
f 1718/1718 1453/1453 2706/2706
f 2708/2708 2656/2656 2783/2783
f 2740/2740 2710/2710 2784/2784
f 1668/1668 2708/2708 1666/1666
f 1668/1668 2741/2741 2708/2708
f 2710/2710 2711/2711 2785/2785
f 2785/2785 2711/2711 2712/2712
f 2786/2786 2712/2712 2741/2741
f 2769/2769 2668/2668 2744/2744
f 2743/2743 2668/2668 2769/2769
f 1671/1671 1511/1511 1510/1510
f 2770/2770 2769/2769 2745/2745
f 2787/2787 2714/2714 1511/1511
f 2788/2788 2772/2772 2789/2789
f 2789/2789 2772/2772 1583/1583
f 1614/1614 1525/1525 2714/2714
f 2790/2790 1436/1436 2750/2750
f 2756/2756 2755/2755 2791/2791
f 2792/2792 2756/2756 2791/2791
f 2791/2791 2755/2755 2720/2720
f 2793/2793 2720/2720 2774/2774
f 2794/2794 2722/2722 1560/1560
f 2776/2776 2623/2623 2761/2761
f 2777/2777 2727/2727 1595/1595
f 1595/1595 2727/2727 2699/2699
f 1595/1595 2699/2699 1593/1593
f 2795/2795 2778/2778 2779/2779
f 1515/1515 1548/1548 1566/1566
f 1515/1515 1566/1566 1516/1516
f 2796/2796 2731/2731 2797/2797
f 2798/2798 2796/2796 2797/2797
f 2731/2731 2625/2625 2797/2797
f 1519/1519 1550/1550 1551/1551
f 2799/2799 2780/2780 2732/2732
f 2800/2800 2799/2799 2732/2732
f 2799/2799 2800/2800 2801/2801
f 2802/2802 2800/2800 2803/2803
f 2803/2803 2800/2800 2732/2732
f 2803/2803 2732/2732 2763/2763
f 2803/2803 2763/2763 2764/2764
f 2781/2781 2803/2803 2764/2764
f 1610/1610 1540/1540 1502/1502
f 1666/1666 2708/2708 2783/2783
f 2783/2783 2656/2656 2704/2704
f 1669/1669 2705/2705 2766/2766
f 1524/1524 1453/1453 1718/1718
f 2804/2804 2784/2784 2710/2710
f 2805/2805 2742/2742 2743/2743
f 1671/1671 1510/1510 1669/1669
f 2804/2804 2710/2710 2785/2785
f 2786/2786 2741/2741 1668/1668
f 2787/2787 1511/1511 1671/1671
f 2806/2806 2770/2770 2771/2771
f 2807/2807 2788/2788 2789/2789
f 1614/1614 2714/2714 2787/2787
f 2789/2789 1583/1583 1585/1585
f 2808/2808 2748/2748 2749/2749
f 1558/1558 1525/1525 1615/1615
f 1587/1587 1586/1586 2759/2759
f 2790/2790 2750/2750 2809/2809
f 2809/2809 2750/2750 2717/2717
f 2809/2809 2717/2717 2810/2810
f 2717/2717 2751/2751 2810/2810
f 2811/2811 2774/2774 1558/1558
f 2751/2751 1545/1545 1588/1588
f 2812/2812 2721/2721 2758/2758
f 2793/2793 2774/2774 2811/2811
f 1587/1587 2759/2759 2725/2725
f 2812/2812 2758/2758 2813/2813
f 2814/2814 2815/2815 2816/2816
f 2817/2817 2818/2818 2819/2819
f 2760/2760 2726/2726 2820/2820
f 2726/2726 2776/2776 2821/2821
f 2820/2820 2726/2726 2821/2821
f 2822/2822 2761/2761 2777/2777
f 2823/2823 2778/2778 2795/2795
f 1594/1594 1593/1593 1603/1603
f 2802/2802 2801/2801 2800/2800
f 2824/2824 2802/2802 2803/2803
f 1612/1612 2824/2824 2803/2803
f 2824/2824 1612/1612 2825/2825
f 1612/1612 2803/2803 2781/2781
f 1612/1612 2781/2781 1540/1540
f 1610/1610 1612/1612 1540/1540
f 1521/1521 1556/1556 1497/1497
f 1556/1556 1521/1521 1581/1581
f 2767/2767 2734/2734 2826/2826
f 2805/2805 2743/2743 2827/2827
f 2827/2827 2743/2743 2769/2769
f 2827/2827 2769/2769 2828/2828
f 2828/2828 2769/2769 2770/2770
f 2828/2828 2770/2770 2806/2806
f 2829/2829 2807/2807 2789/2789
f 1721/1721 2789/2789 1585/1585
f 1672/1672 1585/1585 1584/1584
f 1544/1544 2752/2752 1617/1617
f 1617/1617 2752/2752 2830/2830
f 2753/2753 2719/2719 2831/2831
f 2811/2811 1558/1558 2832/2832
f 2810/2810 2751/2751 1588/1588
f 2831/2831 2719/2719 2775/2775
f 2833/2833 2794/2794 1560/1560
f 2791/2791 2720/2720 2793/2793
f 2834/2834 2835/2835 2836/2836
f 2837/2837 2794/2794 2833/2833
f 2838/2838 2817/2817 2819/2819
f 2839/2839 2725/2725 1731/1731
f 2777/2777 1595/1595 2840/2840
f 1566/1566 1625/1625 1567/1567
f 1568/1568 1596/1596 1531/1531
f 2841/2841 2798/2798 2797/2797
f 2842/2842 1607/1607 1606/1606
f 1654/1654 1634/1634 1633/1633
f 1633/1633 1632/1632 2843/2843
f 2843/2843 1632/1632 2844/2844
f 2844/2844 2845/2845 2843/2843
f 1611/1611 2825/2825 1612/1612
f 2765/2765 2767/2767 2846/2846
f 1718/1718 2706/2706 2847/2847
f 2847/2847 2706/2706 2739/2739
f 2739/2739 2740/2740 2848/2848
f 2849/2849 2783/2783 2704/2704
f 2849/2849 2704/2704 2850/2850
f 2850/2850 2704/2704 2665/2665
f 2734/2734 2735/2735 2851/2851
f 2852/2852 2736/2736 2737/2737
f 2852/2852 2737/2737 2853/2853
f 2853/2853 2737/2737 2854/2854
f 2737/2737 2738/2738 2854/2854
f 2738/2738 1524/1524 1720/1720
f 2804/2804 2785/2785 2855/2855
f 2855/2855 2785/2785 2856/2856
f 2786/2786 1668/1668 2857/2857
f 2785/2785 2712/2712 2858/2858
f 2859/2859 2787/2787 1671/1671
f 2860/2860 2807/2807 2829/2829
f 2829/2829 2789/2789 1721/1721
f 2861/2861 1614/1614 2787/2787
f 2808/2808 2749/2749 2862/2862
f 1558/1558 1615/1615 2863/2863
f 1692/1692 1587/1587 2839/2839
f 1677/1677 2810/2810 1588/1588
f 1587/1587 2725/2725 2839/2839
f 2864/2864 2790/2790 2809/2809
f 1588/1588 1617/1617 1677/1677
f 2812/2812 2813/2813 2865/2865
f 2831/2831 2775/2775 2866/2866
f 2834/2834 2836/2836 2867/2867
f 2865/2865 2813/2813 2868/2868
f 2819/2819 2818/2818 2869/2869
f 2818/2818 2835/2835 2869/2869
f 2869/2869 2835/2835 2834/2834
f 2868/2868 2813/2813 2870/2870
f 2871/2871 2794/2794 2837/2837
f 2821/2821 2776/2776 2872/2872
f 2872/2872 2776/2776 2761/2761
f 2822/2822 2777/2777 2873/2873
f 2873/2873 2777/2777 2840/2840
f 1589/1589 1641/1641 1590/1590
f 2874/2874 2823/2823 2875/2875
f 2840/2840 1595/1595 1594/1594
f 2875/2875 2823/2823 2795/2795
f 1592/1592 1699/1699 1624/1624
f 1706/1706 2798/2798 2876/2876
f 2876/2876 2798/2798 2841/2841
f 1630/1630 1654/1654 1633/1633
f 1633/1633 2843/2843 1713/1713
f 1713/1713 2843/2843 2845/2845
f 2825/2825 1611/1611 2877/2877
f 1523/1523 1664/1664 1582/1582
f 2878/2878 2766/2766 2782/2782
f 2878/2878 2782/2782 2879/2879
f 2879/2879 2782/2782 2765/2765
f 2879/2879 2765/2765 2846/2846
f 2846/2846 2767/2767 2826/2826
f 2826/2826 2734/2734 2851/2851
f 2851/2851 2735/2735 2736/2736
f 2854/2854 2738/2738 1720/1720
f 1666/1666 2783/2783 2849/2849
f 1667/1667 1666/1666 2849/2849
f 2850/2850 2665/2665 2880/2880
f 2665/2665 2707/2707 2880/2880
f 2707/2707 2768/2768 2880/2880
f 1670/1670 1669/1669 2878/2878
f 1669/1669 2766/2766 2878/2878
f 1720/1720 1524/1524 1718/1718
f 2848/2848 2784/2784 2804/2804
f 2880/2880 2768/2768 2881/2881
f 2857/2857 1668/1668 1667/1667
f 2805/2805 2827/2827 2882/2882
f 2883/2883 1671/1671 1670/1670
f 2856/2856 2785/2785 2858/2858
f 2858/2858 2712/2712 2786/2786
f 2882/2882 2827/2827 2828/2828
f 2859/2859 1671/1671 2883/2883
f 2884/2884 2860/2860 2829/2829
f 2884/2884 2829/2829 1721/1721
f 1722/1722 1721/1721 1585/1585
f 1722/1722 1585/1585 1673/1673
f 1639/1639 1614/1614 2861/2861
f 2863/2863 1615/1615 1675/1675
f 2885/2885 2808/2808 2862/2862
f 2832/2832 1558/1558 2863/2863
f 1728/1728 1692/1692 2839/2839
f 1676/1676 1617/1617 2830/2830
f 2809/2809 2810/2810 2886/2886
f 2886/2886 2810/2810 1677/1677
f 1676/1676 2830/2830 2887/2887
f 2831/2831 2866/2866 2888/2888
f 2867/2867 2836/2836 2889/2889
f 2837/2837 2833/2833 1622/1622
f 2890/2890 2838/2838 2819/2819
f 2890/2890 2819/2819 2869/2869
f 2888/2888 2866/2866 2891/2891
f 2821/2821 2872/2872 2892/2892
f 2893/2893 2872/2872 2761/2761
f 2893/2893 2761/2761 2822/2822
f 2894/2894 2895/2895 1698/1698
f 2896/2896 2874/2874 2875/2875
f 1699/1699 1701/1701 1624/1624
f 1624/1624 1701/1701 1625/1625
f 2897/2897 2898/2898 2899/2899
f 1713/1713 2845/2845 1740/1740
f 2900/2900 2824/2824 2825/2825
f 1743/1743 2901/2901 1741/1741
f 2901/2901 1554/1554 1741/1741
f 1741/1741 1554/1554 1637/1637
f 1522/1522 1662/1662 1665/1665
f 2852/2852 2851/2851 2736/2736
f 2847/2847 2739/2739 2848/2848
f 2846/2846 2826/2826 2902/2902
f 2848/2848 2740/2740 2784/2784
f 2848/2848 2804/2804 2903/2903
f 2903/2903 2804/2804 2855/2855
f 2858/2858 2786/2786 2904/2904
f 2786/2786 2857/2857 2904/2904
f 2881/2881 2905/2905 2906/2906
f 2907/2907 2860/2860 2884/2884
f 2861/2861 2787/2787 2859/2859
f 1728/1728 2839/2839 5/5
f 8/8 1728/1728 5/5
f 2908/2908 2832/2832 2863/2863
f 5/5 2839/2839 7/7
f 1676/1676 2887/2887 2909/2909
f 7/7 2839/2839 1733/1733
f 1677/1677 1676/1676 2910/2910
f 2911/2911 1677/1677 2910/2910
f 1733/1733 2839/2839 1731/1731
f 2869/2869 2834/2834 2912/2912
f 2913/2913 2868/2868 2914/2914
f 2865/2865 2868/2868 2913/2913
f 2915/2915 2871/2871 2837/2837
f 1731/1731 2916/2916 1732/1732
f 2917/2917 2821/2821 2892/2892
f 2895/2895 1696/1696 1698/1698
f 2918/2918 2896/2896 2875/2875
f 1625/1625 1703/1703 1627/1627
f 1681/1681 1704/1704 1643/1643
f 1707/1707 1706/1706 2876/2876
f 1683/1683 1603/1603 1804/1804
f 1804/1804 1603/1603 1710/1710
f 1608/1608 1709/1709 1653/1653
f 1630/1630 1633/1633 1714/1714
f 2877/2877 2900/2900 2825/2825
f 1577/1577 1715/1715 1609/1609
f 2902/2902 2826/2826 2851/2851
f 2854/2854 1720/1720 2919/2919
f 2920/2920 2881/2881 2906/2906
f 1904/1904 2859/2859 2883/2883
f 2921/2921 2907/2907 2884/2884
f 1838/1838 2884/2884 1721/1721
f 1838/1838 1721/1721 1723/1723
f 1673/1673 1690/1690 1783/1783
f 1747/1747 1691/1691 1692/1692
f 6/6 7/7 1749/1749
f 2885/2885 2862/2862 2922/2922
f 1813/1813 2889/2889 1788/1788
f 2910/2910 1676/1676 2909/2909
f 1749/1749 7/7 1733/1733
f 2864/2864 2809/2809 2923/2923
f 2809/2809 2886/2886 2923/2923
f 2923/2923 2886/2886 2924/2924
f 2886/2886 1677/1677 2924/2924
f 2924/2924 1677/1677 2925/2925
f 2926/2926 1750/1750 1753/1753
f 2888/2888 2891/2891 2927/2927
f 2867/2867 2889/2889 2928/2928
f 2928/2928 2889/2889 1813/1813
f 2925/2925 1677/1677 2911/2911
f 2834/2834 2867/2867 2928/2928
f 2912/2912 2834/2834 2928/2928
f 2929/2929 2865/2865 2913/2913
f 2930/2930 2837/2837 1622/1622
f 1756/1756 2926/2926 1753/1753
f 2931/2931 2890/2890 2869/2869
f 2869/2869 2912/2912 2932/2932
f 2915/2915 2837/2837 2930/2930
f 2931/2931 2869/2869 2932/2932
f 2933/2933 2821/2821 2917/2917
f 2892/2892 2872/2872 2934/2934
f 2934/2934 2872/2872 2893/2893
f 2893/2893 2822/2822 2935/2935
f 2935/2935 2822/2822 2873/2873
f 2873/2873 2840/2840 2936/2936
f 1644/1644 1736/1736 1708/1708
f 2937/2937 2938/2938 2939/2939
f 1627/1627 1703/1703 1767/1767
f 2936/2936 2840/2840 1802/1802
f 1627/1627 1767/1767 1769/1769
f 1627/1627 1769/1769 1628/1628
f 2840/2840 1594/1594 1802/1802
f 1646/1646 1708/1708 2940/2940
f 1646/1646 2940/2940 1647/1647
f 2941/2941 1707/1707 2876/2876
f 1802/1802 1594/1594 1683/1683
f 2899/2899 2942/2942 2943/2943
f 2942/2942 2899/2899 2898/2898
f 1772/1772 1740/1740 2944/2944
f 2945/2945 2878/2878 2879/2879
f 2945/2945 2879/2879 2846/2846
f 1718/1718 2847/2847 1868/1868
f 1868/1868 2847/2847 2946/2946
f 2946/2946 2847/2847 2848/2848
f 2849/2849 2850/2850 2947/2947
f 2852/2852 2853/2853 2948/2948
f 2853/2853 2854/2854 2948/2948
f 2948/2948 2854/2854 2919/2919
f 2919/2919 1720/1720 2949/2949
f 2949/2949 1720/1720 1719/1719
f 2848/2848 2903/2903 2950/2950
f 2951/2951 2857/2857 1667/1667
f 2880/2880 2881/2881 2920/2920
f 1670/1670 2878/2878 2952/2952
f 2953/2953 1670/1670 2952/2952
f 2953/2953 2883/2883 1670/1670
f 1904/1904 2883/2883 2953/2953
f 2954/2954 2861/2861 2859/2859
f 1639/1639 2861/2861 1786/1786
f 1729/1729 1749/1749 1787/1787
f 1695/1695 1694/1694 1788/1788
f 2955/2955 2956/2956 2957/2957
f 1813/1813 1788/1788 1790/1790
f 2910/2910 2909/2909 2958/2958
f 2888/2888 2927/2927 2959/2959
f 1749/1749 1733/1733 1732/1732
f 2864/2864 2923/2923 2960/2960
f 2958/2958 2909/2909 2887/2887
f 2912/2912 2928/2928 2961/2961
f 2891/2891 2962/2962 2963/2963
f 2927/2927 2891/2891 2963/2963
f 2964/2964 2912/2912 2961/2961
f 2965/2965 2931/2931 2932/2932
f 2962/2962 2966/2966 2963/2963
f 2932/2932 2912/2912 2967/2967
f 2967/2967 2912/2912 2964/2964
f 2968/2968 2969/2969 2970/2970
f 2968/2968 2970/2970 2971/2971
f 2929/2929 2913/2913 2972/2972
f 2971/2971 2970/2970 1756/1756
f 2971/2971 1756/1756 2973/2973
f 2965/2965 2932/2932 2967/2967
f 2917/2917 2892/2892 2974/2974
f 2975/2975 2976/2976 2977/2977
f 2977/2977 2976/2976 1697/1697
f 2978/2978 2979/2979 2980/2980
f 2977/2977 1697/1697 1696/1696
f 2935/2935 2873/2873 2936/2936
f 2979/2979 2937/2937 2980/2980
f 1758/1758 1760/1760 2981/2981
f 2981/2981 1760/1760 2982/2982
f 2981/2981 2982/2982 2983/2983
f 1703/1703 1702/1702 1767/1767
f 1678/1678 2984/2984 2985/2985
f 2980/2980 2937/2937 2939/2939
f 1678/1678 2985/2985 1679/1679
f 2985/2985 1764/1764 1704/1704
f 1679/1679 2985/2985 1704/1704
f 2986/2986 2940/2940 1708/1708
f 1650/1650 1698/1698 1763/1763
f 1771/1771 1630/1630 1714/1714
f 2945/2945 2846/2846 2987/2987
f 2952/2952 2878/2878 2945/2945
f 2846/2846 2902/2902 2988/2988
f 1719/1719 1718/1718 1868/1868
f 2946/2946 2848/2848 2950/2950
f 1870/1870 1667/1667 2849/2849
f 2947/2947 2850/2850 2880/2880
f 2989/2989 2902/2902 2851/2851
f 2920/2920 2906/2906 2990/2990
f 2991/2991 2907/2907 2921/2921
f 2950/2950 2903/2903 2992/2992
f 2992/2992 2903/2903 2855/2855
f 2993/2993 2857/2857 2951/2951
f 2994/2994 2921/2921 2884/2884
f 2994/2994 2884/2884 1838/1838
f 2954/2954 2859/2859 1904/1904
f 1839/1839 1723/1723 1673/1673
f 1839/1839 1673/1673 1784/1784
f 1724/1724 1691/1691 1747/1747
f 1788/1788 1694/1694 1789/1789
f 2995/2995 2955/2955 2957/2957
f 1787/1787 1749/1749 1844/1844
f 1844/1844 1749/1749 1732/1732
f 2923/2923 2924/2924 2996/2996
f 2996/2996 2924/2924 2925/2925
f 2928/2928 1813/1813 1815/1815
f 2961/2961 2928/2928 1815/1815
f 1732/1732 2997/2997 2998/2998
f 2960/2960 2923/2923 2996/2996
f 2996/2996 2925/2925 2999/2999
f 2999/2999 2925/2925 2911/2911
f 2911/2911 2910/2910 1816/1816
f 2959/2959 2927/2927 2963/2963
f 2999/2999 2911/2911 1816/1816
f 3000/3000 2929/2929 2972/2972
f 3001/3001 2964/2964 2961/2961
f 1756/1756 1755/1755 2973/2973
f 2963/2963 2966/2966 3002/3002
f 2965/2965 2967/2967 3003/3003
f 3003/3003 2967/2967 3004/3004
f 3004/3004 2967/2967 2964/2964
f 3004/3004 2964/2964 3001/3001
f 2966/2966 3005/3005 3002/3002
f 2974/2974 2892/2892 1879/1879
f 3006/3006 2968/2968 2971/2971
f 3000/3000 2972/2972 3007/3007
f 1879/1879 2892/2892 2934/2934
f 3006/3006 2971/2971 2973/2973
f 3006/3006 2973/2973 3008/3008
f 3009/3009 3003/3003 3004/3004
f 3009/3009 3004/3004 3010/3010
f 3010/3010 3004/3004 3001/3001
f 2934/2934 2893/2893 3011/3011
f 3007/3007 2978/2978 3012/3012
f 2976/2976 3006/3006 3008/3008
f 2976/2976 3008/3008 1796/1796
f 3009/3009 3010/3010 1793/1793
f 2975/2975 3006/3006 2976/2976
f 3013/3013 3009/3009 1793/1793
f 3011/3011 2893/2893 2935/2935
f 3013/3013 1793/1793 2982/2982
f 3012/3012 2978/2978 3014/3014
f 2982/2982 1793/1793 1795/1795
f 2978/2978 2980/2980 3014/3014
f 1697/1697 2976/2976 1796/1796
f 1697/1697 1796/1796 1762/1762
f 1759/1759 3015/3015 1760/1760
f 3015/3015 3013/3013 1760/1760
f 1760/1760 3013/3013 2982/2982
f 2982/2982 1795/1795 2983/2983
f 2983/2983 1795/1795 1798/1798
f 2935/2935 2936/2936 3016/3016
f 1763/1763 1762/1762 1824/1824
f 1825/1825 1766/1766 3017/3017
f 2984/2984 3018/3018 2985/2985
f 2985/2985 3018/3018 1764/1764
f 1764/1764 1761/1761 1735/1735
f 1708/1708 1765/1765 2986/2986
f 3017/3017 1766/1766 1707/1707
f 3017/3017 1707/1707 2941/2941
f 2898/2898 3019/3019 2942/2942
f 1660/1660 1778/1778 1687/1687
f 1717/1717 1689/1689 1746/1746
f 2987/2987 2846/2846 2988/2988
f 1870/1870 2849/2849 3020/3020
f 3020/3020 2849/2849 2947/2947
f 2988/2988 2902/2902 2989/2989
f 2989/2989 2851/2851 3021/3021
f 2851/2851 2852/2852 3021/3021
f 3021/3021 2852/2852 2948/2948
f 2948/2948 2919/2919 3022/3022
f 3022/3022 2919/2919 2949/2949
f 2951/2951 1667/1667 1870/1870
f 2880/2880 2920/2920 2990/2990
f 2991/2991 2921/2921 2994/2994
f 2992/2992 2855/2855 3023/3023
f 2855/2855 2856/2856 3023/3023
f 2994/2994 1838/1838 1840/1840
f 2856/2856 2858/2858 3024/3024
f 3024/3024 2858/2858 3025/3025
f 3025/3025 2858/2858 2904/2904
f 3025/3025 2904/2904 3026/3026
f 3026/3026 2904/2904 2857/2857
f 1838/1838 1723/1723 1839/1839
f 1841/1841 1839/1839 1784/1784
f 1784/1784 1783/1783 3027/3027
f 1783/1783 1812/1812 3027/3027
f 2861/2861 2954/2954 1786/1786
f 1812/1812 1724/1724 3028/3028
f 3028/3028 1724/1724 1747/1747
f 3028/3028 1747/1747 1843/1843
f 1843/1843 1747/1747 1787/1787
f 1813/1813 1790/1790 1814/1814
f 1844/1844 1732/1732 2998/2998
f 1817/1817 2910/2910 2958/2958
f 3029/3029 2917/2917 2974/2974
f 1816/1816 2910/2910 1817/1817
f 2959/2959 2963/2963 3030/3030
f 3031/3031 2961/2961 1815/1815
f 2960/2960 2996/2996 3032/3032
f 3033/3033 3032/3032 2996/2996
f 2999/2999 1816/1816 1818/1818
f 3030/3030 2963/2963 3002/3002
f 3001/3001 2961/2961 3034/3034
f 3034/3034 2961/2961 3031/3031
f 2973/2973 1755/1755 1819/1819
f 3008/3008 2973/2973 1819/1819
f 3035/3035 3003/3003 3009/3009
f 3001/3001 3034/3034 3036/3036
f 1879/1879 2934/2934 1877/1877
f 3000/3000 3007/3007 3012/3012
f 3010/3010 3001/3001 3036/3036
f 1877/1877 2934/2934 3011/3011
f 1796/1796 3008/3008 1819/1819
f 1796/1796 1819/1819 1797/1797
f 3013/3013 3035/3035 3009/3009
f 3002/3002 3037/3037 3038/3038
f 1793/1793 3010/3010 3036/3036
f 1793/1793 3036/3036 1794/1794
f 3037/3037 1826/1826 3038/3038
f 3038/3038 1826/1826 1825/1825
f 3039/3039 3040/3040 3018/3018
f 1761/1761 1822/1822 1736/1736
f 1736/1736 1822/1822 1765/1765
f 1795/1795 1794/1794 1799/1799
f 3041/3041 2935/2935 3016/3016
f 2984/2984 3039/3039 3018/3018
f 3042/3042 1761/1761 1764/1764
f 1795/1795 1799/1799 1798/1798
f 3018/3018 3042/3042 1764/1764
f 1765/1765 3043/3043 2986/2986
f 3019/3019 1850/1850 2942/2942
f 1769/1769 1768/1768 3044/3044
f 1769/1769 3044/3044 1737/1737
f 2936/2936 1802/1802 3045/3045
f 3045/3045 1802/1802 1801/1801
f 1652/1652 1803/1803 1709/1709
f 1801/1801 1683/1683 1805/1805
f 1738/1738 1709/1709 1891/1891
f 1808/1808 1774/1774 1685/1685
f 1659/1659 1717/1717 1836/1836
f 1833/1833 1659/1659 1836/1836
f 2880/2880 2990/2990 3046/3046
f 3023/3023 2856/2856 3024/3024
f 3026/3026 2857/2857 2993/2993
f 1840/1840 1839/1839 3047/3047
f 3047/3047 1839/1839 1841/1841
f 1842/1842 1784/1784 3027/3027
f 3027/3027 1812/1812 3048/3048
f 3048/3048 1812/1812 3028/3028
f 1786/1786 1906/1906 1675/1675
f 2995/2995 2957/2957 3049/3049
f 3050/3050 2995/2995 3049/3049
f 1815/1815 1814/1814 3031/3031
f 1817/1817 2958/2958 3051/3051
f 3033/3033 2996/2996 3052/3052
f 3052/3052 2996/2996 2999/2999
f 2974/2974 1879/1879 1878/1878
f 3052/3052 2999/2999 1818/1818
f 3030/3030 3002/3002 3053/3053
f 3054/3054 3055/3055 3056/3056
f 3055/3055 3057/3057 3058/3058
f 3059/3059 3057/3057 3060/3060
f 3060/3060 3061/3061 1847/1847
f 1847/1847 3061/3061 3062/3062
f 1847/1847 3062/3062 1848/1848
f 3063/3063 3054/3054 3056/3056
f 3056/3056 3055/3055 3058/3058
f 3058/3058 3057/3057 3059/3059
f 3059/3059 3060/3060 3064/3064
f 3064/3064 3060/3060 1847/1847
f 1848/1848 3062/3062 3065/3065
f 3066/3066 1877/1877 3011/3011
f 3056/3056 3058/3058 3067/3067
f 1822/1822 3059/3059 3064/3064
f 3064/3064 1847/1847 1823/1823
f 3053/3053 3002/3002 3038/3038
f 3063/3063 3056/3056 3040/3040
f 3040/3040 3056/3056 3067/3067
f 3067/3067 3058/3058 3059/3059
f 3067/3067 3059/3059 1822/1822
f 1822/1822 3064/3064 1823/1823
f 1823/1823 1848/1848 3043/3043
f 3043/3043 1848/1848 3065/3065
f 1794/1794 3036/3036 3068/3068
f 3069/3069 3011/3011 2935/2935
f 3069/3069 2935/2935 3041/3041
f 3040/3040 3067/3067 3042/3042
f 3067/3067 1822/1822 1761/1761
f 3042/3042 3067/3067 1761/1761
f 1794/1794 3068/3068 1799/1799
f 3018/3018 3040/3040 3042/3042
f 1765/1765 1823/1823 3043/3043
f 3019/3019 1851/1851 1850/1850
f 1800/1800 1799/1799 1854/1854
f 3016/3016 2936/2936 3070/3070
f 3070/3070 2936/2936 3045/3045
f 1775/1775 1742/1742 1860/1860
f 1742/1742 1637/1637 1811/1811
f 3071/3071 1868/1868 2946/2946
f 2952/2952 2945/2945 3072/3072
f 2946/2946 2950/2950 3073/3073
f 1871/1871 1870/1870 3020/3020
f 3020/3020 2947/2947 3074/3074
f 2947/2947 2880/2880 3074/3074
f 2880/2880 3046/3046 3074/3074
f 2988/2988 2989/2989 3075/3075
f 2989/2989 3021/3021 3075/3075
f 3021/3021 2948/2948 3076/3076
f 3076/3076 2948/2948 3022/3022
f 3073/3073 2950/2950 2992/2992
f 2951/2951 1870/1870 1872/1872
f 3046/3046 2990/2990 3077/3077
f 2990/2990 3078/3078 3077/3077
f 1888/1888 2949/2949 1719/1719
f 2993/2993 2951/2951 3079/3079
f 3078/3078 3080/3080 3077/3077
f 3077/3077 3080/3080 3081/3081
f 1904/1904 2953/2953 1902/1902
f 3081/3081 3082/3082 3083/3083
f 3084/3084 3083/3083 3085/3085
f 1903/1903 2954/2954 1904/1904
f 3084/3084 3085/3085 3086/3086
f 1786/1786 2954/2954 1903/1903
f 3087/3087 3027/3027 3048/3048
f 1694/1694 1693/1693 1943/1943
f 1694/1694 1943/1943 1942/1942
f 3028/3028 1843/1843 3088/3088
f 3088/3088 1843/1843 1844/1844
f 3088/3088 1844/1844 3089/3089
f 3089/3089 1844/1844 3090/3090
f 3090/3090 1844/1844 2998/2998
f 3029/3029 2974/2974 3091/3091
f 3031/3031 1814/1814 3092/3092
f 3050/3050 3049/3049 3093/3093
f 3093/3093 3049/3049 3094/3094
f 3034/3034 3031/3031 3092/3092
f 3095/3095 3093/3093 3094/3094
f 3036/3036 3034/3034 3096/3096
f 3097/3097 3098/3098 3099/3099
f 3100/3100 3053/3053 3038/3038
f 3100/3100 3038/3038 3101/3101
f 3099/3099 3098/3098 3102/3102
f 3068/3068 3036/3036 3096/3096
f 3101/3101 3038/3038 1825/1825
f 1799/1799 3068/3068 3103/3103
f 1824/1824 1849/1849 1881/1881
f 1799/1799 3103/3103 1853/1853
f 1851/1851 3104/3104 1852/1852
f 3041/3041 3016/3016 3070/3070
f 1854/1854 1853/1853 3105/3105
f 1854/1854 3105/3105 3106/3106
f 1737/1737 3044/3044 1889/1889
f 3107/3107 1801/1801 1805/1805
f 1709/1709 1803/1803 1891/1891
f 1808/1808 1883/1883 1774/1774
f 3072/3072 2945/2945 3108/3108
f 3108/3108 2945/2945 2987/2987
f 2987/2987 2988/2988 3108/3108
f 3108/3108 2988/2988 3109/3109
f 3109/3109 2988/2988 3075/3075
f 3022/3022 2949/2949 1888/1888
f 3079/3079 2951/2951 1872/1872
f 3046/3046 3077/3077 3110/3110
f 1902/1902 2953/2953 2952/2952
f 2992/2992 3023/3023 3111/3111
f 3110/3110 3077/3077 3112/3112
f 3077/3077 3081/3081 3112/3112
f 3112/3112 3081/3081 3113/3113
f 3023/3023 3024/3024 3114/3114
f 3081/3081 3083/3083 3113/3113
f 3114/3114 3024/3024 3025/3025
f 3115/3115 3025/3025 3026/3026
f 3115/3115 3026/3026 3116/3116
f 3113/3113 3083/3083 3084/3084
f 3087/3087 3048/3048 3117/3117
f 1786/1786 1903/1903 1906/1906
f 3117/3117 3048/3048 3118/3118
f 3048/3048 3028/3028 3118/3118
f 3118/3118 3028/3028 3088/3088
f 1814/1814 1845/1845 2023/2023
f 3119/3119 3029/3029 3091/3091
f 3034/3034 3092/3092 1944/1944
f 3096/3096 3034/3034 1944/1944
f 1878/1878 1877/1877 3066/3066
f 1880/1880 1846/1846 3120/3120
f 1880/1880 3120/3120 1881/1881
f 3096/3096 1944/1944 3103/3103
f 3068/3068 3096/3096 3103/3103
f 3069/3069 3041/3041 3121/3121
f 1853/1853 3103/3103 3122/3122
f 3121/3121 3041/3041 3070/3070
f 3105/3105 1853/1853 3122/3122
f 3123/3123 3045/3045 1801/1801
f 3123/3123 1801/1801 3124/3124
f 3124/3124 1801/1801 3107/3107
f 3107/3107 1805/1805 1855/1855
f 1738/1738 1891/1891 1890/1890
f 1855/1855 1770/1770 1856/1856
f 1901/1901 1883/1883 1808/1808
f 1869/1869 1868/1868 3071/3071
f 3071/3071 2946/2946 3073/3073
f 1871/1871 3020/3020 3125/3125
f 3020/3020 3074/3074 3125/3125
f 3125/3125 3074/3074 3126/3126
f 3072/3072 1902/1902 2952/2952
f 3075/3075 3021/3021 3127/3127
f 3021/3021 3076/3076 3127/3127
f 3076/3076 3022/3022 1888/1888
f 3073/3073 2992/2992 3111/3111
f 3079/3079 1872/1872 1979/1979
f 3074/3074 3046/3046 3126/3126
f 3126/3126 3046/3046 3110/3110
f 3111/3111 3023/3023 3128/3128
f 3128/3128 3023/3023 3114/3114
f 3114/3114 3025/3025 3129/3129
f 3129/3129 3025/3025 3115/3115
f 3026/3026 2993/2993 3116/3116
f 3117/3117 3118/3118 3130/3130
f 3131/3131 1876/1876 3132/3132
f 3133/3133 3097/3097 3134/3134
f 3134/3134 3097/3097 3099/3099
f 3103/3103 1944/1944 1946/1946
f 3103/3103 1946/1946 3135/3135
f 3122/3122 3103/3103 3135/3135
f 3070/3070 3045/3045 3123/3123
f 1909/1909 3107/3107 1855/1855
f 1863/1863 1924/1924 1867/1867
f 3136/3136 3073/3073 3111/3111
f 3137/3137 3125/3125 3126/3126
f 1928/1928 1902/1902 3072/3072
f 3126/3126 3110/3110 3138/3138
f 3110/3110 3112/3112 3139/3139
f 2993/2993 3079/3079 1979/1979
f 3116/3116 2993/2993 1979/1979
f 3112/3112 3113/3113 3140/3140
f 3115/3115 3116/3116 1981/1981
f 3113/3113 3084/3084 3140/3140
f 3141/3141 3084/3084 3086/3086
f 3141/3141 3086/3086 3142/3142
f 3143/3143 3087/3087 3117/3117
f 1694/1694 1942/1942 3144/3144
f 1789/1789 1694/1694 3144/3144
f 1845/1845 1789/1789 3145/3145
f 3089/3089 3090/3090 3146/3146
f 3147/3147 3119/3119 3148/3148
f 3148/3148 3119/3119 3091/3091
f 3149/3149 1875/1875 1930/1930
f 3131/3131 1931/1931 1876/1876
f 3150/3150 3099/3099 3102/3102
f 3105/3105 3122/3122 1986/1986
f 1803/1803 1889/1889 3151/3151
f 3124/3124 3107/3107 3152/3152
f 3152/3152 3107/3107 1909/1909
f 3153/3153 1871/1871 3125/3125
f 3153/3153 3125/3125 3137/3137
f 3137/3137 3126/3126 3154/3154
f 3075/3075 3127/3127 3155/3155
f 3156/3156 3075/3075 3155/3155
f 3155/3155 3127/3127 3157/3157
f 3157/3157 3127/3127 3076/3076
f 3157/3157 3076/3076 1888/1888
f 3154/3154 3126/3126 3138/3138
f 3138/3138 3110/3110 3139/3139
f 3139/3139 3112/3112 3140/3140
f 1905/1905 1903/1903 1928/1928
f 3158/3158 3128/3128 3114/3114
f 3114/3114 3129/3129 3159/3159
f 3159/3159 3129/3129 3160/3160
f 3160/3160 3129/3129 3115/3115
f 3160/3160 3115/3115 3161/3161
f 3161/3161 3115/3115 1981/1981
f 3140/3140 3084/3084 3141/3141
f 3143/3143 3117/3117 3130/3130
f 3145/3145 1789/1789 3144/3144
f 3118/3118 3088/3088 3162/3162
f 3088/3088 3089/3089 3162/3162
f 2023/2023 1845/1845 3145/3145
f 3162/3162 3089/3089 3146/3146
f 1814/1814 2023/2023 3163/3163
f 1814/1814 3163/3163 3092/3092
f 3092/3092 1945/1945 1944/1944
f 3102/3102 3164/3164 3165/3165
f 3121/3121 3070/3070 3166/3166
f 3070/3070 3123/3123 3166/3166
f 3105/3105 1986/1986 3167/3167
f 3166/3166 3123/3123 3168/3168
f 3106/3106 3105/3105 3167/3167
f 3168/3168 3123/3123 3124/3124
f 3168/3168 3124/3124 3169/3169
f 3169/3169 3124/3124 3152/3152
f 1803/1803 3151/3151 1967/1967
f 1890/1890 1803/1803 1967/1967
f 3152/3152 1909/1909 3170/3170
f 3170/3170 1909/1909 1948/1948
f 1909/1909 1908/1908 1947/1947
f 1807/1807 1933/1933 1882/1882
f 1971/1971 1896/1896 1969/1969
f 1920/1920 1954/1954 1831/1831
f 1833/1833 1836/1836 1927/1927
f 1957/1957 1899/1899 1885/1885
f 3171/3171 3072/3072 3172/3172
f 3172/3172 3072/3072 3108/3108
f 3172/3172 3108/3108 3173/3173
f 2019/2019 1869/1869 3071/3071
f 3071/3071 3073/3073 3136/3136
f 2019/2019 3071/3071 3136/3136
f 1928/1928 3072/3072 3171/3171
f 3173/3173 3108/3108 3109/3109
f 3174/3174 1872/1872 1871/1871
f 3174/3174 1871/1871 3153/3153
f 3173/3173 3109/3109 3075/3075
f 3173/3173 3075/3075 3156/3156
f 3157/3157 1888/1888 1963/1963
f 3136/3136 3111/3111 3128/3128
f 1979/1979 1872/1872 3174/3174
f 3116/3116 1979/1979 1981/1981
f 3159/3159 3158/3158 3114/3114
f 3175/3175 3140/3140 3141/3141
f 1942/1942 1941/1941 2004/2004
f 3130/3130 3118/3118 3176/3176
f 3176/3176 3118/3118 3162/3162
f 3092/3092 3163/3163 1945/1945
f 1931/1931 3131/3131 3177/3177
f 3178/3178 3133/3133 3134/3134
f 3134/3134 3099/3099 3179/3179
f 3179/3179 3099/3099 3150/3150
f 3135/3135 1946/1946 3180/3180
f 3150/3150 3102/3102 3181/3181
f 3122/3122 3135/3135 1984/1984
f 3181/3181 3102/3102 3165/3165
f 3165/3165 3164/3164 3182/3182
f 3122/3122 1984/1984 1986/1986
f 3106/3106 3167/3167 3183/3183
f 3151/3151 1889/1889 1966/1966
f 1827/1827 1949/1949 1933/1933
f 1895/1895 1919/1919 1971/1971
f 1895/1895 1990/1990 1858/1858
f 1858/1858 1990/1990 1920/1920
f 1896/1896 1971/1971 1919/1919
f 1961/1961 1896/1896 1901/1901
f 1940/1940 1869/1869 2019/2019
f 3184/3184 3155/3155 3157/3157
f 3184/3184 3157/3157 3185/3185
f 3157/3157 1963/1963 3185/3185
f 3185/3185 1963/1963 2002/2002
f 3186/3186 3136/3136 3128/3128
f 3186/3186 3128/3128 3158/3158
f 3187/3187 1979/1979 3174/3174
f 3138/3138 3139/3139 3188/3188
f 1905/1905 1928/1928 3189/3189
f 3188/3188 3139/3139 3190/3190
f 3139/3139 3140/3140 3190/3190
f 3190/3190 3140/3140 3175/3175
f 3191/3191 3141/3141 3142/3142
f 3192/3192 3143/3143 3130/3130
f 3145/3145 2021/2021 2023/2023
f 2005/2005 3149/3149 2006/2006
f 1907/1907 1931/1931 1983/1983
f 1982/1982 1931/1931 3177/3177
f 3151/3151 1966/1966 1967/1967
f 2046/2046 3152/3152 3170/3170
f 2046/2046 3170/3170 3193/3193
f 3170/3170 1948/1948 3193/3193
f 1950/1950 1987/1987 1968/1968
f 2010/2010 1987/1987 1950/1950
f 2013/2013 2010/2010 1952/1952
f 2010/2010 1950/1950 1952/1952
f 1971/1971 1989/1989 1895/1895
f 1972/1972 2013/2013 1953/1953
f 1953/1953 2013/2013 1952/1952
f 1972/1972 1955/1955 2011/2011
f 1961/1961 1999/1999 1896/1896
f 1835/1835 1938/1938 1925/1925
f 1974/1974 1975/1975 1926/1926
f 1928/1928 3171/3171 3189/3189
f 3194/3194 3195/3195 3196/3196
f 3156/3156 3155/3155 3184/3184
f 3197/3197 3186/3186 3158/3158
f 1980/1980 1979/1979 3187/3187
f 1905/1905 3189/3189 3198/3198
f 3199/3199 3200/3200 2058/2058
f 3201/3201 3158/3158 3159/3159
f 3202/3202 3203/3203 3204/3204
f 3205/3205 3200/3200 3199/3199
f 3175/3175 3141/3141 3191/3191
f 3206/3206 3200/3200 3205/3205
f 3191/3191 3142/3142 3207/3207
f 1942/1942 2004/2004 3208/3208
f 3144/3144 1942/1942 3208/3208
f 3209/3209 3143/3143 3192/3192
f 3145/3145 3144/3144 3210/3210
f 3192/3192 3130/3130 3176/3176
f 3211/3211 3176/3176 3162/3162
f 3162/3162 3146/3146 3211/3211
f 1945/1945 3163/3163 3212/3212
f 1946/1946 1945/1945 3213/3213
f 1984/1984 3135/3135 3180/3180
f 3214/3214 3165/3165 3182/3182
f 3169/3169 3152/3152 2046/2046
f 2065/2065 1968/1968 2009/2009
f 1971/1971 1992/1992 1989/1989
f 1990/1990 1993/1993 1920/1920
f 1993/1993 2025/2025 1954/1954
f 1882/1882 1933/1933 2039/2039
f 1882/1882 2039/2039 1994/1994
f 3215/3215 3194/3194 3216/3216
f 2019/2019 3136/3136 3186/3186
f 3217/3217 3153/3153 3137/3137
f 3218/3218 3219/3219 3220/3220
f 3221/3221 3187/3187 3174/3174
f 3174/3174 3153/3153 3221/3221
f 3221/3221 3153/3153 3217/3217
f 3222/3222 3137/3137 3154/3154
f 3222/3222 3154/3154 3138/3138
f 3196/3196 3195/3195 3223/3223
f 3223/3223 3195/3195 3224/3224
f 3222/3222 3138/3138 3225/3225
f 3225/3225 3138/3138 3188/3188
f 2004/2004 2003/2003 3208/3208
f 3202/3202 3204/3204 3226/3226
f 3226/3226 3204/3204 3227/3227
f 3227/3227 3206/3206 3228/3228
f 3206/3206 3205/3205 3228/3228
f 3210/3210 3144/3144 3208/3208
f 2021/2021 3145/3145 3210/3210
f 3192/3192 3176/3176 3229/3229
f 3176/3176 3211/3211 3229/3229
f 3163/3163 2023/2023 2022/2022
f 2006/2006 3149/3149 1930/1930
f 1982/1982 3177/3177 3230/3230
f 1946/1946 3213/3213 3231/3231
f 3232/3232 3178/3178 3233/3233
f 3233/3233 3178/3178 3134/3134
f 3233/3233 3134/3134 3234/3234
f 3234/3234 3134/3134 3179/3179
f 1946/1946 3231/3231 3180/3180
f 3179/3179 3150/3150 3235/3235
f 1984/1984 3180/3180 2034/2034
f 3181/3181 3165/3165 3214/3214
f 1986/1986 1985/1985 2035/2035
f 3236/3236 3166/3166 3168/3168
f 3167/3167 1986/1986 2035/2035
f 3183/3183 3167/3167 3237/3237
f 3168/3168 3169/3169 2048/2048
f 3183/3183 3237/3237 2061/2061
f 2048/2048 3169/3169 2046/2046
f 2047/2047 2046/2046 3193/3193
f 1989/1989 3238/3238 1990/1990
f 1990/1990 3238/3238 1993/1993
f 1933/1933 1949/1949 2039/2039
f 1936/1936 1994/1994 2018/2018
f 2020/2020 2019/2019 3186/3186
f 3239/3239 3189/3189 3171/3171
f 3216/3216 3194/3194 3196/3196
f 3217/3217 3137/3137 3222/3222
f 3224/3224 3195/3195 3218/3218
f 3218/3218 3195/3195 3219/3219
f 3220/3220 3240/3240 3218/3218
f 3240/3240 3220/3220 3241/3241
f 2033/2033 3241/3241 2031/2031
f 3198/3198 3189/3189 3239/3239
f 3197/3197 3158/3158 3201/3201
f 3208/3208 2003/2003 3242/3242
f 3243/3243 3244/3244 3245/3245
f 3226/3226 3227/3227 3246/3246
f 3246/3246 3227/3227 3228/3228
f 3209/3209 3192/3192 3229/3229
f 3163/3163 2022/2022 2081/2081
f 1945/1945 3212/3212 3213/3213
f 3234/3234 3179/3179 3247/3247
f 3235/3235 3150/3150 3181/3181
f 1984/1984 2034/2034 1985/1985
f 3248/3248 3181/3181 3214/3214
f 3236/3236 3168/3168 3249/3249
f 3167/3167 2035/2035 3237/3237
f 3249/3249 3168/3168 2048/2048
f 1967/1967 1966/1966 2096/2096
f 1967/1967 2096/2096 2095/2095
f 1967/1967 2095/2095 1949/1949
f 1992/1992 2037/2037 1989/1989
f 1989/1989 2037/2037 3238/3238
f 1991/1991 2036/2036 1992/1992
f 1998/1998 2028/2028 2030/2030
f 3239/3239 3171/3171 3250/3250
f 3171/3171 3172/3172 3250/3250
f 3251/3251 3215/3215 3216/3216
f 2020/2020 3186/3186 3197/3197
f 3224/3224 3218/3218 3223/3223
f 3252/3252 3218/3218 3240/3240
f 3242/3242 2003/2003 3253/3253
f 2090/2090 3240/3240 3241/3241
f 3241/3241 2033/2033 2090/2090
f 3254/3254 3255/3255 3203/3203
f 3199/3199 2058/2058 2057/2057
f 3243/3243 3256/3256 3244/3244
f 3254/3254 3203/3203 3202/3202
f 3208/3208 3242/3242 3257/3257
f 3258/3258 3202/3202 3226/3226
f 3205/3205 3199/3199 3259/3259
f 3243/3243 3245/3245 3260/3260
f 3260/3260 3245/3245 3261/3261
f 3260/3260 3261/3261 3262/3262
f 3263/3263 2007/2007 2080/2080
f 2080/2080 2007/2007 2006/2006
f 3163/3163 2081/2081 3212/3212
f 2094/2094 1982/1982 3230/3230
f 3180/3180 3231/3231 3264/3264
f 3247/3247 3179/3179 3235/3235
f 3180/3180 3264/3264 2034/2034
f 3235/3235 3181/3181 3248/3248
f 2065/2065 2009/2009 2051/2051
f 2037/2037 2049/2049 3238/3238
f 3238/3238 2049/2049 1993/1993
f 2067/2067 1991/1991 2027/2027
f 2026/2026 2017/2017 1935/1935
f 2016/2016 2015/2015 2102/2102
f 1995/1995 2041/2041 2042/2042
f 1996/1996 2042/2042 2073/2073
f 1996/1996 2073/2073 1997/1997
f 2073/2073 2028/2028 1997/1997
f 2015/2015 1978/1978 2054/2054
f 3265/3265 2032/2032 3255/3255
f 3266/3266 3267/3267 3268/3268
f 3223/3223 3218/3218 3252/3252
f 2090/2090 3252/3252 3240/3240
f 3196/3196 3223/3223 3269/3269
f 3270/3270 3256/3256 3243/3243
f 3254/3254 3202/3202 3258/3258
f 3199/3199 2057/2057 3259/3259
f 3210/3210 3208/3208 3257/3257
f 3271/3271 3246/3246 3228/3228
f 3260/3260 3262/3262 3272/3272
f 2077/2077 3210/3210 3257/3257
f 2021/2021 3210/3210 2077/2077
f 3273/3273 3262/3262 3274/3274
f 2094/2094 1983/1983 1982/1982
f 3231/3231 3213/3213 3275/3275
f 2094/2094 3230/3230 2092/2092
f 3232/3232 3233/3233 3276/3276
f 3276/3276 3233/3233 3234/3234
f 3247/3247 3235/3235 3277/3277
f 2034/2034 3264/3264 3278/3278
f 2035/2035 2034/2034 3237/3237
f 3279/3279 3249/3249 2048/2048
f 2061/2061 3237/3237 2062/2062
f 2048/2048 2047/2047 3279/3279
f 2037/2037 3280/3280 2049/2049
f 2038/2038 1949/1949 2095/2095
f 2016/2016 2102/2102 2052/2052
f 2017/2017 2086/2086 2043/2043
f 2052/2052 2070/2070 2041/2041
f 2029/2029 2053/2053 2000/2000
f 2120/2120 2102/2102 2015/2015
f 2054/2054 2120/2120 2015/2015
f 3281/3281 3253/3253 3251/3251
f 3282/3282 3216/3216 3196/3196
f 3242/3242 3253/3253 3281/3281
f 3282/3282 3196/3196 3283/3283
f 3255/3255 3284/3284 3265/3265
f 3255/3255 3254/3254 3284/3284
f 3285/3285 3267/3267 3286/3286
f 3286/3286 3267/3267 3266/3266
f 3283/3283 3196/3196 3269/3269
f 3269/3269 3223/3223 3287/3287
f 3223/3223 3252/3252 3287/3287
f 3287/3287 3252/3252 3288/3288
f 3252/3252 2090/2090 3288/3288
f 3284/3284 3254/3254 3289/3289
f 2057/2057 2056/2056 3285/3285
f 3268/3268 3270/3270 3290/3290
f 3288/3288 2090/2090 2091/2091
f 3290/3290 3270/3270 3291/3291
f 3291/3291 3270/3270 3243/3243
f 3289/3289 3254/3254 3258/3258
f 3243/3243 3260/3260 3292/3292
f 3292/3292 3260/3260 3272/3272
f 3293/3293 3258/3258 3226/3226
f 3293/3293 3226/3226 3294/3294
f 3294/3294 3226/3226 3246/3246
f 3228/3228 3205/3205 3295/3295
f 3295/3295 3205/3205 3259/3259
f 3294/3294 3246/3246 3271/3271
f 3271/3271 3228/3228 3295/3295
f 3272/3272 3262/3262 3273/3273
f 3273/3273 3274/3274 3296/3296
f 2079/2079 3263/3263 2080/2080
f 2021/2021 2077/2077 2022/2022
f 2060/2060 2080/2080 2006/2006
f 2081/2081 3297/3297 3298/3298
f 3212/3212 2081/2081 3298/3298
f 3213/3213 3212/3212 3298/3298
f 3275/3275 3213/3213 3298/3298
f 3235/3235 3248/3248 3299/3299
f 3248/3248 3214/3214 3300/3300
f 3301/3301 3214/3214 3302/3302
f 3300/3300 3214/3214 3301/3301
f 3249/3249 3279/3279 3303/3303
f 3279/3279 2047/2047 3304/3304
f 3304/3304 2047/2047 3193/3193
f 3305/3305 2065/2065 2064/2064
f 2066/2066 3280/3280 2037/2037
f 2049/2049 2082/2082 2050/2050
f 2026/2026 2025/2025 2085/2085
f 2053/2053 2087/2087 2014/2014
f 2042/2042 2071/2071 2072/2072
f 2073/2073 2072/2072 2028/2028
f 2028/2028 2072/2072 2074/2074
f 1994/1994 2088/2088 2018/2018
f 2030/2030 2089/2089 2055/2055
f 3281/3281 3251/3251 3282/3282
f 3251/3251 3216/3216 3282/3282
f 2076/2076 2032/2032 3265/3265
f 3285/3285 3286/3286 3306/3306
f 2090/2090 2033/2033 2076/2076
f 2057/2057 3285/3285 3306/3306
f 3266/3266 3268/3268 3290/3290
f 3259/3259 2057/2057 3307/3307
f 3291/3291 3243/3243 3308/3308
f 3308/3308 3243/3243 3292/3292
f 3309/3309 3258/3258 3293/3293
f 2079/2079 2060/2060 2116/2116
f 2059/2059 2116/2116 2060/2060
f 2081/2081 2078/2078 3297/3297
f 3275/3275 3298/3298 2124/2124
f 3276/3276 3310/3310 3232/3232
f 3231/3231 3275/3275 2126/2126
f 3276/3276 3234/3234 3247/3247
f 3231/3231 2126/2126 3264/3264
f 3299/3299 3248/3248 3300/3300
f 2034/2034 3278/3278 3311/3311
f 3237/3237 2034/2034 3311/3311
f 3237/3237 3311/3311 2062/2062
f 3312/3312 3313/3313 3280/3280
f 3280/3280 3313/3313 2049/2049
f 2066/2066 3312/3312 3280/3280
f 2051/2051 2099/2099 2064/2064
f 2084/2084 2066/2066 2036/2036
f 2040/2040 2098/2098 2051/2051
f 2095/2095 2097/2097 2038/2038
f 2087/2087 2098/2098 2040/2040
f 2102/2102 2101/2101 2052/2052
f 2052/2052 2101/2101 2070/2070
f 2071/2071 2113/2113 2072/2072
f 2072/2072 2113/2113 2074/2074
f 2029/2029 2138/2138 2075/2075
f 2043/2043 2138/2138 2044/2044
f 2044/2044 2138/2138 2029/2029
f 2076/2076 3265/3265 3314/3314
f 3314/3314 3265/3265 3284/3284
f 3315/3315 3242/3242 3281/3281
f 3283/3283 3269/3269 3316/3316
f 3316/3316 3269/3269 3317/3317
f 3317/3317 3269/3269 3287/3287
f 3317/3317 3287/3287 3318/3318
f 3287/3287 3288/3288 3318/3318
f 3318/3318 3288/3288 3319/3319
f 3319/3319 3288/3288 3320/3320
f 3320/3320 3288/3288 2091/2091
f 3284/3284 3289/3289 3309/3309
f 3321/3321 2057/2057 3306/3306
f 3257/3257 3242/3242 3315/3315
f 3309/3309 3289/3289 3258/3258
f 3257/3257 3315/3315 3322/3322
f 3309/3309 3293/3293 3323/3323
f 3259/3259 3307/3307 3324/3324
f 3325/3325 3292/3292 3272/3272
f 3257/3257 3322/3322 2077/2077
f 3323/3323 3293/3293 3294/3294
f 3295/3295 3259/3259 3326/3326
f 3326/3326 3259/3259 3324/3324
f 3325/3325 3272/3272 3273/3273
f 3327/3327 3325/3325 3273/3273
f 3328/3328 3294/3294 3271/3271
f 3327/3327 3273/3273 3296/3296
f 3329/3329 2079/2079 2116/2116
f 2106/2106 2116/2116 2059/2059
f 1983/1983 2094/2094 2107/2107
f 2107/2107 2094/2094 2093/2093
f 3330/3330 2093/2093 2092/2092
f 3275/3275 2124/2124 2126/2126
f 3310/3310 3276/3276 3331/3331
f 3276/3276 3247/3247 3277/3277
f 3264/3264 2126/2126 3332/3332
f 3264/3264 3332/3332 3333/3333
f 3264/3264 3333/3333 3278/3278
f 3299/3299 3277/3277 3235/3235
f 3334/3334 3335/3335 3336/3336
f 3313/3313 3337/3337 2049/2049
f 2049/2049 3337/3337 2108/2108
f 3338/3338 3334/3334 3336/3336
f 2049/2049 2108/2108 2082/2082
f 3339/3339 3340/3340 2066/2066
f 2066/2066 3340/3340 3312/3312
f 2130/2130 3338/3338 3341/3341
f 2099/2099 2117/2117 2064/2064
f 2096/2096 3342/3342 2097/2097
f 2084/2084 3339/3339 2066/2066
f 2050/2050 2083/2083 2085/2085
f 2068/2068 2097/2097 2136/2136
f 3343/3343 2084/2084 2067/2067
f 2100/2100 2102/2102 2120/2120
f 2069/2069 3343/3343 2067/2067
f 2043/2043 2086/2086 2138/2138
f 2055/2055 3344/3344 2069/2069
f 2054/2054 2103/2103 2120/2120
f 2089/2089 3344/3344 2055/2055
f 3345/3345 3306/3306 3286/3286
f 3345/3345 3286/3286 3266/3266
f 3346/3346 3314/3314 3284/3284
f 3284/3284 3309/3309 3346/3346
f 3307/3307 2057/2057 3321/3321
f 3347/3347 3266/3266 3290/3290
f 3347/3347 3290/3290 3291/3291
f 3283/3283 3316/3316 3348/3348
f 3320/3320 2091/2091 2104/2104
f 3308/3308 3347/3347 3291/3291
f 3349/3349 3308/3308 3292/3292
f 3324/3324 3307/3307 3350/3350
f 3349/3349 3292/3292 3325/3325
f 3351/3351 3323/3323 3294/3294
f 3351/3351 3294/3294 3328/3328
f 3328/3328 3271/3271 3352/3352
f 3271/3271 3295/3295 3352/3352
f 3352/3352 3295/3295 3326/3326
f 2115/2115 3329/3329 2116/2116
f 3297/3297 2078/2078 3353/3353
f 3298/3298 3354/3354 2124/2124
f 3355/3355 3277/3277 3299/3299
f 3311/3311 3278/3278 3333/3333
f 3356/3356 3299/3299 3300/3300
f 3357/3357 3358/3358 3359/3359
f 3359/3359 3358/3358 3335/3335
f 3334/3334 3359/3359 3335/3335
f 3340/3340 3360/3360 3312/3312
f 3312/3312 3360/3360 3313/3313
f 2063/2063 2062/2062 3361/3361
f 3334/3334 3338/3338 2130/2130
f 2163/2163 3339/3339 2084/2084
f 3343/3343 2163/2163 2084/2084
f 2053/2053 2119/2119 2087/2087
f 2119/2119 2098/2098 2087/2087
f 2100/2100 3362/3362 2101/2101
f 3362/3362 2112/2112 2071/2071
f 2101/2101 3362/3362 2071/2071
f 2112/2112 2110/2110 2113/2113
f 2113/2113 2110/2110 2074/2074
f 2085/2085 3363/3363 2086/2086
f 2075/2075 2118/2118 2053/2053
f 2068/2068 2136/2136 2088/2088
f 3344/3344 3343/3343 2069/2069
f 3281/3281 3282/3282 3364/3364
f 3364/3364 3282/3282 3365/3365
f 3365/3365 3282/3282 3283/3283
f 2076/2076 3314/3314 2114/2114
f 2114/2114 3314/3314 3346/3346
f 3321/3321 3306/3306 3366/3366
f 3366/3366 3306/3306 3345/3345
f 3345/3345 3266/3266 3367/3367
f 3348/3348 3365/3365 3283/3283
f 2143/2143 3316/3316 3317/3317
f 3317/3317 3318/3318 3368/3368
f 3318/3318 3319/3319 3368/3368
f 3368/3368 3319/3319 3320/3320
f 3369/3369 3346/3346 3309/3309
f 3307/3307 3321/3321 3350/3350
f 3348/3348 3316/3316 2145/2145
f 2145/2145 3316/3316 2143/2143
f 2143/2143 3317/3317 3370/3370
f 3370/3370 3317/3317 3368/3368
f 3368/3368 3320/3320 2142/2142
f 2142/2142 3320/3320 2104/2104
f 3369/3369 3309/3309 3323/3323
f 3371/3371 3369/3369 3323/3323
f 3372/3372 2077/2077 3322/3322
f 3373/3373 3349/3349 3325/3325
f 3351/3351 3371/3371 3323/3323
f 3326/3326 3324/3324 3374/3374
f 3373/3373 3325/3325 3327/3327
f 2078/2078 2077/2077 3372/3372
f 3373/3373 3327/3327 3375/3375
f 3351/3351 3328/3328 3376/3376
f 2078/2078 3372/3372 3353/3353
f 3376/3376 3328/3328 3377/3377
f 3377/3377 3328/3328 3352/3352
f 3377/3377 3352/3352 3378/3378
f 3378/3378 3352/3352 2148/2148
f 3352/3352 3326/3326 3379/3379
f 2148/2148 3352/3352 3379/3379
f 3297/3297 3353/3353 3354/3354
f 3298/3298 3297/3297 3354/3354
f 2107/2107 2146/2146 2045/2045
f 2146/2146 2105/2105 2045/2045
f 2124/2124 3354/3354 3380/3380
f 3381/3381 3310/3310 3331/3331
f 3382/3382 3331/3331 3276/3276
f 3382/3382 3276/3276 3277/3277
f 3332/3332 2126/2126 3383/3383
f 3332/3332 3383/3383 3333/3333
f 3355/3355 3299/3299 3356/3356
f 3311/3311 3333/3333 3384/3384
f 3385/3385 3357/3357 3359/3359
f 3386/3386 2128/2128 3387/3387
f 2062/2062 3311/3311 3384/3384
f 3387/3387 2128/2128 2127/2127
f 2062/2062 3384/3384 3388/3388
f 2152/2152 3389/3389 2156/2156
f 3389/3389 3386/3386 3390/3390
f 3390/3390 3386/3386 3387/3387
f 3385/3385 3359/3359 3334/3334
f 2132/2132 3385/3385 3334/3334
f 3361/3361 2062/2062 3388/3388
f 2083/2083 2109/2109 3391/3391
f 3361/3361 3388/3388 3392/3392
f 3393/3393 3340/3340 3339/3339
f 2163/2163 3393/3393 3339/3339
f 2131/2131 2130/2130 3394/3394
f 2132/2132 3334/3334 2130/2130
f 3395/3395 2117/2117 2098/2098
f 2097/2097 3342/3342 2135/2135
f 2133/2133 3396/3396 3362/3362
f 2119/2119 3395/3395 2098/2098
f 2100/2100 2133/2133 3362/3362
f 3362/3362 3397/3397 2112/2112
f 2112/2112 3397/3397 2110/2110
f 2161/2161 2163/2163 3343/3343
f 2121/2121 2120/2120 3398/3398
f 2086/2086 3363/3363 2139/2139
f 2086/2086 2139/2139 2138/2138
f 2140/2140 2118/2118 2075/2075
f 2138/2138 2140/2140 2075/2075
f 2088/2088 2136/2136 2103/2103
f 2103/2103 3398/3398 2120/2120
f 2089/2089 2122/2122 3344/3344
f 2122/2122 2161/2161 3344/3344
f 3344/3344 2161/2161 3343/3343
f 3315/3315 3281/3281 3364/3364
f 3366/3366 3345/3345 3367/3367
f 3367/3367 3266/3266 3347/3347
f 3365/3365 3348/3348 3399/3399
f 3400/3400 3347/3347 3308/3308
f 3348/3348 2145/2145 3399/3399
f 3370/3370 3368/3368 3401/3401
f 3368/3368 2142/2142 3401/3401
f 3400/3400 3308/3308 3349/3349
f 3402/3402 3349/3349 3373/3373
f 3324/3324 3350/3350 3374/3374
f 3403/3403 3371/3371 3351/3351
f 3353/3353 3372/3372 3404/3404
f 3403/3403 3351/3351 3376/3376
f 3379/3379 3326/3326 3405/3405
f 3405/3405 3326/3326 3374/3374
f 3406/3406 3373/3373 3375/3375
f 3403/3403 3376/3376 3407/3407
f 2148/2148 3379/3379 2149/2149
f 3408/3408 3376/3376 3377/3377
f 3408/3408 3377/3377 3409/3409
f 3377/3377 3378/3378 3409/3409
f 3409/3409 3378/3378 2148/2148
f 3409/3409 2148/2148 2150/2150
f 3330/3330 2151/2151 2093/2093
f 2124/2124 3380/3380 2125/2125
f 2126/2126 2125/2125 3410/3410
f 2126/2126 3410/3410 3383/3383
f 3382/3382 3277/3277 3355/3355
f 3411/3411 3357/3357 3412/3412
f 3413/3413 3414/3414 2128/2128
f 3415/3415 3413/3413 2152/2152
f 2152/2152 3413/3413 3386/3386
f 3386/3386 3413/3413 2128/2128
f 2128/2128 3414/3414 2171/2171
f 3385/3385 3412/3412 3357/3357
f 2152/2152 3386/3386 3389/3389
f 2128/2128 2171/2171 2129/2129
f 2156/2156 2153/2153 2152/2152
f 2129/2129 2171/2171 2170/2170
f 2083/2083 3391/3391 2134/2134
f 3396/3396 3416/3416 3362/3362
f 2162/2162 3393/3393 2163/2163
f 3417/3417 2175/2175 3418/3418
f 3362/3362 3416/3416 3397/3397
f 3416/3416 3419/3419 3397/3397
f 2110/2110 3419/3419 2137/2137
f 3420/3420 2160/2160 2159/2159
f 3419/3419 2110/2110 3397/3397
f 3420/3420 2159/2159 2181/2181
f 2085/2085 2134/2134 3421/3421
f 2085/2085 3421/3421 3363/3363
f 2118/2118 2184/2184 2119/2119
f 2184/2184 3395/3395 2119/2119
f 2136/2136 3398/3398 2103/2103
f 3315/3315 3364/3364 3422/3422
f 3422/3422 3364/3364 3423/3423
f 3423/3423 3364/3364 3365/3365
f 2141/2141 2114/2114 3424/3424
f 3424/3424 2114/2114 3369/3369
f 3369/3369 2114/2114 3346/3346
f 3425/3425 3366/3366 3367/3367
f 3350/3350 3321/3321 3426/3426
f 3426/3426 3321/3321 3366/3366
f 3322/3322 3315/3315 3422/3422
f 3424/3424 3369/3369 3427/3427
f 3428/3428 3367/3367 3347/3347
f 3428/3428 3347/3347 3400/3400
f 2143/2143 3370/3370 2144/2144
f 3372/3372 3322/3322 3429/3429
f 3429/3429 3322/3322 3422/3422
f 3430/3430 3399/3399 2145/2145
f 3430/3430 2145/2145 3431/3431
f 2144/2144 3370/3370 3432/3432
f 3370/3370 3401/3401 3432/3432
f 3432/3432 3401/3401 3433/3433
f 3433/3433 3401/3401 2166/2166
f 3401/3401 2142/2142 2166/2166
f 3427/3427 3369/3369 3371/3371
f 3350/3350 3426/3426 3374/3374
f 3402/3402 3400/3400 3349/3349
f 2145/2145 2144/2144 3431/3431
f 3403/3403 3427/3427 3371/3371
f 3372/3372 3429/3429 3404/3404
f 3434/3434 3373/3373 3406/3406
f 3379/3379 3405/3405 3435/3435
f 3436/3436 3407/3407 3376/3376
f 3436/3436 3376/3376 3408/3408
f 2149/2149 3379/3379 3437/3437
f 3380/3380 3354/3354 3438/3438
f 2151/2151 2146/2146 2107/2107
f 3439/3439 3408/3408 3440/3440
f 3440/3440 3408/3408 3409/3409
f 3441/3441 3409/3409 2150/2150
f 2149/2149 3437/3437 2167/2167
f 3440/3440 3409/3409 3441/3441
f 2151/2151 3330/3330 3442/3442
f 3441/3441 2150/2150 3443/3443
f 2150/2150 2149/2149 3443/3443
f 3443/3443 2149/2149 2167/2167
f 3439/3439 3440/3440 3444/3444
f 3443/3443 2167/2167 2169/2169
f 3445/3445 3381/3381 3331/3331
f 3445/3445 3331/3331 3446/3446
f 3444/3444 3440/3440 3441/3441
f 3441/3441 3443/3443 2169/2169
f 3444/3444 3441/3441 2169/2169
f 3446/3446 3331/3331 3382/3382
f 3447/3447 3444/3444 3413/3413
f 3413/3413 3444/3444 2169/2169
f 3413/3413 2169/2169 3414/3414
f 3448/3448 3446/3446 3382/3382
f 3415/3415 3447/3447 3413/3413
f 3414/3414 2169/2169 2168/2168
f 3414/3414 2168/2168 3449/3449
f 3448/3448 3382/3382 3355/3355
f 3450/3450 3411/3411 3412/3412
f 3333/3333 3383/3383 3451/3451
f 2154/2154 3415/3415 2152/2152
f 2171/2171 3414/3414 3449/3449
f 3452/3452 3412/3412 3385/3385
f 3388/3388 3384/3384 3453/3453
f 3452/3452 3385/3385 2132/2132
f 3452/3452 2132/2132 2131/2131
f 3388/3388 3453/3453 3392/3392
f 2179/2179 2157/2157 2160/2160
f 3392/3392 3453/3453 3454/3454
f 2176/2176 2175/2175 2174/2174
f 3417/3417 3418/3418 3455/3455
f 2164/2164 2162/2162 2161/2161
f 3421/3421 2182/2182 3363/3363
f 2135/2135 3456/3456 2136/2136
f 3363/3363 2182/2182 2139/2139
f 2139/2139 2183/2183 2140/2140
f 2140/2140 2184/2184 2118/2118
f 2136/2136 3456/3456 3398/3398
f 3398/3398 3457/3457 2121/2121
f 3423/3423 3365/3365 3399/3399
f 3426/3426 3366/3366 3458/3458
f 3458/3458 3366/3366 3425/3425
f 3425/3425 3367/3367 3428/3428
f 2165/2165 2141/2141 2191/2191
f 3459/3459 3426/3426 3458/3458
f 3460/3460 3428/3428 3461/3461
f 3461/3461 3428/3428 3400/3400
f 3374/3374 3426/3426 3459/3459
f 3461/3461 3400/3400 3402/3402
f 3461/3461 3402/3402 3462/3462
f 3462/3462 3402/3402 3373/3373
f 3463/3463 3430/3430 3431/3431
f 3464/3464 2144/2144 3432/3432
f 3463/3463 3431/3431 3464/3464
f 3431/3431 2144/2144 3464/3464
f 3405/3405 3374/3374 3435/3435
f 3374/3374 3459/3459 3435/3435
f 3462/3462 3373/3373 3434/3434
f 3462/3462 3434/3434 3465/3465
f 3353/3353 3404/3404 3438/3438
f 3466/3466 3465/3465 3434/3434
f 3354/3354 3353/3353 3438/3438
f 3467/3467 2147/2147 2146/2146
f 3379/3379 3435/3435 3437/3437
f 2151/2151 3467/3467 2146/2146
f 3439/3439 3436/3436 3408/3408
f 3445/3445 3468/3468 3381/3381
f 3447/3447 3439/3439 3444/3444
f 3469/3469 3450/3450 3412/3412
f 3384/3384 3333/3333 3451/3451
f 3452/3452 3469/3469 3412/3412
f 2157/2157 2190/2190 2158/2158
f 2172/2172 2171/2171 3470/3470
f 2177/2177 3471/3471 2188/2188
f 3472/3472 3452/3452 2131/2131
f 3473/3473 2153/2153 2155/2155
f 2172/2172 3470/3470 3474/3474
f 3417/3417 2173/2173 2175/2175
f 2174/2174 2177/2177 2176/2176
f 2177/2177 2188/2188 2179/2179
f 2179/2179 2188/2188 2157/2157
f 3475/3475 2131/2131 3394/3394
f 3476/3476 3473/3473 2155/2155
f 2172/2172 3474/3474 3477/3477
f 3477/3477 3474/3474 3478/3478
f 3477/3477 3478/3478 3479/3479
f 3480/3480 3475/3475 3481/3481
f 3481/3481 3475/3475 3394/3394
f 3456/3456 3457/3457 3398/3398
f 3482/3482 3422/3422 3423/3423
f 3483/3483 3423/3423 3399/3399
f 2191/2191 2141/2141 3424/3424
f 3484/3484 3458/3458 3460/3460
f 3458/3458 3425/3425 3460/3460
f 3460/3460 3425/3425 3428/3428
f 3429/3429 3422/3422 3482/3482
f 3482/3482 3423/3423 3483/3483
f 3483/3483 3399/3399 3430/3430
f 2191/2191 3424/3424 3427/3427
f 3459/3459 3458/3458 3484/3484
f 2191/2191 3427/3427 3485/3485
f 3485/3485 3427/3427 3403/3403
f 3404/3404 3429/3429 3486/3486
f 3429/3429 3482/3482 3486/3486
f 3483/3483 3430/3430 3487/3487
f 3464/3464 3432/3432 3488/3488
f 3432/3432 3433/3433 3488/3488
f 2185/2185 3433/3433 2166/2166
f 3435/3435 3459/3459 3489/3489
f 3489/3489 3459/3459 3484/3484
f 3460/3460 3461/3461 3490/3490
f 3490/3490 3461/3461 3462/3462
f 3488/3488 3433/3433 2185/2185
f 3485/3485 3403/3403 3407/3407
f 3490/3490 3462/3462 3465/3465
f 3404/3404 3486/3486 3438/3438
f 3430/3430 3463/3463 3487/3487
f 2185/2185 2165/2165 2192/2192
f 3438/3438 3486/3486 2195/2195
f 3491/3491 3464/3464 3488/3488
f 2193/2193 2185/2185 2192/2192
f 3436/3436 3485/3485 3407/3407
f 3487/3487 3463/3463 3492/3492
f 3492/3492 3463/3463 3464/3464
f 3493/3493 3464/3464 3491/3491
f 3491/3491 3488/3488 3494/3494
f 3494/3494 3488/3488 2193/2193
f 2193/2193 3488/3488 2185/2185
f 3492/3492 3464/3464 3493/3493
f 3380/3380 3438/3438 2195/2195
f 3495/3495 3493/3493 3491/3491
f 3437/3437 3435/3435 3496/3496
f 3497/3497 3465/3465 3498/3498
f 3498/3498 3465/3465 3466/3466
f 3380/3380 2195/2195 2125/2125
f 3492/3492 3493/3493 3499/3499
f 3500/3500 3436/3436 3439/3439
f 3501/3501 3497/3497 3498/3498
f 3502/3502 3492/3492 3499/3499
f 2167/2167 3437/3437 3503/3503
f 3437/3437 3496/3496 3503/3503
f 3501/3501 3498/3498 3504/3504
f 3505/3505 3502/3502 3499/3499
f 2168/2168 2167/2167 3503/3503
f 3506/3506 3501/3501 3504/3504
f 3506/3506 3504/3504 3507/3507
f 3505/3505 3499/3499 3508/3508
f 3509/3509 3500/3500 3447/3447
f 3500/3500 3439/3439 3447/3447
f 2168/2168 3503/3503 3510/3510
f 3410/3410 2125/2125 2196/2196
f 3410/3410 2196/2196 3451/3451
f 3505/3505 3508/3508 3511/3511
f 3509/3509 3447/3447 3415/3415
f 3506/3506 3507/3507 3512/3512
f 3383/3383 3410/3410 3451/3451
f 3449/3449 2168/2168 3510/3510
f 3506/3506 3512/3512 3450/3450
f 3511/3511 3508/3508 3513/3513
f 2205/2205 3509/3509 3415/3415
f 3514/3514 3506/3506 3450/3450
f 3505/3505 2186/2186 2202/2202
f 2186/2186 3505/3505 3511/3511
f 2187/2187 3511/3511 3513/3513
f 3471/3471 3513/3513 3515/3515
f 2189/2189 3515/3515 2190/2190
f 2190/2190 3515/3515 3516/3516
f 2190/2190 3516/3516 3517/3517
f 2205/2205 3415/3415 2154/2154
f 2171/2171 3449/3449 3470/3470
f 3470/3470 3449/3449 3510/3510
f 3514/3514 3450/3450 3469/3469
f 2186/2186 3511/3511 2187/2187
f 2187/2187 3513/3513 3471/3471
f 2189/2189 3471/3471 3515/3515
f 3470/3470 3510/3510 3518/3518
f 3514/3514 3469/3469 3452/3452
f 3472/3472 3514/3514 3452/3452
f 3384/3384 3451/3451 3519/3519
f 2202/2202 2186/2186 2173/2173
f 3453/3453 3384/3384 3519/3519
f 3417/3417 2202/2202 2173/2173
f 2177/2177 2187/2187 3471/3471
f 3471/3471 2189/2189 2188/2188
f 2158/2158 2190/2190 3517/3517
f 3473/3473 3520/3520 2153/2153
f 3520/3520 2154/2154 2153/2153
f 3470/3470 3518/3518 3474/3474
f 3521/3521 3472/3472 3475/3475
f 3453/3453 3519/3519 3522/3522
f 3523/3523 2202/2202 3417/3417
f 2158/2158 3517/3517 3524/3524
f 3524/3524 3520/3520 3473/3473
f 3474/3474 3518/3518 3478/3478
f 3525/3525 3521/3521 3475/3475
f 3475/3475 3472/3472 2131/2131
f 2159/2159 2158/2158 3524/3524
f 3453/3453 3522/3522 3454/3454
f 3454/3454 3522/3522 3455/3455
f 3522/3522 3523/3523 3455/3455
f 3455/3455 3523/3523 3417/3417
f 2159/2159 3524/3524 2180/2180
f 3524/3524 3473/3473 3476/3476
f 2180/2180 3524/3524 3476/3476
f 3479/3479 3478/3478 3480/3480
f 3480/3480 3478/3478 3525/3525
f 3480/3480 3525/3525 3475/3475
f 3526/3526 3483/3483 3487/3487
f 3527/3527 2191/2191 3485/3485
f 3484/3484 3460/3460 3528/3528
f 3486/3486 3482/3482 3526/3526
f 3482/3482 3483/3483 3526/3526
f 3489/3489 3484/3484 3528/3528
f 3528/3528 3460/3460 3490/3490
f 2192/2192 2191/2191 3527/3527
f 3529/3529 3486/3486 3526/3526
f 3489/3489 3528/3528 3530/3530
f 3531/3531 3528/3528 3490/3490
f 2195/2195 3486/3486 3529/3529
f 2192/2192 3527/3527 3532/3532
f 3532/3532 3527/3527 3533/3533
f 3533/3533 3527/3527 3485/3485
f 3533/3533 3485/3485 3436/3436
f 3496/3496 3435/3435 3489/3489
f 3530/3530 3528/3528 3531/3531
f 3531/3531 3490/3490 3497/3497
f 3497/3497 3490/3490 3465/3465
f 3496/3496 3489/3489 3530/3530
f 3534/3534 3491/3491 3494/3494
f 3535/3535 3491/3491 3534/3534
f 3534/3534 3494/3494 2193/2193
f 3487/3487 3492/3492 3502/3502
f 3499/3499 3493/3493 3495/3495
f 3495/3495 3491/3491 3535/3535
f 3533/3533 3436/3436 3500/3500
f 3536/3536 3487/3487 3502/3502
f 2194/2194 3534/3534 2193/2193
f 2192/2192 3532/3532 3537/3537
f 3503/3503 3496/3496 3538/3538
f 3496/3496 3530/3530 3538/3538
f 2196/2196 2195/2195 3529/3529
f 3499/3499 3495/3495 3539/3539
f 3539/3539 3495/3495 3535/3535
f 3539/3539 3535/3535 3534/3534
f 3539/3539 3534/3534 3540/3540
f 3540/3540 3534/3534 2194/2194
f 2194/2194 2192/2192 3537/3537
f 3531/3531 3497/3497 3541/3541
f 3541/3541 3497/3497 3501/3501
f 2201/2201 3536/3536 3502/3502
f 3508/3508 3499/3499 3513/3513
f 3513/3513 3499/3499 3539/3539
f 3513/3513 3539/3539 3542/3542
f 3539/3539 3540/3540 3542/3542
f 3540/3540 2194/2194 3542/3542
f 3542/3542 2194/2194 3516/3516
f 3516/3516 2194/2194 3537/3537
f 3509/3509 3543/3543 3500/3500
f 3510/3510 3503/3503 3538/3538
f 3541/3541 3501/3501 3506/3506
f 3544/3544 3531/3531 3541/3541
f 3516/3516 3537/3537 3517/3517
f 3517/3517 3537/3537 2204/2204
f 3510/3510 3538/3538 2197/2197
f 2201/2201 3502/3502 3505/3505
f 3513/3513 3542/3542 3515/3515
f 3515/3515 3542/3542 3516/3516
f 3451/3451 2196/2196 3545/3545
f 3544/3544 3541/3541 3514/3514
f 3541/3541 3506/3506 3514/3514
f 2201/2201 3505/3505 2202/2202
f 3520/3520 2205/2205 2154/2154
f 3519/3519 3451/3451 3545/3545
f 3517/3517 2204/2204 2203/2203
f 2203/2203 2205/2205 3520/3520
f 3518/3518 3510/3510 2197/2197
f 3518/3518 2197/2197 2199/2199
f 3521/3521 2199/2199 3544/3544
f 3544/3544 3514/3514 3521/3521
f 3521/3521 3514/3514 3472/3472
f 3517/3517 2203/2203 3524/3524
f 3522/3522 3519/3519 2200/2200
f 2200/2200 2202/2202 3523/3523
f 2203/2203 3520/3520 3524/3524
f 3478/3478 3518/3518 2199/2199
f 2199/2199 3521/3521 3525/3525
f 3522/3522 2200/2200 3523/3523
f 3478/3478 2199/2199 3525/3525
f 3529/3529 3526/3526 3487/3487
f 3543/3543 3532/3532 3533/3533
f 3546/3546 3530/3530 3531/3531
f 3547/3547 3529/3529 3487/3487
f 3547/3547 3487/3487 3536/3536
f 3537/3537 3532/3532 3543/3543
f 3543/3543 3533/3533 3500/3500
f 3538/3538 3530/3530 3546/3546
f 3546/3546 3531/3531 2198/2198
f 2196/2196 3529/3529 3547/3547
f 3547/3547 3536/3536 2201/2201
f 3537/3537 3543/3543 2204/2204
f 2204/2204 3543/3543 3509/3509
f 3538/3538 3546/3546 2197/2197
f 2197/2197 3546/3546 2198/2198
f 2196/2196 3547/3547 2201/2201
f 3544/3544 2198/2198 3531/3531
f 3545/3545 2196/2196 2201/2201
f 2204/2204 3509/3509 2205/2205
f 2199/2199 2198/2198 3544/3544
f 3519/3519 3545/3545 2201/2201
f 3519/3519 2201/2201 2200/2200
# Vertices: 3547, normals: 0, texture coordinates: 3547, faces: 5778

