# File generated by ImageToStl.com - Free Image and 3D model conversion tools

mtllib vase_textured.mtl

o obj1
v -0.03962078 0.18959449 0.02247079
v -0.03269871 0.18912584 0.01490465
v -0.04625224 0.18910506 0.00656982
v -0.05467376 0.19178376 -0.00823319
v -0.05588908 0.18925726 0.00355322
v -0.02443637 0.18874034 0.00700722
v -0.00936336 0.18879767 0.01148518
v -0.01512884 0.18854855 0.00015555
v -0.05445517 0.18845668 0.01306655
v -0.05162058 0.18976043 0.02152441
v -0.02749009 0.18944755 0.02481522
v 0.00141534 0.18870804 0.00570028
v -0.03124705 0.1882975 -0.00536817
v -0.01704522 0.1882755 -0.01012584
v -0.02676182 0.18779616 -0.01984758
v 0.00653918 0.18896236 0.02048604
v -0.01262365 0.1870601 -0.0298599
v -0.00146681 0.18857805 -0.02284889
v -0.0086471 0.18738963 -0.0350452
v -0.04755078 0.18826857 -0.0245033
v -0.05174311 0.19051735 -0.01684857
v -0.03871624 0.18809362 -0.0117914
v 0.03134167 0.18868582 0.03021695
v 0.04049611 0.1893069 0.03893467
v 0.03994909 0.18849182 0.02310059
v 0.04023429 0.18846168 0.01166609
v 0.02770579 0.18863182 0.02010639
v -0.01028166 0.18960331 0.03567218
v -0.01522852 0.18931961 0.0285577
v -0.03454303 0.18989721 0.03098332
v 0.0149047 0.18913679 0.03513115
v -0.00103961 0.18968087 0.04216135
v 0.01092437 0.18920337 0.04735195
v -0.03641478 0.18803091 -0.02431468
v 0.01444056 0.18946731 -0.00742136
v -0.00477612 0.18855049 -0.00565035
v 0.01838549 0.18877593 0.01126601
v 0.01820303 0.18911892 0.00167538
v 0.02877292 0.18936211 -0.02887609
v 0.01863157 0.18847847 -0.03544902
v 0.02195792 0.18941842 -0.01822467
v 6.415E-05 0.18926401 0.03078449
v 0.03021153 0.18872532 0.00308497
v -0.0151125 0.18797855 -0.01935899
v 0.01233462 0.18667535 -0.05069548
v 0.00168778 0.18727344 -0.04184611
v -0.0416658 0.18846056 -0.03287494
v 0.04147756 0.18890509 -0.00494096
v 0.03646094 0.1893696 -0.01706995
v 0.02827572 0.18930048 -0.00618592
v 0.04850897 0.19132367 -0.02149325
v 0.04275867 0.18932627 -0.0309767
v 0.01646057 0.18879154 0.02163442
v 0.05474992 0.19319089 0.00553356
v 0.05404606 0.18828113 -0.00368649
v -0.03167368 0.18776534 -0.0364574
v -0.03510682 0.19296117 -0.03976222
v -0.0416658 0.18846056 -0.03287494
v 0.02823315 0.19028118 -0.04429527
v 0.02120464 0.18967916 -0.04780363
v -0.04233629 0.18987042 0.03672995
v -0.03673267 0.1888428 0.00536876
v 0.04827132 0.18832797 0.02741874
v 0.05218359 0.18931521 -0.01281178
v -0.02549125 0.19216645 0.05164527
v -0.01461015 0.1901031 0.05619744
v 0.03518739 0.18998018 0.04413248
v 0.02929313 0.18893796 0.0415977
v 0.00651412 0.18823837 -0.02994011
v 0.00424959 0.18604825 -0.05195076
v 0.03488555 0.18929836 -0.0393756
v -0.01909686 0.18908104 0.01831584
v -0.01867002 0.18702395 -0.03029273
v -0.03167368 0.18776534 -0.0364574
v -0.02857321 0.18976238 -0.0441848
v -0.05588908 0.18925726 0.00355322
v -0.05467376 0.19178376 -0.00823319
v -0.05616017 0.19744661 -0.00375938
v -0.00580447 0.1865669 -0.05199397
v -0.01868414 0.1897819 -0.04927835
v 0.00867455 0.18946169 -0.01627596
v 0.05273098 0.18828622 0.0159601
v 0.03518739 0.18998018 0.04413248
v 0.02929313 0.18893796 0.0415977
v 0.02493182 0.18948871 0.04716894
v 0.01057491 0.19053237 0.05721271
v -0.00088805 0.18917903 0.05843968
v 0.02493182 0.18948871 0.04716894
v 0.02929313 0.18893796 0.0415977
v 0.02892932 0.19232169 0.04925615
v 0.02892932 0.19232169 0.04925615
v -0.03678 0.19061157 0.04286785
v 0.01294281 0.18971707 0.04699058
v 0.02021303 0.19194692 0.05417569
v 0.02892932 0.19232169 0.04925615
v -0.02857321 0.18976238 -0.0441848
v 0.17954567 -0.03531003 -0.01663012
v 0.18133658 -0.05007357 -0.01823989
v 0.17835514 -0.04944857 -0.03340577
v 0.18304674 -0.0493764 -0.0020514
v 0.18304788 -0.0624383 -0.00128684
v 0.18118775 -0.06337474 -0.01880995
v 0.18238239 -0.07324196 -0.00235012
v 0.18048073 -0.07476497 -0.01809729
v 0.18048073 -0.07476497 -0.01809729
v 0.18238239 -0.07324196 -0.00235012
v 0.17839079 -0.091239 -0.00212934
v 0.18128103 -0.03646966 0.00077455
v 0.18334609 -0.05055154 0.01367565
v 0.17762971 -0.02159525 0.01445682
v 0.18196516 -0.0395881 0.01356139
v 0.17866227 -0.02525659 0.00120852
v 0.18296562 -0.07144041 0.01408917
v 0.17874336 -0.09124648 0.01408148
v 0.18296562 -0.07144041 0.01408917
v 0.17919745 -0.02975479 0.02550244
v 0.1825709 -0.04789421 0.02523724
v 0.18236221 -0.06105598 0.02789932
v 0.18236221 -0.06105598 0.02789932
v 0.18193229 -0.07319666 0.02513717
v 0.17771995 -0.09152042 0.02581946
v 0.17900424 -0.03479387 0.03619108
v 0.18062589 -0.07219817 0.03704276
v 0.17686033 -0.08921479 0.0370006
v 0.1810468 -0.04914633 0.0373485
v 0.18062589 -0.07219817 0.03704276
v 0.1810468 -0.04914633 0.0373485
v 0.17786784 -0.05026706 0.05205856
v 0.17359631 -0.05093803 -0.04992158
v 0.17764367 -0.07261419 -0.03394653
v 0.17297435 -0.06399162 -0.0508076
v 0.1732309 -0.07373396 -0.04766841
v 0.1732309 -0.07373396 -0.04766841
v 0.17764367 -0.07261419 -0.03394653
v 0.16868748 -0.0911407 -0.04892733
v 0.17621724 -0.03502055 -0.0333836
v 0.17328997 -0.02339592 -0.03364697
v 0.17298074 -0.09199347 -0.03395985
v 0.17628655 -0.02256777 -0.01682002
v 0.17594092 -0.09336326 -0.0183137
v 0.17428613 -0.01302787 -0.0030369
v 0.17336176 -0.10676619 0.01501489
v 0.17437452 -0.01448521 0.02506087
v 0.17630412 -0.0252698 0.0374212
v 0.17525765 -0.03435867 0.0526706
v 0.17786784 -0.05026706 0.05205856
v 0.17657162 -0.07259839 0.05413296
v 0.17313506 -0.06033519 0.06648564
v 0.17022179 -0.02858741 -0.04896947
v 0.17280312 -0.04141501 -0.0488662
v 0.17213111 -0.01223375 -0.01929894
v 0.17061648 -0.10795785 -0.01848453
v 0.17324598 -0.10573876 -0.00317852
v 0.16934237 -0.00212398 0.00102655
v 0.17029504 -0.00393135 0.01337192
v 0.17149752 -0.10516285 0.03660361
v 0.17089698 -0.01084054 0.03757784
v 0.17079985 -0.09410283 0.05558865
v 0.17042284 -0.01742639 0.05133518
v 0.16727936 -0.02471855 0.06804424
v 0.17256658 -0.0728126 0.06606365
v 0.17075519 -0.0371491 0.06775606
v 0.17275649 -0.04677458 0.06677569
v 0.17786784 -0.05026706 0.05205856
v 0.17275649 -0.04677458 0.06677569
v 0.17313506 -0.06033519 0.06648564
v 0.16566773 -0.05714853 -0.06895745
v 0.16639259 -0.04524166 -0.0663959
v 0.16520287 -0.03456766 -0.06528965
v 0.16557541 -0.07520118 -0.0661035
v 0.16557541 -0.07520118 -0.0661035
v 0.16425529 -0.01161622 -0.04935532
v 0.16840915 -0.01097146 -0.03432409
v 0.16611752 -0.10991854 -0.0349871
v 0.16569819 0.00105108 -0.01957543
v 0.16503938 0.00439853 -0.01021743
v 0.16676937 -0.11998009 -0.00341285
v 0.16693042 -0.12066534 0.01413974
v 0.16562919 0.00308477 0.02461942
v 0.16376965 -0.12286522 0.03386648
v 0.16537999 -0.10888497 0.05455009
v 0.16627723 -0.09385549 0.06841094
v 0.17075519 -0.0371491 0.06775606
v 0.164708 -0.04877576 0.08573114
v 0.16531581 -0.06009405 0.08451495
v 0.16507661 -0.07311994 0.0832184
v 0.17256658 -0.0728126 0.06606365
v 0.16507661 -0.07311994 0.0832184
v 0.16084442 -0.01921362 -0.06534006
v 0.16315721 -0.10612545 -0.04879817
v 0.16152574 0.0034527 -0.03316664
v 0.16240287 0.00986321 0.00144185
v 0.16219379 0.00989331 0.01409657
v 0.15865897 0.01349599 0.02411544
v 0.16258027 0.00469564 0.03655174
v 0.16298155 -0.00263754 0.05149667
v 0.1630408 -0.01286218 0.06676886
v 0.15746309 -0.01665682 0.08346186
v 0.16277249 -0.03347528 0.08433619
v 0.16238089 -0.08420131 0.08334927
v 0.16016153 -0.09493176 0.08135842
v 0.16277249 -0.03347528 0.08433619
v 0.15851179 -0.0457888 -0.08186217
v 0.16566773 -0.05714853 -0.06895745
v 0.15749979 -0.05744921 -0.0839197
v 0.15827478 -0.07385837 -0.08035722
v 0.15762481 -0.03328922 -0.07964283
v 0.16520287 -0.03456766 -0.06528965
v 0.16639259 -0.04524166 -0.0663959
v 0.15827478 -0.07385837 -0.08035722
v 0.16106468 -0.09187523 -0.06668767
v 0.16084442 -0.01921362 -0.06534006
v 0.1557705 -0.10615585 -0.0660481
v 0.15548812 0.00548715 -0.04852606
v 0.15625118 -0.12033255 -0.049454
v 0.15798603 -0.13492848 -0.0149436
v 0.157929 0.01442385 -0.0155134
v 0.15836154 -0.13746867 0.00893985
v 0.15325864 0.01748937 0.03753011
v 0.15770058 -0.13304316 0.0372429
v 0.15676971 -0.10688668 0.07796362
v 0.15984611 -0.11124633 0.06596068
v 0.15476169 -0.03708642 0.0995823
v 0.15779096 -0.04915059 0.09767681
v 0.15695384 -0.07013942 0.09791972
v 0.16238089 -0.08420131 0.08334927
v 0.15333036 -0.09226102 -0.08040486
v 0.15388575 -0.01879201 -0.07851412
v 0.15513687 -0.0055774 -0.06435206
v 0.15388575 -0.01879201 -0.07851412
v 0.15456559 0.01396524 -0.03297676
v 0.15356062 -0.13537599 -0.03403991
v 0.15178008 0.0237237 -0.0004295
v 0.15113799 0.02425951 0.01351689
v 0.15515402 -0.14018235 0.02920931
v 0.15629031 0.00797547 0.05150864
v 0.15415321 -0.13232933 0.05109213
v 0.15293819 0.0046335 0.06625591
v 0.15133531 -0.00539103 0.08292784
v 0.16016153 -0.09493176 0.08135842
v 0.1537571 -0.08794611 0.09586313
v 0.15746309 -0.01665682 0.08346186
v 0.15326343 -0.02551825 0.09669768
v 0.147506 -0.07532237 -0.09612239
v 0.14705884 -0.03415777 -0.09616732
v 0.15333036 -0.09226102 -0.08040486
v 0.14758487 -0.10557438 -0.08062495
v 0.14901707 -0.11986994 -0.06565323
v 0.14488146 0.0199529 -0.04805167
v 0.14829063 -0.13598244 -0.04823115
v 0.14541686 0.02467225 -0.03369961
v 0.14834857 0.0256752 -0.01706813
v 0.14607967 -0.15513687 -0.01511787
v 0.14562814 0.02933116 0.02496372
v 0.14604917 -0.1581827 0.00781288
v 0.14819446 0.01875412 0.05094103
v 0.14507183 -0.13629496 0.06817486
v 0.15129444 -0.12094574 0.07383783
v 0.15118015 -0.10238386 0.09129284
v 0.1537571 -0.08794611 0.09586313
v 0.150041 -0.01495989 0.0946097
v 0.14713337 -0.04824237 0.11353303
v 0.14706613 -0.06796939 0.11240134
v 0.1477529 -0.04591809 -0.09791818
v 0.14696097 -0.05900272 -0.09922866
v 0.14235368 -0.0143804 -0.09340616
v 0.14312325 -0.02392936 -0.09758843
v 0.14577217 -0.00327096 -0.07966047
v 0.14577217 -0.00327096 -0.07966047
v 0.14856078 0.00544876 -0.06467839
v 0.14173162 -0.15589479 -0.03320114
v 0.14394787 -0.1594988 0.02643159
v 0.14210366 -0.15854517 0.03870532
v 0.14104056 -0.15460312 0.05050834
v 0.14364265 0.01674261 0.06605398
v 0.14564881 -0.11759444 0.08707049
v 0.150041 -0.01495989 0.0946097
v 0.14471515 -0.03047571 0.11235561
v 0.1443844 -0.08269541 0.11146262
v 0.13550422 -0.07504813 -0.11135174
v 0.14353256 -0.08591815 -0.09769776
v 0.1388341 -0.1012246 -0.09637221
v 0.14198212 -0.11989499 -0.07757366
v 0.13988207 0.00647456 -0.07918131
v 0.14243868 0.01477057 -0.063453
v 0.14020024 -0.13699242 -0.06394203
v 0.13900648 0.01276344 0.08154184
v 0.13994919 -0.0132402 0.10950521
v 0.14036152 -0.09618893 0.11070695
v 0.14036152 -0.09618893 0.11070695
v 0.13302876 -0.044637 -0.11572338
v 0.13515946 -0.05902109 -0.11367421
v 0.13394397 -0.03209647 -0.11191614
v 0.14353256 -0.08591815 -0.09769776
v 0.13523398 -0.00290611 -0.09483019
v 0.13988207 0.00647456 -0.07918131
v 0.13378572 0.01505219 -0.07833627
v 0.13071629 0.02720474 -0.06378501
v 0.13443257 -0.1582526 -0.04905128
v 0.12532033 0.04608898 -0.033106
v 0.13290937 -0.17437848 -0.01656391
v 0.13572598 -0.17284191 0.00168979
v 0.13790737 -0.16966194 0.01381028
v 0.1351175 -0.17222272 0.02608538
v 0.1344652 0.03916186 0.03771755
v 0.12822019 0.04100427 0.05163351
v 0.13329276 -0.14308469 0.08189315
v 0.13275436 0.002774 0.10426325
v 0.13557324 -0.1118789 0.10677867
v 0.13994919 -0.0132402 0.10950521
v 0.13273583 -0.03331348 0.12812492
v 0.13372621 -0.04550928 0.12940139
v 0.13327572 -0.05929133 0.12980404
v 0.13093641 -0.07278895 0.13073601
v 0.1388341 -0.1012246 -0.09637221
v 0.12906669 -0.09624093 -0.11088435
v 0.12927423 -0.01450426 -0.1099498
v 0.13136561 -0.12065409 -0.09225073
v 0.12895878 -0.17445144 -0.03292061
v 0.11810867 0.05743643 -0.02084263
v 0.11811843 0.05988536 -0.00941217
v 0.119868 0.05926953 0.00166197
v 0.12269122 0.05612516 0.01454254
v 0.13046923 -0.17510913 0.03847784
v 0.1289807 -0.16287437 0.06581236
v 0.12647077 0.03353419 0.0697735
v 0.13157733 -0.1288927 0.09795982
v 0.12708153 0.01493068 0.09789177
v 0.12827098 -0.01473112 0.12554362
v 0.12716773 -0.08512519 0.13078071
v 0.12921068 -0.08651303 -0.11458908
v 0.12511852 0.02584233 -0.07528824
v 0.13071629 0.02720474 -0.06378501
v 0.13378572 0.01505219 -0.07833627
v 0.12845388 -0.15792345 -0.06127929
v 0.12808399 -0.1732557 0.05116925
v 0.12899958 -0.02390596 0.12894361
v 0.12774549 -0.05918514 -0.12128163
v 0.12479534 -0.02087225 -0.11752725
v 0.12504335 -0.00179989 -0.10628274
v 0.12906669 -0.09624093 -0.11088435
v 0.12397134 -0.11709979 -0.10334452
v 0.12273069 0.01527882 -0.09324542
v 0.12859887 0.00740905 -0.09432488
v 0.13072117 -0.13395692 -0.08167265
v 0.12094902 -0.15323155 -0.07727046
v 0.11264607 -0.20331049 0.01435409
v 0.11839028 0.05956957 0.02682324
v 0.12456799 -0.15737447 0.08005755
v 0.12256236 -0.00205532 0.1227849
v 0.12034366 0.00800223 0.11549964
v 0.12459896 -0.10003049 0.12711826
v 0.12827098 -0.01473112 0.12554362
v 0.12459896 -0.10003049 0.12711826
v 0.1160864 -0.03329783 0.14490582
v 0.11907586 -0.04665266 0.14433776
v 0.11846346 -0.06464589 0.14413574
v 0.1140588 0.00782459 -0.11047522
v 0.11238252 0.02854045 -0.08842254
v 0.11355493 0.04636279 -0.057225
v 0.13118726 0.03350301 -0.04988323
v 0.1194047 0.04634203 -0.04670762
v 0.12257207 -0.17563276 -0.04716977
v 0.11397354 -0.20061927 -0.00843783
v 0.11690394 -0.19526795 -0.01723732
v 0.10618404 -0.20637046 0.03824482
v 0.11309537 0.06278789 0.037661
v 0.11718284 -0.17699954 0.06806189
v 0.11510523 0.03624248 0.08328032
v 0.12267382 -0.14987476 0.09053474
v 0.12064719 -0.11406386 0.12290949
v 0.11502318 -0.02573104 0.14363338
v 0.12063547 -0.03370413 -0.12573278
v 0.11638012 -0.04553166 -0.1316807
v 0.11191938 -0.00992649 -0.12454055
v 0.11533056 -0.11197928 -0.11541524
v 0.11284561 -0.1718497 -0.06883762
v 0.11355493 0.04636279 -0.057225
v 0.11170706 -0.19632713 -0.03243583
v 0.1119982 -0.2044687 0.00345737
v 0.1111442 0.0596361 0.05053619
v 0.1143401 -0.13667364 0.11240187
v 0.11251808 -0.01317745 0.14092374
v 0.11247199 -0.09356008 0.14180689
v 0.11481238 -0.05782462 -0.13333954
v 0.12556189 -0.07496377 -0.12179507
v 0.11300831 -0.07464625 -0.13316874
v 0.11367919 -0.09704318 -0.12515084
v 0.11193131 0.00081767 -0.11789276
v 0.10686138 0.01560562 -0.11023029
v 0.1226137 -0.13514125 -0.09101392
v 0.11303961 -0.15300091 -0.0865315
v 0.10366564 0.04469102 -0.07475436
v 0.11791269 -0.17532812 -0.05609138
v 0.10700428 0.07506014 0.01385881
v 0.11098575 -0.20425096 0.0252635
v 0.10626345 0.05848492 0.06165837
v 0.11060703 -0.17420384 0.08113518
v 0.10555784 0.04015502 0.09022671
v 0.11175278 0.01857956 0.11275186
v 0.12256236 -0.00205532 0.1227849
v 0.11067425 -0.10414445 0.13867705
v 0.11591824 -0.07675805 0.14429173
v 0.10351852 -0.03336418 -0.14026247
v 0.11373782 -0.02348295 -0.12892935
v 0.10761991 -0.13477935 -0.10660859
v 0.10657488 0.06044429 -0.0448704
v 0.11033627 0.06245179 -0.03196342
v 0.11389398 0.27167469 -0.00285563
v 0.11568925 0.26924843 0.00517138
v 0.11343496 0.26859409 -0.01566299
v 0.11523954 0.26422939 -0.00196642
v 0.10710809 0.07504816 0.00114549
v 0.1136636 0.27142256 0.01780069
v 0.11389398 0.27167469 -0.00285563
v 0.11257506 0.27254519 0.01237476
v 0.1136636 0.27142256 0.01780069
v 0.1149423 0.26395443 0.01236511
v 0.11382534 0.26780257 0.02434144
v 0.10607584 0.0744372 0.02597254
v 0.09837928 -0.20982555 0.05127794
v 0.09975985 -0.17524551 0.0937597
v 0.10555784 0.04015502 0.09022671
v 0.09940479 0.03893033 0.098825
v 0.11175278 0.01857956 0.11275186
v 0.10447413 0.01677365 0.12279811
v 0.12034366 0.00800223 0.11549964
v 0.1068773 0.00244062 0.1353666
v 0.09937621 -0.07215484 0.15853806
v 0.11533056 -0.11197928 -0.11541524
v 0.0998405 -0.10952699 -0.12953639
v 0.09507424 0.02828175 -0.1067019
v 0.09908785 -0.15504855 -0.09899001
v 0.10241925 0.06069713 -0.05202739
v 0.11005191 0.27106997 -0.02369919
v 0.10915584 0.26803321 -0.03104344
v 0.11005191 0.27106997 -0.02369919
v 0.10424572 0.2718522 -0.03828584
v 0.10886721 0.27264887 -0.01589242
v 0.11006708 0.26376772 -0.02650798
v 0.10347244 0.07548167 -0.02047431
v 0.11350939 0.26556447 -0.01532812
v 0.11130146 0.26182395 -0.01802509
v 0.0974622 -0.21911927 -0.01638584
v 0.11135582 0.26028198 -0.00761549
v 0.10390885 0.07805937 -0.00848583
v 0.11135582 0.26028198 -0.00761549
v 0.11523954 0.26422939 -0.00196642
v 0.11098777 0.25942293 0.01063927
v 0.10917895 0.27313268 0.01809927
v 0.10846815 0.27275264 0.03100338
v 0.11119621 0.26294962 0.0305789
v 0.10941356 0.27049512 0.03765931
v 0.10941356 0.27049512 0.03765931
v 0.11382534 0.26780257 0.02434144
v 0.11016194 0.26573956 0.0367703
v 0.11119621 0.26294962 0.0305789
v 0.10941356 0.27049512 0.03765931
v 0.10235802 0.07366094 0.04138652
v 0.09981228 0.06093135 0.0678049
v 0.10117396 -0.13842385 0.12433215
v 0.10700858 -0.15416215 0.10528665
v 0.11067425 -0.10414445 0.13867705
v 0.10510639 -0.12178314 0.13282369
v 0.10335509 -0.01330797 0.14870542
v 0.09802133 -0.08511367 0.15628369
v 0.10019187 -0.04697639 0.15928631
v 0.09855123 -0.06006984 0.1601346
v 0.09734844 -0.04497692 -0.1467087
v 0.09707081 -0.08584756 -0.14194769
v 0.1146751 -0.08552198 -0.12859119
v 0.09599187 -0.09676936 -0.13883393
v 0.09744436 -0.00229544 -0.13203096
v 0.1043667 -0.17153685 -0.07901834
v 0.10241925 0.06069713 -0.05202739
v 0.10371286 -0.19743207 -0.04724748
v 0.09918104 -0.19291177 -0.06091107
v 0.10424572 0.2718522 -0.03828584
v 0.10099482 0.26991165 -0.0482667
v 0.10587321 0.26404536 -0.0393478
v 0.10379872 0.27271885 -0.03213614
v 0.10543831 0.27239221 -0.01684956
v 0.10471988 0.27123165 0.00527103
v 0.09348854 -0.22695474 0.0026531
v 0.10389383 0.27288061 0.03151315
v 0.10418755 0.27315623 0.04140059
v 0.09663118 -0.22181275 0.02473462
v 0.10670199 0.26298004 0.04300427
v 0.10327412 0.27031916 0.05239823
v 0.10379785 0.26537216 0.05184086
v 0.10327412 0.27031916 0.05239823
v 0.0968332 0.07487971 0.05123631
v 0.10051006 -0.19847979 0.06555508
v 0.09875671 0.01515624 0.13013826
v 0.09182744 0.00135225 0.14843415
v 0.09796661 -0.02863604 0.15784414
v 0.09576314 0.06008638 -0.0632718
v 0.09999114 0.26534694 -0.05142922
v 0.1014511 0.26320782 -0.04750273
v 0.09323962 0.07646982 -0.04399717
v 0.09188689 -0.2198244 -0.03097697
v 0.09605816 0.08015251 -0.03231553
v 0.09966628 0.27231219 -0.03327103
v 0.10079798 0.27084574 -0.01769769
v 0.09171619 -0.22673087 -0.01293316
v 0.09375864 -0.22680829 0.01201631
v 0.10143682 0.27126491 0.02486962
v 0.09516861 0.09004608 0.02415435
v 0.09898119 0.27284691 0.05430446
v 0.10144471 0.26326129 0.05453902
v 0.09354639 -0.19660112 0.07773613
v 0.08801981 0.04439022 0.10292298
v 0.09689439 -0.15535344 0.11440993
v 0.09551817 -0.11196212 0.14715827
v 0.09290104 -0.12996405 0.13816418
v 0.09706156 -0.09772421 0.15264307
v 0.09551817 -0.11196212 0.14715827
v 0.09083159 0.01700076 -0.12223073
v 0.09552963 0.00806728 -0.12645139
v 0.10561261 0.03021752 -0.09371789
v 0.09135751 0.04549706 -0.08781365
v 0.08831044 0.06013118 -0.07259727
v 0.10099482 0.26991165 -0.0482667
v 0.09552295 0.26978579 -0.05732653
v 0.09369674 0.27213547 -0.05421056
v 0.09552295 0.26978579 -0.05732653
v 0.10099482 0.26991165 -0.0482667
v 0.09999114 0.26534694 -0.05142922
v 0.09369674 0.27213547 -0.05421056
v 0.09484591 0.2722809 -0.04814804
v 0.10424572 0.2718522 -0.03828584
v 0.10209809 0.25974575 -0.03938567
v 0.09958978 0.25255933 -0.01635787
v 0.09262012 0.2527895 -0.03651913
v 0.09173314 0.09153727 -0.02226917
v 0.09477375 0.27081108 -0.03473456
v 0.09467482 0.26634148 -0.01772417
v 0.09754553 0.26603404 -0.00139618
v 0.09332307 0.0932165 -0.0115253
v 0.10241936 0.25370139 -0.00123551
v 0.09371714 0.24617921 -0.00144481
v 0.09958978 0.25255933 -0.01635787
v 0.09505935 0.09267485 0.00045137
v 0.09488957 0.09272577 0.01316666
v 0.09586722 0.26644215 0.02048512
v 0.09644813 0.27113685 0.03771257
v 0.09205918 0.08985152 0.0355692
v 0.09559246 0.27323842 0.05397207
v 0.09166062 0.27210948 0.06729492
v 0.09505863 0.27003458 0.06542788
v 0.09613962 0.26725942 0.06448723
v 0.0901219 0.07641599 0.06001098
v 0.09505863 0.27003458 0.06542788
v 0.09178212 0.06254269 0.07612585
v 0.08140336 0.04280573 0.11004922
v 0.09057364 0.01418747 0.13761269
v 0.09362133 -0.01223886 0.15528807
v 0.09140818 0.26557896 -0.06459439
v 0.08661878 0.26994672 -0.06891741
v 0.09306608 0.26286027 -0.06092175
v 0.0875366 0.07483612 -0.05521752
v 0.09560555 0.25990063 -0.05202131
v 0.09323962 0.07646982 -0.04399717
v 0.08819237 0.25458369 -0.05063151
v 0.08368244 -0.22122136 -0.043339
v 0.08606739 0.2613247 -0.01336345
v 0.08985666 0.26230347 0.0035332
v 0.08405054 0.2595309 0.0158426
v 0.09843346 0.25272608 0.02224354
v 0.09331805 0.25340742 0.04039771
v 0.09016527 0.24445783 0.0198903
v 0.09017615 0.26650015 0.03659371
v 0.08920255 -0.2268445 0.03666191
v 0.08775575 0.09043582 0.04459438
v 0.09198606 0.27285609 0.05554294
v 0.09254961 0.26333666 0.06749631
v 0.09178212 0.06254269 0.07612585
v 0.08390741 0.06409992 0.08282773
v 0.08616731 -0.1813335 0.1013053
v 0.08834341 -0.14519767 0.13080613
v 0.08323622 -0.02894075 0.16645096
v 0.0828431 -0.09410654 0.16285263
v 0.08610484 -0.04459314 0.16733886
v 0.08277638 -0.05920365 0.16932313
v 0.08167323 -0.07187389 0.16923514
v 0.0826889 0.03045342 -0.11411267
v 0.07556082 0.04869913 -0.09816629
v 0.0816448 0.05934198 -0.08080042
v 0.08661878 0.26994672 -0.06891741
v 0.07806572 0.07420879 -0.06825314
v 0.08723669 0.27071476 -0.05028056
v 0.08401893 0.0905997 -0.0412656
v 0.08751844 0.09215564 -0.03254645
v 0.0876733 0.10551593 0.00066591
v 0.08670636 0.10663942 0.01277977
v 0.08435231 0.10777254 0.02446915
v 0.08768538 0.27121007 0.05473044
v 0.08023168 0.2729055 0.07805866
v 0.08657065 0.26383749 0.07553767
v 0.08684304 -0.19664557 0.08610948
v 0.07570348 -0.2270385 0.06258256
v 0.07854522 -0.17042622 0.11707333
v 0.08112206 -0.12953572 0.14652798
v 0.08030014 0.0150444 0.14313564
v 0.07949802 -0.012642 0.1632905
v 0.09224776 -0.01246889 -0.14104074
v 0.07837633 0.00282165 -0.14129832
v 0.09358139 -0.17091103 -0.09053361
v 0.07335223 -0.16938262 -0.10692814
v 0.08591385 0.2641044 -0.07115208
v 0.08767232 0.2598986 -0.06415177
v 0.08606304 -0.19169375 -0.07696625
v 0.07372857 -0.21226968 -0.06679427
v 0.07906849 0.27158308 -0.07295221
v 0.07626459 0.27076244 -0.06517141
v 0.08401893 0.0905997 -0.0412656
v 0.08661556 0.26637316 -0.0376127
v 0.08170886 0.26212591 -0.0308688
v 0.08004016 0.10679797 -0.03042835
v 0.08388758 0.10855605 -0.01575274
v 0.09062425 0.24508269 -0.01659122
v 0.08104023 0.23493411 -0.01662053
v 0.08218562 0.25719744 0.00460466
v 0.09250269 0.24530473 0.00982711
v 0.08260009 0.23365214 -0.0010556
v 0.08221518 0.23317064 0.01267039
v 0.08180008 0.25986981 0.02672622
v 0.08148306 0.23983246 0.03521248
v 0.08129234 0.23481011 0.02310899
v 0.08131135 0.10645476 0.03604129
v 0.08176421 0.26638651 0.05214404
v 0.08176722 -0.22694741 0.05344171
v 0.08240089 0.092124 0.05188061
v 0.08336845 0.07864681 0.06625948
v 0.08217248 0.26946941 0.08088418
v 0.08217248 0.26946941 0.08088418
v 0.07609221 -0.20150512 0.09146882
v 0.07896694 0.05875488 0.09366699
v 0.07083821 0.04423297 0.11554636
v 0.0775196 0.00761466 0.15156664
v 0.08040325 -0.11189949 0.1567158
v 0.07701258 0.00097682 0.15705828
v 0.08040325 -0.11189949 0.1567158
v 0.08180816 0.01563733 -0.12961005
v 0.07401524 0.02864178 -0.12199223
v 0.08049782 0.26364073 -0.07685575
v 0.08039988 0.27025709 -0.07474376
v 0.07372385 0.24882638 -0.05797283
v 0.07290138 -0.22242969 -0.05574081
v 0.07415885 0.09268279 -0.05405711
v 0.06945389 0.26014772 -0.04729891
v 0.08580646 0.24399547 -0.02755357
v 0.07624895 0.23998526 -0.03787671
v 0.07945515 0.25750348 -0.01698496
v 0.08104023 0.23493411 -0.01662053
v 0.0750057 0.23497856 -0.03190453
v 0.07319989 0.12303537 -0.02623819
v 0.07763365 0.12536237 -0.00029254
v 0.07835423 0.123266 0.01176779
v 0.07935497 0.26159918 0.03897488
v 0.07674944 0.1061996 0.04529482
v 0.07543822 0.24032648 0.04933562
v 0.07399257 0.23440205 0.04159664
v 0.08148306 0.23983246 0.03521248
v 0.07543822 0.24032648 0.04933562
v 0.09014353 0.25374246 0.04956979
v 0.08226082 0.25157103 0.05935722
v 0.07304651 0.09957335 0.05713453
v 0.0770034 0.27298173 0.07540327
v 0.09151091 0.25961527 0.06345326
v 0.08062647 0.2595613 0.07701493
v 0.08226082 0.25157103 0.05935722
v 0.07928052 0.25353757 0.06774617
v 0.08336845 0.07864681 0.06625948
v 0.0703965 -0.22691303 0.06947462
v 0.07499524 0.27085522 0.08608776
v 0.06917419 0.07517903 0.08457289
v 0.07618231 -0.14426272 0.13980958
v 0.06580888 -0.15077594 0.14140651
v 0.07240281 -0.08283917 0.17175971
v 0.0729133 -0.0454479 0.17398
v 0.06799501 0.06132196 -0.09041792
v 0.06516793 0.27177599 -0.08248543
v 0.07906849 0.27158308 -0.07295221
v 0.06650855 0.08981194 -0.06537521
v 0.07408942 0.10743795 -0.04067855
v 0.07462644 0.25798663 -0.03218585
v 0.07546275 0.12441922 -0.01771214
v 0.07654431 0.12591968 -0.00960701
v 0.07613903 0.22728023 -0.01799422
v 0.07686708 0.22239476 -0.00236405
v 0.08606739 0.2613247 -0.01336345
v 0.07650378 0.25310159 -0.00753701
v 0.08218562 0.25719744 0.00460466
v 0.07629921 0.22153799 0.01187993
v 0.07508075 0.12606055 0.02341333
v 0.08405054 0.2595309 0.0158426
v 0.07543743 0.2530266 0.02007685
v 0.08180008 0.25986981 0.02672622
v 0.07625131 0.22693375 0.02432877
v 0.07261307 0.12421051 0.03255366
v 0.07052072 0.22599895 0.03784727
v 0.07222162 0.26017866 0.04759824
v 0.07643092 0.27119198 0.06903377
v 0.07350235 0.24436791 0.05913645
v 0.07517797 0.08002087 0.07421896
v 0.06669454 0.26819539 0.09438845
v 0.06669454 0.26819539 0.09438845
v 0.07473574 0.26350084 0.0870795
v 0.0692928 0.06060454 0.09916657
v 0.07047056 -0.18936823 0.10760638
v 0.06621166 0.01463238 0.15028797
v 0.07168972 -0.09639413 0.16812107
v 0.06888348 -0.11017421 0.16398428
v 0.07068781 -0.0253478 0.17130302
v 0.06170021 0.01787582 -0.13866305
v 0.06383567 0.07703669 -0.07893982
v 0.07278488 0.26937973 -0.08242421
v 0.07368795 -0.18899815 -0.0898452
v 0.06555635 0.11380395 -0.04745116
v 0.07408942 0.10743795 -0.04067855
v 0.06971666 0.12327788 -0.03339218
v 0.07462644 0.25798663 -0.03218585
v 0.07237345 0.25107023 -0.0173494
v 0.07945515 0.25750348 -0.01698496
v 0.07613903 0.22728023 -0.01799422
v 0.07053823 0.22749989 -0.03187617
v 0.06685088 0.21802303 -0.03129981
v 0.07156125 0.21647391 -0.01947896
v 0.07385841 0.21306539 -0.00265535
v 0.07200419 0.14342168 0.00025723
v 0.0734887 0.24883322 0.00492867
v 0.07219368 0.20744811 0.01146468
v 0.07433878 0.13339634 0.0121892
v 0.07275569 0.21782437 0.02305567
v 0.07030876 0.25086385 0.02951967
v 0.07935497 0.26159918 0.03897488
v 0.07222162 0.26017866 0.04759824
v 0.07052072 0.22599895 0.03784727
v 0.06969555 0.12335409 0.03951795
v 0.06429909 0.26218915 0.06283966
v 0.0709765 0.26631588 0.06602503
v 0.07304651 0.09957335 0.05713453
v 0.06478325 0.09581495 0.07008655
v 0.06851435 0.24974385 0.07244346
v 0.06446804 0.03359092 0.13051
v 0.06380282 0.00800683 0.15738408
v 0.06888348 -0.11017421 0.16398428
v 0.06395505 -0.13620113 0.15229057
v 0.06797419 -0.01157239 0.16791005
v 0.0695129 -0.03611669 0.17404298
v 0.06897903 -0.06942204 0.1757717
v 0.0757237 -0.01197359 -0.15040734
v 0.05986232 0.00243159 -0.15034886
v 0.05944173 0.04697968 -0.11059891
v 0.06516793 0.27177599 -0.08248543
v 0.06452903 0.26364562 -0.06092406
v 0.07788695 -0.22731709 -0.04182185
v 0.06468841 -0.22671966 -0.05865153
v 0.06764469 0.23478028 -0.0424505
v 0.06971666 0.12327788 -0.03339218
v 0.06653851 0.25093022 -0.03142877
v 0.06573357 0.14040351 -0.02799736
v 0.06953949 0.14037561 -0.01863487
v 0.07032118 0.20740099 -0.01498388
v 0.07069926 0.20084381 -0.00477965
v 0.07069317 0.14299263 -0.01130338
v 0.06988592 0.154496 -0.00018868
v 0.06972128 0.1939759 0.01092575
v 0.06923498 0.18812452 0.00097466
v 0.06993768 0.14986292 0.01256991
v 0.0690057 0.2034336 0.022307
v 0.07021454 0.13843179 0.02431448
v 0.06667744 0.21205381 0.03395395
v 0.06817751 0.23350289 0.05080387
v 0.06969555 0.12335409 0.03951795
v 0.06439065 0.12120271 0.04970111
v 0.07674944 0.1061996 0.04529482
v 0.06832802 0.2717334 0.07761075
v 0.05794551 0.27312908 0.09409644
v 0.06462274 0.25997284 0.09125339
v 0.05794195 -0.22711793 0.08111615
v 0.06271871 0.27172861 0.09514812
v 0.06110258 0.07440761 0.09175504
v 0.06517094 -0.20407474 0.09841911
v 0.05824282 0.04828745 0.11798818
v 0.06512259 0.0011067 0.16221505
v 0.06276987 0.03087139 -0.12603183
v 0.05727636 0.07468785 -0.08570147
v 0.06358086 -0.20936003 -0.07819051
v 0.05657847 -0.20619227 -0.08592514
v 0.06760433 0.26406175 -0.08696388
v 0.07086029 0.25942662 -0.08120166
v 0.06042134 0.25980249 -0.08849771
v 0.06248282 0.27019891 -0.07598303
v 0.06034444 0.10702822 -0.05837393
v 0.06945389 0.26014772 -0.04729891
v 0.06150077 0.25185749 -0.04214232
v 0.06478458 0.2301936 -0.04203564
v 0.05877053 0.13698268 -0.04104356
v 0.06573357 0.14040351 -0.02799736
v 0.07156125 0.21647391 -0.01947896
v 0.06410461 0.20405947 -0.02921831
v 0.06711889 0.1928816 -0.01685394
v 0.06711889 0.1928816 -0.01685394
v 0.06360879 0.18855871 -0.0249318
v 0.06396398 0.15233237 -0.02600702
v 0.06953949 0.14037561 -0.01863487
v 0.06573357 0.14040351 -0.02799736
v 0.06555965 0.17403589 -0.0172328
v 0.06725598 0.15689263 -0.01465108
v 0.06725598 0.15689263 -0.01465108
v 0.06807035 0.17878933 -0.00589345
v 0.06675371 0.24324124 -0.01557647
v 0.06386869 0.23512213 -0.00703341
v 0.06913691 0.24380714 -0.00642423
v 0.07069926 0.20084381 -0.00477965
v 0.06807035 0.17878933 -0.00589345
v 0.06867254 0.16637117 -0.00148574
v 0.06725598 0.15689263 -0.01465108
v 0.06867254 0.16637117 -0.00148574
v 0.06533615 0.23585145 0.00366648
v 0.06857935 0.18569955 0.01268429
v 0.06799875 0.16904227 0.01205987
v 0.06799875 0.16904227 0.01205987
v 0.06739583 0.15205392 0.02312606
v 0.06598424 0.18646862 0.02393165
v 0.06528004 0.16837081 0.02399994
v 0.06528004 0.16837081 0.02399994
v 0.0689394 0.24414143 0.01663567
v 0.06367592 0.23923184 0.02515198
v 0.06317897 0.19393216 0.03260877
v 0.06356554 0.14888558 0.03369503
v 0.06621021 0.13684177 0.03519353
v 0.06223274 0.22190519 0.04807086
v 0.06667744 0.21205381 0.03395395
v 0.06223274 0.22190519 0.04807086
v 0.06085222 0.20745872 0.04155835
v 0.06223274 0.22190519 0.04807086
v 0.0609644 0.1116628 0.06110124
v 0.05958229 0.23537757 0.06312679
v 0.06199045 0.2633931 0.09667664
v 0.05963048 0.06127515 0.10472662
v 0.05121402 -0.17177856 0.13280791
v 0.05438619 0.27051437 -0.09219494
v 0.05577296 0.09018151 -0.07459136
v 0.05743471 0.25659007 -0.05461764
v 0.05743471 0.25659007 -0.05461764
v 0.05837962 0.23563674 -0.05346852
v 0.05907327 0.21861516 -0.04229568
v 0.0603986 0.19402075 -0.03210728
v 0.06139076 0.14347906 -0.03419416
v 0.05877053 0.13698268 -0.04104356
v 0.06189281 0.16854545 -0.02637522
v 0.06091861 0.22687159 0.01700455
v 0.06370578 0.23423226 0.01561279
v 0.06079803 0.1685555 0.0337756
v 0.06079803 0.1685555 0.0337756
v 0.06317897 0.19393216 0.03260877
v 0.06356554 0.14888558 0.03369503
v 0.05857207 0.14652234 0.04293552
v 0.06621021 0.13684177 0.03519353
v 0.06002758 0.13663803 0.04533628
v 0.06527609 0.25092894 0.03992318
v 0.05851026 0.25747049 0.05965703
v 0.05851026 0.25747049 0.05965703
v 0.0562923 0.22638561 0.05855669
v 0.05493268 0.10744279 0.06989977
v 0.05368171 0.26611063 0.07971761
v 0.05451043 0.27117312 0.08714594
v 0.06218335 0.25420135 0.08386102
v 0.05959726 0.24500604 0.07422617
v 0.05758064 0.27272981 0.0895667
v 0.05280248 0.09139021 0.08351688
v 0.05279878 0.26827568 0.1032481
v 0.05279878 0.26827568 0.1032481
v 0.05286786 0.26492536 0.1028682
v 0.06669454 0.26819539 0.09438845
v 0.05607839 -0.20046817 0.10733145
v 0.05030476 -0.09511269 0.17723376
v 0.05243992 -0.04335241 0.18134099
v 0.05261607 -0.05783639 0.18202947
v 0.05107048 -0.07109318 0.18228024
v 0.04739588 0.01514812 -0.14647046
v 0.06751657 0.00740488 -0.14372502
v 0.05388558 0.26390418 -0.09469993
v 0.05922336 0.26258168 -0.09133107
v 0.05438619 0.27051437 -0.09219494
v 0.05034865 0.27138484 -0.09072923
v 0.05103584 0.27083716 -0.08474988
v 0.05663781 0.22991475 -0.05089709
v 0.05634206 0.20202857 -0.03948364
v 0.05552232 0.1552725 -0.03866962
v 0.05620995 0.16906981 -0.03562904
v 0.06177299 0.23627856 -0.01796391
v 0.05579053 0.23491497 -0.03030328
v 0.05952957 0.22836028 -0.01525413
v 0.05615787 0.18126617 0.04190043
v 0.06079803 0.1685555 0.0337756
v 0.05750502 0.19206743 0.04156008
v 0.05582126 0.16634665 0.04206666
v 0.05505791 0.24093473 0.04337203
v 0.05751775 0.2499868 0.05008388
v 0.05556716 0.20918928 0.04952906
v 0.05157582 0.19335997 0.04945254
v 0.05606042 0.1246759 0.05718347
v 0.0562923 0.22638561 0.05855669
v 0.04968527 0.21532953 0.05832881
v 0.04710486 0.24885595 0.08575836
v 0.05174771 0.27061984 0.10278881
v 0.04837564 -0.18658221 0.1229265
v 0.04827768 0.03112809 0.13930158
v 0.04726563 0.01171365 0.15968525
v 0.04790405 -0.1070287 0.17370908
v 0.05113094 -0.02826868 0.17910653
v 0.04905635 -0.08379297 0.18052936
v 0.05721724 -0.22421671 -0.06823339
v 0.04379591 -0.22216694 -0.07907157
v 0.04717721 0.26063773 -0.06853679
v 0.04795796 0.12251802 -0.05984319
v 0.05647495 0.12441143 -0.05087046
v 0.05254224 0.24811228 -0.04828435
v 0.04753036 0.20161046 -0.04805374
v 0.05206486 0.21808802 -0.0491716
v 0.04871488 0.13903973 -0.05146518
v 0.05232664 0.18567804 -0.04101935
v 0.05270417 0.2245298 -0.02867613
v 0.05636138 0.21462925 -0.01523839
v 0.05179501 0.15607993 0.04884633
v 0.05366276 0.13940175 0.05188677
v 0.04829186 0.12396914 0.06490475
v 0.04849863 0.25910059 0.06994274
v 0.04627287 0.10827006 0.07601006
v 0.04778978 0.2724154 0.10257335
v 0.05286786 0.26492536 0.1028682
v 0.04734168 0.26320496 0.10510757
v 0.04438349 0.07924845 0.09803803
v 0.05810249 -0.21922588 0.08889857
v 0.04628841 0.06241146 0.11053144
v 0.04551457 0.04643448 0.12506384
v 0.04807961 -0.15563975 0.14637302
v 0.04696 0.00166443 0.16799098
v 0.04736834 -0.12042397 0.16760974
v 0.04808411 -0.13410623 0.16024517
v 0.04811095 -0.01109149 0.1745311
v 0.05672981 -0.13752149 -0.13861004
v 0.06286982 -0.1518227 -0.12643895
v 0.0446436 -0.13888086 -0.14288521
v 0.04520731 0.04935813 -0.11505403
v 0.0434657 0.26815721 -0.09832177
v 0.05758668 0.26778808 -0.09259588
v 0.04260761 0.2446467 -0.07693647
v 0.04005914 0.10868836 -0.0727742
v 0.05246977 0.1061381 -0.06611268
v 0.04726193 0.25162613 -0.05673299
v 0.05041683 0.23486806 -0.05950903
v 0.05743471 0.25659007 -0.05461764
v 0.04726193 0.25162613 -0.05673299
v 0.05254224 0.24811228 -0.04828435
v 0.04699971 0.16780843 -0.04612777
v 0.04649419 0.15192062 -0.04899237
v 0.04750883 0.23489167 -0.04215189
v 0.04814364 0.17491035 0.05121334
v 0.04623199 0.20324719 0.05720861
v 0.04227779 0.18985082 0.05799847
v 0.04347491 0.15220144 0.05806182
v 0.05109056 0.24375379 0.05057392
v 0.0519283 0.25280783 0.05908556
v 0.04676957 0.13597748 0.06023091
v 0.06104348 -0.22829965 0.07011729
v 0.03245142 -0.22948809 0.07447415
v 0.06737428 -0.22904472 0.04525676
v 0.04215757 0.21774489 0.06559635
v 0.04948683 0.23048119 0.0677342
v 0.04215757 0.21774489 0.06559635
v 0.0445861 0.23351564 0.07354589
v 0.04416797 0.25471193 0.09358302
v 0.04482818 -0.22671254 0.09020946
v 0.04462817 -0.20445119 0.11025134
v 0.04808411 -0.13410623 0.16024517
v 0.05763674 -0.19217816 -0.09741094
v 0.03850027 -0.21350569 -0.08924688
v 0.03943304 0.2709507 -0.09109153
v 0.03591839 0.26678818 -0.08375546
v 0.03989272 0.24196869 -0.05366295
v 0.04440197 0.21784455 -0.05530139
v 0.05408112 0.24262705 -0.04071729
v 0.04947555 0.22420751 -0.03347836
v 0.04343494 0.2038642 -0.03374968
v 0.04850897 0.19132367 -0.02149325
v 0.0417606 0.16783842 0.05734733
v 0.03760304 0.20430331 0.06430927
v 0.03956579 0.13977523 0.06441585
v 0.0519283 0.25280783 0.05908556
v 0.04132524 0.09732765 0.08620323
v 0.04033447 0.27295977 0.10012005
v 0.0371416 0.2731134 0.10420751
v 0.03417768 0.26884568 0.11099841
v 0.03417768 0.26884568 0.11099841
v 0.03589352 0.26386499 0.11014188
v 0.03199264 0.06313536 -0.10712601
v 0.04910738 0.0617591 -0.10162338
v 0.0346716 0.27055162 -0.09953311
v 0.03529983 0.12577516 -0.06648115
v 0.04717721 0.26063773 -0.06853679
v 0.03636573 0.25064895 -0.06224822
v 0.04237143 0.23537399 -0.06617393
v 0.03795016 0.22575961 -0.06305516
v 0.04871488 0.13903973 -0.05146518
v 0.03608906 0.13631405 -0.06167084
v 0.0389451 0.1450884 -0.0567726
v 0.03821943 0.20360988 -0.05511534
v 0.0419241 0.22393776 -0.04238132
v 0.03779027 0.20573257 -0.04015933
v 0.03856154 0.12779735 0.07001967
v 0.03875515 0.25966507 0.07699789
v 0.03275023 0.23606469 0.08207484
v 0.03335206 0.24604046 0.08908849
v 0.03133813 0.27123863 0.09918509
v 0.03562349 0.2710214 0.10926226
v 0.04734168 0.26320496 0.10510757
v 0.03706246 -0.1811164 0.13195035
v 0.03136605 0.02943189 0.14573777
v 0.02918138 -0.15654904 0.15176119
v 0.04807961 -0.15563975 0.14637302
v 0.02836592 -0.01289539 0.17947136
v 0.03400278 -0.02853779 0.1830633
v 0.03629401 -0.09968257 0.17925689
v 0.0285284 -0.04514562 0.18692261
v 0.02795803 -0.05583392 0.18756521
v 0.04468664 -0.0100143 -0.16185515
v 0.03344646 -0.0137365 -0.16595337
v 0.03339913 0.00408906 -0.15738888
v 0.03341179 0.01786919 -0.14802113
v 0.04624263 0.03025429 -0.13369426
v 0.03145439 0.03647538 -0.13200738
v 0.03234875 0.26829544 -0.1018462
v 0.0346716 0.27055162 -0.09953311
v 0.03002033 0.26175609 -0.07754414
v 0.03608906 0.13631405 -0.06167084
v 0.04750883 0.23489167 -0.04215189
v 0.03734155 0.2337658 -0.05018365
v 0.0419241 0.22393776 -0.04238132
v 0.04049611 0.1893069 0.03893467
v 0.04395372 0.20032443 0.03786853
v 0.03171362 0.17391349 0.06453691
v 0.03243771 0.16290735 0.06456313
v 0.03263965 0.19254974 0.06524266
v 0.03324506 0.14994685 0.06589431
v 0.03050563 0.21026416 0.07015959
v 0.03022793 0.22486569 0.07626291
v 0.02961836 0.1231645 0.07716315
v 0.02812308 0.26798198 0.09566486
v 0.01781463 0.24975607 0.09730583
v 0.03121156 0.09271842 0.09412403
v 0.02814515 0.07431793 0.10826105
v 0.03353924 -0.20449372 0.11455822
v 0.03275792 -0.22666471 0.09626736
v 0.03161714 0.05767724 0.11979707
v 0.03200274 0.01069136 0.16431163
v 0.02795541 0.00047933 0.17300284
v 0.0280916 0.27110955 -0.09828664
v 0.03082485 0.09254077 -0.08629169
v 0.02825353 0.10718152 -0.07870814
v 0.04332108 0.09043623 -0.0822668
v 0.0309817 0.25504741 -0.06857332
v 0.0309817 0.25504741 -0.06857332
v 0.02970105 0.21898851 -0.04965793
v 0.03260232 0.20593572 -0.04433429
v 0.03488555 0.18929836 -0.0393756
v 0.04290371 0.23023626 0.05068498
v 0.03198281 0.23383133 0.05974787
v 0.039873 0.23929395 0.05753276
v 0.04175605 0.24881445 0.06292418
v 0.03171191 0.25012681 0.069889
v 0.03043468 0.14094657 0.06958623
v 0.03022793 0.22486569 0.07626291
v 0.02613926 0.11145143 0.08483289
v 0.02949613 0.27267841 0.10852255
v 0.01885145 0.26565608 0.11553597
v 0.0310234 0.04446353 0.13143158
v 0.03706246 -0.1811164 0.13195035
v 0.02782625 -0.17811508 0.13741018
v 0.0283241 -0.13266723 0.16625607
v 0.02560356 -0.10890773 0.17822392
v 0.02648941 -0.09176962 0.1836559
v 0.02598307 -0.07100473 0.18762021
v 0.02483943 0.27054197 -0.09525212
v 0.02496896 0.24373201 -0.06164382
v 0.02422339 0.20434964 -0.06217655
v 0.02659371 0.18787345 -0.05890018
v 0.02805868 0.23374765 -0.05523555
v 0.02823315 0.19028118 -0.04429527
v 0.03488555 0.18929836 -0.0393756
v 0.03779027 0.20573257 -0.04015933
v 0.0413266 0.2189382 0.04857917
v 0.02727375 0.2184041 0.05836764
v 0.02282081 0.20302761 0.07180189
v 0.02444776 0.25630665 0.07944621
v 0.02088161 0.26186273 0.08793622
v 0.03353924 -0.20449372 0.11455822
v 0.02060837 -0.22674906 0.1005015
v 0.03275792 -0.22666471 0.09626736
v 0.02376304 -0.19908153 0.12204544
v 0.01956645 0.04643448 0.13233836
v 0.01823532 0.03850759 -0.13265456
v 0.0183998 0.06326584 -0.11042365
v 0.01726426 0.26895854 -0.10468381
v 0.01380789 0.26633054 -0.08811486
v 0.01951268 0.25778249 -0.07441632
v 0.02188461 0.13573642 -0.06802962
v 0.03529983 0.12577516 -0.06648115
v 0.02604482 0.1211417 -0.07256704
v 0.0205839 0.23642622 -0.05891543
v 0.02477628 0.20284367 -0.04823258
v 0.02229618 0.1823622 0.06944094
v 0.02256921 0.16377489 0.0694728
v 0.02242797 0.14397502 0.07255301
v 0.01902006 0.21762839 0.07737989
v 0.0219838 0.12466706 0.07941158
v 0.02121634 0.23182228 0.08338581
v 0.01902006 0.21762839 0.07737989
v 0.01748774 0.25453517 0.10260165
v 0.019122 0.09284002 0.09807437
v 0.02139235 0.27112404 0.11348337
v 0.01885145 0.26565608 0.11553597
v 0.01721238 0.26332566 0.1150754
v 0.03589352 0.26386499 0.11014188
v 0.01965912 0.03136193 0.14606895
v 0.01613982 0.00995307 0.16744408
v 0.01953348 -0.02850915 0.18516141
v 0.0155374 0.27069852 -0.10331906
v 0.0155374 0.27069852 -0.10331906
v 0.01029245 0.26157802 -0.08082657
v 0.01951268 0.25778249 -0.07441632
v 0.01857969 0.25044054 -0.06748243
v 0.01819138 0.22525387 -0.05603998
v 0.01733912 0.20457534 -0.05151923
v 0.02120464 0.18967916 -0.04780363
v 0.01313821 0.23922999 0.09026402
v 0.01403388 0.27137253 0.10464787
v 0.02139235 0.27112404 0.11348337
v 0.01397034 0.26889247 0.11613879
v 0.01756638 0.05924235 0.12222476
v 0.01397423 -0.179015 0.13880359
v 0.01534834 -0.15739468 0.15308605
v 0.01335733 -0.13996711 0.16399916
v 0.01239089 -0.11968447 0.17462873
v 0.01252837 -0.09734372 0.18348171
v 0.01102318 0.1883691 0.07315678
v 0.01067829 0.17152876 0.07269496
v 0.01081405 0.1605415 0.07335509
v 0.01250605 0.1488031 0.07463359
v 0.0119614 0.13820529 0.07727198
v 0.01246494 0.12607947 0.08159018
v 0.01274156 0.25728998 0.08439673
v 0.01112932 0.22908026 0.08460458
v 0.01269798 0.11152328 0.0887963
v 0.01311775 0.2724776 0.10960498
v 0.01078218 0.07642607 0.11082326
v 0.01028808 -0.20312446 0.12080171
v 0.00165149 -0.0121441 0.18152392
v 0.01057217 -0.04537042 0.18876813
v 0.00224349 -0.08602987 0.18709265
v 0.0012307 -0.06022991 0.18997385
v 0.00163281 -0.07132799 0.18972491
v 0.00787596 0.03908272 -0.13296361
v -0.00170916 0.26857582 -0.09309033
v 0.00515061 0.25034568 -0.06897543
v 0.01162697 0.23749845 -0.06107559
v 0.01277383 0.19704688 -0.05143268
v 0.01233462 0.18667535 -0.05069548
v 0.0113869 0.20521492 0.07571531
v 0.01110171 0.25035802 0.07804355
v 0.01125809 0.21842059 0.07966252
v 0.00942259 0.09354711 0.09964182
v 0.00664646 0.27219117 0.11313985
v 0.00129573 0.04590246 0.13503405
v 0.00083672 0.03102197 0.14836629
v 0.00078502 0.00173888 0.17467353
v 0.00229712 -0.1098951 0.17986616
v 0.00297689 0.01593403 -0.15273328
v 0.01921995 0.01679132 -0.15106055
v 0.01714308 0.00584255 -0.15865217
v 0.00132463 0.06074084 -0.11411798
v -0.00125858 0.25819957 -0.07649439
v -0.00125858 0.25819957 -0.07649439
v 0.00599844 0.22101955 -0.05723185
v 0.0113869 0.20521492 0.07571531
v 0.00707959 0.26333719 0.09304548
v 0.00664646 0.27219117 0.11313985
v 0.00065367 0.27038372 0.11627888
v 0.00114157 0.05836688 0.12507452
v -0.01495558 0.27044886 -0.09813189
v -0.00294986 0.24183303 -0.06397713
v 0.00169838 0.2348555 -0.06109698
v 0.00519315 0.19847347 -0.05273107
v 0.00424959 0.18604825 -0.05195076
v 0.00267457 0.18273301 0.07380832
v 0.01295255 0.23962365 0.0709432
v 0.00291701 0.2474844 0.0773313
v 0.01110171 0.25035802 0.07804355
v -0.00014057 0.20189756 0.07613851
v -0.00110247 0.15664296 0.07486504
v -0.00083341 0.13905033 0.07827096
v -5.126E-05 0.22087801 0.0815842
v -0.0004176 0.25636354 0.08516915
v -0.00068397 0.12545595 0.08325061
v 2.527E-05 0.23664902 0.08988144
v -0.00070469 0.10826357 0.0920852
v 8.19E-05 0.2487437 0.09859774
v 0.00013167 -0.22736771 0.10214381
v -0.00501382 0.26542395 0.11710344
v -0.00501382 0.26542395 0.11710344
v -0.00091933 0.2620753 0.1156045
v -0.00043418 -0.20242 0.12209392
v 0.00050827 -0.17800869 0.14031337
v -0.00101078 0.01273513 0.16602156
v 0.00049762 -0.13165319 0.16940632
v 0.00130958 -0.10174327 0.18275212
v -0.0007973 -0.02851569 0.18648566
v -0.00144153 -0.04532489 0.18938619
v -0.00315487 0.26990739 -0.10412871
v -0.00339434 0.23349111 -0.06051619
v -0.0014633 0.1760457 0.07372588
v -0.00014057 0.20189756 0.07613851
v -0.00274917 -0.2289021 0.09142052
v -0.01160132 -0.22954695 0.08064566
v -0.00163267 0.09300786 0.10096224
v -0.01208283 0.27129853 0.10556206
v -0.00112412 0.0743747 0.11341245
v 0.0007814 -0.15396021 0.15619971
v -0.00923017 0.2626698 -0.08184115
v -0.00449676 0.25094119 -0.06926305
v -0.00448415 0.21445964 -0.05581578
v -0.00389842 0.19889045 -0.0529248
v -0.00580447 0.1865669 -0.05199397
v -0.00411518 0.26495144 0.09562195
v -0.01663621 0.26702994 -0.08855274
v -0.00995277 0.18779191 0.07359377
v -0.01145717 0.17425479 0.07292205
v -0.01188498 0.23097788 0.08552262
v 0.00152481 0.25471705 0.10484505
v -0.01646481 0.25455675 0.10284328
v -0.01265009 0.0757698 0.11194088
v -0.01414624 0.26301107 0.11515967
v -0.0126548 0.05841081 0.12453438
v -0.01761501 -0.17597465 0.13995704
v -0.01693339 -0.1997003 0.12278979
v -0.01578442 0.01161531 0.16624931
v -0.01149141 -0.11278844 0.17772342
v -0.01165078 -0.08264618 0.18688925
v -0.00081494 0.03013776 -0.14114465
v -0.01320564 0.05996021 -0.11405279
v -0.02150411 0.25734848 -0.07249358
v -0.02150411 0.25734848 -0.07249358
v -0.01427024 0.21994242 -0.05519977
v -0.01291625 0.19751741 -0.0512856
v -0.01202764 0.16283184 0.0732808
v -0.01161845 0.20344627 0.07531204
v -0.01332324 0.13944888 0.07726793
v -0.01221407 0.21924557 0.07977868
v -0.01161845 0.20344627 0.07531204
v -0.01237928 0.12601355 0.08217741
v -0.01092373 0.25675133 0.08449105
v -0.01777486 0.26368111 0.09180306
v -0.01216676 0.10781112 0.09166918
v -0.01040843 0.24530013 0.09492801
v -0.0131986 0.09272826 0.10040017
v -0.02158731 0.27250734 0.1091288
v -0.01877483 0.27182963 0.11211938
v -0.01877483 0.27182963 0.11211938
v -0.01525646 0.26979509 0.1153951
v -0.01308792 0.04539512 0.13477941
v -0.01491464 0.03042173 0.14822124
v -0.01917651 -0.1462142 0.15952067
v -0.02135773 -0.13236375 0.16708075
v -0.01822933 0.00057454 0.17432733
v -0.0186512 -0.01242167 0.18056309
v -0.01187026 -0.09662186 0.18344794
v -0.02262301 -0.05869011 0.18821093
v -0.02254599 -0.06873778 0.1880565
v -0.02446812 0.26723433 -0.1020416
v -0.02920429 0.26955587 -0.09883894
v -0.02132938 0.24934004 -0.06500538
v -0.01973659 0.24163285 -0.06087581
v -0.01962308 0.2357315 -0.05822392
v -0.01868414 0.1897819 -0.04927835
v -0.01758464 0.15358916 0.07321487
v -0.0201666 -0.15804492 0.15164751
v -0.02801589 0.26209873 -0.07693131
v -0.01946059 0.22660686 -0.05533735
v -0.02393433 0.20216291 -0.0483434
v -0.00995277 0.18779191 0.07359377
v -0.02233973 0.19995342 0.07169984
v -0.02248008 0.18019706 0.06982755
v -0.02248008 0.18019706 0.06982755
v -0.0213011 0.13719183 0.07600243
v -0.0221328 0.12334597 0.08122703
v -0.01092373 0.25675133 0.08449105
v -0.01731582 0.25038293 0.0771677
v -0.02428534 0.25618109 0.07998725
v -0.01777486 0.26368111 0.09180306
v -0.02360354 0.1091598 0.08851367
v -0.01989505 0.23910069 0.08829165
v -0.02484495 0.25043479 0.09587837
v -0.02308878 0.09273712 0.09840917
v -0.01525646 0.26979509 0.1153951
v -0.02441866 0.26525322 0.11391697
v -0.00501382 0.26542395 0.11710344
v -0.01414624 0.26301107 0.11515967
v -0.02689377 0.0768283 0.10835445
v -0.02807399 0.03239952 0.14413674
v -0.02325086 -0.11430395 0.17571275
v -0.02343392 -0.10312329 0.18012483
v -0.02410202 -0.02849831 0.1846143
v -0.02261528 -0.04515376 0.18763675
v -0.02594608 -0.08592255 0.18473034
v -0.01306183 0.0759969 -0.10165199
v -0.02532207 0.09317796 -0.08733533
v -0.01352932 0.09106826 -0.09144496
v -0.02332601 0.1667511 0.06972767
v -0.02223881 0.21158737 0.07440083
v -0.02393492 0.22780691 0.08021442
v -0.02556293 0.21928032 0.07566845
v -0.03062067 0.2726056 0.10531473
v -0.01330198 0.25978291 0.11132172
v -0.02860783 0.25987673 0.10799927
v -0.02622882 0.27036491 0.11252708
v -0.02907054 0.05962022 0.12036492
v -0.02923692 0.04554282 0.13169914
v -0.03197196 0.01194106 0.16339245
v -0.02984414 0.00062199 0.17266265
v -0.03762126 0.27033097 -0.09071336
v -0.0351284 0.26670393 -0.08235178
v -0.02931288 0.23028083 -0.052224
v -0.02042566 0.24307096 0.0708399
v -0.02965136 0.24730854 0.06913187
v -0.02744012 0.15316379 0.06965739
v -0.02887979 0.13912927 0.0723941
v -0.02590924 0.2447145 0.09032532
v -0.03621745 0.27108833 0.09799227
v -0.02622882 0.27036491 0.11252708
v -0.03070036 -0.22406733 0.10010646
v -0.01712066 -0.22693595 0.10108472
v -0.01525646 0.26979509 0.1153951
v -0.02622882 0.27036491 0.11252708
v -0.02441866 0.26525322 0.11391697
v -0.03537279 -0.17451863 0.1366664
v -0.01948538 0.01374744 -0.15343799
v -0.03635342 0.02466522 -0.14211023
v -0.01674729 0.02707839 -0.14303768
v -0.02309496 0.05641356 -0.11566056
v -0.03585217 0.25107491 -0.06044022
v -0.03222137 0.24060482 -0.0551441
v -0.03717439 0.22510457 -0.04632803
v -0.03612371 0.20792273 -0.04215363
v -0.02549125 0.19216645 0.05164527
v -0.03586794 0.20247735 0.04707815
v -0.0323886 0.21792074 0.05495369
v -0.02366883 0.2365278 0.06574349
v -0.02248008 0.18019706 0.06982755
v -0.0337178 0.1671128 0.06433391
v -0.02332601 0.1667511 0.06972767
v -0.02223881 0.21158737 0.07440083
v -0.0340994 0.20739485 0.06745002
v -0.02233973 0.19995342 0.07169984
v -0.03390452 0.12349372 0.07649413
v -0.03359834 0.26243407 0.08408725
v -0.03274556 0.23557387 0.08107277
v -0.03359834 0.26243407 0.08408725
v -0.03634511 0.27200279 0.10665325
v -0.03518538 0.26734382 0.11087708
v -0.03269836 0.2631833 0.11074957
v -0.03277135 -0.20721941 0.11260862
v -0.03394308 -0.14635782 0.15609898
v -0.03587496 -0.01327721 0.17804705
v -0.03460119 0.04443353 -0.12415852
v -0.03450278 0.0609047 -0.10893606
v -0.04768721 0.27025604 -0.08474939
v -0.0423518 0.25979897 -0.0668669
v -0.02804388 0.11549907 -0.07385505
v -0.03786985 0.11587588 -0.06899896
v -0.02113066 0.13539332 -0.06764694
v -0.0423518 0.25979897 -0.0668669
v -0.04082884 0.23511434 -0.04720015
v -0.03487103 0.1917609 0.06423036
v -0.03408812 0.18335481 0.06405163
v -0.036903 0.1517778 0.06454273
v -0.02744012 0.15316379 0.06965739
v -0.02556293 0.21928032 0.07566845
v -0.02393492 0.22780691 0.08021442
v -0.03707071 0.22120522 0.07020673
v -0.03274556 0.23557387 0.08107277
v -0.03684582 0.10865653 0.0833753
v -0.03405478 0.09213775 0.09506314
v -0.03985282 0.24814367 0.08714642
v -0.04191586 -0.22682242 0.09406459
v -0.04156337 0.27237734 0.09975821
v -0.04579174 -0.12898332 0.1632358
v -0.03605197 -0.11195789 0.1741441
v -0.03714765 -0.02823591 0.18207246
v -0.03652949 -0.04317814 0.18466717
v -0.04750871 -0.07039165 0.1826921
v -0.03914441 0.26590514 -0.09726121
v -0.04809253 0.26987118 -0.0903656
v -0.04149854 0.24272157 -0.05094992
v -0.02804243 0.14501062 -0.06189001
v -0.04104874 0.14051336 -0.05584064
v -0.03656221 0.15129216 -0.0557772
v -0.04352079 0.20246947 -0.0334767
v -0.04047813 0.13866924 0.06570238
v -0.02887979 0.13912927 0.0723941
v -0.03390452 0.12349372 0.07649413
v -0.04560168 0.26319215 0.07860865
v -0.03831917 0.07737941 0.1038285
v -0.04754218 0.03409844 0.1368614
v -0.04861274 0.0005122 0.16824837
v -0.03452716 -0.09549673 0.18041787
v -0.04797416 -0.05687143 0.18273655
v -0.04960525 0.26706201 -0.07588544
v -0.04442853 0.25042945 -0.05448668
v -0.04233629 0.18987042 0.03672995
v -0.03678 0.19061157 0.04286785
v -0.04406934 0.20089604 0.03770324
v -0.03903163 0.24634963 0.06248105
v -0.03141787 0.23527519 0.06070923
v -0.03914377 0.23381728 0.05431216
v -0.04338704 0.17212921 0.05687965
v -0.04497956 0.15797678 0.056958
v -0.04473268 0.20186734 0.0585308
v -0.04665479 0.12429214 0.06785953
v -0.03985282 0.24814367 0.08714642
v -0.04369767 0.23636352 0.07513037
v -0.04477615 0.09325449 0.08921497
v -0.05031992 0.27227178 0.09974003
v -0.03634511 0.27200279 0.10665325
v -0.04690608 0.26939133 0.10545062
v -0.04690608 0.26939133 0.10545062
v -0.0442597 0.2639198 0.10650742
v -0.03518538 0.26734382 0.11087708
v -0.04619386 0.06133237 0.11286946
v -0.04915499 0.04677295 0.12417212
v -0.04570169 -0.17647439 0.13186766
v -0.04825593 -0.11092188 0.17162748
v -0.05006563 -0.10218444 0.17452301
v -0.05051537 -0.04279326 0.18124969
v -0.04944216 -0.0875182 0.17903729
v -0.03584381 0.00121325 -0.15889907
v -0.0509363 0.00671238 -0.15192609
v -0.03591008 0.01518868 -0.14989667
v -0.04674602 0.26699433 -0.09316409
v -0.0436324 0.08020355 -0.0893352
v -0.04752674 0.09288737 -0.07776305
v -0.03531425 0.09521585 -0.08250626
v -0.05171527 0.25914717 -0.05988248
v -0.05047654 0.2387742 -0.04073912
v -0.04656752 0.22749431 -0.03896019
v -0.04683444 0.21660165 0.0405019
v -0.03746716 0.21310447 0.04953215
v -0.04857309 0.24718407 0.05509761
v -0.05010153 0.25155291 0.05842824
v -0.04473824 0.18463108 0.05593352
v -0.04977374 0.13917722 0.05772392
v -0.0499188 0.21567342 0.0582171
v -0.04658113 0.10940231 0.07712221
v -0.03684582 0.10865653 0.0833753
v -0.04560168 0.26319215 0.07860865
v -0.05506437 0.27124271 0.08791443
v -0.0509652 0.07589386 0.09888816
v -0.04966174 -0.20485531 0.10724609
v -0.05031992 0.27227178 0.09974003
v -0.04754513 -0.14556117 0.15272455
v -0.05220815 0.01110722 0.15859734
v -0.04972172 -0.01368932 0.17483371
v -0.05024887 -0.02838442 0.17890577
v -0.05268671 0.24851574 -0.0460634
v -0.05247926 0.22475453 -0.03070604
v -0.04992358 0.20123908 -0.02400694
v -0.04755078 0.18826857 -0.0245033
v -0.04829261 0.19598918 0.02962055
v -0.05162058 0.18976043 0.02152441
v -0.05077829 0.23598513 0.04302216
v -0.04780108 0.23054267 0.04414966
v -0.05138709 0.18647884 0.04956235
v -0.05279488 0.15360039 0.05007071
v -0.05509453 0.25765249 0.06217942
v -0.04008602 0.25562066 0.07103518
v -0.05456352 0.23572969 0.06590831
v -0.04830485 0.22256692 0.06264901
v -0.05510025 0.26291409 0.07113509
v -0.05238206 0.24977177 0.08089183
v -0.04477615 0.09325449 0.08921497
v -0.05152323 0.06360932 -0.09938275
v -0.05535913 0.07559101 -0.08639471
v -0.05807342 0.26724944 -0.08706025
v -0.06059087 0.27013811 -0.08160967
v -0.06414947 0.26729187 -0.06630559
v -0.05171527 0.25914717 -0.05988248
v -0.04922694 0.10964163 -0.06547029
v -0.05823183 0.10933433 -0.05806908
v -0.04412171 0.12631544 -0.05975103
v -0.05785848 0.25665537 -0.05058409
v -0.05527893 0.23677666 -0.03322212
v -0.05545038 0.21035306 -0.01708319
v -0.05174311 0.19051735 -0.01684857
v -0.04992358 0.20123908 -0.02400694
v -0.04755078 0.18826857 -0.0245033
v -0.05288152 0.20192704 0.02299222
v -0.05550851 0.22798598 0.03189212
v -0.05673515 0.25015607 0.04924506
v -0.0515039 0.16753067 0.04911416
v -0.05573435 0.12561244 0.05910448
v -0.05543044 0.10830612 0.0712418
v -0.05655731 0.09334199 0.08145452
v -0.0509652 0.07589386 0.09888816
v -0.06357781 0.27237505 0.08705667
v -0.05428275 -0.22660798 0.08832517
v -0.05836409 0.26910305 0.09940173
v -0.05836409 0.26910305 0.09940173
v -0.05829943 -0.17536172 0.12665547
v -0.06250794 -0.15017079 0.14310512
v -0.06555912 -0.12920387 0.15533556
v -0.06388352 0.04557875 -0.11061557
v -0.04654721 0.05751706 -0.10739543
v -0.06377208 0.27010402 -0.07406642
v -0.06103407 0.26180226 -0.05705814
v -0.05785848 0.25665537 -0.05058409
v -0.05247926 0.22475453 -0.03070604
v -0.05929095 0.21519612 -0.00777908
v -0.0572877 0.20213488 0.00425554
v -0.05445517 0.18845668 0.01306655
v -0.05573219 0.20246528 0.01494141
v -0.05775716 0.23864393 0.03494371
v -0.0609934 0.24798492 0.04031309
v -0.05284674 0.2012113 0.05031929
v -0.05951058 0.13889675 0.04723367
v -0.05510025 0.26291409 0.07113509
v -0.06289637 0.07613069 0.09106163
v -0.0612018 0.0623821 0.10457733
v -0.06675095 0.04518825 0.11787385
v -0.06408919 0.03455895 0.12994835
v -0.06550638 0.01563085 0.14930615
v -0.06758727 -0.10778908 0.16608793
v -0.06806748 -0.01228449 0.16821158
v -0.06803266 -0.02838014 0.17292337
v -0.0495183 -0.00290294 -0.15782103
v -0.0666762 0.00305531 -0.14879403
v -0.0636098 0.02136405 -0.13601427
v -0.06511003 0.03095871 -0.12567246
v -0.04927343 0.02755691 -0.13586695
v -0.06832875 0.26887631 -0.0789365
v -0.06689027 0.07166754 -0.08177652
v -0.05809981 0.08993869 -0.0726367
v -0.06152541 0.25271851 -0.03974322
v -0.06862859 0.26046443 -0.04350797
v -0.06152541 0.25271851 -0.03974322
v -0.06101538 0.24757513 -0.03358247
v -0.06101538 0.24757513 -0.03358247
v -0.06151213 0.24061625 -0.02493089
v -0.05527893 0.23677666 -0.03322212
v -0.06151213 0.24061625 -0.02493089
v -0.05909097 0.22349375 -0.01673813
v -0.05982193 0.21400583 -0.00018626
v -0.06296893 0.22727057 0.00520517
v -0.06183292 0.2303085 0.01772586
v -0.06165657 0.23532046 0.0230655
v -0.05903608 0.2053071 0.04370975
v -0.05734987 0.18718256 0.04198177
v -0.0574139 0.16438287 0.04159544
v -0.06455208 0.25773525 0.05187028
v -0.06746867 0.26291779 0.05936563
v -0.06365654 0.23632802 0.05761439
v -0.05820581 0.22512281 0.05434438
v -0.06474293 0.10827424 0.06236107
v -0.06858727 0.09169122 0.07241493
v -0.06517176 -0.21025145 0.09462563
v -0.06394382 -0.22680166 0.08193973
v -0.06455644 0.27203816 0.09079727
v -0.06455644 0.27203816 0.09079727
v -0.06475356 0.26729962 0.09549428
v -0.0563544 0.26334012 0.09942827
v -0.06551796 -0.19354932 0.10779964
v -0.06448623 0.00079783 0.16256823
v -0.06645137 -0.07146924 0.17625907
v -0.06411041 -0.08344056 0.17481627
v -0.07022511 0.25171652 -0.01972136
v -0.06349008 0.23482271 -0.01335167
v -0.0657913 0.23592082 0.00071077
v -0.07056996 0.24904904 0.01835844
v -0.06795898 0.2502389 0.02992772
v -0.06463738 0.15286134 0.03295977
v -0.06906367 0.25577992 0.04004277
v -0.06574068 0.22246404 0.0424654
v -0.05817905 0.21544589 0.04908739
v -0.06427052 0.24899191 0.07055835
v -0.07315156 0.27125639 0.07309485
v -0.07018982 0.07769582 0.08387067
v -0.06334742 0.26263428 0.09443427
v -0.0612018 0.0623821 0.10457733
v -0.07287363 -0.15795201 0.13209775
v -0.07440019 0.0040754 0.15639164
v -0.07015672 -0.09486945 0.1696565
v -0.06912884 -0.04262851 0.17476986
v -0.07052109 -0.05755627 0.17486925
v -0.07103788 0.05038826 -0.10065404
v -0.07555585 0.27019143 -0.06238982
v -0.07381654 0.26675096 -0.05332022
v -0.07094044 0.25711754 -0.0315547
v -0.07094044 0.25711754 -0.0315547
v -0.06717622 0.24443164 -0.01400449
v -0.06692112 0.24108435 0.01345179
v -0.06266632 0.12370483 0.05262106
v -0.07345045 0.10744604 0.05218156
v -0.06746867 0.26291779 0.05936563
v -0.05826526 0.25473338 0.08303211
v -0.07117942 0.25515899 0.07310864
v -0.06427052 0.24899191 0.07055835
v -0.0720385 0.26963964 0.08913802
v -0.07470708 0.06131074 0.09634056
v -0.06841272 -0.17576742 0.12072805
v -0.06356943 0.01505965 -0.14161144
v -0.0805464 0.01400941 -0.1341888
v -0.07435036 0.07149616 -0.07549699
v -0.06673504 0.08865123 -0.06636633
v -0.06760559 0.1044605 -0.05194217
v -0.07796008 0.09584335 -0.04633826
v -0.06974781 0.11673496 -0.03871939
v -0.07967409 0.26353204 -0.03149994
v -0.07094044 0.25711754 -0.0315547
v -0.07277392 0.25150552 -0.00726083
v -0.07055011 0.2468092 0.00179495
v -0.0696775 0.1666718 0.01076906
v -0.07130725 0.15277575 0.01117757
v -0.06902473 0.15401746 0.02142527
v -0.07670418 0.25600293 0.01832759
v -0.06794787 0.21590555 0.03391338
v -0.07199471 0.21538407 0.02252507
v -0.06494818 0.20407565 0.03363587
v -0.07817918 0.25968146 0.0303587
v -0.07800916 0.26385865 0.04631341
v -0.07752216 0.27204382 0.07930959
v -0.0720385 0.26963964 0.08913802
v -0.07020304 0.26497862 0.0908569
v -0.07924544 0.26318431 0.0818193
v -0.06475356 0.26729962 0.09549428
v -0.0720385 0.26963964 0.08913802
v -0.07020304 0.26497862 0.0908569
v -0.07826096 -0.19619742 0.09618118
v -0.07590413 -0.21514638 0.08186218
v -0.06675095 0.04518825 0.11787385
v -0.08588554 0.0310739 0.12213431
v -0.06408919 0.03455895 0.12994835
v -0.07956025 0.01423895 0.14429989
v -0.08286519 -0.1341394 0.14318347
v -0.08053437 -0.00386383 0.15859333
v -0.07844602 -0.08479747 0.16869064
v -0.06511003 0.03095871 -0.12567246
v -0.07934029 0.02439994 -0.12485617
v -0.07916033 0.05029359 -0.09468124
v -0.0874524 0.04910655 -0.08828116
v -0.0834028 0.26803011 -0.06600635
v -0.08578281 0.27041063 -0.05961677
v -0.08119136 0.0720282 -0.06765021
v -0.07496504 0.11073405 -0.03631324
v -0.07631426 0.11627246 -0.02767394
v -0.07751504 0.25762084 -0.01354479
v -0.07751504 0.25762084 -0.01354479
v -0.07090358 0.12702261 -0.02784853
v -0.07835636 0.12009351 -0.01761547
v -0.07688771 0.2552329 0.00437936
v -0.06898443 0.12361635 0.04372315
v -0.08023772 0.10894191 0.03748729
v -0.06911274 0.23506069 0.04946375
v -0.07730907 0.24410266 0.04847886
v -0.07712301 0.23590516 0.03654789
v -0.08186232 0.26975834 0.07979635
v -0.07993341 0.26570967 0.082266
v -0.07924544 0.26318431 0.0818193
v -0.08480383 0.06114248 0.08768106
v -0.09087714 -0.10690019 0.15502092
v -0.08583007 -0.12185667 0.14930061
v -0.08389948 -0.10104529 0.16096292
v -0.08177413 -0.02793975 0.16700511
v -0.08173014 -0.07111186 0.16971855
v -0.09208512 0.02325136 -0.11792898
v -0.07740726 0.26461288 -0.07299291
v -0.08032862 0.11150946 -0.02942894
v -0.0843939 0.26311418 -0.013249
v -0.07688771 0.2552329 0.00437936
v -0.0854591 0.26294518 0.016386
v -0.07800916 0.26385865 0.04631341
v -0.08267534 0.27134889 0.06293296
v -0.0939796 0.27239022 0.05761672
v -0.07778499 0.09268346 0.06081231
v -0.079768 0.07740188 0.07465446
v -0.08186232 0.26975834 0.07979635
v -0.08641353 0.04218955 0.10857923
v -0.08477136 -0.17472591 0.11012603
v -0.09001062 -0.01309285 0.15858655
v -0.08642055 -0.04202324 0.16710559
v -0.09258242 0.03147398 -0.10740995
v -0.08992828 0.06096556 -0.07065053
v -0.09175555 0.27133942 -0.04769998
v -0.08619307 0.27065143 -0.0470927
v -0.08534313 0.09147292 -0.03962886
v -0.07864172 0.10461009 -0.03630047
v -0.08651526 0.26330197 0.00392737
v -0.08651526 0.26330197 0.00392737
v -0.07817918 0.25968146 0.0303587
v -0.08665072 0.26518229 0.03104101
v -0.09024116 0.27118921 0.05036692
v -0.07825543 0.2542223 0.06327314
v -0.08742079 0.25509247 0.05162424
v -0.08427618 0.25116879 0.04862262
v -0.0919272 0.27234295 0.05531918
v -0.08703146 -0.1988343 0.08546695
v -0.07401692 -0.22705406 0.07304789
v -0.0981348 -0.15180869 0.11914004
v -0.07956025 0.01423895 0.14429989
v -0.08819506 0.0112801 0.14271685
v -0.08819506 0.0112801 0.14271685
v -0.09183071 0.00124961 0.14952917
v -0.08767942 -0.05508153 0.1669836
v -0.09025688 0.0021189 -0.13774298
v -0.09994733 0.01092911 -0.12461116
v -0.09245774 0.27074578 -0.03389826
v -0.09810326 0.27115127 -0.01720028
v -0.08861674 0.07846227 0.061699
v -0.09330636 0.06228137 0.07655767
v -0.09630482 0.04585651 0.0956556
v -0.09585979 -0.13615704 0.13306943
v -0.09446698 -0.02816991 0.16054296
v -0.0805464 0.01400941 -0.1341888
v -0.09994733 0.01092911 -0.12461116
v -0.09834405 0.04499267 -0.08273044
v -0.09270252 0.07654743 -0.04675431
v -0.09860591 0.07655083 -0.03569119
v -0.09721325 0.27163914 -0.03318856
v -0.09418781 0.09318502 0.01178679
v -0.09335213 0.09204221 0.02422418
v -0.08436947 0.10879485 0.02403759
v -0.0854591 0.26294518 0.016386
v -0.09708325 0.27115554 0.03156844
v -0.09343876 0.25545228 0.03722345
v -0.08527711 0.24692039 0.03676054
v -0.09255814 -0.22338347 0.04833935
v -0.09455731 -0.22707751 0.034851
v -0.0814512 -0.22699223 0.06406882
v -0.08677324 -0.22033562 0.06395344
v -0.09447663 0.2696265 0.0632184
v -0.09447663 0.2696265 0.0632184
v -0.08712586 0.26847976 0.07384697
v -0.08644485 0.26458582 0.07423014
v -0.0927297 0.26668081 0.06651817
v -0.09470048 0.26288283 0.06133839
v -0.08719466 0.26150155 0.06919944
v -0.10151947 0.06126872 0.06622211
v -0.10257376 -0.17285864 0.09491927
v -0.09796327 -0.08683597 0.15794636
v -0.09836621 -0.07096788 0.16099533
v -0.0970221 0.26875317 -0.04583358
v -0.10090427 0.27159905 0.00178769
v -0.10042288 0.27177197 0.01788631
v -0.1001019 0.272414 0.03859331
v -0.0898493 0.09349222 0.03524688
v -0.10030308 0.0771933 0.03797851
v -0.08524331 0.09299338 0.04804581
v -0.10585861 0.01525855 0.12625973
v -0.10466257 0.00376862 0.1388336
v -0.09183071 0.00124961 0.14952917
v -0.10247328 -0.11823565 0.14022632
v -0.10009072 -0.01271371 0.15218824
v -0.09001062 -0.01309285 0.15858655
v -0.10170452 -0.04121431 0.15821947
v -0.10334212 -0.05533616 0.15795651
v -0.10260874 0.26971826 -0.03348863
v -0.10087898 0.27198672 -0.02533741
v -0.10357767 0.07708488 0.02346504
v -0.10246377 0.2711094 0.04453997
v -0.10156492 0.26748216 0.05111282
v -0.09762506 0.26508507 0.05825486
v -0.09700458 -0.19974795 0.07237694
v -0.1074705 -0.19323194 0.06428798
v -0.11029679 0.04498238 0.07989227
v -0.1013765 0.03135831 0.10991656
v -0.1104366 -0.14931943 0.10943992
v -0.09569498 -0.17281994 0.1022039
v -0.10899307 -0.00517593 0.14162005
v -0.10009072 -0.01271371 0.15218824
v -0.10870368 -0.09403742 0.14804114
v -0.10386754 0.02692441 -0.10388971
v -0.10624205 0.27096397 -0.01758626
v -0.10528704 0.27221534 -0.00738822
v -0.10484186 0.27213517 0.02570123
v -0.09508429 0.07801344 0.05052691
v -0.10808981 0.06216829 0.05107608
v -0.11085142 0.03238744 0.09909668
v -0.11114629 -0.12761681 0.12720349
v -0.11419501 -0.02815182 0.14695565
v -0.10527902 -0.08226992 0.15408488
v -0.10991002 -0.07069169 0.1532061
v -0.11429827 0.01382233 -0.11016715
v -0.11805607 0.02353221 -0.09379618
v -0.10390522 0.04742657 -0.07226363
v -0.1172201 0.04216434 -0.06250758
v -0.10152707 0.06082892 -0.05495154
v -0.10848094 0.27118227 0.00220767
v -0.10662242 0.27121115 0.0294551
v -0.11844989 0.01712139 0.11231931
v -0.11403828 0.00731019 0.12784298
v -0.11603853 -0.01332133 0.14046624
v -0.10811995 -0.00143285 -0.12793632
v -0.11660388 0.00478107 -0.11617301
v -0.11483775 0.05270932 -0.04643561
v -0.109176 0.26880506 -0.00712846
v -0.11014886 0.26698971 -0.00171365
v -0.10848094 0.27118227 0.00220767
v -0.10999753 0.26750135 0.0101485
v -0.11697527 -0.19541344 0.03876693
v -0.12150703 -0.19316442 0.02715082
v -0.09819911 -0.22218518 0.0365338
v -0.11441168 -0.16041833 0.09409655
v -0.11176281 -0.17357007 0.08369207
v -0.10366889 -0.10583219 0.14685567
v -0.11998246 -0.10657054 0.13369022
v -0.11603853 -0.01332133 0.14046624
v -0.11850712 -0.03917671 0.1455016
v -0.11852025 -0.08162639 0.14437237
v -0.10613461 0.06213787 -0.0451229
v -0.11031704 0.06405725 -0.03216935
v -0.10616129 0.0761856 -0.00224549
v -0.11750379 0.06030572 0.01725389
v -0.10522961 0.07673727 0.01194709
v -0.12346059 0.04515635 0.05289359
v -0.11974201 0.04381153 0.06531276
v -0.12029029 0.02692731 0.09599356
v -0.12186588 -0.00028387 0.12689185
v -0.12221693 -0.09524453 0.13664258
v -0.12106651 -0.05484585 0.14468436
v -0.12207694 -0.06990831 0.14393006
v -0.12502459 0.04830302 0.03735295
v -0.11850647 0.06036605 -0.00390793
v -0.12976797 0.04814228 0.00163371
v -0.12798068 0.04875622 0.01887811
v -0.11318236 0.06122844 0.03733999
v -0.12941733 0.02686434 0.08287037
v -0.11441168 -0.16041833 0.09409655
v -0.1264005 -0.15630788 0.08229302
v -0.11176281 -0.17357007 0.08369207
v -0.12802 0.0078401 0.11319219
v -0.12562914 -0.12122985 0.11729176
v -0.12701529 -0.01192368 0.12958629
v -0.13245341 -0.03285622 0.13133906
v -0.12772158 -0.08240367 0.13619415
v -0.13088119 0.01141751 -0.09411325
v -0.1337755 -0.09362327 0.12588875
v -0.13511753 -0.05283553 0.13135296
v -0.12699133 0.02487119 -0.07992876
v -0.13430165 0.02640651 -0.06519642
v -0.12667005 0.04099694 -0.04727385
v -0.15021074 0.02428073 0.03835575
v -0.13651869 0.0115151 0.09775961
v -0.13511446 -0.00167601 0.11338054
v -0.13989833 -0.01244347 0.11565719
v -0.14150806 -0.10723196 0.11092058
v -0.13245341 -0.03285622 0.13133906
v -0.13560076 -0.06919383 0.13119683
v -0.1371053 0.01667696 -0.07802042
v -0.14522226 0.0253687 0.05251074
v -0.12644307 0.00148077 -0.10910395
v -0.13030194 -0.00730528 -0.11118268
v -0.14091596 -0.00229621 -0.09459858
v -0.15232964 0.02437459 0.0265021
v -0.14542297 0.0194591 0.0674497
v -0.14525416 0.01162644 0.08307522
v -0.14543326 -0.09504189 0.11215006
v -0.13795023 -0.0831965 0.12523594
v -0.14452305 0.02368143 -0.04958804
v -0.14844564 0.02505287 -0.03343846
v -0.12566037 0.04744545 -0.0320951
v -0.14610359 -0.02927531 0.11461133
v -0.14626673 -0.03447479 0.11618314
v -0.13951863 -0.02562716 -0.10931525
v -0.14825247 -0.03088706 -0.10032371
v -0.14525652 -0.01393819 -0.09724216
v -0.15064858 -0.00256287 -0.07977152
v -0.14327924 0.00827757 -0.07995928
v -0.14627086 0.01552235 -0.06369765
v -0.15336408 -0.0003009 0.0832277
v -0.1441862 -0.00162584 0.10074881
v -0.14769457 -0.08346511 0.1138424
v -0.14917852 -0.05168376 0.11491575
v -0.13511753 -0.05283553 0.13135296
v -0.14917852 -0.05168376 0.11491575
v -0.14825955 -0.06855501 0.11672183
v -0.15353163 0.00990279 0.06823811
v -0.15013944 -0.01264541 0.10073112
v -0.15447682 -0.01358085 -0.08301158
v -0.15677115 0.01523135 0.04793029
v -0.16010183 -0.00184886 0.06974792
v -0.16319665 -0.01365877 -0.06625833
v -0.16034648 0.01539498 -0.01855355
v -0.16182466 0.01546408 0.00132225
v -0.15301399 0.02521767 -0.00269555
v -0.16142555 0.01515088 0.02094997
v -0.15168475 0.02622464 0.01406373
v -0.16107424 0.00768735 0.05161284
v -0.15982917 -0.08457802 0.09317692
v -0.1599206 -0.09540845 0.08758669
v -0.14543326 -0.09504189 0.11215006
v -0.15879522 -0.02827232 -0.08330201
v -0.16693951 -0.03003121 -0.06830386
v -0.15384471 0.0137578 -0.04972563
v -0.16285215 7.576E-05 -0.0500815
v -0.16330455 0.00687948 -0.03416329
v -0.16560285 0.00465717 0.04025317
v -0.16601074 -0.00153871 0.05214085
v -0.17040589 -0.01250495 0.05329675
v -0.16440943 -0.01279941 0.07130335
v -0.17301802 -0.01273211 -0.03435962
v -0.16858223 -0.00295148 -0.0345091
v -0.17543568 -0.01309613 -0.02090107
v -0.17015079 -0.00067439 -0.01934512
v -0.17326207 -0.01165541 0.03982553
v -0.17471291 -0.02920139 0.05273876
v -0.17040589 -0.01250495 0.05329675
v -0.17013036 -0.0886621 0.06602801
v -0.17658623 -0.0699484 0.05395854
v -0.172425 -0.09291016 0.05438418
v -0.18091428 -0.03007697 0.01327625
v -0.18123698 -0.0474419 0.02876311
v -0.1793306 -0.02966367 0.0310437
v 0.16557541 -0.07520118 -0.0661035
v 0.11060857 -0.12209932 -0.11329079
v 0.1149423 0.26395443 0.01236511
v 0.09966196 -0.05747874 -0.14513098
v 0.10224696 -0.02119582 -0.13752937
v 0.11119621 0.26294962 0.0305789
v 0.10887944 0.25979078 0.02575047
v 0.09927781 -0.07506517 -0.14347044
v 0.11060857 -0.12209932 -0.11329079
v 0.09348359 -0.13699976 -0.11662759
v 0.10587321 0.26404536 -0.0393478
v 0.11006708 0.26376772 -0.02650798
v 0.11130146 0.26182395 -0.01802509
v 0.11135582 0.26028198 -0.00761549
v 0.10196363 0.25394893 0.01131889
v 0.10303818 0.25957963 0.04310381
v 0.10670199 0.26298004 0.04300427
v 0.09092203 -0.12115604 -0.12926532
v 0.1014511 0.26320782 -0.04750273
v 0.10144471 0.26326129 0.05453902
v 0.08860478 -0.07454181 -0.15055162
v 0.09169177 -0.02164434 -0.14505216
v 0.09092203 -0.12115604 -0.12926532
v 0.09151091 0.25961527 0.06345326
v 0.08361685 -0.05941344 -0.15516599
v 0.08671181 -0.03343084 -0.15141591
v 0.09062425 0.24508269 -0.01659122
v 0.08084865 -0.09545686 -0.14884357
v 0.07865626 -0.11108917 -0.14262174
v 0.08404812 -0.13574316 -0.12438411
v 0.08334394 -0.2269522 -0.03389326
v 0.08345527 -0.22774237 0.03943872
v 0.07802421 -0.04508198 -0.15805268
v 0.07555805 -0.12163922 -0.13845401
v 0.07714278 -0.15450813 -0.11590765
v 0.07528178 0.24402867 -0.04651475
v 0.08043195 -0.22819436 -0.02369342
v 0.08154074 -0.22860403 0.00956453
v 0.06976892 -0.05744535 -0.16214496
v 0.07189646 -0.03486202 -0.15935653
v 0.06987362 -0.07486557 -0.16060691
v 0.07601738 -0.0248369 -0.15481019
v 0.08404812 -0.13574316 -0.12438411
v 0.08039988 0.27025709 -0.07474376
v 0.07278488 0.26937973 -0.08242421
v 0.08046575 0.25923702 -0.07184855
v 0.07407591 0.26412719 -0.08235988
v 0.06384715 -0.01942668 -0.15879478
v 0.06704099 -0.08588979 -0.15889417
v 0.06246568 -0.09897282 -0.156693
v 0.07714278 -0.15450813 -0.11590765
v 0.06365366 0.24329998 -0.05872153
v 0.06093105 -0.04536607 -0.16543736
v 0.0616315 -0.12221337 -0.14542396
v 0.06298598 -0.22787815 -0.05271539
v 0.06241255 -0.22955921 -0.01700565
v 0.05849356 -0.22975892 0.01876554
v 0.05862827 -0.17089295 -0.11435249
v 0.06286982 -0.1518227 -0.12643895
v 0.05758668 0.26778808 -0.09259588
v 0.04751048 -0.22911508 -0.05064799
v 0.05234175 -0.05955973 -0.16870175
v 0.05365839 -0.03299301 -0.1661377
v 0.05614518 -0.01150719 -0.15865082
v 0.05421625 0.24510621 -0.06967521
v 0.05964832 0.24192505 -0.03113618
v 0.06185977 0.24399774 0.03601618
v 0.05941324 0.23678094 0.03219955
v 0.06199045 0.2633931 0.09667664
v 0.04514009 -0.04404876 -0.1704319
v 0.04655831 -0.07577343 -0.16915391
v 0.04830775 -0.02161879 -0.16489278
v 0.04671345 -0.08671892 -0.16636582
v 0.06111263 0.22477818 -0.00187031
v 0.06121336 0.2235107 0.00655428
v 0.05783485 0.22880641 0.02914532
v 0.06395505 -0.13620113 0.15229057
v 0.04543164 -0.09825117 -0.163284
v 0.04444841 -0.11759702 -0.15469623
v 0.04609964 0.00129127 -0.1558568
v 0.04346741 0.2640214 -0.09904684
v 0.05388558 0.26390418 -0.09469993
v 0.04410779 -0.22708496 -0.07372826
v 0.05516847 0.20087987 -0.00794384
v 0.05581292 0.19794157 0.00074031
v 0.05474992 0.19319089 0.00553356
v 0.05514554 0.20186035 0.01566974
v 0.05560602 0.21206102 0.02271269
v 0.05121413 0.23104602 0.04186223
v 0.04937456 0.2596834 0.09959798
v 0.04413079 -0.15504684 -0.13284694
v 0.04413079 -0.15504684 -0.13284694
v 0.04412013 -0.17567115 -0.11751278
v 0.04416562 0.07393935 -0.09370454
v 0.04462564 0.2589196 -0.09529104
v 0.04350613 0.18320404 -0.04880529
v 0.05240217 0.20325214 -0.0188392
v 0.05218359 0.18931521 -0.01281178
v 0.05404606 0.18828113 -0.00368649
v 0.05273098 0.18828622 0.0159601
v 0.05209014 0.19663806 0.02188535
v 0.04860348 0.20056254 0.03089153
v 0.04346741 0.2640214 -0.09904684
v 0.0304803 -0.22835892 -0.07285743
v 0.02618989 -0.22989954 -0.05188439
v 0.03053067 -0.23014408 -0.02434581
v 0.04827132 0.18832797 0.02741874
v 0.01150817 -0.22999083 0.06391279
v 0.04175605 0.24881445 0.06292418
v 0.0364301 -0.22805509 0.09001651
v 0.03379276 -0.03249251 -0.17123759
v 0.03551689 -0.06130739 -0.17328979
v 0.03318297 -0.16719748 -0.12767024
v 0.03179318 0.26433983 -0.10285794
v 0.03089181 0.25971392 -0.10037701
v 0.0319358 0.08258715 -0.09249081
v 0.03018304 0.23530003 -0.0726463
v 0.03360635 0.21262456 -0.06020237
v 0.03434062 0.18666641 -0.05496816
v 0.03758025 0.16241732 -0.05360741
v 0.04275867 0.18932627 -0.0309767
v 0.0395056 0.20322889 0.043894
v 0.03618073 0.25949243 0.10522449
v 0.03318476 -0.04638005 -0.17349599
v 0.0332156 -0.08776486 -0.16955876
v 0.03226121 -0.09858734 -0.16658811
v 0.03134947 -0.11864755 -0.15783143
v 0.03049653 -0.15159349 -0.13937055
v 0.03318297 -0.16719748 -0.12767024
v 0.0290396 -0.21141867 -0.09472083
v 0.02646466 0.25528762 -0.09674256
v 0.03111771 0.14895794 -0.06028222
v 0.02045823 -0.07577701 -0.17490375
v 0.03179318 0.26433983 -0.10285794
v 0.02460813 0.2439906 -0.08318867
v 0.02650536 -0.22668153 -0.08270814
v 0.02604482 0.1211417 -0.07256704
v 0.02798378 0.22725555 -0.06848353
v 0.02977672 0.16642192 -0.05752442
v 0.03135238 0.20521344 0.05123572
v 0.03171191 0.25012681 0.069889
v 0.01750267 -0.00822542 -0.16592705
v 0.02352369 0.21878338 -0.06655536
v 0.03111771 0.14895794 -0.06028222
v 0.02456342 0.1516812 -0.06262192
v 0.02500217 0.23961796 0.06634548
v 0.01830071 -0.03670886 -0.17449142
v 0.0166851 -0.04542758 -0.17591792
v 0.01888445 -0.05969563 -0.17614324
v 0.0196454 -0.08707824 -0.17226039
v 0.01784937 -0.02358739 -0.17150211
v 0.01883806 -0.10191537 -0.16785413
v 0.01755464 -0.14001884 -0.14904912
v 0.01706415 -0.19239303 -0.11267099
v 0.01815116 0.26546523 -0.10576408
v 0.01437151 -0.22703564 -0.08601706
v 0.02062195 0.2341225 -0.07462078
v 0.02235092 0.17435564 -0.06020818
v 0.02138994 0.16234618 -0.06159595
v 0.02021303 0.19194692 0.05417569
v 0.02174595 0.20256004 0.05610557
v 0.02375045 0.22979952 0.06305461
v 0.02158316 0.24733458 0.07248185
v 0.02158316 0.24733458 0.07248185
v 0.02298175 -0.22816956 0.09424705
v 0.01783805 -0.12122127 -0.15921149
v 0.01823636 -0.15437169 -0.14041607
v 0.01747138 -0.17140171 -0.12860444
v 0.01747138 -0.17140171 -0.12860444
v 0.01815116 0.26546523 -0.10576408
v 0.01528411 0.26066566 -0.10428692
v 0.01355282 0.07840329 -0.09982046
v 0.01516669 -0.21610819 -0.09495318
v 0.01241206 0.09239052 -0.09086893
v 0.0147351 0.10532189 -0.08313891
v 0.01398618 0.18707196 -0.06277341
v 0.00548783 -0.22934414 -0.07112478
v 0.02060837 -0.22674906 0.1005015
v 0.01644203 0.25971842 0.11084672
v 0.01249486 0.25179064 -0.09527608
v 0.01163254 0.11891568 -0.07689203
v 0.01017867 0.22910681 -0.07395895
v 0.01033551 0.21677427 -0.06883719
v 0.01163254 0.11891568 -0.07689203
v 0.01103788 0.14155741 -0.06877415
v 0.01178454 0.15509322 -0.06545702
v 0.01181743 0.19824128 -0.06457736
v 0.01234222 0.17095225 -0.06299925
v 0.01657344 0.21823959 0.06306235
v 0.01134732 0.23112953 0.06805807
v 0.00019722 -0.06392314 -0.17705986
v 0.0107618 0.24657913 -0.08882523
v 0.00721193 0.23595417 -0.07834283
v -0.01229289 -0.2302203 -0.05133069
v 0.00901253 0.20962748 0.06242238
v 0.00182445 -0.02033687 -0.17136428
v 0.00018202 -0.03376667 -0.17478628
v 0.00020643 -0.07598861 -0.17608517
v 0.00051435 -0.08863619 -0.17291892
v 0.00065005 -0.10018895 -0.16941032
v 0.00012032 -0.12111866 -0.1605437
v 0.00822839 0.1268502 -0.07398483
v 0.01103788 0.14155741 -0.06877415
v 0.01057491 0.19053237 0.05721271
v 0.00013167 -0.22736771 0.10214381
v -0.00163333 -0.04860636 -0.17699458
v -0.00158177 -0.00696432 -0.16609986
v -0.00104513 0.00608104 -0.15923458
v -0.00056314 -0.1580864 -0.13982677
v -0.00027 -0.17414115 -0.12814558
v 0.01706415 -0.19239303 -0.11267099
v -0.00156927 -0.21874034 -0.09452783
v -0.00315487 0.26990739 -0.10412871
v -0.0059387 0.26523507 -0.1060161
v -0.00057042 0.26040995 -0.10479738
v -0.0059387 0.26523507 -0.1060161
v -0.00138048 0.07601662 -0.10236268
v 0.01516669 -0.21610819 -0.09495318
v 0.00039708 0.25167185 -0.09634449
v 1.578E-05 0.24368854 -0.08628438
v -0.00156927 -0.21874034 -0.09452783
v -0.00122873 0.09720632 -0.08875037
v 0.00012476 0.23446283 -0.07764187
v -0.00064345 -0.22716661 -0.0873753
v 0.00027382 0.22334965 -0.07202486
v 0.00096248 0.2141967 -0.06904316
v -0.00091043 0.202205 -0.06633791
v -0.00037718 0.15231012 -0.06704264
v -0.00019858 0.18942297 -0.06466431
v -0.00018096 0.16968803 -0.06462947
v 0.0037725 0.20257434 0.06096691
v 0.00901253 0.20962748 0.06242238
v 0.01057491 0.19053237 0.05721271
v 0.00291701 0.2474844 0.0773313
v -0.00019137 -0.13950002 -0.15075509
v -0.00224525 0.11508139 -0.07931431
v -0.00109134 0.13372311 -0.07189314
v -0.00109134 0.13372311 -0.07189314
v -0.02868627 -0.2300466 0.040166
v -0.00088805 0.18917903 0.05843968
v -0.00095184 0.22388834 0.06749409
v 0.01134732 0.23112953 0.06805807
v -0.00143531 0.2349916 0.0710937
v 0.00291701 0.2474844 0.0773313
v -0.00336015 0.20136391 0.06068594
v -0.00439215 0.24616723 0.07658867
v -0.00439215 0.24616723 0.07658867
v -0.01636634 -0.04714892 -0.17634472
v -0.01602457 -0.15479024 -0.14039433
v -0.01642522 -0.19502346 -0.11090306
v -0.01345797 0.26062965 -0.10353205
v -0.01152615 0.24950118 -0.09202218
v -0.01050208 0.23495328 -0.07706995
v -0.01743499 -0.22695337 -0.08620727
v -0.01388652 0.22367416 -0.07095517
v -0.01226815 0.21677876 -0.06859519
v -0.00037718 0.15231012 -0.06704264
v -0.01095276 0.14189821 -0.06835237
v -0.02149759 -0.22918391 -0.0700568
v -0.01002226 0.20639719 0.06130172
v -0.01805658 -0.02231444 -0.17114298
v -0.01402522 -0.03419297 -0.17439733
v -0.0182345 -0.06202152 -0.17627642
v -0.01739624 -0.07587034 -0.17509697
v -0.01579445 -0.09460054 -0.17018089
v -0.01999843 -0.01135662 -0.1670824
v -0.01910303 0.00102153 -0.1613616
v -0.0151282 -0.11981989 -0.15978205
v -0.0155374 -0.13947117 -0.14948522
v -0.01666573 -0.17321891 -0.12722559
v -0.01528524 -0.21561331 -0.09594182
v -0.00064345 -0.22716661 -0.0873753
v -0.01743499 -0.22695337 -0.08620727
v -0.01781446 0.2411284 -0.0813369
v -0.0126169 0.10610262 -0.08283851
v -0.01301362 0.12195177 -0.0750763
v -0.01371407 0.20219967 -0.06488296
v -0.01092341 0.16152588 -0.06444743
v -0.01105884 0.18420871 -0.06335406
v -0.01092341 0.16152588 -0.06444743
v -0.01461015 0.1901031 0.05619744
v -0.01503303 0.22540496 0.06565944
v -0.01233683 0.24009131 0.07170553
v -0.0059387 0.26523507 -0.1060161
v -0.02053574 0.25840047 -0.10004473
v -0.01990323 0.23380122 -0.07446744
v -0.01850016 0.15119171 -0.06423384
v -0.01785951 0.23181574 0.06647313
v -0.02716862 -0.22823468 0.09355452
v -0.0285962 0.26107472 -0.09982007
v -0.01345797 0.26062965 -0.10353205
v -0.02053574 0.25840047 -0.10004473
v -0.0234212 0.25000739 -0.08911114
v -0.02231972 0.18803419 -0.06070941
v -0.01105884 0.18420871 -0.06335406
v -0.01897411 0.16715519 -0.06176011
v -0.01092341 0.16152588 -0.06444743
v -0.01897411 0.16715519 -0.06176011
v -0.01960246 0.20130199 0.05673387
v -0.02716862 -0.22823468 0.09355452
v -0.03136512 -0.03564643 -0.17266913
v -0.032683 -0.13963021 -0.14583792
v -0.03179315 -0.16695727 -0.12835799
v -0.02407431 0.07434049 -0.10091355
v -0.02446812 0.26723433 -0.1020416
v -0.0059387 0.26523507 -0.1060161
v -0.0279277 0.26508164 -0.10137367
v -0.02940741 0.25704286 -0.09580262
v -0.01388652 0.22367416 -0.07095517
v -0.01226815 0.21677876 -0.06859519
v -0.0234092 0.2167156 -0.06566094
v -0.01371407 0.20219967 -0.06488296
v -0.01371407 0.20219967 -0.06488296
v -0.02364929 0.21628818 0.05954823
v -0.03467141 -0.09710436 -0.16590823
v -0.03277227 -0.12219966 -0.15490688
v -0.03299705 -0.15400417 -0.13721454
v -0.0358291 -0.18827644 -0.11098683
v -0.01642522 -0.19502346 -0.11090306
v -0.01528524 -0.21561331 -0.09594182
v -0.03109705 0.23834613 -0.07438144
v -0.01781446 0.2411284 -0.0813369
v -0.01990323 0.23380122 -0.07446744
v -0.03945618 -0.22717971 -0.07840326
v -0.02755298 0.22851942 -0.06919605
v -0.03029022 0.2042819 -0.05983615
v -0.03029022 0.2042819 -0.05983615
v -0.03198688 0.16285463 -0.05667211
v -0.02804243 0.14501062 -0.06189001
v -0.02657568 0.16998351 -0.05880221
v -0.03198688 0.16285463 -0.05667211
v -0.03506034 -0.04736747 -0.17360769
v -0.03463721 -0.0613688 -0.1737185
v -0.03372005 -0.07624164 -0.17240691
v -0.03668272 -0.02229368 -0.16842894
v -0.03284296 -0.20913379 -0.09632555
v -0.0285962 0.26107472 -0.09982007
v -0.03372191 0.07867011 -0.09465513
v -0.03151949 -0.22219363 -0.08636554
v -0.01743499 -0.22695337 -0.08620727
v -0.03531425 0.09521585 -0.08250626
v -0.03315965 0.1329615 -0.06351525
v -0.03270518 0.18305391 -0.05580504
v -0.04296025 -0.229458 -0.05300868
v -0.04480045 -0.22803462 0.08767612
v -0.04034314 0.25468424 0.09444456
v -0.03269836 0.2631833 0.11074957
v -0.03600841 -0.01114678 -0.16453429
v -0.03179315 -0.16695727 -0.12835799
v -0.02940741 0.25704286 -0.09580262
v -0.0234212 0.25000739 -0.08911114
v -0.03953823 0.25278473 -0.08532162
v -0.03945618 -0.22717971 -0.07840326
v -0.03653018 0.22562185 -0.06368487
v -0.03345042 0.21346098 -0.06070406
v -0.05959602 -0.22919643 0.0566123
v -0.06381164 -0.22821464 0.07449496
v -0.03914441 0.26590514 -0.09726121
v -0.04117964 0.25986382 -0.09417161
v -0.04538614 -0.2179489 -0.08393869
v -0.0405967 0.23508772 -0.06733003
v -0.03315965 0.1329615 -0.06351525
v -0.03933183 0.19027632 -0.05237682
v -0.06080408 -0.22964191 -0.0187535
v -0.06360881 -0.22965157 0.01013397
v -0.04495143 0.25952971 0.1004687
v -0.05076525 -0.03145562 -0.16753982
v -0.05040938 -0.07534643 -0.16846325
v -0.05007731 -0.08586454 -0.16565463
v -0.05022842 -0.13744442 -0.14198545
v -0.04889692 0.01498005 -0.14688577
v -0.03299705 -0.15400417 -0.13721454
v -0.05086495 -0.15734716 -0.12969893
v -0.04979717 -0.17363472 -0.11770657
v -0.04654721 0.05751706 -0.10739543
v -0.03372191 0.07867011 -0.09465513
v -0.04778825 0.24511534 -0.07235813
v -0.04752674 0.09288737 -0.07776305
v -0.03786985 0.11587588 -0.06899896
v -0.05528577 -0.22831409 -0.05828074
v -0.04222184 0.21744323 -0.0567099
v -0.04188886 0.20250225 -0.05267026
v -0.03933183 0.19027632 -0.05237682
v -0.04325062 0.18057458 -0.04861442
v -0.04265101 0.16387095 -0.0493402
v -0.04191586 -0.22682242 0.09406459
v -0.04495143 0.25952971 0.1004687
v -0.0506567 -0.04696947 -0.16983064
v -0.05011557 -0.01886364 -0.16420308
v -0.0510733 -0.09784044 -0.16123183
v -0.05176998 -0.12202538 -0.14950734
v -0.05086495 -0.15734716 -0.12969893
v -0.05068293 0.26376975 -0.09172253
v -0.05068293 0.26376975 -0.09172253
v -0.05056077 -0.20205896 -0.09450553
v -0.05172157 -0.22674116 -0.07198858
v -0.04506217 0.22798868 -0.05999675
v -0.05172157 -0.22674116 -0.07198858
v -0.04880571 0.1481467 -0.04713763
v -0.05201277 -0.06205915 -0.16943495
v -0.06176892 0.25940579 -0.08234555
v -0.05724643 0.25257224 -0.07465295
v -0.04752674 0.09288737 -0.07776305
v -0.05085611 0.23771027 -0.06292685
v -0.04898277 0.21817569 -0.0518553
v -0.05108107 0.13167159 -0.05148833
v -0.0502785 0.20380865 -0.04578416
v -0.0502785 0.20380865 -0.04578416
v -0.04977313 0.15960908 -0.04351494
v -0.05111327 0.17027187 -0.04123891
v -0.05238206 0.24977177 0.08089183
v -0.05428275 -0.22660798 0.08832517
v -0.06462839 -0.17084487 -0.11368658
v -0.05501494 0.23224534 -0.05477341
v -0.05260606 0.18923609 -0.04041803
v -0.05613875 0.15456456 -0.03715352
v -0.05826526 0.25473338 0.08303211
v -0.06334742 0.26263428 0.09443427
v -0.06436186 -0.030031 -0.16290119
v -0.06787288 -0.03974153 -0.16355425
v -0.06772517 -0.07529795 -0.16280924
v -0.06658861 -0.01620363 -0.1581161
v -0.0648293 -0.13593484 -0.13739409
v -0.06554086 -0.19810218 -0.0891398
v -0.05809981 0.08993869 -0.0726367
v -0.06222534 0.24535219 -0.06190867
v -0.05736491 0.22215419 -0.04583882
v -0.0569405 0.14070597 -0.04110116
v -0.05596382 0.20394395 -0.03971249
v -0.07073425 -0.22863771 -0.03773353
v -0.05936744 0.18094002 -0.03107907
v -0.06394382 -0.22680166 0.08193973
v -0.06587531 -0.05129833 -0.16521436
v -0.06834126 -0.06069912 -0.16430859
v -0.06545806 -0.08653153 -0.16051523
v -0.06467018 -0.09847806 -0.15662421
v -0.06515178 -0.11817776 -0.14696875
v -0.0648293 -0.13593484 -0.13739409
v -0.05022842 -0.13744442 -0.14198545
v -0.06351174 -0.1564839 -0.12503591
v -0.06471661 0.26425779 -0.08327666
v -0.06471661 0.26425779 -0.08327666
v -0.06933071 -0.22685696 -0.05692117
v -0.06120026 0.12325709 -0.04543586
v -0.05596382 0.20394395 -0.03971249
v -0.0650474 0.13534011 -0.03234233
v -0.06132806 0.19878997 -0.03061136
v -0.05880401 0.16769095 -0.03171068
v -0.06126798 0.15433879 -0.02993716
v -0.06267177 -0.21352874 -0.07695369
v -0.06962895 -0.21778308 -0.06714322
v -0.06673504 0.08865123 -0.06636633
v -0.06459004 0.23547293 -0.04842364
v -0.06361052 0.22049457 -0.03667795
v -0.06466201 0.21636537 -0.03258213
v -0.06132806 0.19878997 -0.03061136
v -0.06280664 0.17368436 -0.02448208
v -0.06266072 0.19436127 0.03481138
v -0.06215885 0.17878412 0.03375652
v -0.06228717 0.16499208 0.03404661
v -0.07803763 -0.22794814 0.06138625
v -0.05238206 0.24977177 0.08089183
v -0.07349297 0.260012 0.08189977
v -0.073991 -0.17647868 -0.10325652
v -0.07200087 0.26007661 -0.0753084
v -0.06949411 0.25477952 -0.0683071
v -0.06933071 -0.22685696 -0.05692117
v -0.07163429 0.24797206 -0.0553907
v -0.07257564 0.23481597 -0.03611945
v -0.06573138 0.19435906 -0.02062
v -0.06600738 0.15732779 -0.01991906
v -0.06867504 0.13893302 -0.02289625
v -0.06743846 0.17103817 -0.01259742
v -0.06560733 0.18652043 0.02668464
v -0.06700565 0.16739094 0.02293082
v -0.06688891 0.13873857 0.03551848
v -0.08224772 -0.22840895 0.04039646
v -0.07401692 -0.22705406 0.07304789
v -0.08098233 -0.03533372 -0.15741409
v -0.0818394 -0.05764024 -0.15904038
v -0.08212382 -0.08811256 -0.15326858
v -0.08004612 -0.00861543 -0.14892857
v -0.08084521 -0.09845053 -0.15004541
v -0.08151044 -0.11200543 -0.14340715
v -0.08151044 -0.11200543 -0.14340715
v -0.06515178 -0.11817776 -0.14696875
v -0.07373559 -0.16409719 -0.11401728
v -0.07740726 0.26461288 -0.07299291
v -0.07408383 0.0896538 -0.05762929
v -0.07550447 0.24475434 -0.04550704
v -0.08339643 -0.2274424 -0.03575781
v -0.07071467 0.22642793 -0.0295407
v -0.07005741 0.21901833 -0.02312935
v -0.08276638 -0.22845562 -0.02078837
v -0.06786552 0.20391555 -0.01844296
v -0.06786552 0.20391555 -0.01844296
v -0.07248035 0.13653733 -0.01447212
v -0.07058525 0.20599101 -0.01070779
v -0.06889272 0.1904259 -0.00888259
v -0.06573138 0.19435906 -0.02062
v -0.06889272 0.1904259 -0.00888259
v -0.0701071 0.15377849 -0.00903654
v -0.07320598 0.13889138 -0.00883187
v -0.06941669 0.1781996 -0.00233466
v -0.06988401 0.16264501 -0.00343464
v -0.07024979 0.19034424 0.00209257
v -0.06964345 0.1755072 0.00621737
v -0.07121271 0.15538034 0.00241445
v -0.06964345 0.1755072 0.00621737
v -0.07121271 0.15538034 0.00241445
v -0.06983989 0.19152427 0.0121799
v -0.07024979 0.19034424 0.00209257
v -0.06796005 0.18030724 0.01867538
v -0.06874929 0.20004825 0.0219071
v -0.07177399 0.13979366 0.02286661
v -0.0721542 0.12643567 0.03516717
v -0.07262536 0.22675721 0.03350137
v -0.07102981 0.24492817 0.05861878
v -0.07102981 0.24492817 0.05861878
v -0.07117942 0.25515899 0.07310864
v -0.07349297 0.260012 0.08189977
v -0.06475356 0.26729962 0.09549428
v -0.08242177 -0.02004542 -0.15251982
v -0.08085437 0.00178353 -0.14297302
v -0.0636098 0.02136405 -0.13601427
v -0.08253367 -0.13882023 -0.12686546
v -0.08348397 -0.17015834 -0.10213865
v -0.07931591 -0.19855744 -0.07708316
v -0.07728792 0.25474584 -0.05978687
v -0.08009417 -0.2186404 -0.05486662
v -0.07803991 -0.22630082 -0.0476778
v -0.08339643 -0.2274424 -0.03575781
v -0.07369044 0.21991098 -0.01360459
v -0.07539303 0.21806316 0.00031741
v -0.07182096 0.20320676 0.00011041
v -0.07423425 0.14000727 8.679E-05
v -0.07024979 0.19034424 0.00209257
v -0.06988401 0.16264501 -0.00343464
v -0.07423425 0.14000727 8.679E-05
v -0.08307213 -0.22878569 0.00872917
v -0.07387473 0.2137295 0.0114927
v -0.07155529 0.20407502 0.01222649
v -0.07155529 0.20407502 0.01222649
v -0.07182096 0.20320676 0.00011041
v -0.07391151 0.14023134 0.01100566
v -0.07387473 0.2137295 0.0114927
v -0.07725888 0.12491044 0.02270721
v -0.0814512 -0.22699223 0.06406882
v -0.08399909 -0.07485823 -0.15609664
v -0.08502626 -0.15438882 -0.11419962
v -0.08240654 0.25985759 -0.06380319
v -0.07408383 0.0896538 -0.05762929
v -0.08519021 0.07889711 -0.05490668
v -0.08116245 0.24416286 -0.03327259
v -0.08064466 0.10897209 -0.03364902
v -0.08235927 0.24128515 -0.02345382
v -0.07703296 0.23034258 -0.01813049
v -0.07702688 0.22444928 -0.00544896
v -0.07978691 0.12164631 -0.0079892
v -0.07320598 0.13889138 -0.00883187
v -0.07978691 0.12164631 -0.0079892
v -0.07967994 0.12420742 -0.00097393
v -0.07872891 0.22745815 0.01174777
v -0.07984842 0.12323965 0.01043924
v -0.07883839 0.23176906 0.02243186
v -0.07872891 0.22745815 0.01174777
v -0.08527711 0.24692039 0.03676054
v -0.07730907 0.24410266 0.04847886
v -0.07349297 0.260012 0.08189977
v -0.09452198 -0.16837695 -0.09429768
v -0.08368856 0.26435751 -0.06605407
v -0.09447795 -0.19015425 -0.06920607
v -0.08519021 0.07889711 -0.05490668
v -0.08454344 0.25409132 -0.0473458
v -0.08945798 0.25358611 -0.03483283
v -0.08616748 -0.22634353 -0.03511837
v -0.08142115 0.10406427 -0.03186358
v -0.08179899 0.10767476 -0.02682019
v -0.0824219 0.23755726 -0.01215487
v -0.08211733 0.23442969 -0.0009823
v -0.09397183 -0.22785062 -0.0009465
v -0.09455731 -0.22707751 0.034851
v -0.07924544 0.26318431 0.0818193
v -0.09226153 -0.05665053 -0.1533995
v -0.09740732 -0.0356828 -0.14852542
v -0.09727555 -0.01703287 -0.14334951
v -0.09611217 -0.09725653 -0.14192413
v -0.08084521 -0.09845053 -0.15004541
v -0.09592464 -0.10965862 -0.13617125
v -0.09457789 -0.12896989 -0.12505648
v -0.08368856 0.26435751 -0.06605407
v -0.08923353 0.26380286 -0.05868375
v -0.090449 -0.21467589 -0.04536745
v -0.09025026 0.0911941 -0.03058591
v -0.08697037 0.1059057 -0.01306906
v -0.0874788 0.107151 -9.258E-05
v -0.08697037 0.1059057 -0.01306906
v -0.08583125 0.2408779 0.01092259
v -0.08583125 0.2408779 0.01092259
v -0.0894351 0.24822479 0.02408446
v -0.07712301 0.23590516 0.03654789
v -0.07883839 0.23176906 0.02243186
v -0.07401692 -0.22705406 0.07304789
v -0.08644485 0.26458582 0.07423014
v -0.08399909 -0.07485823 -0.15609664
v -0.08212382 -0.08811256 -0.15326858
v -0.09842607 -0.08689743 -0.14443715
v -0.08212382 -0.08811256 -0.15326858
v -0.09242871 -0.19890758 -0.06123381
v -0.09113002 0.26754755 -0.05605034
v -0.0834028 0.26803011 -0.06600635
v -0.09113002 0.26754755 -0.05605034
v -0.09270252 0.07654743 -0.04675431
v -0.09571277 0.26385614 -0.04836377
v -0.09797817 0.26002356 -0.03604991
v -0.09577285 -0.21831813 -0.03038713
v -0.09058699 0.24988319 -0.01828706
v -0.09527192 -0.22682372 -0.01171342
v -0.09329643 0.09298059 -0.01821701
v -0.09397183 -0.22785062 -0.0009465
v -0.09144869 0.24890712 -0.0011766
v -0.09843599 -0.22702739 0.01382104
v -0.0927297 0.26668081 0.06651817
v -0.08703146 -0.1988343 0.08546695
v -0.09226153 -0.05665053 -0.1533995
v -0.09946328 -0.07381041 -0.14737497
v -0.10108573 -0.06157105 -0.14775334
v -0.09842607 -0.08689743 -0.14443715
v -0.10232281 -0.14678016 -0.10545906
v -0.10462426 -0.16768534 -0.08398854
v -0.09576395 0.25522459 -0.02007628
v -0.09329643 0.09298059 -0.01821701
v -0.09479805 0.09293991 -0.0059225
v -0.09696301 0.25473908 -0.00016722
v -0.09792809 -0.22686091 0.00254118
v -0.09292205 0.25068972 0.01064997
v -0.09843599 -0.22702739 0.01382104
v -0.09677172 0.25548545 0.022435
v -0.09762506 0.26508507 0.05825486
v -0.1011681 -0.05176524 -0.14787033
v -0.1011681 -0.05176524 -0.14787033
v -0.10811995 -0.00143285 -0.12793632
v -0.1008898 -0.19242559 -0.05701157
v -0.0970221 0.26875317 -0.04583358
v -0.10613461 0.06213787 -0.0451229
v -0.10276111 0.26420176 -0.0345121
v -0.10226026 0.07910082 -0.01946164
v -0.10189556 -0.21752268 -0.01555614
v -0.10284374 0.26055923 -0.02104022
v -0.10735509 0.26245672 -0.00380662
v -0.09938905 0.26268178 0.05150451
v -0.11160816 -0.0389749 -0.1392031
v -0.09740732 -0.0356828 -0.14852542
v -0.11344355 -0.08472791 -0.13401182
v -0.11299105 -0.01361102 -0.13083564
v -0.11272422 -0.09540151 -0.13029282
v -0.10899259 -0.1897952 -0.04669201
v -0.10152707 0.06082892 -0.05495154
v -0.10260874 0.26971826 -0.03348863
v -0.10689837 0.26405451 -0.01991594
v -0.10226026 0.07910082 -0.01946164
v -0.1053621 -0.2161824 -0.0052408
v -0.10074607 -0.22205576 0.02585047
v -0.10302428 0.26303482 0.04288365
v -0.10714722 0.2641294 0.02856004
v -0.10156492 0.26748216 0.05111282
v -0.10637193 0.26640958 0.03598383
v -0.10156492 0.26748216 0.05111282
v -0.09727555 -0.01703287 -0.14334951
v -0.11359693 -0.02749885 -0.13527399
v -0.1145371 -0.07236858 -0.13656412
v -0.11299105 -0.01361102 -0.13083564
v -0.11056862 -0.10936267 -0.1250733
v -0.11644051 -0.16864802 -0.06736972
v -0.11031704 0.06405725 -0.03216935
v -0.1061261 0.26750708 -0.02532126
v -0.10624205 0.27096397 -0.01758626
v -0.10544132 -0.21816413 0.01404338
v -0.10718738 0.26269537 0.0148895
v -0.10700725 0.26915523 0.03359561
v -0.10637193 0.26640958 0.03598383
v -0.11603299 -0.04763195 -0.13664393
v -0.11545312 -0.062016 -0.13714713
v -0.11344355 -0.08472791 -0.13401182
v -0.11298198 -0.12541538 -0.11114124
v -0.11962472 -0.12443442 -0.10404428
v -0.11188931 -0.15336885 -0.08888771
v -0.12387389 -0.16869423 -0.05534223
v -0.11393829 -0.19304113 -0.03221675
v -0.11461072 0.06276792 -0.02026783
v -0.11461072 0.06276792 -0.02026783
v -0.12436555 -0.19124965 0.00318037
v -0.10999753 0.26750135 0.0101485
v -0.10700725 0.26915523 0.03359561
v -0.1129752 -0.19275546 0.05477392
v -0.12065764 -0.00526442 -0.11965118
v -0.12309854 -0.108316 -0.11338796
v -0.12116349 -0.15429893 -0.07603721
v -0.12862292 -0.16942224 -0.045435
v -0.11866257 -0.19409066 -0.01670688
v -0.11973292 -0.19587891 -0.00653449
v -0.12167046 -0.17325361 0.06907
v -0.12470735 -0.03060015 -0.126747
v -0.12155721 -0.01818631 -0.12535065
v -0.12909304 -0.09098482 -0.11650956
v -0.13233708 -0.16965958 -0.03584814
v -0.11031704 0.06405725 -0.03216935
v -0.12566037 0.04744545 -0.0320951
v -0.12485248 -0.19139953 0.01544613
v -0.12863229 -0.04552175 -0.12536605
v -0.12925108 -0.15685122 -0.06047657
v -0.12916416 0.04702296 -0.01973958
v -0.13169602 -0.05866381 -0.12236753
v -0.1296398 -0.07272029 -0.12238473
v -0.1296398 -0.07272029 -0.12238473
v -0.1145371 -0.07236858 -0.13656412
v -0.13137361 -0.01687811 -0.11519832
v -0.13051066 0.04695829 -0.00920764
v -0.13559484 -0.17230478 0.03913216
v -0.130907 -0.17217712 0.05245126
v -0.13010918 -0.16443364 0.06579338
v -0.12924179 -0.13603568 0.09937972
v -0.12924179 -0.13603568 0.09937972
v -0.13735799 -0.11829875 0.10634742
v -0.13968641 -0.10708012 -0.09435112
v -0.13182651 -0.13004203 -0.08304138
v -0.13998483 -0.13250425 -0.06841552
v -0.13762465 -0.17159595 -0.01281698
v -0.13862242 -0.17212133 0.02636199
v -0.12701529 -0.01192368 0.12958629
v -0.13712977 -0.03859865 -0.11551588
v -0.13978747 -0.17200515 0.00560193
v -0.14034675 -0.13675383 0.08187085
v -0.1425962 -0.06553549 -0.10945842
v -0.1425962 -0.06553549 -0.10945842
v -0.1296398 -0.07272029 -0.12238473
v -0.14073184 -0.08017538 -0.10768463
v -0.14073184 -0.08017538 -0.10768463
v -0.14374411 -0.09377398 -0.09744631
v -0.14516057 -0.14012706 -0.04881806
v -0.14033982 -0.17202312 0.01679577
v -0.1396867 -0.15926191 0.05120856
v -0.14200824 -0.14524885 0.06737581
v -0.13735799 -0.11829875 0.10634742
v -0.15072015 -0.04939861 -0.09995111
v -0.14913937 -0.10790511 -0.0801484
v -0.14709987 -0.14639871 -0.03305897
v -0.14930399 0.02705396 -0.0202951
v -0.14844564 0.02505287 -0.03343846
v -0.14503135 -0.15678345 0.03754937
v -0.14889555 -0.08133413 -0.09695683
v -0.15182942 -0.1449405 -0.01533235
v -0.15031166 -0.11867979 0.08546717
v -0.15072015 -0.04939861 -0.09995111
v -0.15054195 -0.06652935 -0.09945646
v -0.15054195 -0.06652935 -0.09945646
v -0.15733661 -0.09189056 -0.07870544
v -0.15385339 0.00543004 -0.06443442
v -0.15814403 -0.10771612 -0.06473247
v -0.1534539 -0.13500242 -0.03398545
v -0.15532625 -0.1409499 6.75E-06
v -0.15563057 -0.14100857 0.01920713
v -0.15217519 -0.14434898 0.03513873
v -0.16095363 -0.12127176 0.05591331
v -0.1550155 -0.10793711 0.0890615
v -0.14150806 -0.10723196 0.11092058
v -0.15623014 -0.02944255 0.09944463
v -0.14627086 0.01552235 -0.06369765
v -0.15385339 0.00543004 -0.06443442
v -0.15384471 0.0137578 -0.04972563
v -0.15707858 0.01581934 -0.03293616
v -0.15375745 -0.12666044 0.06721482
v -0.14825955 -0.06855501 0.11672183
v -0.16070867 -0.06825461 0.09679347
v -0.14769457 -0.08346511 0.1138424
v -0.14825247 -0.03088706 -0.10032371
v -0.16005901 -0.03774941 -0.08400077
v -0.16093943 -0.05201781 -0.08449447
v -0.16068615 -0.06668964 -0.0842607
v -0.16005901 -0.03774941 -0.08400077
v -0.14889555 -0.08133413 -0.09695683
v -0.15961422 -0.08347883 -0.07982006
v -0.15924524 -0.00451789 -0.06529301
v -0.16470726 -0.10826682 -0.0494632
v -0.15707858 0.01581934 -0.03293616
v -0.16227809 -0.1086396 0.07211117
v -0.15933502 -0.01276563 0.08359891
v -0.14626673 -0.03447479 0.11618314
v -0.15623014 -0.02944255 0.09944463
v -0.16046378 -0.04899839 0.09668695
v -0.14917852 -0.05168376 0.11491575
v -0.15961422 -0.08347883 -0.07982006
v -0.15924524 -0.00451789 -0.06529301
v -0.16914332 -0.10989402 -0.03233862
v -0.1725634 -0.10930891 -0.017256
v -0.15933502 -0.01276563 0.08359891
v -0.16418353 -0.03023281 0.08366413
v -0.16771591 -0.04687903 -0.07105868
v -0.15879522 -0.02827232 -0.08330201
v -0.16693951 -0.03003121 -0.06830386
v -0.17134258 -0.06819712 -0.06415895
v -0.16670024 -0.08766731 -0.0634957
v -0.16319665 -0.01365877 -0.06625833
v -0.16650774 0.00629539 -0.01846446
v -0.17361742 -0.1101473 0.00086379
v -0.16570784 -0.12102737 0.03529395
v -0.16754514 -0.10910679 0.0561148
v -0.16418353 -0.03023281 0.08366413
v -0.16756739 -0.06949679 0.08137763
v -0.16670024 -0.08766731 -0.0634957
v -0.17157178 -0.0480455 -0.06235911
v -0.1692657 -0.0132084 -0.04942458
v -0.16991396 -0.09368636 -0.05024116
v -0.17005181 0.00261219 0.00161516
v -0.1704943 0.00139731 0.01334303
v -0.17400216 -0.10948198 0.01942592
v -0.16989456 0.00071172 0.0270619
v -0.1682875 -0.02967922 0.07283875
v -0.1682875 -0.02967922 0.07283875
v -0.16973324 -0.04933308 0.0758104
v -0.17406192 -0.02964152 -0.04871038
v -0.1740481 -0.08042919 -0.04937544
v -0.1740481 -0.08042919 -0.04937544
v -0.17535651 -0.0888211 -0.03668491
v -0.17186803 -0.10891713 0.03776917
v -0.17326207 -0.01165541 0.03982553
v -0.17486207 -0.09624792 0.03991038
v -0.17259677 -0.06843027 0.06824242
v -0.17156528 -0.05557606 0.07093387
v -0.17651059 -0.06814311 -0.04911132
v -0.17640719 -0.0475579 -0.04839507
v -0.17725354 -0.02955217 -0.035143
v -0.17406192 -0.02964152 -0.04871038
v -0.17640719 -0.0475579 -0.04839507
v -0.17301802 -0.01273211 -0.03435962
v -0.17543568 -0.01309613 -0.02090107
v -0.17679515 -0.09563236 -0.01754572
v -0.17704286 -0.01241547 0.00018488
v -0.17769085 -0.096623 -0.00102442
v -0.17597242 -0.01198732 0.02379213
v -0.17742948 -0.09771684 0.01643079
v -0.17825142 -0.09084371 0.0261331
v -0.17597242 -0.01198732 0.02379213
v -0.17728242 -0.08327954 0.04101752
v -0.17659955 -0.04044589 0.05084812
v -0.17658754 -0.05324167 0.05399312
v -0.17874449 -0.04821848 -0.03851943
v -0.17651059 -0.06814311 -0.04911132
v -0.17908815 -0.06839889 -0.03826834
v -0.1797775 -0.08225212 -0.01981912
v -0.17957753 -0.02964858 -0.02096564
v -0.18121938 -0.04381299 -0.02128165
v -0.17704286 -0.01241547 0.00018488
v -0.18119189 -0.02926633 0.00106533
v -0.18088257 -0.08258041 -0.00094583
v -0.18068422 -0.08234283 0.01435675
v -0.17969011 -0.05152939 0.03883747
v -0.1812309 -0.06844947 0.03047901
v -0.18227227 -0.06779438 -0.01800781
v -0.18298785 -0.04724006 0.00046757
v -0.18313113 -0.06875408 -0.00072502
v -0.18289436 -0.06780702 0.0124765
v -0.18280327 -0.04861021 0.01122296
vt 0.49663 0.76689
vt 0.49797 0.77783
vt 0.51465 0.77265
vt 0.53299 0.77614
vt 0.52409 0.76692
vt 0.49863 0.79009
vt 0.48407 0.79921
vt 0.49765 0.80246
vt 0.51514 0.76143
vt 0.50603 0.75779
vt 0.48597 0.77512
vt 0.48115 0.81203
vt 0.51384 0.79322
vt 0.5076 0.80811
vt 0.52269 0.80702
vt 0.46514 0.80583
vt 0.5209 0.82555
vt 0.50701 0.82969
vt 0.52235 0.83241
vt 0.5415 0.79337
vt 0.53809 0.78458
vt 0.52456 0.79165
vt 0.43922 0.81919
vt 0.42537 0.82052
vt 0.43897 0.83118
vt 0.4483 0.83943
vt 0.45026 0.82332
vt 0.46455 0.7815
vt 0.47404 0.78247
vt 0.48588 0.76505
vt 0.44692 0.80237
vt 0.45251 0.78447
vt 0.4396 0.79057
vt 0.53334 0.8023
vt 0.48272 0.83181
vt 0.49506 0.81495
vt 0.46432 0.82193
vt 0.47244 0.8285
vt 0.4903 0.85851
vt 0.50308 0.85487
vt 0.48632 0.8455
vt 0.4612 0.79335
vt 0.46264 0.83729
vt 0.51392 0.81616
vt 0.52034 0.86045
vt 0.5206 0.84559
vt 0.54424 0.80402
vt 0.46124 0.85207
vt 0.47494 0.85649
vt 0.47175 0.8422
vt 0.46994 0.86936
vt 0.48201 0.87135
vt 0.45706 0.8131
vt 0.4429 0.85548
vt 0.45118 0.86142
vt 0.95139 0.08958
vt 0.95285 0.08227
vt 0.96245 0.08817
vt 0.50353 0.86886
vt 0.51151 0.86561
vt 0.48669 0.75469
vt 0.50882 0.78123
vt 0.4294 0.83493
vt 0.4601 0.86629
vt 0.46212 0.75791
vt 0.45055 0.76359
vt 0.42484 0.81256
vt 0.4312 0.80955
vt 0.5072 0.84116
vt 0.5272 0.85476
vt 0.49466 0.87084
vt 0.48536 0.7865
vt 0.5256 0.82093
vt 0.54006 0.81467
vt 0.54424 0.82259
vt 0.59631 0.99148
vt 0.58353 0.99113
vt 0.58717 0.98432
vt 0.53445 0.84661
vt 0.54139 0.8342
vt 0.49424 0.83333
vt 0.43575 0.84658
vt 0.50946 0.26652
vt 0.50652 0.27268
vt 0.49908 0.27123
vt 0.43161 0.78336
vt 0.43884 0.77319
vt 0.48774 0.89314
vt 0.49307 0.88698
vt 0.49307 0.89635
vt 0.50048 0.26584
vt 0.47757 0.7549
vt 0.43844 0.79246
vt 0.42719 0.79332
vt 0.42502 0.80385
vt 0.94403 0.08461
vt 0.69271 0.72472
vt 0.67974 0.71542
vt 0.68918 0.70186
vt 0.67146 0.73065
vt 0.65862 0.72442
vt 0.6676 0.70752
vt 0.64879 0.71752
vt 0.65639 0.70165
vt 0.86667 0.64165
vt 0.88344 0.63093
vt 0.86862 0.61414
vt 0.68223 0.73991
vt 0.66209 0.7447
vt 0.68973 0.75999
vt 0.67269 0.75012
vt 0.69278 0.74603
vt 0.64157 0.73427
vt 0.88301 0.60131
vt 0.90036 0.61895
vt 0.67645 0.76622
vt 0.65878 0.75704
vt 0.64443 0.75304
vt 0.92219 0.61529
vt 0.90853 0.60753
vt 0.8926 0.59114
vt 0.66652 0.77403
vt 0.91965 0.59737
vt 0.90377 0.58325
vt 0.65155 0.76836
vt 0.62846 0.75663
vt 0.94257 0.61442
vt 0.95302 0.59911
vt 0.69803 0.68558
vt 0.66798 0.6879
vt 0.68658 0.67692
vt 0.67559 0.6739
vt 0.83584 0.66335
vt 0.8518 0.6551
vt 0.82182 0.64675
vt 0.70271 0.70973
vt 0.71398 0.71574
vt 0.83705 0.63616
vt 0.70501 0.73122
vt 0.85164 0.62411
vt 0.70697 0.74854
vt 0.8704 0.58694
vt 0.6918 0.77345
vt 0.67549 0.77985
vt 0.65984 0.79086
vt 0.64386 0.78307
vt 0.93276 0.58029
vt 0.9546 0.57695
vt 0.71866 0.69899
vt 0.70633 0.69194
vt 0.71661 0.73448
vt 0.83967 0.6106
vt 0.85554 0.60173
vt 0.71606 0.75802
vt 0.70807 0.76823
vt 0.88897 0.57016
vt 0.69006 0.78729
vt 0.9135 0.56156
vt 0.67767 0.7976
vt 0.66374 0.81168
vt 0.94193 0.56789
vt 0.65085 0.80572
vt 0.64124 0.8003
vt 0.40496 0.41927
vt 0.39532 0.4043
vt 0.40996 0.3997
vt 0.70501 0.66321
vt 0.7145 0.67291
vt 0.7241 0.68022
vt 0.68648 0.65469
vt 0.81341 0.67368
vt 0.73585 0.70802
vt 0.72681 0.72183
vt 0.822 0.61965
vt 0.73048 0.74142
vt 0.72885 0.75156
vt 0.84327 0.58885
vt 0.8575 0.57519
vt 0.7103 0.7825
vt 0.87086 0.55717
vt 0.89883 0.55029
vt 0.92317 0.54857
vt 0.38424 0.40608
vt 0.38976 0.38219
vt 0.4022 0.37941
vt 0.95469 0.54886
vt 0.42334 0.39513
vt 0.41642 0.37553
vt 0.7395 0.68902
vt 0.81049 0.63192
vt 0.7412 0.73079
vt 0.7287 0.76508
vt 0.72257 0.77663
vt 0.72217 0.78817
vt 0.70704 0.79488
vt 0.69329 0.80571
vt 0.67672 0.81622
vt 0.66697 0.83299
vt 0.64871 0.82603
vt 0.9438 0.53981
vt 0.93144 0.53325
vt 0.37342 0.38818
vt 0.14167 0.69095
vt 0.12419 0.70294
vt 0.12984 0.68466
vt 0.11072 0.68246
vt 0.15498 0.69648
vt 0.14851 0.71365
vt 0.13656 0.70975
vt 0.79637 0.68385
vt 0.80093 0.65695
vt 0.16687 0.71615
vt 0.79094 0.64205
vt 0.7537 0.71838
vt 0.79856 0.61836
vt 0.82065 0.5831
vt 0.74293 0.75258
vt 0.83877 0.56413
vt 0.72123 0.80367
vt 0.86411 0.54534
vt 0.9169 0.52743
vt 0.90448 0.53661
vt 0.37103 0.36898
vt 0.38499 0.36791
vt 0.40663 0.35946
vt 0.42778 0.36948
vt 0.78327 0.66464
vt 0.17189 0.69995
vt 0.75318 0.69788
vt 0.75076 0.67699
vt 0.75305 0.73697
vt 0.80231 0.59471
vt 0.74595 0.7718
vt 0.73973 0.785
vt 0.85188 0.54588
vt 0.70505 0.81193
vt 0.87436 0.5333
vt 0.69626 0.82568
vt 0.67982 0.8387
vt 0.43974 0.36565
vt 0.42569 0.35233
vt 0.35381 0.3924
vt 0.35899 0.3749
vt 0.11637 0.66175
vt 0.16011 0.67556
vt 0.0913 0.67238
vt 0.77296 0.65058
vt 0.7805 0.62782
vt 0.77079 0.72728
vt 0.78728 0.60229
vt 0.76694 0.7428
vt 0.75769 0.75811
vt 0.80356 0.56447
vt 0.74085 0.79923
vt 0.81994 0.54633
vt 0.71789 0.8183
vt 0.88159 0.51279
vt 0.90021 0.51995
vt 0.92985 0.51504
vt 0.94784 0.51988
vt 0.34696 0.37891
vt 0.37701 0.34889
vt 0.39763 0.34253
vt 0.14795 0.67079
vt 0.13476 0.66481
vt 0.18216 0.68093
vt 0.17229 0.6751
vt 0.19215 0.69839
vt 0.76844 0.68518
vt 0.76582 0.70401
vt 0.78646 0.57467
vt 0.83264 0.53115
vt 0.84188 0.52179
vt 0.85313 0.51459
vt 0.71065 0.83343
vt 0.9116 0.50743
vt 0.66589 0.84758
vt 0.35817 0.3547
vt 0.41274 0.33592
vt 0.12423 0.64199
vt 0.76324 0.68046
vt 0.75445 0.66311
vt 0.76558 0.63387
vt 0.77947 0.69146
vt 0.7761 0.71061
vt 0.76883 0.60951
vt 0.70151 0.84858
vt 0.33867 0.36049
vt 0.9477 0.49415
vt 0.42656 0.32848
vt 0.15703 0.64802
vt 0.14147 0.646
vt 0.16871 0.6555
vt 0.10612 0.65374
vt 0.19699 0.67846
vt 0.20547 0.69764
vt 0.78956 0.69748
vt 0.79336 0.71802
vt 0.76852 0.58086
vt 0.79528 0.75715
vt 0.78607 0.54738
vt 0.80229 0.53709
vt 0.81429 0.53147
vt 0.82088 0.52002
vt 0.74795 0.81867
vt 0.74542 0.83477
vt 0.88281 0.49169
vt 0.68413 0.86987
vt 0.92876 0.4872
vt 0.66426 0.86696
vt 0.35413 0.3336
vt 0.36665 0.32909
vt 0.38039 0.32358
vt 0.39322 0.31636
vt 0.08978 0.64488
vt 0.10304 0.6288
vt 0.18788 0.65929
vt 0.74514 0.63987
vt 0.77124 0.55661
vt 0.80208 0.77553
vt 0.79801 0.78755
vt 0.79072 0.7974
vt 0.77989 0.80749
vt 0.82644 0.50728
vt 0.85434 0.49225
vt 0.73074 0.85001
vt 0.90609 0.48416
vt 0.70036 0.87017
vt 0.33323 0.33898
vt 0.40504 0.30891
vt 0.11482 0.63053
vt 0.23411 0.69564
vt 0.23523 0.71
vt 0.21781 0.69648
vt 0.75517 0.58701
vt 0.83602 0.49771
vt 0.34293 0.33371
vt 0.14521 0.63554
vt 0.18365 0.64885
vt 0.20219 0.66291
vt 0.73579 0.67493
vt 0.73114 0.64835
vt 0.22143 0.67624
vt 0.21056 0.67726
vt 0.74879 0.62087
vt 0.73887 0.59855
vt 0.78498 0.5009
vt 0.77854 0.82195
vt 0.86745 0.48125
vt 0.67483 0.89129
vt 0.6884 0.88823
vt 0.95213 0.46727
vt 0.65963 0.88787
vt 0.42146 0.30359
vt 0.34632 0.31021
vt 0.3605 0.30826
vt 0.37812 0.30156
vt 0.21623 0.65495
vt 0.24082 0.67635
vt 0.81582 0.73639
vt 0.79062 0.73425
vt 0.80634 0.74544
vt 0.75598 0.56258
vt 0.77035 0.51798
vt 0.76769 0.52812
vt 0.79735 0.47999
vt 0.77824 0.83546
vt 0.84162 0.47744
vt 0.73145 0.86905
vt 0.88044 0.47513
vt 0.93463 0.4624
vt 0.33863 0.31272
vt 0.17334 0.6363
vt 0.16416 0.62554
vt 0.19946 0.63849
vt 0.71546 0.65886
vt 0.73409 0.57553
vt 0.26567 0.70791
vt 0.75311 0.535
vt 0.77628 0.50721
vt 0.76987 0.8474
vt 0.90498 0.45748
vt 0.32537 0.31657
vt 0.40649 0.28724
vt 0.15311 0.61908
vt 0.13011 0.6277
vt 0.13725 0.61151
vt 0.11198 0.60734
vt 0.20991 0.64621
vt 0.22711 0.65228
vt 0.73469 0.62344
vt 0.72571 0.60203
vt 0.26492 0.68539
vt 0.74625 0.56678
vt 0.80424 0.81962
vt 0.79151 0.49228
vt 0.76552 0.85983
vt 0.85073 0.46467
vt 0.73569 0.88171
vt 0.70284 0.89323
vt 0.31714 0.34054
vt 0.41834 0.28325
vt 0.38945 0.29505
vt 0.18119 0.61534
vt 0.18592 0.63271
vt 0.70999 0.62915
vt 0.82426 0.75627
vt 0.81659 0.76888
vt 0.21196 0.38882
vt 0.20306 0.3858
vt 0.2259 0.38498
vt 0.21077 0.38001
vt 0.81093 0.80732
vt 0.18926 0.38922
vt 0.51048 0.93913
vt 0.49348 0.94099
vt 0.48785 0.94378
vt 0.19491 0.38023
vt 0.18192 0.38537
vt 0.79777 0.83136
vt 0.80098 0.46523
vt 0.85516 0.44754
vt 0.25632 0.3618
vt 0.25733 0.34996
vt 0.2883 0.34523
vt 0.28921 0.33151
vt 0.30426 0.3471
vt 0.30705 0.32054
vt 0.37636 0.27597
vt 0.09178 0.60751
vt 0.10465 0.58784
vt 0.24588 0.64998
vt 0.70441 0.60336
vt 0.83097 0.75024
vt 0.23526 0.38839
vt 0.24336 0.38488
vt 0.53247 0.93033
vt 0.54685 0.92033
vt 0.52345 0.93059
vt 0.23848 0.37984
vt 0.82483 0.78751
vt 0.22557 0.38162
vt 0.22907 0.37711
vt 0.74866 0.50539
vt 0.21766 0.37448
vt 0.8203 0.80018
vt 0.58264 0.00705
vt 0.5767 0.00091
vt 0.56182 0.00705
vt 0.48643 0.93869
vt 0.47215 0.94087
vt 0.17438 0.38002
vt 0.16684 0.3901
vt 0.46499 0.94427
vt 0.1242 0.96735
vt 0.13621 0.95899
vt 0.13351 0.96605
vt 0.13337 0.9544
vt 0.79083 0.84731
vt 0.7675 0.86957
vt 0.90825 0.43758
vt 0.88278 0.45125
vt 0.95294 0.44536
vt 0.9305 0.43963
vt 0.32209 0.30478
vt 0.38929 0.27094
vt 0.35237 0.28539
vt 0.36416 0.27902
vt 0.1733 0.60331
vt 0.1336 0.58987
vt 0.12457 0.61103
vt 0.12227 0.58589
vt 0.21243 0.6258
vt 0.72022 0.57908
vt 0.28738 0.70739
vt 0.73692 0.5403
vt 0.725 0.54993
vt 0.25254 0.3901
vt 0.26419 0.38825
vt 0.2534 0.38089
vt 0.53994 0.92131
vt 0.52368 0.92672
vt 0.49933 0.93069
vt 0.75686 0.48786
vt 0.47056 0.93613
vt 0.45983 0.93856
vt 0.77555 0.4776
vt 0.14418 0.95592
vt 0.44728 0.941
vt 0.14966 0.94689
vt 0.14645 0.94244
vt 0.78936 0.85957
vt 0.81889 0.4606
vt 0.28984 0.3214
vt 0.30333 0.3004
vt 0.33441 0.29064
vt 0.28742 0.69268
vt 0.26812 0.3833
vt 0.26368 0.38054
vt 0.84429 0.76719
vt 0.73495 0.51138
vt 0.83919 0.77978
vt 0.54012 0.91665
vt 0.52336 0.92136
vt 0.74525 0.49677
vt 0.7633 0.48223
vt 0.47726 0.9317
vt 0.81751 0.83963
vt 0.44458 0.9358
vt 0.1542 0.94604
vt 0.82582 0.44801
vt 0.24748 0.33876
vt 0.8852 0.43633
vt 0.94757 0.42358
vt 0.92337 0.42303
vt 0.40281 0.26685
vt 0.4192 0.26217
vt 0.23448 0.63296
vt 0.22335 0.631
vt 0.24499 0.66787
vt 0.26915 0.666
vt 0.2891 0.67939
vt 0.29937 0.73276
vt 0.2953 0.74351
vt 0.30018 0.74317
vt 0.18513 0.05483
vt 0.19465 0.0606
vt 0.18915 0.06287
vt 0.56125 0.9049
vt 0.555 0.90771
vt 0.3065 0.72344
vt 0.19493 0.07551
vt 0.20289 0.09904
vt 0.18612 0.08452
vt 0.84546 0.79585
vt 0.54032 0.9109
vt 0.52117 0.91351
vt 0.50442 0.91992
vt 0.84024 0.80677
vt 0.57429 0.01759
vt 0.57345 0.02932
vt 0.59115 0.02096
vt 0.83248 0.81774
vt 0.82582 0.83017
vt 0.48077 0.92319
vt 0.46221 0.92925
vt 0.81275 0.85174
vt 0.44424 0.93211
vt 0.42881 0.93071
vt 0.43102 0.935
vt 0.16007 0.93446
vt 0.78925 0.87162
vt 0.15913 0.93122
vt 0.7684 0.88206
vt 0.24795 0.32785
vt 0.2886 0.30982
vt 0.31744 0.29389
vt 0.17532 0.05409
vt 0.17184 0.04666
vt 0.17739 0.05861
vt 0.30869 0.69652
vt 0.18299 0.0669
vt 0.31016 0.7108
vt 0.1755 0.07304
vt 0.72091 0.51431
vt 0.51398 0.90454
vt 0.49727 0.91224
vt 0.48303 0.90824
vt 0.5471 0.01917
vt 0.52586 0.01995
vt 0.54875 0.03155
vt 0.4624 0.92086
vt 0.77752 0.46389
vt 0.81047 0.86244
vt 0.44178 0.92857
vt 0.16673 0.93441
vt 0.22234 0.36575
vt 0.21901 0.35442
vt 0.85101 0.43009
vt 0.90309 0.42032
vt 0.32893 0.27488
vt 0.39146 0.25151
vt 0.34435 0.27136
vt 0.35648 0.26256
vt 0.36793 0.25691
vt 0.25283 0.63625
vt 0.27822 0.64703
vt 0.28982 0.66754
vt 0.29133 0.75884
vt 0.30983 0.67827
vt 0.55514 0.89895
vt 0.85924 0.77816
vt 0.85381 0.7869
vt 0.84712 0.82569
vt 0.84208 0.83824
vt 0.83789 0.85077
vt 0.4419 0.92353
vt 0.41478 0.92054
vt 0.17427 0.92694
vt 0.82887 0.43739
vt 0.78823 0.43842
vt 0.86855 0.41541
vt 0.92657 0.40667
vt 0.2841 0.29855
vt 0.31257 0.27875
vt 0.20487 0.61358
vt 0.22465 0.60803
vt 0.70333 0.58278
vt 0.67421 0.58633
vt 0.16684 0.05108
vt 0.1702 0.05894
vt 0.70389 0.55534
vt 0.69898 0.52935
vt 0.29343 0.76803
vt 0.56837 0.88365
vt 0.32985 0.70904
vt 0.54042 0.90049
vt 0.53126 0.89614
vt 0.86867 0.79744
vt 0.86036 0.81196
vt 0.59031 0.03277
vt 0.58915 0.04754
vt 0.49411 0.90312
vt 0.56048 0.03014
vt 0.57161 0.04717
vt 0.55595 0.04706
vt 0.47124 0.90838
vt 0.53027 0.03951
vt 0.54398 0.04528
vt 0.83185 0.8625
vt 0.44414 0.91523
vt 0.78512 0.4484
vt 0.8105 0.87241
vt 0.79101 0.88162
vt 0.41113 0.92445
vt 0.17614 0.91768
vt 0.82478 0.42448
vt 0.22542 0.34107
vt 0.2429 0.31562
vt 0.29157 0.2894
vt 0.95064 0.40277
vt 0.29844 0.28411
vt 0.41101 0.24402
vt 0.23637 0.6213
vt 0.25377 0.62399
vt 0.15936 0.04799
vt 0.29049 0.768
vt 0.15702 0.07388
vt 0.70483 0.51593
vt 0.33408 0.69101
vt 0.54483 0.87904
vt 0.18218 0.09882
vt 0.1668 0.09561
vt 0.51541 0.89594
vt 0.18139 0.11417
vt 0.16733 0.1041
vt 0.88351 0.81063
vt 0.86978 0.83639
vt 0.86114 0.847
vt 0.45795 0.90901
vt 0.82861 0.87313
vt 0.18855 0.96333
vt 0.1903 0.97357
vt 0.17847 0.97615
vt 0.5135 0.04116
vt 0.51506 0.02064
vt 0.50298 0.02609
vt 0.81826 0.88418
vt 0.41703 0.91659
vt 0.16831 0.94019
vt 0.18217 0.92788
vt 0.17966 0.94818
vt 0.18385 0.93945
vt 0.1988 0.3697
vt 0.7902 0.43042
vt 0.40451 0.91708
vt 0.20083 0.343
vt 0.90682 0.40352
vt 0.89903 0.39158
vt 0.37457 0.24387
vt 0.33979 0.25782
vt 0.29676 0.65002
vt 0.58438 0.86765
vt 0.57772 0.88473
vt 0.33252 0.67511
vt 0.35216 0.70518
vt 0.52996 0.88754
vt 0.87913 0.81931
vt 0.87569 0.82778
vt 0.59008 0.05761
vt 0.57235 0.06123
vt 0.58312 0.17748
vt 0.57652 0.19039
vt 0.56398 0.18243
vt 0.55607 0.06156
vt 0.8587 0.86046
vt 0.55273 0.17799
vt 0.54644 0.18843
vt 0.54116 0.17765
vt 0.54194 0.05551
vt 0.85297 0.86933
vt 0.52589 0.05846
vt 0.44781 0.90297
vt 0.42407 0.91443
vt 0.19127 0.95222
vt 0.19571 0.35695
vt 0.39241 0.91127
vt 0.19494 0.90587
vt 0.18835 0.91652
vt 0.22039 0.32932
vt 0.84328 0.41127
vt 0.27945 0.28315
vt 0.38835 0.23871
vt 0.40254 0.23108
vt 0.32085 0.26409
vt 0.24654 0.60154
vt 0.31763 0.65928
vt 0.28829 0.7795
vt 0.68507 0.56006
vt 0.36166 0.69426
vt 0.87788 0.78841
vt 0.88917 0.80413
vt 0.60325 0.18797
vt 0.5872 0.19519
vt 0.58674 0.18524
vt 0.17371 0.11941
vt 0.16053 0.11075
vt 0.15393 0.11963
vt 0.59115 0.07068
vt 0.57225 0.072
vt 0.88831 0.84671
vt 0.56249 0.19506
vt 0.55595 0.07759
vt 0.8718 0.85308
vt 0.54291 0.06634
vt 0.53492 0.19202
vt 0.52813 0.17552
vt 0.51703 0.17953
vt 0.19681 0.98177
vt 0.84949 0.87672
vt 0.43005 0.89812
vt 0.42726 0.9066
vt 0.16964 0.37263
vt 0.17285 0.35465
vt 0.19706 0.937
vt 0.25469 0.29811
vt 0.28613 0.27559
vt 0.9546 0.38714
vt 0.91981 0.38521
vt 0.30726 0.26792
vt 0.33007 0.25837
vt 0.35996 0.24501
vt 0.21184 0.59655
vt 0.23159 0.58923
vt 0.28195 0.62525
vt 0.29399 0.78617
vt 0.55889 0.87123
vt 0.71703 0.50731
vt 0.69666 0.51113
vt 0.1546 0.09753
vt 0.37198 0.71134
vt 0.60321 0.19918
vt 0.90266 0.81859
vt 0.89609 0.82723
vt 0.58582 0.08005
vt 0.57421 0.08581
vt 0.89431 0.83548
vt 0.8997 0.85199
vt 0.55618 0.09223
vt 0.56739 0.09885
vt 0.88863 0.86212
vt 0.54322 0.08253
vt 0.87135 0.8682
vt 0.52976 0.07442
vt 0.19917 0.96585
vt 0.13964 0.38996
vt 0.14101 0.37654
vt 0.16207 0.38687
vt 0.413 0.90763
vt 0.39286 0.89999
vt 0.20046 0.91418
vt 0.79192 0.41363
vt 0.39249 0.90544
vt 0.19976 0.33059
vt 0.82318 0.41067
vt 0.23317 0.30425
vt 0.29395 0.27222
vt 0.26078 0.61353
vt 0.3171 0.64825
vt 0.68351 0.53351
vt 0.67264 0.53714
vt 0.14369 0.04122
vt 0.14759 0.04859
vt 0.13505 0.04378
vt 0.57647 0.86632
vt 0.35503 0.67977
vt 0.62022 0.1891
vt 0.61582 0.20145
vt 0.15048 0.10201
vt 0.39031 0.69913
vt 0.39273 0.71615
vt 0.16494 0.1275
vt 0.14757 0.13381
vt 0.58747 0.09616
vt 0.15458 0.15006
vt 0.14423 0.15063
vt 0.13026 0.18675
vt 0.13545 0.20156
vt 0.1254 0.19848
vt 0.1466 0.168
vt 0.90996 0.83944
vt 0.14363 0.18587
vt 0.15985 0.16761
vt 0.58496 0.20551
vt 0.57465 0.21432
vt 0.57464 0.20309
vt 0.16982 0.14706
vt 0.575 0.10909
vt 0.56996 0.12091
vt 0.5847 0.13177
vt 0.91205 0.85674
vt 0.56248 0.21201
vt 0.55398 0.10092
vt 0.908 0.871
vt 0.55449 0.11781
vt 0.88578 0.87389
vt 0.54089 0.10078
vt 0.54059 0.11912
vt 0.90165 0.88258
vt 0.54865 0.20078
vt 0.53785 0.20728
vt 0.53074 0.09423
vt 0.87777 0.88374
vt 0.86508 0.87921
vt 0.51326 0.06599
vt 0.03718 0.41927
vt 0.0193 0.40789
vt 0.03851 0.40681
vt 0.21003 0.97515
vt 0.15185 0.36207
vt 0.20987 0.95349
vt 0.20258 0.90714
vt 0.21658 0.31726
vt 0.86974 0.37986
vt 0.29178 0.80171
vt 0.33641 0.65932
vt 0.54821 0.86423
vt 0.6306 0.20012
vt 0.14028 0.08966
vt 0.14058 0.11265
vt 0.13853 0.14197
vt 0.11886 0.19308
vt 0.10965 0.19755
vt 0.13455 0.16996
vt 0.54632 0.22204
vt 0.54857 0.21332
vt 0.52894 0.12057
vt 0.89724 0.89323
vt 0.05773 0.41119
vt 0.1091 0.3965
vt 0.10951 0.38399
vt 0.12326 0.39412
vt 0.12142 0.38049
vt 0.52218 0.19321
vt 0.49937 0.18761
vt 0.43327 0.89031
vt 0.21612 0.96296
vt 0.15544 0.34892
vt 0.40918 0.89112
vt 0.39997 0.89473
vt 0.20389 0.92387
vt 0.20829 0.93776
vt 0.39772 0.89869
vt 0.17528 0.33305
vt 0.37976 0.89808
vt 0.29987 0.4105
vt 0.30049 0.40689
vt 0.31823 0.41198
vt 0.82866 0.39724
vt 0.37632 0.218
vt 0.32977 0.23949
vt 0.34263 0.23401
vt 0.35379 0.22753
vt 0.24937 0.5854
vt 0.23347 0.60003
vt 0.12753 0.03639
vt 0.1336 0.03969
vt 0.59241 0.85396
vt 0.58966 0.85003
vt 0.58329 0.85218
vt 0.13786 0.09665
vt 0.13335 0.13028
vt 0.11565 0.17873
vt 0.12346 0.16552
vt 0.58732 0.21496
vt 0.60182 0.21985
vt 0.58345 0.22374
vt 0.06809 0.39361
vt 0.08595 0.39995
vt 0.05579 0.39865
vt 0.08559 0.38832
vt 0.51479 0.20748
vt 0.50855 0.19659
vt 0.03263 0.39674
vt 0.05057 0.38781
vt 0.13437 0.36425
vt 0.00888 0.39666
vt 0.02125 0.38724
vt 0.22158 0.9242
vt 0.38147 0.89578
vt 0.84866 0.3816
vt 0.2517 0.27869
vt 0.27571 0.26212
vt 0.38738 0.21114
vt 0.31598 0.24454
vt 0.36477 0.22103
vt 0.68487 0.51454
vt 0.66712 0.51553
vt 0.56182 0.85106
vt 0.37712 0.67239
vt 0.37656 0.68668
vt 0.62404 0.21026
vt 0.12004 0.12577
vt 0.12993 0.10892
vt 0.39555 0.6834
vt 0.12266 0.14589
vt 0.59895 0.2313
vt 0.58181 0.23903
vt 0.09554 0.37616
vt 0.1159 0.37043
vt 0.13272 0.35107
vt 0.42019 0.88229
vt 0.15169 0.33674
vt 0.38149 0.89109
vt 0.21198 0.89985
vt 0.21854 0.89853
vt 0.18821 0.31236
vt 0.80243 0.40941
vt 0.21049 0.30186
vt 0.23082 0.28829
vt 0.893 0.37041
vt 0.2866 0.25524
vt 0.40181 0.20498
vt 0.41801 0.19931
vt 0.29935 0.24955
vt 0.09481 0.53178
vt 0.07261 0.5338
vt 0.09984 0.51876
vt 0.29066 0.61139
vt 0.2908 0.81532
vt 0.28776 0.79925
vt 0.11708 0.06546
vt 0.36423 0.65248
vt 0.35652 0.66713
vt 0.54583 0.85234
vt 0.12917 0.08637
vt 0.84275 0.01823
vt 0.85438 0.02187
vt 0.84661 0.02977
vt 0.10826 0.16189
vt 0.1003 0.17757
vt 0.61674 0.2243
vt 0.07142 0.37714
vt 0.03527 0.38072
vt 0.05021 0.37183
vt 0.09661 0.36021
vt 0.50524 0.20565
vt 0.49693 0.19538
vt 0.11746 0.35666
vt 0.7849 0.42275
vt 0.76945 0.39737
vt 0.77012 0.44298
vt 0.01474 0.37625
vt 0.22308 0.95203
vt 0.23545 0.96209
vt 0.22793 0.94459
vt 0.22355 0.91338
vt 0.7913 0.39723
vt 0.82279 0.38457
vt 0.92302 0.36463
vt 0.66591 0.55531
vt 0.65518 0.52481
vt 0.58737 0.83836
vt 0.57745 0.83624
vt 0.86259 0.03244
vt 0.11916 0.10519
vt 0.61472 0.2139
vt 0.60499 0.23329
vt 0.60339 0.25571
vt 0.58652 0.26567
vt 0.07699 0.36425
vt 0.03 0.36813
vt 0.11012 0.34786
vt 0.43412 0.88206
vt 0.1639 0.32206
vt 0.38262 0.88267
vt 0.37752 0.88016
vt 0.36776 0.87942
vt 0.27751 0.40884
vt 0.28019 0.40372
vt 0.31371 0.60886
vt 0.30448 0.62679
vt 0.59542 0.83128
vt 0.38558 0.65787
vt 0.85659 0.00649
vt 0.86731 0.01964
vt 0.11814 0.08137
vt 0.11173 0.09238
vt 0.09584 0.19085
vt 0.07877 0.18825
vt 0.08697 0.18103
vt 0.108 0.11921
vt 0.61699 0.23699
vt 0.61278 0.25619
vt 0.12453 0.33921
vt 0.41062 0.87363
vt 0.24049 0.93439
vt 0.23729 0.92157
vt 0.38191 0.87277
vt 0.37122 0.87987
vt 0.29409 0.40439
vt 0.85611 0.36533
vt 0.24712 0.26024
vt 0.43209 0.16948
vt 0.44386 0.18731
vt 0.29338 0.23121
vt 0.30957 0.22933
vt 0.37429 0.20343
vt 0.3219 0.21781
vt 0.33092 0.21315
vt 0.22601 0.56812
vt 0.22725 0.5563
vt 0.2441 0.56566
vt 0.25829 0.57425
vt 0.26678 0.59575
vt 0.28079 0.58628
vt 0.29342 0.82752
vt 0.29584 0.82393
vt 0.56771 0.83134
vt 0.39698 0.6648
vt 0.85193 0.04507
vt 0.86561 0.042
vt 0.86006 0.05513
vt 0.51738 0.26591
vt 0.51898 0.25376
vt 0.06521 0.35153
vt 0.079 0.3484
vt 0.04264 0.35855
vt 0.09517 0.3439
vt 0.01964 0.35966
vt 0.24627 0.94688
vt 0.12691 0.32408
vt 0.386 0.868
vt 0.25322 0.90988
vt 0.16608 0.30595
vt 0.18835 0.28946
vt 0.82131 0.37099
vt 0.78904 0.38237
vt 0.21085 0.28163
vt 0.27093 0.24715
vt 0.28045 0.23736
vt 0.59239 0.8246
vt 0.34964 0.63013
vt 0.36782 0.63756
vt 0.34154 0.64326
vt 0.55581 0.83405
vt 0.8738 0.01211
vt 0.87624 0.0566
vt 0.87379 0.0718
vt 0.60962 0.27344
vt 0.50217 0.22256
vt 0.48593 0.22242
vt 0.4925 0.21403
vt 0.4298 0.87087
vt 0.42004 0.86245
vt 0.10508 0.33556
vt 0.00053 0.36113
vt 0.1403 0.31214
vt 0.37117 0.87297
vt 0.26034 0.40358
vt 0.22759 0.27121
vt 0.46732 0.16164
vt 0.45668 0.15527
vt 0.40464 0.18157
vt 0.37821 0.19004
vt 0.36228 0.19791
vt 0.3433 0.20558
vt 0.58823 0.82188
vt 0.8803 0.0263
vt 0.09083 0.11312
vt 0.08916 0.1323
vt 0.87702 0.03934
vt 0.88087 0.08733
vt 0.87253 0.0901
vt 0.86693 0.07362
vt 0.50501 0.23482
vt 0.4869 0.2397
vt 0.02597 0.34841
vt 0.40612 0.85852
vt 0.3944 0.85773
vt 0.49417 0.14238
vt 0.51212 0.11513
vt 0.52185 0.1257
vt 0.47982 0.13759
vt 0.22029 0.26071
vt 0.28954 0.57517
vt 0.32051 0.59477
vt 0.29812 0.84331
vt 0.57677 0.81195
vt 0.56063 0.82112
vt 0.06406 0.18494
vt 0.07454 0.19936
vt 0.06183 0.20156
vt 0.8856 0.03464
vt 0.88364 0.07328
vt 0.05106 0.34184
vt 0.07389 0.33541
vt 0.09807 0.32639
vt 0.00657 0.34663
vt 0.12186 0.31528
vt 0.25412 0.93482
vt 0.26021 0.95026
vt 0.25231 0.90219
vt 0.16103 0.2917
vt 0.36363 0.86562
vt 0.24787 0.88409
vt 0.25019 0.8861
vt 0.23047 0.89243
vt 0.23974 0.25019
vt 0.26544 0.2323
vt 0.30386 0.21691
vt 0.30112 0.84426
vt 0.5948 0.81009
vt 0.56664 0.81009
vt 0.88619 0.00596
vt 0.88729 0.01662
vt 0.88925 0.04717
vt 0.89206 0.07009
vt 0.88913 0.08656
vt 0.261 0.92249
vt 0.3719 0.85564
vt 0.263 0.41013
vt 0.25475 0.40671
vt 0.20307 0.26748
vt 0.44923 0.1421
vt 0.4252 0.15636
vt 0.40481 0.16422
vt 0.3831 0.17346
vt 0.36143 0.18351
vt 0.03962 0.32998
vt 0.05975 0.32363
vt 0.07303 0.31938
vt 0.08797 0.31623
vt 0.10067 0.31039
vt 0.116 0.30442
vt 0.39793 0.84768
vt 0.26575 0.93447
vt 0.13452 0.29605
vt 0.36613 0.8559
vt 0.17819 0.27167
vt 0.47611 0.12261
vt 0.28197 0.20863
vt 0.31496 0.20251
vt 0.34683 0.17941
vt 0.32398 0.18882
vt 0.33366 0.18481
vt 0.2956 0.56603
vt 0.57902 0.79435
vt 0.90208 0.01512
vt 0.89576 0.03207
vt 0.89779 0.07764
vt 0.89924 0.08844
vt 0.01965 0.33527
vt 0.4071 0.84327
vt 0.26826 0.94691
vt 0.15578 0.28122
vt 0.36068 0.84994
vt 0.21277 0.24203
vt 0.23197 0.23194
vt 0.26809 0.21431
vt 0.36875 0.16925
vt 0.27049 0.54584
vt 0.2636 0.56077
vt 0.25307 0.55235
vt 0.32669 0.57603
vt 0.55824 0.7994
vt 0.90815 0.00317
vt 0.9034 0.05037
vt 0.27111 0.96119
vt 0.3852 0.84467
vt 0.24682 0.4117
vt 0.24023 0.40792
vt 0.19668 0.2499
vt 0.58164 0.77905
vt 0.91186 0.02537
vt 0.9072 0.03412
vt 0.90596 0.07534
vt 0.90784 0.08836
vt 0.0433 0.31838
vt 0.46096 0.22321
vt 0.44616 0.21926
vt 0.45234 0.21244
vt 0.02 0.32135
vt 0.07262 0.30379
vt 0.0937 0.29593
vt 0.27987 0.94137
vt 0.39429 0.83418
vt 0.1105 0.28898
vt 0.27598 0.9223
vt 0.13221 0.27907
vt 0.27277 0.90626
vt 0.49983 0.09594
vt 0.23401 0.4026
vt 0.27298 0.87865
vt 0.2694 0.88321
vt 0.46883 0.11329
vt 0.44047 0.13045
vt 0.25482 0.21872
vt 0.38966 0.1571
vt 0.36068 0.17199
vt 0.29574 0.19971
vt 0.31013 0.19244
vt 0.59114 0.79007
vt 0.91311 0.0354
vt 0.04963 0.31121
vt 0.28401 0.96203
vt 0.75744 0.35816
vt 0.7424 0.35928
vt 0.15103 0.26891
vt 0.36427 0.82832
vt 0.17508 0.25779
vt 0.41364 0.14516
vt 0.56355 0.78951
vt 0.91264 0.01367
vt 0.91558 0.05705
vt 0.91582 0.07431
vt 0.91838 0.08728
vt 0.37899 0.83381
vt 0.57018 0.77979
vt 0.03315 0.30591
vt 0.04774 0.29923
vt 0.29056 0.92744
vt 0.26941 0.8973
vt 0.28928 0.89512
vt 0.16698 0.24696
vt 0.28322 0.88017
vt 0.18925 0.23629
vt 0.42936 0.11464
vt 0.45709 0.09939
vt 0.24939 0.20507
vt 0.36571 0.15582
vt 0.3382 0.16896
vt 0.28906 0.55177
vt 0.33452 0.56173
vt 0.549 0.77979
vt 0.93003 0.00408
vt 0.92644 0.05078
vt 0.92583 0.07562
vt 0.06053 0.29406
vt 0.01467 0.30898
vt 0.08695 0.28221
vt 0.29355 0.94123
vt 0.29599 0.95852
vt 0.10355 0.27644
vt 0.3918 0.82343
vt 0.37971 0.81881
vt 0.12649 0.2666
vt 0.28539 0.9094
vt 0.1449 0.25673
vt 0.35777 0.81928
vt 0.35519 0.823
vt 0.21885 0.41198
vt 0.2228 0.40789
vt 0.20586 0.22787
vt 0.22493 0.2169
vt 0.39601 0.13136
vt 0.38085 0.13705
vt 0.26087 0.19738
vt 0.27355 0.19129
vt 0.35057 0.16283
vt 0.31297 0.16937
vt 0.32166 0.16546
vt 0.58476 0.76741
vt 0.57898 0.76376
vt 0.93177 0.01565
vt 0.93111 0.02543
vt 0.93165 0.03264
vt 0.93225 0.08388
vt 0.0684 0.28387
vt 0.4084 0.12334
vt 0.5537 0.77126
vt 0.93219 0.04331
vt 0.93844 0.07091
vt 0.29638 0.97515
vt 0.30843 0.96109
vt 0.31115 0.98177
vt 0.03663 0.28904
vt 0.08512 0.27247
vt 0.10096 0.26465
vt 0.70256 0.9213
vt 0.69161 0.92688
vt 0.68814 0.91741
vt 0.70201 0.90884
vt 0.11771 0.25552
vt 0.29779 0.91691
vt 0.30036 0.90144
vt 0.13866 0.24673
vt 0.97044 0.20265
vt 0.96687 0.19201
vt 0.96362 0.21302
vt 0.96245 0.20267
vt 0.15665 0.23354
vt 0.21487 0.20592
vt 0.36227 0.14473
vt 0.35174 0.14989
vt 0.28592 0.18004
vt 0.30126 0.17471
vt 0.33525 0.15535
vt 0.35473 0.57341
vt 0.38482 0.57394
vt 0.37351 0.58363
vt 0.05103 0.28296
vt 0.30633 0.94872
vt 0.30498 0.93058
vt 0.30869 0.94018
vt 0.35942 0.80886
vt 0.28347 0.88553
vt 0.3003 0.88443
vt 0.21055 0.41061
vt 0.17747 0.22116
vt 0.19603 0.21264
vt 0.24081 0.19092
vt 0.25537 0.18731
vt 0.56806 0.75684
vt 0.55897 0.76187
vt 0.94401 0.03976
vt 0.68371 0.93453
vt 0.67508 0.92717
vt 0.06369 0.27275
vt 0.07832 0.2652
vt 0.30336 0.90959
vt 0.36602 0.80115
vt 0.35235 0.8153
vt 0.48033 0.06764
vt 0.48996 0.0796
vt 0.01013 0.88698
vt 0.02263 0.88528
vt 0.01989 0.88065
vt 0.42005 0.09798
vt 0.27953 0.5247
vt 0.30267 0.51615
vt 0.29401 0.53535
vt 0.33642 0.54998
vt 0.94868 0.01429
vt 0.94648 0.02762
vt 0.95434 0.0466
vt 0.95392 0.0659
vt 0.65894 0.98802
vt 0.6484 0.9756
vt 0.65858 0.95952
vt 0.67639 0.94108
vt 0.52999 0.65966
vt 0.5315 0.64102
vt 0.52184 0.64859
vt 0.54746 0.68713
vt 0.55696 0.67554
vt 0.54158 0.67645
vt 0.09284 0.25245
vt 0.68372 0.90575
vt 0.31358 0.92152
vt 0.38413 0.80081
vt 0.35641 0.80321
vt 0.03234 0.88045
vt 0.96544 0.18227
vt 0.45922 0.07768
vt 0.39002 0.11729
vt 0.26649 0.17609
vt 0.32818 0.53109
vt 0.35069 0.54278
vt 0.5592 0.74764
vt 0.53912 0.75927
vt 0.41341 0.5866
vt 0.42259 0.5774
vt 0.43005 0.60677
vt 0.95302 0.00156
vt 0.95853 0.03562
vt 0.54896 0.66069
vt 0.54291 0.654
vt 0.52254 0.62707
vt 0.51528 0.63573
vt 0.55411 0.69263
vt 0.55582 0.70234
vt 0.5666 0.68734
vt 0.56735 0.70641
vt 0.1087 0.24181
vt 0.13162 0.23546
vt 0.31884 0.90587
vt 0.47909 0.05332
vt 0.36248 0.79599
vt 0.36745 0.11616
vt 0.35484 0.13434
vt 0.27989 0.16891
vt 0.29357 0.16353
vt 0.31282 0.14305
vt 0.57677 0.75229
vt 0.56516 0.74588
vt 0.95805 0.02628
vt 0.80463 0.90679
vt 0.81155 0.92136
vt 0.799 0.91856
vt 0.9654 0.07347
vt 0.51428 0.61509
vt 0.50468 0.62543
vt 0.49337 0.61206
vt 0.67041 0.9016
vt 0.1476 0.22273
vt 0.20014 0.18872
vt 0.24585 0.17057
vt 0.34032 0.14357
vt 0.30075 0.14806
vt 0.54864 0.74821
vt 0.95995 0.01668
vt 0.63482 0.98844
vt 0.64361 0.98803
vt 0.63476 0.97665
vt 0.66219 0.92621
vt 0.66588 0.94075
vt 0.6543 0.94094
vt 0.54524 0.63685
vt 0.53614 0.62429
vt 0.56547 0.6621
vt 0.50523 0.60077
vt 0.57825 0.71823
vt 0.57901 0.70056
vt 0.12168 0.22547
vt 0.36024 0.78681
vt 0.03584 0.88685
vt 0.04696 0.88146
vt 0.97388 0.16654
vt 0.96751 0.1693
vt 0.9706 0.18023
vt 0.16284 0.20577
vt 0.18074 0.19447
vt 0.41802 0.08606
vt 0.34891 0.12376
vt 0.34009 0.12645
vt 0.28711 0.15136
vt 0.3271 0.13387
vt 0.27454 0.50348
vt 0.28957 0.49268
vt 0.29047 0.51088
vt 0.56985 0.74557
vt 0.25121 0.86851
vt 0.26708 0.85766
vt 0.27132 0.87134
vt 0.96501 0.00432
vt 0.97178 0.03352
vt 0.96772 0.04589
vt 0.63577 0.95921
vt 0.64992 0.96394
vt 0.64883 0.92357
vt 0.65077 0.91765
vt 0.55528 0.64626
vt 0.52458 0.60651
vt 0.57837 0.67163
vt 0.4879 0.59303
vt 0.47936 0.60181
vt 0.38642 0.78721
vt 0.3718 0.7789
vt 0.13935 0.2096
vt 0.45003 0.06054
vt 0.0534 0.88649
vt 0.38365 0.10457
vt 0.23046 0.17208
vt 0.26019 0.16366
vt 0.27403 0.15728
vt 0.97211 0.0214
vt 0.97784 0.05091
vt 0.97728 0.07687
vt 0.97317 0.0901
vt 0.62493 0.98199
vt 0.61588 0.9889
vt 0.63602 0.93714
vt 0.63889 0.9436
vt 0.56455 0.64164
vt 0.54182 0.61332
vt 0.65059 0.90833
vt 0.66869 0.91408
vt 0.59098 0.69145
vt 0.57946 0.68048
vt 0.65787 0.90024
vt 0.59181 0.71269
vt 0.46701 0.58726
vt 0.22813 0.86802
vt 0.24415 0.85636
vt 0.56006 0.73536
vt 0.55269 0.73491
vt 0.53492 0.73526
vt 0.52947 0.7515
vt 0.8482 0.91821
vt 0.8499 0.93064
vt 0.82808 0.91986
vt 0.97522 0.01059
vt 0.98043 0.03806
vt 0.57006 0.97396
vt 0.57444 0.99476
vt 0.56392 0.9859
vt 0.56613 0.99948
vt 0.61598 0.97591
vt 0.62234 0.94637
vt 0.63806 0.91884
vt 0.55168 0.62527
vt 0.51636 0.59238
vt 0.49464 0.5838
vt 0.47657 0.57576
vt 0.44934 0.57413
vt 0.37045 0.76972
vt 0.47419 0.03904
vt 0.06153 0.881
vt 0.97388 0.15266
vt 0.41223 0.07285
vt 0.38295 0.08592
vt 0.35998 0.09635
vt 0.2013 0.86432
vt 0.22047 0.87751
vt 0.5438 0.7333
vt 0.52484 0.74202
vt 0.5179 0.7483
vt 0.55146 0.96332
vt 0.57933 0.96623
vt 0.59489 0.9779
vt 0.60656 0.99105
vt 0.60659 0.97607
vt 0.62382 0.93381
vt 0.62702 0.92168
vt 0.57509 0.65394
vt 0.53656 0.59599
vt 0.39199 0.77589
vt 0.45878 0.56227
vt 0.14911 0.19198
vt 0.16949 0.17675
vt 0.18771 0.17319
vt 0.21563 0.16173
vt 0.33824 0.10696
vt 0.24918 0.14721
vt 0.26538 0.14079
vt 0.27789 0.48912
vt 0.29537 0.47587
vt 0.31772 0.48887
vt 0.33339 0.49421
vt 0.31534 0.50623
vt 0.54821 0.72717
vt 0.23867 0.84334
vt 0.2631 0.84524
vt 0.98444 0.01931
vt 0.50858 0.73763
vt 0.50507 0.74875
vt 0.98714 0.02724
vt 0.54424 0.93938
vt 0.55519 0.94366
vt 0.54692 0.95179
vt 0.99202 0.03673
vt 0.56774 0.95964
vt 0.58781 0.96583
vt 0.5911 0.9502
vt 0.60462 0.94487
vt 0.60988 0.93855
vt 0.58576 0.65137
vt 0.57341 0.6357
vt 0.55784 0.61603
vt 0.63553 0.90708
vt 0.64025 0.89833
vt 0.60193 0.68441
vt 0.59243 0.67456
vt 0.50475 0.574
vt 0.48617 0.5625
vt 0.45104 0.03797
vt 0.4714 0.02655
vt 0.36615 0.7696
vt 0.07223 0.88698
vt 0.97184 0.1446
vt 0.96717 0.15444
vt 0.43108 0.05041
vt 0.23646 0.15594
vt 0.30582 0.12519
vt 0.31748 0.12203
vt 0.55867 0.92834
vt 0.56908 0.9462
vt 0.58418 0.94141
vt 0.60007 0.92243
vt 0.613 0.91929
vt 0.55973 0.59844
vt 0.62208 0.9105
vt 0.60223 0.6628
vt 0.58888 0.66335
vt 0.60474 0.70276
vt 0.38329 0.7565
vt 0.46755 0.55527
vt 0.96614 0.14529
vt 0.43814 0.55901
vt 0.38765 0.06903
vt 0.2264 0.14773
vt 0.32532 0.11097
vt 0.27838 0.13417
vt 0.29145 0.12688
vt 0.20808 0.85174
vt 0.52837 0.72348
vt 0.51861 0.72822
vt 0.9984 0.01786
vt 0.49513 0.73909
vt 0.56627 0.93553
vt 0.59704 0.93299
vt 0.52276 0.5838
vt 0.51536 0.56357
vt 0.40134 0.76052
vt 0.97968 0.62268
vt 0.96522 0.63306
vt 0.97451 0.63798
vt 0.08049 0.88324
vt 0.44713 0.54474
vt 0.40922 0.06083
vt 0.30855 0.4852
vt 0.32028 0.46745
vt 0.239 0.83279
vt 0.26196 0.83376
vt 0.85669 0.94201
vt 0.86777 0.95334
vt 0.8417 0.95507
vt 0.49358 0.72783
vt 0.54519 0.925
vt 0.57194 0.92494
vt 0.58275 0.92854
vt 0.58886 0.59634
vt 0.58042 0.58441
vt 0.57165 0.59166
vt 0.5972 0.91293
vt 0.6043 0.65133
vt 0.61341 0.64239
vt 0.59476 0.64232
vt 0.60822 0.9054
vt 0.62277 0.89635
vt 0.3754 0.75328
vt 0.36542 0.76097
vt 0.96891 0.13698
vt 0.96556 0.12344
vt 0.02932 0.20716
vt 0.03992 0.20976
vt 0.03715 0.20459
vt 0.43051 0.03148
vt 0.45414 0.01914
vt 0.41683 0.54784
vt 0.4076 0.52405
vt 0.39923 0.54732
vt 0.20765 0.14722
vt 0.35856 0.0745
vt 0.23233 0.13816
vt 0.31276 0.10758
vt 0.17984 0.87281
vt 0.16881 0.85985
vt 0.20802 0.84083
vt 0.20723 0.82946
vt 0.53109 0.71358
vt 0.52306 0.71329
vt 0.24105 0.8217
vt 0.84912 0.96037
vt 0.84195 0.96899
vt 0.47489 0.73605
vt 0.56411 0.91795
vt 0.82903 0.96567
vt 0.83641 0.97944
vt 0.58305 0.91715
vt 0.53227 0.57612
vt 0.53125 0.55458
vt 0.60898 0.67683
vt 0.62073 0.68169
vt 0.62137 0.66716
vt 0.37319 0.74841
vt 0.0514 0.2054
vt 0.05128 0.2026
vt 0.45645 0.5338
vt 0.32825 0.08345
vt 0.34493 0.07944
vt 0.3255 0.09391
vt 0.25793 0.12733
vt 0.29896 0.11048
vt 0.16648 0.84441
vt 0.54173 0.71624
vt 0.84887 0.96943
vt 0.4731 0.727
vt 0.45636 0.74135
vt 0.59171 0.90249
vt 0.4122 0.74651
vt 0.39192 0.74416
vt 0.39481 0.73099
vt 0.49912 0.55242
vt 0.47739 0.54463
vt 0.05487 0.2099
vt 0.42641 0.52663
vt 0.40284 0.04096
vt 0.2373 0.12426
vt 0.26955 0.11729
vt 0.17923 0.83734
vt 0.22631 0.81585
vt 0.50878 0.70959
vt 0.50938 0.71563
vt 0.87318 0.96372
vt 0.85661 0.96266
vt 0.45451 0.72839
vt 0.57892 0.90497
vt 0.42954 0.74389
vt 0.42596 0.73393
vt 0.40361 0.73331
vt 0.95703 0.64338
vt 0.94545 0.65468
vt 0.94988 0.65926
vt 0.39777 0.73258
vt 0.43169 0.01606
vt 0.46926 0.01186
vt 0.37245 0.04239
vt 0.3768 0.52556
vt 0.3778 0.51585
vt 0.20585 0.13671
vt 0.21787 0.12846
vt 0.28137 0.1108
vt 0.31155 0.45158
vt 0.33215 0.44515
vt 0.4936 0.7119
vt 0.47421 0.70959
vt 0.49141 0.53431
vt 0.46855 0.52431
vt 0.44167 0.51697
vt 0.35604 0.05759
vt 0.25148 0.11388
vt 0.15422 0.86474
vt 0.14905 0.84175
vt 0.20238 0.81639
vt 0.8928 0.96176
vt 0.8921 0.97506
vt 0.49176 0.7069
vt 0.54936 0.52271
vt 0.53618 0.52732
vt 0.54473 0.54641
vt 0.4418 0.73233
vt 0.42207 0.72175
vt 0.93634 0.66886
vt 0.94864 0.6727
vt 0.71707 0.28352
vt 0.73287 0.28297
vt 0.7 0.29687
vt 0.69868 0.28765
vt 0.38787 0.731
vt 0.07795 0.20976
vt 0.06368 0.20848
vt 0.94598 0.62831
vt 0.93702 0.63478
vt 0.9366 0.64193
vt 0.94594 0.63467
vt 0.47864 0.51387
vt 0.39608 0.01641
vt 0.30646 0.08634
vt 0.29156 0.0933
vt 0.50593 0.70353
vt 0.45307 0.71074
vt 0.43584 0.71487
vt 0.41373 0.72012
vt 0.52574 0.5351
vt 0.51488 0.51639
vt 0.51249 0.54272
vt 0.39753 0.49877
vt 0.37935 0.4964
vt 0.36614 0.50871
vt 0.33509 0.06233
vt 0.35596 0.49434
vt 0.34808 0.50445
vt 0.2611 0.10105
vt 0.27424 0.09383
vt 0.49102 0.7007
vt 0.48238 0.70476
vt 0.52951 0.50857
vt 0.40669 0.71888
vt 0.09328 0.20738
vt 0.08441 0.20472
vt 0.68423 0.26502
vt 0.69235 0.25111
vt 0.45733 0.50039
vt 0.42091 0.5078
vt 0.36607 0.02668
vt 0.39762 0.0272
vt 0.3719 0.48833
vt 0.23099 0.11215
vt 0.30883 0.07007
vt 0.17274 0.8254
vt 0.4728 0.70052
vt 0.46196 0.70403
vt 0.42637 0.71207
vt 0.5026 0.52531
vt 0.49429 0.50441
vt 0.43246 0.4976
vt 0.34161 0.0445
vt 0.24061 0.09045
vt 0.29908 0.08019
vt 0.28606 0.08026
vt 0.15402 0.8203
vt 0.16981 0.80675
vt 0.20811 0.80463
vt 0.20374 0.7865
vt 0.23031 0.7952
vt 0.4508 0.7026
vt 0.42181 0.71094
vt 0.41271 0.48578
vt 0.39262 0.48774
vt 0.36867 0.47729
vt 0.13319 0.83632
vt 0.1421 0.82181
vt 0.22293 0.77753
vt 0.901 0.7083
vt 0.90402 0.7032
vt 0.90021 0.69817
vt 0.90683 0.69106
vt 0.72119 0.24227
vt 0.73317 0.23539
vt 0.72991 0.27667
vt 0.37821 0.00935
vt 0.3951 0.00052
vt 0.32222 0.06937
vt 0.3165 0.04852
vt 0.22233 0.09178
vt 0.25001 0.08142
vt 0.29267 0.06454
vt 0.23519 0.78448
vt 0.24267 0.77166
vt 0.55532 0.4962
vt 0.52748 0.48401
vt 0.54106 0.50276
vt 0.48416 0.4816
vt 0.47124 0.48762
vt 0.43319 0.48571
vt 0.38998 0.47657
vt 0.30437 0.05229
vt 0.26487 0.07254
vt 0.27963 0.06569
vt 0.50114 0.47724
vt 0.54917 0.47539
vt 0.53707 0.46073
vt 0.51986 0.46879
vt 0.50764 0.49513
vt 0.44604 0.47456
vt 0.65106 0.22337
vt 0.66484 0.21026
vt 0.66606 0.23485
vt 0.4078 0.47275
vt 0.32993 0.02826
vt 0.38102 0.46597
vt 0.23471 0.06411
vt 0.28931 0.05203
vt 0.15439 0.7958
vt 0.29785 0.03663
vt 0.25498 0.0536
vt 0.1751 0.78996
vt 0.18177 0.77361
vt 0.2077 0.76759
vt 0.48779 0.44255
vt 0.42459 0.46386
vt 0.40297 0.46138
vt 0.39515 0.45151
vt 0.30898 0.01564
vt 0.36648 0.44787
vt 0.27225 0.04721
vt 0.16518 0.77992
vt 0.47463 0.45179
vt 0.13947 0.80878
vt 0.12923 0.80622
vt 0.13854 0.78683
vt 0.49942 0.43693
vt 0.4574 0.45265
vt 0.43874 0.45273
vt 0.29435 0.01712
vt 0.28536 0.03638
vt 0.18434 0.75357
vt 0.19354 0.73809
vt 0.22256 0.75742
vt 0.38612 0.43481
vt 0.38125 0.43153
vt 0.10991 0.79532
vt 0.1063 0.78119
vt 0.12518 0.78387
vt 0.14238 0.76843
vt 0.15455 0.77564
vt 0.1685 0.76197
vt 0.43274 0.43888
vt 0.41529 0.4506
vt 0.28102 0.02036
vt 0.37048 0.41627
vt 0.3527 0.43129
vt 0.24595 0.03102
vt 0.26502 0.02718
vt 0.45207 0.44063
vt 0.40952 0.43883
vt 0.12938 0.76636
vt 0.47402 0.43501
vt 0.44488 0.4283
vt 0.13441 0.74672
vt 0.54071 0.40836
vt 0.52011 0.41492
vt 0.5292 0.42645
vt 0.50026 0.42216
vt 0.51274 0.43422
vt 0.46691 0.42802
vt 0.63928 0.12807
vt 0.64828 0.13744
vt 0.61863 0.14768
vt 0.11364 0.76069
vt 0.1163 0.74238
vt 0.57479 0.39874
vt 0.56864 0.3819
vt 0.55366 0.39374
vt 0.47648 0.41869
vt 0.462 0.41812
vt 0.4555 0.4072
vt 0.43783 0.41784
vt 0.54572 0.37125
vt 0.54984 0.38223
vt 0.53095 0.37493
vt 0.53438 0.38917
vt 0.67732 0.03623
vt 0.66854 0.05848
vt 0.66231 0.04065
vt 0.67037 0.12318
vt 0.6787 0.1006
vt 0.68362 0.12423
vt 0.71178 0.04965
vt 0.69965 0.0714
vt 0.69255 0.05351
vt 0.10339 0.69915
vt 0.71023 0.64624
vt 0.56036 0.00052
vt 0.16063 0.60138
vt 0.19281 0.62002
vt 0.53919 0.00231
vt 0.54439 0.00686
vt 0.14375 0.59525
vt 0.08136 0.59972
vt 0.68926 0.62872
vt 0.19976 0.07209
vt 0.21006 0.08152
vt 0.21488 0.08916
vt 0.22015 0.0986
vt 0.55995 0.01685
vt 0.52396 0.00893
vt 0.52453 0.00376
vt 0.09504 0.57462
vt 0.19147 0.06713
vt 0.5108 0.00539
vt 0.14942 0.58378
vt 0.19671 0.60799
vt 0.68001 0.65085
vt 0.49947 0.01335
vt 0.16605 0.58362
vt 0.18817 0.59704
vt 0.19277 0.10552
vt 0.13168 0.56959
vt 0.1149 0.56305
vt 0.67493 0.63164
vt 0.72595 0.50533
vt 0.77595 0.45815
vt 0.18143 0.58329
vt 0.10383 0.55692
vt 0.6723 0.60653
vt 0.16264 0.08612
vt 0.73052 0.49662
vt 0.7537 0.47555
vt 0.17378 0.57064
vt 0.19296 0.58167
vt 0.15774 0.56455
vt 0.20016 0.59032
vt 0.08017 0.56249
vt 0.16371 0.04239
vt 0.15268 0.03836
vt 0.16016 0.05468
vt 0.15154 0.04402
vt 0.20983 0.58109
vt 0.14818 0.5584
vt 0.13701 0.54979
vt 0.05959 0.54914
vt 0.14531 0.07886
vt 0.18818 0.56694
vt 0.11097 0.54184
vt 0.69916 0.50566
vt 0.72242 0.48039
vt 0.74496 0.45378
vt 0.65542 0.58338
vt 0.6511 0.60932
vt 0.1332 0.03372
vt 0.68888 0.49425
vt 0.17914 0.55362
vt 0.20195 0.56545
vt 0.22006 0.5779
vt 0.13178 0.06994
vt 0.60298 0.21127
vt 0.52526 0.20219
vt 0.52876 0.21098
vt 0.31292 0.40625
vt 0.19574 0.55315
vt 0.16688 0.54239
vt 0.21413 0.56575
vt 0.15638 0.53877
vt 0.56776 0.22571
vt 0.55806 0.22629
vt 0.53191 0.22016
vt 0.43057 0.21471
vt 0.14558 0.5336
vt 0.12505 0.52606
vt 0.23605 0.57555
vt 0.28619 0.81635
vt 0.28412 0.80438
vt 0.67111 0.5094
vt 0.57224 0.25298
vt 0.56247 0.25512
vt 0.55697 0.25991
vt 0.54627 0.25019
vt 0.53872 0.23894
vt 0.51548 0.21928
vt 0.21707 0.90563
vt 0.07938 0.51231
vt 0.62845 0.60215
vt 0.63962 0.57485
vt 0.32147 0.63133
vt 0.11699 0.04041
vt 0.1091 0.14413
vt 0.58474 0.25224
vt 0.57628 0.26597
vt 0.5663 0.26579
vt 0.54541 0.26486
vt 0.5389 0.25609
vt 0.5281 0.25252
vt 0.11569 0.03379
vt 0.66085 0.49992
vt 0.67184 0.48099
vt 0.69426 0.46405
vt 0.53229 0.26533
vt 0.7462 0.38856
vt 0.48779 0.20326
vt 0.78536 0.39013
vt 0.21042 0.54803
vt 0.18448 0.53788
vt 0.62156 0.58336
vt 0.28914 0.82925
vt 0.10183 0.03685
vt 0.33729 0.62395
vt 0.10282 0.07683
vt 0.10409 0.10679
vt 0.0983 0.13655
vt 0.09359 0.16336
vt 0.59768 0.27029
vt 0.51039 0.2518
vt 0.23118 0.89934
vt 0.19854 0.54168
vt 0.16112 0.52608
vt 0.15096 0.52127
vt 0.13003 0.51306
vt 0.09128 0.49946
vt 0.06895 0.49564
vt 0.64288 0.52471
vt 0.09733 0.04296
vt 0.07984 0.17428
vt 0.17767 0.51912
vt 0.10285 0.03143
vt 0.09611 0.06184
vt 0.65098 0.50529
vt 0.38455 0.64428
vt 0.09955 0.08698
vt 0.08568 0.15628
vt 0.49822 0.25201
vt 0.47481 0.20509
vt 0.23918 0.5452
vt 0.09293 0.09606
vt 0.41278 0.66505
vt 0.07359 0.16945
vt 0.47422 0.21877
vt 0.21308 0.53282
vt 0.2061 0.5278
vt 0.19267 0.52398
vt 0.16743 0.51414
vt 0.22492 0.53818
vt 0.1533 0.50774
vt 0.11163 0.49118
vt 0.61747 0.54559
vt 0.29389 0.84359
vt 0.63848 0.49983
vt 0.0915 0.07623
vt 0.07985 0.1453
vt 0.0744 0.15751
vt 0.49019 0.26883
vt 0.48763 0.25764
vt 0.47787 0.22931
vt 0.46548 0.21177
vt 0.41661 0.85182
vt 0.77906 0.37595
vt 0.1332 0.49919
vt 0.09392 0.48578
vt 0.07168 0.47725
vt 0.6057 0.57322
vt 0.08843 0.02878
vt 0.08531 0.03381
vt 0.3416 0.60127
vt 0.63019 0.51365
vt 0.35891 0.61022
vt 0.37263 0.62168
vt 0.07444 0.12904
vt 0.64194 0.48138
vt 0.78249 0.36919
vt 0.25195 0.89175
vt 0.08251 0.04684
vt 0.38963 0.62765
vt 0.07903 0.08054
vt 0.07747 0.09523
vt 0.04561 0.19901
vt 0.05515 0.17528
vt 0.06122 0.16175
vt 0.07507 0.11625
vt 0.06756 0.14556
vt 0.47486 0.24342
vt 0.46367 0.23239
vt 0.19657 0.50608
vt 0.08071 0.0555
vt 0.07642 0.07142
vt 0.6427 0.45339
vt 0.47075 0.2548
vt 0.23484 0.52593
vt 0.2234 0.51856
vt 0.18569 0.50127
vt 0.17366 0.49639
vt 0.16235 0.49177
vt 0.14072 0.48235
vt 0.40025 0.62962
vt 0.41407 0.64217
vt 0.48029 0.27344
vt 0.76808 0.3524
vt 0.21096 0.51073
vt 0.24904 0.52939
vt 0.2619 0.53665
vt 0.09773 0.4649
vt 0.07632 0.4572
vt 0.04265 0.46595
vt 0.01541 0.43236
vt 0.3065 0.8637
vt 0.30209 0.86823
vt 0.06904 0.03364
vt 0.06352 0.02865
vt 0.34735 0.58467
vt 0.01078 0.45144
vt 0.06988 0.04595
vt 0.06905 0.05923
vt 0.61572 0.49998
vt 0.37269 0.59988
vt 0.06849 0.07264
vt 0.62458 0.49019
vt 0.06737 0.08592
vt 0.06664 0.09625
vt 0.06212 0.10884
vt 0.04774 0.16047
vt 0.05971 0.12252
vt 0.05384 0.14292
vt 0.69387 0.98492
vt 0.70152 0.97949
vt 0.69687 0.99948
vt 0.40747 0.83435
vt 0.11997 0.47384
vt 0.39391 0.61121
vt 0.41346 0.62501
vt 0.03988 0.17903
vt 0.69896 0.37566
vt 0.68487 0.99698
vt 0.69664 0.96118
vt 0.71162 0.95857
vt 0.70042 0.94944
vt 0.70998 0.93748
vt 0.6862 0.98389
vt 0.70235 0.93631
vt 0.40708 0.82671
vt 0.2186 0.49856
vt 0.10756 0.45018
vt 0.05367 0.42844
vt 0.05579 0.03402
vt 0.0573 0.05028
vt 0.0571 0.0717
vt 0.61218 0.47631
vt 0.05249 0.08436
vt 0.05317 0.09165
vt 0.43212 0.63856
vt 0.42905 0.62112
vt 0.62157 0.46083
vt 0.68096 0.97673
vt 0.24212 0.50792
vt 0.2293 0.50614
vt 0.20604 0.49064
vt 0.19305 0.48558
vt 0.17446 0.47888
vt 0.25353 0.51129
vt 0.26552 0.51817
vt 0.14795 0.46801
vt 0.12585 0.45823
vt 0.0836 0.43984
vt 0.02509 0.41892
vt 0.00267 0.42859
vt 0.00947 0.41013
vt 0.05005 0.06363
vt 0.39066 0.59496
vt 0.40902 0.60542
vt 0.04869 0.10632
vt 0.449 0.63484
vt 0.04695 0.125
vt 0.04015 0.14766
vt 0.67086 0.99238
vt 0.68226 0.9553
vt 0.69118 0.94033
vt 0.59542 0.78538
vt 0.04836 0.03789
vt 0.0471 0.07337
vt 0.44448 0.62025
vt 0.68133 0.94767
vt 0.74079 0.33821
vt 0.92143 0.84165
vt 0.92815 0.85735
vt 0.92794 0.84841
vt 0.04473 0.05157
vt 0.75801 0.90483
vt 0.76184 0.89238
vt 0.78066 0.90035
vt 0.78649 0.89115
vt 0.46081 0.63109
vt 0.66862 0.97973
vt 0.49022 0.0657
vt 0.23597 0.49028
vt 0.13173 0.43988
vt 0.09667 0.42607
vt 0.36034 0.56188
vt 0.91666 0.84874
vt 0.92644 0.86719
vt 0.91752 0.84437
vt 0.03891 0.04161
vt 0.97314 0.82675
vt 0.98088 0.82505
vt 0.9768 0.81362
vt 0.99515 0.8177
vt 0.7422 0.89514
vt 0.66903 0.96297
vt 0.17949 0.45951
vt 0.15177 0.44874
vt 0.11427 0.43181
vt 0.92161 0.25212
vt 0.9348 0.27049
vt 0.91764 0.29273
vt 0.95004 0.81781
vt 0.95237 0.83391
vt 0.96003 0.82619
vt 0.60132 0.45373
vt 0.96265 0.81516
vt 0.98729 0.80117
vt 0.74041 0.91363
vt 0.46748 0.61497
vt 0.44602 0.60656
vt 0.77791 0.90912
vt 0.78593 0.91496
vt 0.22689 0.48184
vt 0.21384 0.47605
vt 0.1996 0.47032
vt 0.25122 0.49151
vt 0.90612 0.27566
vt 0.03989 0.0359
vt 0.3734 0.55604
vt 0.89544 0.29029
vt 0.90493 0.30365
vt 0.39544 0.56596
vt 0.43761 0.5934
vt 0.76391 0.91696
vt 0.61827 0.43236
vt 0.72323 0.32943
vt 0.31695 0.89567
vt 0.30362 0.8791
vt 0.26189 0.49732
vt 0.94474 0.23182
vt 0.926 0.83739
vt 0.93837 0.83631
vt 0.92831 0.82134
vt 0.88175 0.2917
vt 0.96265 0.80334
vt 0.97675 0.80119
vt 0.68865 0.34092
vt 0.69914 0.32487
vt 0.9121 0.83279
vt 0.91751 0.82745
vt 0.88431 0.27851
vt 0.95044 0.8045
vt 0.81871 0.90894
vt 0.75636 0.92518
vt 0.63086 0.39444
vt 0.65048 0.37148
vt 0.31961 0.8865
vt 0.24964 0.47451
vt 0.20776 0.45468
vt 0.1972 0.4497
vt 0.1406 0.4216
vt 0.29822 0.49893
vt 0.95469 0.21759
vt 0.93368 0.21102
vt 0.92038 0.22894
vt 0.35594 0.52952
vt 0.25086 0.88073
vt 0.93553 0.80425
vt 0.40374 0.55277
vt 0.83872 0.90728
vt 0.60494 0.42712
vt 0.96992 0.79214
vt 0.98604 0.78683
vt 0.99947 0.7863
vt 0.76718 0.93061
vt 0.78563 0.9289
vt 0.73028 0.32678
vt 0.96002 0.16546
vt 0.23481 0.46757
vt 0.26169 0.4809
vt 0.1854 0.44246
vt 0.15909 0.42841
vt 0.11641 0.40966
vt 0.56963 0.73976
vt 0.90979 0.81919
vt 0.89341 0.25889
vt 0.86767 0.28529
vt 0.95727 0.79422
vt 0.59697 0.43981
vt 0.80377 0.93454
vt 0.22124 0.45933
vt 0.91093 0.80323
vt 0.92269 0.79991
vt 0.86742 0.9063
vt 0.94406 0.79355
vt 0.96739 0.78336
vt 0.82287 0.93192
vt 0.98272 0.77582
vt 0.74182 0.93882
vt 0.79089 0.93871
vt 0.77901 0.94194
vt 0.33403 0.90646
vt 0.71675 0.32174
vt 0.90681 0.21843
vt 0.94973 0.78312
vt 0.75803 0.94426
vt 0.79696 0.94841
vt 0.33955 0.89998
vt 0.34067 0.88439
vt 0.25847 0.4623
vt 0.2508 0.4544
vt 0.21592 0.43703
vt 0.27387 0.46664
vt 0.14769 0.40568
vt 0.87929 0.24764
vt 0.87305 0.91792
vt 0.9311 0.78531
vt 0.96117 0.77278
vt 0.8129 0.94513
vt 0.7419 0.94757
vt 0.60909 0.40086
vt 0.76751 0.95648
vt 0.70473 0.31923
vt 0.23846 0.45082
vt 0.23065 0.44377
vt 0.2034 0.43337
vt 0.19047 0.42766
vt 0.16868 0.41562
vt 0.93505 0.18177
vt 0.94971 0.19069
vt 0.92053 0.20378
vt 0.55634 0.72714
vt 0.90476 0.80256
vt 0.59542 0.41573
vt 0.83359 0.94377
vt 0.98172 0.76717
vt 0.81934 0.95806
vt 0.74795 0.9585
vt 0.78227 0.95528
vt 0.79738 0.95819
vt 0.86739 0.2658
vt 0.85334 0.26768
vt 0.87595 0.92898
vt 0.9437 0.77121
vt 0.96241 0.76047
vt 0.9672 0.75599
vt 0.98706 0.75596
vt 0.77571 0.96442
vt 0.58608 0.6357
vt 0.57584 0.62214
vt 0.5662 0.61047
vt 0.67864 0.32376
vt 0.98748 0.62668
vt 0.35572 0.89347
vt 0.89026 0.22033
vt 0.90739 0.79075
vt 0.91618 0.78638
vt 0.84263 0.27836
vt 0.92579 0.77354
vt 0.94402 0.75488
vt 0.75311 0.96988
vt 0.79399 0.97032
vt 0.8149 0.96895
vt 0.77871 0.9782
vt 0.5879 0.62338
vt 0.57847 0.60465
vt 0.54887 0.58643
vt 0.65957 0.3358
vt 0.69049 0.31823
vt 0.26296 0.44321
vt 0.24104 0.4311
vt 0.20949 0.41381
vt 0.29106 0.457
vt 0.19745 0.40931
vt 0.18235 0.40052
vt 0.93349 0.14925
vt 0.94736 0.16328
vt 0.9022 0.2071
vt 0.9013 0.78578
vt 0.87539 0.94111
vt 0.92995 0.76208
vt 0.6011 0.39009
vt 0.95513 0.74965
vt 0.96459 0.744
vt 0.61292 0.37973
vt 0.98192 0.74126
vt 0.74283 0.97324
vt 0.81709 0.97898
vt 0.98063 0.73248
vt 0.99761 0.73322
vt 0.99182 0.74529
vt 0.75761 0.98267
vt 0.79762 0.98292
vt 0.81397 0.9847
vt 0.77095 0.98941
vt 0.78775 0.98834
vt 0.75787 0.99431
vt 0.77389 0.99844
vt 0.79561 0.99458
vt 0.59806 0.60092
vt 0.5897 0.58202
vt 0.60382 0.61731
vt 0.61103 0.6098
vt 0.59074 0.61274
vt 0.60191 0.63058
vt 0.56211 0.5789
vt 0.5426 0.57293
vt 0.61449 0.65865
vt 0.61218 0.69029
vt 0.96789 0.6519
vt 0.35661 0.90434
vt 0.96033 0.12856
vt 0.06985 0.87969
vt 0.27998 0.44908
vt 0.30399 0.46117
vt 0.16648 0.88073
vt 0.91249 0.17671
vt 0.88425 0.20956
vt 0.85966 0.24275
vt 0.91491 0.77414
vt 0.83558 0.26506
vt 0.82887 0.27467
vt 0.81413 0.27561
vt 0.96458 0.73279
vt 0.96913 0.71816
vt 0.9854 0.72162
vt 0.81212 0.994
vt 0.99947 0.72181
vt 0.59875 0.58566
vt 0.58387 0.56701
vt 0.63495 0.35811
vt 0.97663 0.70761
vt 0.98726 0.709
vt 0.61262 0.62683
vt 0.62135 0.61818
vt 0.57373 0.5726
vt 0.62045 0.63315
vt 0.55429 0.56336
vt 0.67814 0.31919
vt 0.22465 0.41927
vt 0.89669 0.19202
vt 0.90598 0.77467
vt 0.26468 0.82175
vt 0.88967 0.95015
vt 0.93146 0.74733
vt 0.85227 0.96612
vt 0.93662 0.73723
vt 0.95144 0.73506
vt 0.96067 0.72271
vt 0.83311 0.98935
vt 0.59214 0.56237
vt 0.58302 0.54559
vt 0.57721 0.55092
vt 0.96141 0.70391
vt 0.5655 0.55514
vt 0.62782 0.65374
vt 0.63169 0.64278
vt 0.63349 0.67423
vt 0.96032 0.66234
vt 0.96224 0.62246
vt 0.87067 0.20352
vt 0.90055 0.77603
vt 0.84469 0.22838
vt 0.25239 0.80995
vt 0.91572 0.7587
vt 0.91773 0.74439
vt 0.81228 0.27272
vt 0.85711 0.96829
vt 0.85238 0.97305
vt 0.94349 0.72607
vt 0.94981 0.71507
vt 0.61945 0.35704
vt 0.64617 0.33057
vt 0.95511 0.62135
vt 0.24851 0.41983
vt 0.27368 0.42517
vt 0.29406 0.43472
vt 0.92505 0.12789
vt 0.94303 0.13541
vt 0.91741 0.14083
vt 0.90474 0.16159
vt 0.5333 0.71019
vt 0.90055 0.76635
vt 0.82132 0.2576
vt 0.87292 0.9747
vt 0.85243 0.98873
vt 0.56812 0.5331
vt 0.58072 0.52688
vt 0.94528 0.70075
vt 0.64446 0.65167
vt 0.94091 0.68484
vt 0.96288 0.67698
vt 0.96084 0.69256
vt 0.68897 0.30365
vt 0.06287 0.20416
vt 0.0454 0.8663
vt 0.03038 0.86438
vt 0.03479 0.84472
vt 0.94754 0.12415
vt 0.83724 0.23906
vt 0.51867 0.70699
vt 0.89656 0.7764
vt 0.89638 0.76305
vt 0.25189 0.7978
vt 0.90034 0.75361
vt 0.90656 0.74132
vt 0.80364 0.26089
vt 0.92581 0.72793
vt 0.78439 0.2725
vt 0.86885 0.98775
vt 0.7734 0.27757
vt 0.93143 0.71033
vt 0.62721 0.34288
vt 0.0739 0.20649
vt 0.66799 0.27343
vt 0.06677 0.86
vt 0.04936 0.84748
vt 0.06296 0.84805
vt 0.92808 0.11623
vt 0.87929 0.17764
vt 0.85547 0.19958
vt 0.91746 0.72726
vt 0.58007 0.51087
vt 0.56727 0.51496
vt 0.9233 0.70689
vt 0.7684 0.27409
vt 0.93252 0.69748
vt 0.75592 0.27633
vt 0.9295 0.68362
vt 0.93177 0.64393
vt 0.25959 0.41238
vt 0.0737 0.84944
vt 0.32236 0.43058
vt 0.8294 0.22942
vt 0.89513 0.75047
vt 0.91208 0.97094
vt 0.90083 0.73751
vt 0.88623 0.99197
vt 0.786 0.25968
vt 0.90817 0.72514
vt 0.90885 0.70671
vt 0.93022 0.65168
vt 0.08947 0.83658
vt 0.09102 0.85516
vt 0.03979 0.82541
vt 0.31182 0.41921
vt 0.90377 0.11983
vt 0.81555 0.22474
vt 0.91418 0.95952
vt 0.89499 0.73602
vt 0.90325 0.7223
vt 0.57478 0.49416
vt 0.774 0.25862
vt 0.74154 0.2729
vt 0.92483 0.66001
vt 0.91699 0.67373
vt 0.9247 0.64998
vt 0.91767 0.6655
vt 0.39832 0.71942
vt 0.11239 0.85428
vt 0.1026 0.83378
vt 0.05358 0.82782
vt 0.11866 0.83308
vt 0.89787 0.13515
vt 0.83345 0.19751
vt 0.90814 0.98498
vt 0.89874 0.72719
vt 0.89606 0.71879
vt 0.75339 0.26428
vt 0.91409 0.68788
vt 0.4167 0.71028
vt 0.41272 0.70918
vt 0.08072 0.83008
vt 0.06498 0.82893
vt 0.90879 0.10839
vt 0.88123 0.15144
vt 0.87093 0.1485
vt 0.85768 0.18189
vt 0.81829 0.19603
vt 0.79876 0.2278
vt 0.90742 0.99844
vt 0.56769 0.47355
vt 0.7584 0.22739
vt 0.44115 0.70056
vt 0.9138 0.66689
vt 0.70306 0.24542
vt 0.1299 0.81997
vt 0.87967 0.13003
vt 0.84052 0.18046
vt 0.8065 0.19615
vt 0.78111 0.22918
vt 0.7702 0.23217
vt 0.68326 0.22569
vt 0.10098 0.81859
vt 0.11462 0.82173
vt 0.88158 0.10999
vt 0.79551 0.19633
vt 0.58156 0.47294
vt 0.57293 0.45038
vt 0.74524 0.22961
vt 0.08536 0.8125
vt 0.82142 0.18165
vt 0.55899 0.45232
vt 0.07179 0.80609
vt 0.05622 0.8056
vt 0.88992 0.09061
vt 0.91282 0.09502
vt 0.11799 0.80703
vt 0.54773 0.45531
vt 0.71593 0.21119
vt 0.70161 0.21618
vt 0.68531 0.2123
vt 0.64085 0.19334
vt 0.34571 0.00805
vt 0.32291 0.01194
vt 0.85248 0.12414
vt 0.84382 0.15153
vt 0.82541 0.15256
vt 0.77039 0.19978
vt 0.72928 0.20703
vt 0.2136 0.07674
vt 0.09479 0.79985
vt 0.75086 0.20249
vt 0.66198 0.18464
vt 0.06686 0.78714
vt 0.62572 0.29583
vt 0.64446 0.28394
vt 0.62229 0.27969
vt 0.86801 0.09515
vt 0.85464 0.10887
vt 0.80353 0.16078
vt 0.73915 0.20427
vt 0.70025 0.19971
vt 0.67983 0.18888
vt 0.62993 0.17338
vt 0.08637 0.77628
vt 0.83374 0.12299
vt 0.78699 0.16855
vt 0.54872 0.42373
vt 0.56206 0.41788
vt 0.71425 0.19221
vt 0.8527 0.09423
vt 0.7673 0.16835
vt 0.65504 0.16341
vt 0.61522 0.31603
vt 0.61124 0.29742
vt 0.85629 0.07788
vt 0.82919 0.10394
vt 0.15628 0.75538
vt 0.81424 0.1215
vt 0.78539 0.15497
vt 0.75018 0.16598
vt 0.73011 0.16945
vt 0.71421 0.17704
vt 0.68783 0.15564
vt 0.64937 0.15169
vt 0.6228 0.16127
vt 0.4009 0.42192
vt 0.59274 0.39872
vt 0.58817 0.38561
vt 0.17213 0.74512
vt 0.55666 0.40528
vt 0.67666 0.16596
vt 0.60611 0.12035
vt 0.63086 0.11224
vt 0.61378 0.13536
vt 0.62094 0.33599
vt 0.59699 0.33251
vt 0.59403 0.31695
vt 0.5909 0.30109
vt 0.10334 0.75848
vt 0.60661 0.28128
vt 0.82969 0.09432
vt 0.14481 0.75042
vt 0.79616 0.122
vt 0.1826 0.72969
vt 0.66826 0.14619
vt 0.42585 0.4259
vt 0.59435 0.08445
vt 0.61382 0.07312
vt 0.62471 0.09241
vt 0.60264 0.10194
vt 0.58361 0.28325
vt 0.5848 0.37359
vt 0.77733 0.12502
vt 0.76095 0.12603
vt 0.62533 0.05017
vt 0.63321 0.06859
vt 0.57838 0.32553
vt 0.59888 0.34297
vt 0.57944 0.34439
vt 0.56542 0.30406
vt 0.80943 0.09828
vt 0.58227 0.36284
vt 0.53642 0.3974
vt 0.7423 0.12986
vt 0.70928 0.14959
vt 0.6854 0.14159
vt 0.41636 0.40882
vt 0.64882 0.10833
vt 0.56287 0.28213
vt 0.56758 0.32618
vt 0.56257 0.36693
vt 0.79444 0.10555
vt 0.51398 0.39992
vt 0.5016 0.40309
vt 0.72313 0.13258
vt 0.4876 0.40805
vt 0.42728 0.40241
vt 0.64575 0.0645
vt 0.64902 0.08591
vt 0.55633 0.34913
vt 0.54656 0.29322
vt 0.79103 0.09064
vt 0.77806 0.10142
vt 0.70434 0.13633
vt 0.46928 0.40089
vt 0.6994 0.12378
vt 0.66302 0.10312
vt 0.65633 0.09088
vt 0.54773 0.30714
vt 0.55124 0.32973
vt 0.76439 0.03796
vt 0.77977 0.03474
vt 0.7831 0.05451
vt 0.76014 0.01927
vt 0.74507 0.02299
vt 0.7586 0.11143
vt 0.50903 0.3828
vt 0.74152 0.11529
vt 0.48515 0.39284
vt 0.72378 0.1198
vt 0.7124 0.11489
vt 0.69536 0.03256
vt 0.69536 0.11081
vt 0.67399 0.06972
vt 0.67419 0.08372
vt 0.77201 0.0574
vt 0.7881 0.07686
vt 0.77577 0.07909
vt 0.75835 0.09695
vt 0.74872 0.04135
vt 0.75208 0.0564
vt 0.72156 0.0273
vt 0.72474 0.046
vt 0.73858 0.10075
vt 0.7227 0.10362
vt 0.68994 0.07806
vt 0.70297 0.09312
vt 0.7535 0.08217
vt 0.72951 0.0647
vt 0.73545 0.08656
vt 0.72151 0.08837
vt 0.71845 0.0685
usemtl mat0
f 1/1 2/2 3/3
f 3/3 4/4 5/5
f 6/6 7/7 8/8
f 9/9 10/10 3/3
f 11/11 2/2 1/1
f 12/12 8/8 7/7
f 13/13 14/14 15/15
f 16/16 12/12 7/7
f 17/17 18/18 19/19
f 20/20 21/21 22/22
f 23/23 24/24 25/25
f 26/26 27/27 25/25
f 28/28 29/29 30/30
f 31/31 32/32 33/33
f 22/22 15/15 34/34
f 35/35 36/36 12/12
f 37/37 12/12 16/16
f 37/37 38/38 12/12
f 39/39 40/40 41/41
f 29/29 28/28 42/42
f 26/26 43/43 27/27
f 14/14 36/36 44/44
f 40/40 45/45 46/46
f 20/20 34/34 47/47
f 48/48 49/49 50/50
f 49/49 51/51 52/52
f 16/16 31/31 53/53
f 31/31 42/42 32/32
f 54/54 55/55 48/48
f 22/22 21/21 4/4
f 37/37 16/16 53/53
f 53/53 23/23 27/27
f 56/56 57/57 58/58
f 13/13 15/15 22/22
f 7/7 42/42 16/16
f 59/59 60/60 40/40
f 37/37 27/27 43/43
f 53/53 31/31 23/23
f 29/29 42/42 7/7
f 35/35 12/12 38/38
f 30/30 1/1 61/61
f 62/62 3/3 2/2
f 25/25 24/24 63/63
f 48/48 55/55 64/64
f 28/28 65/65 66/66
f 11/11 1/1 30/30
f 18/18 17/17 44/44
f 37/37 43/43 38/38
f 35/35 38/38 50/50
f 67/67 24/24 68/68
f 41/41 49/49 39/39
f 38/38 43/43 50/50
f 41/41 40/40 69/69
f 46/46 45/45 70/70
f 36/36 18/18 44/44
f 45/45 40/40 60/60
f 39/39 52/52 71/71
f 7/7 72/72 29/29
f 2/2 11/11 72/72
f 16/16 42/42 31/31
f 44/44 17/17 73/73
f 18/18 69/69 19/19
f 39/39 71/71 59/59
f 49/49 64/64 51/51
f 62/62 6/6 13/13
f 13/13 8/8 14/14
f 1/1 10/10 61/61
f 10/10 1/1 3/3
f 47/47 34/34 74/74
f 11/11 30/30 29/29
f 74/74 73/73 75/75
f 76/76 77/77 78/78
f 2/2 6/6 62/62
f 17/17 19/19 73/73
f 3/3 5/5 9/9
f 8/8 12/12 36/36
f 62/62 22/22 3/3
f 22/22 62/62 13/13
f 53/53 27/27 37/37
f 36/36 14/14 8/8
f 79/79 80/80 19/19
f 22/22 4/4 3/3
f 54/54 48/48 26/26
f 19/19 46/46 79/79
f 68/68 24/24 23/23
f 81/81 35/35 41/41
f 27/27 23/23 25/25
f 82/82 54/54 26/26
f 32/32 42/42 28/28
f 83/83 84/84 85/85
f 59/59 40/40 39/39
f 86/86 33/33 87/87
f 66/66 32/32 28/28
f 18/18 81/81 69/69
f 65/65 28/28 30/30
f 72/72 11/11 29/29
f 23/23 31/31 68/68
f 26/26 25/25 82/82
f 25/25 63/63 82/82
f 52/52 39/39 49/49
f 88/88 89/89 90/90
f 85/85 91/91 83/83
f 44/44 73/73 15/15
f 74/74 15/15 73/73
f 44/44 15/15 14/14
f 46/46 70/70 79/79
f 8/8 13/13 6/6
f 34/34 20/20 22/22
f 30/30 92/92 65/65
f 87/87 32/32 66/66
f 50/50 49/49 41/41
f 69/69 46/46 19/19
f 18/18 36/36 81/81
f 48/48 64/64 49/49
f 41/41 35/35 50/50
f 2/2 72/72 6/6
f 50/50 43/43 48/48
f 93/93 31/31 33/33
f 87/87 33/33 32/32
f 68/68 93/93 94/94
f 86/86 93/93 33/33
f 48/48 43/43 26/26
f 94/94 95/95 68/68
f 61/61 92/92 30/30
f 68/68 31/31 93/93
f 73/73 80/80 75/75
f 36/36 35/35 81/81
f 73/73 19/19 80/80
f 7/7 6/6 72/72
f 94/94 93/93 86/86
f 81/81 41/41 69/69
f 74/74 34/34 15/15
f 69/69 40/40 46/46
f 57/57 56/56 96/96
f 97/97 98/98 99/99
f 97/97 100/100 98/98
f 100/100 101/101 102/102
f 98/98 100/100 102/102
f 102/102 101/101 103/103
f 102/102 103/103 104/104
f 105/105 106/106 107/107
f 97/97 108/108 100/100
f 109/109 101/101 100/100
f 110/110 111/111 108/108
f 112/112 110/110 108/108
f 108/108 111/111 100/100
f 111/111 109/109 100/100
f 101/101 109/109 113/113
f 101/101 113/113 103/103
f 106/106 114/114 107/107
f 106/106 115/115 114/114
f 110/110 116/116 111/111
f 116/116 117/117 111/111
f 111/111 117/117 109/109
f 117/117 118/118 113/113
f 109/109 117/117 113/113
f 115/115 119/119 120/120
f 115/115 120/120 114/114
f 114/114 120/120 121/121
f 116/116 122/122 117/117
f 119/119 123/123 120/120
f 120/120 124/124 121/121
f 117/117 122/122 125/125
f 117/117 125/125 118/118
f 118/118 125/125 126/126
f 127/127 128/128 123/123
f 129/129 130/130 131/131
f 129/129 99/99 130/130
f 131/131 130/130 132/132
f 133/133 134/134 135/135
f 136/136 137/137 97/97
f 136/136 97/97 99/99
f 98/98 102/102 99/99
f 99/99 102/102 130/130
f 130/130 102/102 104/104
f 134/134 105/105 138/138
f 139/139 97/97 137/137
f 105/105 140/140 138/138
f 105/105 107/107 140/140
f 139/139 112/112 97/97
f 141/141 112/112 139/139
f 141/141 110/110 112/112
f 107/107 114/114 142/142
f 143/143 116/116 110/110
f 143/143 144/144 116/116
f 116/116 144/144 122/122
f 144/144 145/145 122/122
f 145/145 146/146 125/125
f 122/122 145/145 125/125
f 124/124 123/123 147/147
f 128/128 147/147 123/123
f 128/128 148/148 147/147
f 149/149 136/136 150/150
f 149/149 137/137 136/136
f 134/134 138/138 135/135
f 151/151 139/139 137/137
f 140/140 152/152 138/138
f 151/151 141/141 139/139
f 107/107 153/153 152/152
f 140/140 107/107 152/152
f 107/107 142/142 153/153
f 154/154 155/155 141/141
f 155/155 110/110 141/141
f 155/155 143/143 110/110
f 114/114 121/121 142/142
f 121/121 156/156 142/142
f 143/143 157/157 144/144
f 121/121 124/124 156/156
f 124/124 158/158 156/156
f 157/157 159/159 144/144
f 159/159 145/145 144/144
f 147/147 158/158 124/124
f 159/159 160/160 145/145
f 147/147 161/161 158/158
f 162/162 163/163 145/145
f 145/145 163/163 146/146
f 164/164 165/165 166/166
f 148/148 161/161 147/147
f 167/167 168/168 129/129
f 169/169 129/129 168/168
f 129/129 131/131 167/167
f 149/149 150/150 169/169
f 169/169 150/150 129/129
f 131/131 132/132 170/170
f 133/133 135/135 171/171
f 172/172 137/137 149/149
f 173/173 137/137 172/172
f 138/138 174/174 135/135
f 173/173 151/151 137/137
f 138/138 152/152 174/174
f 173/173 175/175 151/151
f 175/175 176/176 141/141
f 175/175 141/141 151/151
f 153/153 177/177 152/152
f 176/176 154/154 141/141
f 142/142 178/178 177/177
f 153/153 142/142 177/177
f 155/155 179/179 143/143
f 142/142 180/180 178/178
f 179/179 157/157 143/143
f 142/142 156/156 180/180
f 156/156 158/158 181/181
f 145/145 160/160 162/162
f 161/161 182/182 158/158
f 183/183 184/184 165/165
f 165/165 185/185 166/166
f 161/161 186/186 182/182
f 165/165 184/184 185/185
f 166/166 185/185 187/187
f 187/187 185/185 188/188
f 131/131 170/170 167/167
f 189/189 149/149 169/169
f 135/135 174/174 190/190
f 191/191 173/173 172/172
f 191/191 175/175 173/173
f 176/176 192/192 154/154
f 192/192 193/193 155/155
f 192/192 155/155 154/154
f 193/193 194/194 179/179
f 193/193 179/179 155/155
f 195/195 157/157 179/179
f 195/195 196/196 157/157
f 156/156 181/181 180/180
f 157/157 196/196 159/159
f 196/196 197/197 159/159
f 159/159 197/197 160/160
f 158/158 182/182 181/181
f 197/197 198/198 160/160
f 160/160 199/199 162/162
f 186/186 200/200 182/182
f 182/182 200/200 201/201
f 202/202 184/184 183/183
f 203/203 204/204 205/205
f 205/205 204/204 206/206
f 207/207 208/208 209/209
f 207/207 209/209 203/203
f 210/210 171/171 211/211
f 212/212 208/208 207/207
f 135/135 190/190 213/213
f 211/211 135/135 213/213
f 214/214 191/191 172/172
f 190/190 174/174 215/215
f 152/152 216/216 174/174
f 217/217 176/176 175/175
f 152/152 177/177 216/216
f 217/217 192/192 176/176
f 177/177 218/218 216/216
f 177/177 178/178 218/218
f 178/178 180/180 218/218
f 194/194 195/195 179/179
f 194/194 219/219 195/195
f 180/180 181/181 220/220
f 182/182 221/221 222/222
f 182/182 201/201 221/221
f 160/160 198/198 199/199
f 202/202 223/223 184/184
f 223/223 224/224 184/184
f 224/224 225/225 184/184
f 184/184 225/225 185/185
f 185/185 225/225 188/188
f 188/188 225/225 226/226
f 210/210 211/211 227/227
f 228/228 212/212 207/207
f 211/211 213/213 227/227
f 229/229 189/189 230/230
f 229/229 172/172 189/189
f 214/214 172/172 229/229
f 214/214 231/231 191/191
f 174/174 232/232 215/215
f 231/231 217/217 191/191
f 217/217 233/233 192/192
f 234/234 193/193 233/233
f 233/233 193/193 192/192
f 234/234 194/194 193/193
f 218/218 180/180 235/235
f 180/180 220/220 235/235
f 219/219 236/236 195/195
f 236/236 196/196 195/195
f 181/181 237/237 220/220
f 236/236 238/238 196/196
f 181/181 222/222 237/237
f 238/238 197/197 196/196
f 238/238 239/239 198/198
f 197/197 238/238 198/198
f 240/240 226/226 241/241
f 242/242 243/243 202/202
f 243/243 223/223 202/202
f 225/225 241/241 226/226
f 205/205 206/206 244/244
f 228/228 207/207 245/245
f 245/245 207/207 203/203
f 206/206 246/246 244/244
f 227/227 213/213 247/247
f 213/213 215/215 248/248
f 214/214 249/249 231/231
f 215/215 232/232 250/250
f 231/231 251/251 252/252
f 252/252 217/217 231/231
f 252/252 233/233 217/217
f 216/216 218/218 253/253
f 234/234 254/254 194/194
f 218/218 235/235 255/255
f 254/254 219/219 194/194
f 219/219 256/256 236/236
f 256/256 238/238 236/236
f 237/237 222/222 257/257
f 222/222 258/258 257/257
f 222/222 221/221 258/258
f 221/221 259/259 258/258
f 201/201 259/259 221/221
f 260/260 259/259 201/201
f 261/261 243/243 242/242
f 223/223 262/262 224/224
f 224/224 262/262 225/225
f 225/225 262/262 263/263
f 245/245 203/203 264/264
f 264/264 205/205 265/265
f 265/265 205/205 244/244
f 266/266 228/228 267/267
f 268/268 228/228 266/266
f 269/269 229/229 230/230
f 270/270 229/229 269/269
f 215/215 250/250 248/248
f 270/270 249/249 214/214
f 232/232 216/216 271/271
f 271/271 216/216 253/253
f 218/218 255/255 253/253
f 255/255 235/235 272/272
f 235/235 273/273 272/272
f 220/220 273/273 235/235
f 273/273 237/237 274/274
f 257/257 274/274 237/237
f 256/256 275/275 238/238
f 259/259 276/276 258/258
f 198/198 239/239 277/277
f 243/243 278/278 223/223
f 223/223 278/278 262/262
f 225/225 263/263 279/279
f 225/225 279/279 241/241
f 265/265 244/244 280/280
f 281/281 227/227 282/282
f 213/213 283/283 247/247
f 269/269 284/284 270/270
f 213/213 248/248 283/283
f 285/285 249/249 270/270
f 248/248 250/250 286/286
f 250/250 232/232 271/271
f 287/287 239/239 238/238
f 261/261 288/288 243/243
f 259/259 260/260 289/289
f 288/288 278/278 243/243
f 241/241 279/279 290/290
f 291/291 264/264 265/265
f 291/291 265/265 292/292
f 292/292 265/265 280/280
f 267/267 245/245 293/293
f 280/280 244/244 294/294
f 295/295 268/268 266/266
f 296/296 268/268 295/295
f 284/284 297/297 270/270
f 297/297 285/285 270/270
f 285/285 298/298 249/249
f 250/250 271/271 299/299
f 249/249 300/300 251/251
f 253/253 301/301 271/271
f 255/255 302/302 301/301
f 253/253 255/255 301/301
f 255/255 303/303 302/302
f 272/272 304/304 303/303
f 305/305 219/219 254/254
f 272/272 273/273 304/304
f 256/256 219/219 305/305
f 306/306 275/275 256/256
f 287/287 238/238 275/275
f 258/258 307/307 257/257
f 258/258 276/276 307/307
f 287/287 308/308 239/239
f 259/259 309/309 276/276
f 310/310 277/277 239/239
f 278/278 311/311 262/262
f 262/262 311/311 312/312
f 263/263 262/262 313/313
f 313/313 314/314 263/263
f 263/263 314/314 279/279
f 294/294 315/315 316/316
f 295/295 266/266 317/317
f 282/282 247/247 318/318
f 247/247 283/283 318/318
f 250/250 299/299 286/286
f 271/271 301/301 319/319
f 251/251 320/320 252/252
f 252/252 320/320 321/321
f 322/322 323/323 233/233
f 233/233 323/323 234/234
f 304/304 273/273 324/324
f 305/305 306/306 256/256
f 274/274 257/257 325/325
f 326/326 287/287 275/275
f 257/257 307/307 325/325
f 307/307 276/276 327/327
f 328/328 308/308 287/287
f 308/308 310/310 239/239
f 288/288 329/329 278/278
f 314/314 330/330 279/279
f 312/312 313/313 262/262
f 317/317 267/267 293/293
f 280/280 294/294 331/331
f 332/332 333/333 334/334
f 286/286 299/299 335/335
f 271/271 319/319 299/299
f 321/321 233/233 252/252
f 323/323 254/254 234/234
f 273/273 336/336 324/324
f 273/273 274/274 336/336
f 274/274 325/325 336/336
f 326/326 275/275 306/306
f 329/329 337/337 278/278
f 278/278 337/337 311/311
f 279/279 330/330 290/290
f 291/291 292/292 338/338
f 339/339 317/317 293/293
f 340/340 295/295 317/317
f 341/341 282/282 342/342
f 343/343 334/334 344/344
f 345/345 286/286 346/346
f 346/346 286/286 335/335
f 300/300 320/320 251/251
f 302/302 303/303 347/347
f 303/303 304/304 347/347
f 348/348 305/305 254/254
f 307/307 349/349 325/325
f 326/326 328/328 287/287
f 350/350 310/310 308/308
f 308/308 351/351 350/350
f 289/289 352/352 309/309
f 350/350 353/353 310/310
f 290/290 330/330 354/354
f 311/311 355/355 356/356
f 311/311 356/356 312/312
f 312/312 356/356 313/313
f 356/356 357/357 313/313
f 313/313 357/357 314/314
f 340/340 344/344 295/295
f 340/340 358/358 344/344
f 343/343 359/359 332/332
f 343/343 332/332 334/334
f 298/298 360/360 361/361
f 361/361 360/360 362/362
f 299/299 363/363 335/335
f 362/362 300/300 361/361
f 301/301 364/364 365/365
f 321/321 322/322 233/233
f 301/301 302/302 364/364
f 324/324 336/336 366/366
f 367/367 306/306 305/305
f 325/325 349/349 368/368
f 326/326 369/369 328/328
f 307/307 370/370 349/349
f 327/327 370/370 307/307
f 351/351 308/308 328/328
f 352/352 371/371 309/309
f 337/337 372/372 311/311
f 311/311 372/372 355/355
f 373/373 291/291 374/374
f 374/374 291/291 338/338
f 317/317 375/375 340/340
f 341/341 342/342 376/376
f 335/335 377/377 346/346
f 333/333 332/332 378/378
f 319/319 301/301 379/379
f 301/301 365/365 379/379
f 302/302 380/380 364/364
f 323/323 348/348 254/254
f 367/367 381/381 306/306
f 381/381 326/326 306/306
f 325/325 368/368 336/336
f 327/327 382/382 370/370
f 309/309 382/382 327/327
f 309/309 371/371 382/382
f 329/329 383/383 372/372
f 329/329 372/372 337/337
f 330/330 384/384 354/354
f 385/385 386/386 387/387
f 331/331 316/316 388/388
f 389/389 340/340 375/375
f 389/389 358/358 340/340
f 358/358 343/343 344/344
f 358/358 390/390 343/343
f 391/391 346/346 392/392
f 332/332 359/359 393/393
f 335/335 394/394 377/377
f 319/319 379/379 363/363
f 322/322 395/395 323/323
f 302/302 347/347 380/380
f 323/323 395/395 348/348
f 347/347 304/304 396/396
f 304/304 324/324 396/396
f 367/367 305/305 348/348
f 324/324 366/366 396/396
f 397/397 326/326 381/381
f 368/368 349/349 398/398
f 349/349 370/370 398/398
f 369/369 399/399 328/328
f 399/399 400/400 328/328
f 328/328 400/400 351/351
f 401/401 383/383 329/329
f 354/354 384/384 402/402
f 314/314 403/403 330/330
f 330/330 403/403 384/384
f 314/314 357/357 403/403
f 404/404 373/373 374/374
f 375/375 339/339 405/405
f 342/342 391/391 406/406
f 343/343 390/390 359/359
f 332/332 393/393 378/378
f 360/360 407/407 362/362
f 407/407 408/408 362/362
f 408/408 320/320 300/300
f 409/409 410/410 411/411
f 411/411 410/410 412/412
f 321/321 413/413 322/322
f 409/409 414/414 410/410
f 415/415 416/416 417/417
f 410/410 418/418 412/412
f 413/413 395/395 322/322
f 410/410 419/419 418/418
f 420/420 348/348 395/395
f 414/414 419/419 410/410
f 348/348 420/420 367/367
f 336/336 368/368 421/421
f 397/397 369/369 326/326
f 398/398 370/370 422/422
f 423/423 424/424 425/425
f 425/425 426/426 427/427
f 427/427 428/428 401/401
f 401/401 428/428 383/383
f 357/357 429/429 403/403
f 388/388 430/430 431/431
f 390/390 432/432 359/359
f 406/406 392/392 433/433
f 360/360 434/434 407/407
f 435/435 411/411 436/436
f 437/437 438/438 439/439
f 411/411 440/440 436/436
f 408/408 441/441 320/320
f 411/411 442/442 440/440
f 440/440 442/442 443/443
f 365/365 444/444 379/379
f 435/435 409/409 411/411
f 437/437 439/439 415/415
f 442/442 445/445 443/443
f 441/441 321/321 320/320
f 365/365 364/364 444/444
f 441/441 446/446 321/321
f 442/442 412/412 445/445
f 446/446 413/413 321/321
f 415/415 439/439 416/416
f 447/447 448/448 449/449
f 439/439 450/450 416/416
f 416/416 450/450 417/417
f 417/417 450/450 451/451
f 418/418 419/419 452/452
f 414/414 453/453 419/419
f 417/417 451/451 454/454
f 455/455 456/456 457/457
f 455/455 458/458 456/456
f 459/459 381/381 367/367
f 336/336 421/421 366/366
f 397/397 460/460 369/369
f 382/382 461/461 462/462
f 427/427 426/426 428/428
f 463/463 464/464 371/371
f 428/428 465/465 383/383
f 383/383 465/465 372/372
f 403/403 466/466 384/384
f 356/356 355/355 467/467
f 467/467 468/468 357/357
f 356/356 467/467 357/357
f 357/357 468/468 429/429
f 429/429 466/466 403/403
f 469/469 374/374 385/385
f 470/470 471/471 472/472
f 389/389 375/375 473/473
f 392/392 474/474 433/433
f 475/475 378/378 393/393
f 394/394 476/476 477/477
f 478/478 436/436 479/479
f 479/479 436/436 480/480
f 438/438 481/481 439/439
f 481/481 482/482 439/439
f 482/482 483/483 439/439
f 380/380 484/484 364/364
f 439/439 483/483 450/450
f 450/450 483/483 485/485
f 450/450 485/485 451/451
f 451/451 485/485 486/486
f 396/396 366/366 487/487
f 451/451 486/486 454/454
f 420/420 459/459 367/367
f 456/456 488/488 457/457
f 454/454 486/486 489/489
f 456/456 490/490 488/488
f 458/458 491/491 490/490
f 458/458 490/490 456/456
f 459/459 492/492 381/381
f 421/421 368/368 493/493
f 368/368 398/398 493/493
f 382/382 371/371 461/461
f 426/426 494/494 428/428
f 371/371 464/464 461/461
f 428/428 495/495 465/465
f 465/465 496/496 372/372
f 372/372 496/496 355/355
f 355/355 496/496 467/467
f 497/497 475/475 393/393
f 479/479 480/480 498/498
f 498/498 480/480 499/499
f 434/434 500/500 407/407
f 500/500 408/408 407/407
f 379/379 501/501 476/476
f 502/502 441/441 408/408
f 503/503 504/504 482/482
f 481/481 503/503 482/482
f 379/379 444/444 501/501
f 444/444 364/364 505/505
f 482/482 504/504 483/483
f 364/364 484/484 505/505
f 380/380 506/506 484/484
f 380/380 347/347 506/506
f 483/483 507/507 485/485
f 395/395 508/508 420/420
f 486/486 509/509 489/489
f 490/490 510/510 488/488
f 492/492 397/397 381/381
f 460/460 399/399 369/369
f 398/398 511/511 493/493
f 398/398 422/422 511/511
f 424/424 512/512 425/425
f 462/462 513/513 422/422
f 462/462 461/461 513/513
f 463/463 514/514 464/464
f 464/464 514/514 515/515
f 516/516 517/517 402/402
f 384/384 516/516 402/402
f 518/518 390/390 519/519
f 520/520 432/432 521/521
f 393/393 521/521 522/522
f 523/523 524/524 525/525
f 526/526 527/527 528/528
f 529/529 530/530 438/438
f 523/523 525/525 531/531
f 530/530 503/503 481/481
f 438/438 530/530 481/481
f 500/500 502/502 408/408
f 532/532 533/533 534/534
f 502/502 535/535 441/441
f 503/503 536/536 504/504
f 504/504 537/537 538/538
f 539/539 446/446 441/441
f 540/540 541/541 542/542
f 446/446 543/543 413/413
f 544/544 395/395 413/413
f 543/543 544/544 413/413
f 483/483 538/538 545/545
f 483/483 545/545 507/507
f 544/544 508/508 395/395
f 507/507 546/546 485/485
f 508/508 459/459 420/420
f 508/508 547/547 459/459
f 486/486 485/485 548/548
f 486/486 548/548 509/509
f 509/509 549/549 550/550
f 489/489 509/509 550/550
f 490/490 551/551 510/510
f 492/492 552/552 397/397
f 553/553 551/551 491/491
f 491/491 551/551 490/490
f 552/552 460/460 397/397
f 460/460 554/554 399/399
f 512/512 426/426 425/425
f 426/426 555/555 494/494
f 464/464 515/515 461/461
f 494/494 556/556 428/428
f 428/428 556/556 495/495
f 495/495 557/557 465/465
f 465/465 557/557 496/496
f 518/518 432/432 390/390
f 558/558 559/559 526/526
f 526/526 528/528 558/558
f 558/558 528/528 560/560
f 561/561 475/475 497/497
f 528/528 562/562 560/560
f 475/475 561/561 563/563
f 530/530 536/536 503/503
f 532/532 534/534 564/564
f 476/476 501/501 565/565
f 536/536 537/537 504/504
f 535/535 539/539 441/441
f 537/537 566/566 538/538
f 539/539 543/543 446/446
f 538/538 567/567 545/545
f 567/567 568/568 545/545
f 569/569 570/570 571/571
f 545/545 572/572 546/546
f 507/507 545/545 546/546
f 366/366 573/573 487/487
f 485/485 546/546 548/548
f 574/574 459/459 547/547
f 548/548 546/546 575/575
f 574/574 492/492 459/459
f 551/551 576/576 510/510
f 552/552 554/554 460/460
f 577/577 578/578 423/423
f 423/423 578/578 424/424
f 513/513 579/579 422/422
f 515/515 580/580 461/461
f 496/496 557/557 581/581
f 582/582 516/516 466/466
f 496/496 581/581 467/467
f 467/467 583/583 468/468
f 584/584 585/585 468/468
f 468/468 585/585 429/429
f 585/585 466/466 429/429
f 518/518 586/586 432/432
f 432/432 587/587 521/521
f 588/588 522/522 521/521
f 589/589 525/525 524/524
f 497/497 590/590 561/561
f 530/530 591/591 536/536
f 592/592 502/502 500/500
f 593/593 535/535 502/502
f 566/566 567/567 538/538
f 594/594 543/543 539/539
f 594/594 544/544 543/543
f 594/594 595/595 544/544
f 544/544 596/596 508/508
f 568/568 572/572 545/545
f 572/572 597/597 546/546
f 546/546 597/597 575/575
f 574/574 552/552 492/492
f 509/509 548/548 598/598
f 509/509 598/598 549/549
f 553/553 599/599 551/551
f 551/551 599/599 576/576
f 600/600 601/601 511/511
f 578/578 512/512 424/424
f 422/422 579/579 600/600
f 426/426 512/512 555/555
f 513/513 602/602 579/579
f 494/494 555/555 556/556
f 514/514 603/603 515/515
f 556/556 604/604 495/495
f 557/557 605/605 581/581
f 585/585 582/582 466/466
f 581/581 583/583 467/467
f 468/468 583/583 584/584
f 606/606 607/607 473/473
f 433/433 608/608 609/609
f 559/559 558/558 610/610
f 522/522 590/590 497/497
f 558/558 611/611 610/610
f 612/612 477/477 613/613
f 589/589 614/614 525/525
f 615/615 591/591 530/530
f 529/529 615/615 530/530
f 561/561 616/616 563/563
f 591/591 617/617 536/536
f 592/592 593/593 502/502
f 617/617 618/618 537/537
f 593/593 619/619 535/535
f 537/537 618/618 566/566
f 619/619 620/620 535/535
f 620/620 539/539 535/535
f 621/621 541/541 622/622
f 620/620 594/594 539/539
f 566/566 623/623 567/567
f 541/541 624/624 625/625
f 567/567 623/623 568/568
f 624/624 626/626 625/625
f 624/624 571/571 626/626
f 596/596 544/544 595/595
f 568/568 627/627 572/572
f 571/571 628/628 629/629
f 596/596 630/630 508/508
f 630/630 547/547 508/508
f 630/630 574/574 547/547
f 572/572 631/631 597/597
f 421/421 632/632 573/573
f 633/633 552/552 574/574
f 633/633 634/634 552/552
f 421/421 493/493 632/632
f 634/634 554/554 552/552
f 549/549 635/635 550/550
f 549/549 598/598 635/635
f 553/553 636/636 599/599
f 579/579 637/637 600/600
f 578/578 638/638 512/512
f 639/639 556/556 555/555
f 515/515 603/603 580/580
f 604/604 640/640 495/495
f 514/514 641/641 603/603
f 495/495 642/642 557/557
f 516/516 643/643 517/517
f 516/516 582/582 643/643
f 644/644 645/645 518/518
f 518/518 645/645 586/586
f 432/432 586/586 587/587
f 587/587 588/588 521/521
f 559/559 610/610 646/646
f 590/590 522/522 588/588
f 647/647 614/614 589/589
f 610/610 611/611 646/646
f 611/611 564/564 648/648
f 565/565 649/649 477/477
f 650/650 616/616 561/561
f 591/591 651/651 617/617
f 619/619 593/593 592/592
f 534/534 652/652 653/653
f 618/618 654/654 566/566
f 652/652 655/655 656/656
f 657/657 620/620 619/619
f 620/620 658/658 594/594
f 659/659 594/594 658/658
f 659/659 595/595 594/594
f 659/659 596/596 595/595
f 627/627 660/660 572/572
f 661/661 574/574 630/630
f 572/572 660/660 631/631
f 662/662 663/663 664/664
f 570/570 665/665 628/628
f 570/570 666/666 667/667
f 661/661 633/633 574/574
f 633/633 668/668 634/634
f 548/548 575/575 669/669
f 548/548 669/669 598/598
f 670/670 671/671 672/672
f 671/671 673/673 672/672
f 674/674 578/578 577/577
f 601/601 600/600 675/675
f 598/598 676/676 635/635
f 578/578 677/677 638/638
f 638/638 555/555 512/512
f 556/556 639/639 604/604
f 678/678 679/679 580/580
f 603/603 678/678 580/580
f 640/640 642/642 495/495
f 557/557 642/642 605/605
f 585/585 680/680 582/582
f 583/583 581/581 681/681
f 583/583 681/681 584/584
f 587/587 682/682 588/588
f 683/683 615/615 529/529
f 684/684 683/683 529/529
f 590/590 685/685 650/650
f 590/590 650/650 561/561
f 613/613 477/477 649/649
f 651/651 618/618 617/617
f 686/686 616/616 650/650
f 618/618 687/687 654/654
f 657/657 688/688 620/620
f 688/688 689/689 620/620
f 690/690 622/622 691/691
f 622/622 625/625 691/691
f 689/689 658/658 620/620
f 692/692 693/693 694/694
f 625/625 695/695 691/691
f 625/625 626/626 695/695
f 696/696 596/596 659/659
f 697/697 698/698 699/699
f 626/626 629/629 700/700
f 626/626 700/700 695/695
f 696/696 701/701 596/596
f 629/629 628/628 702/702
f 701/701 630/630 596/596
f 660/660 703/703 631/631
f 597/597 704/704 575/575
f 672/672 673/673 705/705
f 575/575 704/704 669/669
f 706/706 578/578 674/674
f 600/600 637/637 675/675
f 676/676 707/707 635/635
f 708/708 709/709 636/636
f 638/638 710/710 555/555
f 579/579 602/602 711/711
f 580/580 679/679 602/602
f 604/604 712/712 640/640
f 713/713 714/714 582/582
f 582/582 714/714 643/643
f 605/605 715/715 581/581
f 680/680 713/713 582/582
f 607/607 716/716 644/644
f 644/644 716/716 645/645
f 586/586 645/645 587/587
f 588/588 717/717 590/590
f 647/647 718/718 614/614
f 612/612 613/613 719/719
f 650/650 720/720 686/686
f 651/651 687/687 618/618
f 721/721 722/722 619/619
f 722/722 657/657 619/619
f 723/723 724/724 725/725
f 656/656 726/726 727/727
f 727/727 726/726 728/728
f 725/725 724/724 693/693
f 690/690 691/691 729/729
f 691/691 730/730 729/729
f 689/689 731/731 658/658
f 694/694 693/693 732/732
f 691/691 695/695 730/730
f 730/730 695/695 733/733
f 658/658 734/734 659/659
f 695/695 735/735 733/733
f 734/734 696/696 659/659
f 700/700 735/735 695/695
f 698/698 736/736 699/699
f 699/699 736/736 737/737
f 736/736 738/738 737/737
f 664/664 663/663 739/739
f 740/740 661/661 630/630
f 701/701 740/740 630/630
f 661/661 668/668 633/633
f 703/703 741/741 631/631
f 631/631 741/741 742/742
f 597/597 742/742 704/704
f 743/743 744/744 674/674
f 744/744 706/706 674/674
f 673/673 671/671 745/745
f 706/706 677/677 578/578
f 677/677 710/710 638/638
f 579/579 711/711 637/637
f 710/710 639/639 555/555
f 639/639 746/746 604/604
f 746/746 712/712 604/604
f 640/640 747/747 642/642
f 748/748 749/749 641/641
f 605/605 750/750 715/715
f 581/581 715/715 751/751
f 581/581 751/751 681/681
f 681/681 752/752 584/584
f 584/584 752/752 585/585
f 585/585 752/752 680/680
f 753/753 754/754 607/607
f 645/645 755/755 587/587
f 718/718 756/756 614/614
f 615/615 757/757 651/651
f 649/649 758/758 759/759
f 653/653 656/656 760/760
f 686/686 720/720 761/761
f 723/723 762/762 724/724
f 722/722 763/763 657/657
f 763/763 764/764 688/688
f 763/763 688/688 657/657
f 729/729 730/730 765/765
f 730/730 766/766 765/765
f 767/767 689/689 764/764
f 764/764 689/689 688/688
f 768/768 731/731 767/767
f 767/767 731/731 689/689
f 766/766 769/769 770/770
f 730/730 733/733 766/766
f 766/766 733/733 769/769
f 731/731 771/771 658/658
f 768/768 771/771 731/731
f 771/771 734/734 658/658
f 733/733 735/735 772/772
f 733/733 772/772 769/769
f 771/771 773/773 734/734
f 734/734 773/773 696/696
f 773/773 701/701 696/696
f 700/700 702/702 735/735
f 735/735 702/702 774/774
f 663/663 662/662 775/775
f 776/776 777/777 778/778
f 777/777 743/743 778/778
f 704/704 742/742 779/779
f 704/704 779/779 669/669
f 598/598 669/669 780/780
f 671/671 781/781 745/745
f 637/637 782/782 675/675
f 598/598 780/780 783/783
f 598/598 783/783 676/676
f 677/677 784/784 710/710
f 637/637 711/711 785/785
f 786/786 746/746 639/639
f 603/603 749/749 678/678
f 642/642 747/747 787/787
f 642/642 787/787 750/750
f 642/642 750/750 605/605
f 788/788 755/755 645/645
f 789/789 717/717 682/682
f 719/719 790/790 791/791
f 792/792 793/793 794/794
f 683/683 795/795 615/615
f 615/615 795/795 757/757
f 796/796 720/720 650/650
f 797/797 798/798 723/723
f 656/656 727/727 799/799
f 760/760 656/656 799/799
f 727/727 728/728 799/799
f 720/720 800/800 761/761
f 723/723 798/798 762/762
f 761/761 800/800 801/801
f 728/728 802/802 803/803
f 729/729 765/765 804/804
f 802/802 805/805 803/803
f 803/803 805/805 806/806
f 807/807 808/808 809/809
f 806/806 805/805 810/810
f 811/811 767/767 764/764
f 807/807 812/812 808/808
f 765/765 766/766 804/804
f 805/805 813/813 810/810
f 810/810 813/813 812/812
f 814/814 815/815 816/816
f 817/817 813/813 805/805
f 818/818 819/819 820/820
f 821/821 768/768 811/811
f 811/811 768/768 767/767
f 816/816 822/822 732/732
f 766/766 770/770 818/818
f 818/818 770/770 819/819
f 770/770 823/823 819/819
f 821/821 824/824 768/768
f 770/770 769/769 823/823
f 823/823 825/825 819/819
f 768/768 824/824 771/771
f 824/824 826/826 771/771
f 772/772 827/827 769/769
f 769/769 827/827 823/823
f 827/827 828/828 823/823
f 823/823 828/828 825/825
f 824/824 829/829 826/826
f 771/771 826/826 773/773
f 830/830 831/831 736/736
f 772/772 735/735 832/832
f 772/772 832/832 827/827
f 826/826 833/833 773/773
f 735/735 774/774 832/832
f 833/833 834/834 773/773
f 834/834 701/701 773/773
f 701/701 834/834 740/740
f 702/702 835/835 774/774
f 836/836 837/837 838/838
f 775/775 839/839 663/663
f 663/663 839/839 739/739
f 777/777 840/840 743/743
f 705/705 841/841 775/775
f 706/706 744/744 677/677
f 842/842 781/781 709/709
f 708/708 842/842 709/709
f 676/676 783/783 707/707
f 710/710 843/843 639/639
f 602/602 844/844 711/711
f 678/678 749/749 679/679
f 640/640 712/712 747/747
f 718/718 845/845 756/756
f 846/846 685/685 717/717
f 757/757 847/847 651/651
f 797/797 848/848 798/798
f 849/849 760/760 799/799
f 799/799 728/728 850/850
f 728/728 803/803 851/851
f 852/852 809/809 853/853
f 807/807 809/809 852/852
f 803/803 806/806 851/851
f 806/806 810/810 854/854
f 810/810 812/812 854/854
f 822/822 855/855 856/856
f 827/827 832/832 857/857
f 827/827 857/857 828/828
f 829/829 858/858 826/826
f 826/826 858/858 833/833
f 836/836 838/838 859/859
f 860/860 861/861 862/862
f 861/861 863/863 862/862
f 862/862 863/863 776/776
f 863/863 777/777 776/776
f 738/738 864/864 865/865
f 703/703 866/866 741/741
f 841/841 867/867 775/775
f 840/840 744/744 743/743
f 840/840 868/868 744/744
f 741/741 869/869 742/742
f 869/869 870/870 779/779
f 745/745 871/871 872/872
f 779/779 870/870 873/873
f 779/779 873/873 669/669
f 744/744 874/874 677/677
f 669/669 873/873 780/780
f 874/874 784/784 677/677
f 783/783 875/875 707/707
f 876/876 877/877 878/878
f 784/784 843/843 710/710
f 711/711 879/879 785/785
f 639/639 843/843 786/786
f 713/713 880/880 714/714
f 680/680 880/880 713/713
f 751/751 881/881 681/681
f 681/681 881/881 882/882
f 681/681 882/882 752/752
f 882/882 883/883 752/752
f 752/752 883/883 680/680
f 884/884 716/716 885/885
f 886/886 792/792 887/887
f 888/888 889/889 683/683
f 889/889 890/890 683/683
f 683/683 890/890 795/795
f 891/891 799/799 850/850
f 850/850 728/728 892/892
f 893/893 807/807 852/852
f 851/851 806/806 894/894
f 806/806 854/854 894/894
f 894/894 854/854 893/893
f 893/893 854/854 807/807
f 895/895 896/896 897/897
f 859/859 898/898 899/899
f 859/859 838/838 900/900
f 859/859 900/900 898/898
f 899/899 898/898 901/901
f 901/901 861/861 860/860
f 899/899 901/901 860/860
f 864/864 902/902 903/903
f 904/904 905/905 900/900
f 838/838 904/904 900/900
f 837/837 904/904 838/838
f 864/864 903/903 865/865
f 863/863 906/906 777/777
f 837/837 907/907 908/908
f 906/906 840/840 777/777
f 871/871 909/909 872/872
f 744/744 868/868 874/874
f 783/783 910/910 875/875
f 844/844 911/911 711/711
f 746/746 912/912 712/712
f 913/913 747/747 712/712
f 880/880 914/914 714/714
f 750/750 915/915 715/715
f 715/715 915/915 751/751
f 751/751 915/915 881/881
f 883/883 916/916 680/680
f 680/680 916/916 880/880
f 790/790 917/917 918/918
f 795/795 919/919 757/757
f 757/757 919/919 847/847
f 796/796 920/920 921/921
f 848/848 922/922 798/798
f 850/850 892/892 923/923
f 924/924 850/850 923/923
f 925/925 800/800 921/921
f 893/893 852/852 853/853
f 851/851 894/894 926/926
f 927/927 928/928 897/897
f 901/901 929/929 861/861
f 900/900 905/905 898/898
f 929/929 930/930 861/861
f 861/861 930/930 863/863
f 837/837 908/908 904/904
f 930/930 906/906 863/863
f 906/906 868/868 840/840
f 906/906 931/931 868/868
f 741/741 932/932 869/869
f 868/868 933/933 874/874
f 783/783 780/780 934/934
f 783/783 934/934 910/910
f 935/935 936/936 842/842
f 784/784 937/937 843/843
f 785/785 879/879 938/938
f 843/843 939/939 786/786
f 911/911 879/879 711/711
f 786/786 940/940 746/746
f 746/746 940/940 912/912
f 679/679 941/941 844/844
f 712/712 912/912 913/913
f 747/747 942/942 787/787
f 943/943 944/944 714/714
f 750/750 787/787 945/945
f 714/714 914/914 943/943
f 750/750 945/945 915/915
f 946/946 947/947 948/948
f 788/788 949/949 755/755
f 950/950 845/845 951/951
f 794/794 793/793 952/952
f 953/953 954/954 846/846
f 954/954 920/920 796/796
f 847/847 919/919 955/955
f 956/956 891/891 924/924
f 957/957 958/958 959/959
f 923/923 892/892 926/926
f 926/926 894/894 960/960
f 960/960 894/894 893/893
f 960/960 893/893 961/961
f 962/962 927/927 896/896
f 898/898 963/963 901/901
f 901/901 963/963 929/929
f 904/904 964/964 905/905
f 898/898 905/905 963/963
f 905/905 965/965 963/963
f 929/929 966/966 930/930
f 903/903 967/967 968/968
f 904/904 908/908 964/964
f 930/930 969/969 906/906
f 970/970 971/971 972/972
f 907/907 973/973 908/908
f 867/867 974/974 975/975
f 866/866 932/932 741/741
f 841/841 974/974 867/867
f 909/909 976/976 872/872
f 871/871 977/977 909/909
f 938/938 978/978 782/782
f 874/874 937/937 784/784
f 879/879 978/978 938/938
f 843/843 937/937 939/939
f 911/911 979/979 879/879
f 749/749 980/980 941/941
f 747/747 913/913 942/942
f 787/787 942/942 945/945
f 981/981 791/791 982/982
f 889/889 983/983 890/890
f 890/890 984/984 795/795
f 795/795 984/984 919/919
f 958/958 985/985 959/959
f 986/986 924/924 923/923
f 922/922 962/962 987/987
f 988/988 989/989 990/990
f 964/964 965/965 905/905
f 929/929 991/991 966/966
f 973/973 992/992 908/908
f 908/908 992/992 964/964
f 966/966 993/993 969/969
f 930/930 966/966 969/969
f 994/994 932/932 866/866
f 969/969 931/931 906/906
f 931/931 933/933 868/868
f 933/933 995/995 874/874
f 874/874 995/995 937/937
f 873/873 870/870 996/996
f 873/873 996/996 780/780
f 780/780 996/996 997/997
f 780/780 997/997 934/934
f 910/910 998/998 875/875
f 999/999 1000/1000 876/876
f 786/786 939/939 940/940
f 949/949 1001/1001 1002/1002
f 888/888 1003/1003 889/889
f 1004/1004 920/920 953/953
f 1005/1005 1006/1006 958/958
f 1007/1007 956/956 1008/1008
f 1009/1009 1010/1010 1011/1011
f 986/986 923/923 1012/1012
f 1009/1009 1011/1011 961/961
f 1013/1013 1014/1014 989/989
f 965/965 991/991 963/963
f 963/963 991/991 929/929
f 964/964 992/992 965/965
f 969/969 993/993 1015/1015
f 969/969 1015/1015 931/931
f 976/976 975/975 974/974
f 1015/1015 933/933 931/931
f 932/932 1016/1016 869/869
f 909/909 1017/1017 976/976
f 1018/1018 1017/1017 909/909
f 870/870 1019/1019 996/996
f 879/879 979/979 978/978
f 934/934 1020/1020 910/910
f 910/910 1020/1020 998/998
f 877/877 1000/1000 1021/1021
f 911/911 1022/1022 979/979
f 844/844 1022/1022 911/911
f 940/940 1023/1023 912/912
f 941/941 1022/1022 844/844
f 912/912 1023/1023 913/913
f 944/944 1024/1024 1025/1025
f 945/945 1026/1026 1027/1027
f 945/945 1027/1027 915/915
f 880/880 1028/1028 914/914
f 915/915 1027/1027 881/881
f 881/881 1027/1027 1029/1029
f 881/881 1029/1029 1030/1030
f 881/881 1030/1030 882/882
f 1030/1030 883/883 882/882
f 1031/1031 1032/1032 1033/1033
f 884/884 1034/1034 1035/1035
f 1036/1036 1001/1001 949/949
f 950/950 1037/1037 1038/1038
f 1003/1003 983/983 889/889
f 983/983 984/984 890/890
f 984/984 1039/1039 919/919
f 1004/1004 1040/1040 920/920
f 1006/1006 985/985 958/958
f 1041/1041 1042/1042 1043/1043
f 1044/1044 83/83 1045/1045
f 965/965 1046/1046 991/991
f 991/991 1046/1046 1047/1047
f 991/991 1047/1047 966/966
f 992/992 1048/1048 965/965
f 1047/1047 1049/1049 966/966
f 966/966 1049/1049 993/993
f 973/973 1050/1050 992/992
f 1051/1051 975/975 976/976
f 933/933 1052/1052 995/995
f 1016/1016 1053/1053 869/869
f 1053/1053 1019/1019 870/870
f 1054/1054 1018/1018 909/909
f 995/995 1055/1055 937/937
f 934/934 997/997 1020/1020
f 937/937 1056/1056 939/939
f 1057/1057 1058/1058 979/979
f 1056/1056 1059/1059 939/939
f 979/979 1022/1022 1057/1057
f 939/939 1059/1059 940/940
f 913/913 1023/1023 1060/1060
f 913/913 1060/1060 942/942
f 942/942 1061/1061 945/945
f 945/945 1061/1061 1026/1026
f 1003/1003 1062/1062 983/983
f 1063/1063 1064/1064 1065/1065
f 1039/1039 1066/1066 919/919
f 1005/1005 1067/1067 1006/1006
f 1042/1042 1068/1068 1043/1043
f 1043/1043 1068/1068 1069/1069
f 1014/1014 1070/1070 989/989
f 1071/1071 1072/1072 1073/1073
f 965/965 1048/1048 1046/1046
f 1074/1074 1075/1075 932/932
f 992/992 1050/1050 1048/1048
f 1049/1049 1076/1076 993/993
f 993/993 1076/1076 1015/1015
f 973/973 1077/1077 1050/1050
f 1015/1015 1076/1076 1052/1052
f 1015/1015 1052/1052 933/933
f 1017/1017 1051/1051 976/976
f 995/995 1052/1052 1078/1078
f 995/995 1078/1078 1055/1055
f 937/937 1055/1055 1056/1056
f 997/997 1079/1079 1020/1020
f 999/999 1080/1080 1000/1000
f 1059/1059 1081/1081 940/940
f 1081/1081 1023/1023 940/940
f 1082/1082 1025/1025 1083/1083
f 944/944 1084/1084 1024/1024
f 943/943 1084/1084 944/944
f 942/942 1060/1060 1061/1061
f 914/914 1085/1085 943/943
f 1085/1085 1084/1084 943/943
f 1028/1028 1085/1085 914/914
f 916/916 1086/1086 1028/1028
f 1030/1030 1087/1087 883/883
f 883/883 1087/1087 916/916
f 1087/1087 1086/1086 916/916
f 1062/1062 1088/1088 983/983
f 1006/1006 1089/1089 985/985
f 1090/1090 1012/1012 1091/1091
f 985/985 1089/1089 1092/1092
f 985/985 1092/1092 1042/1042
f 1069/1069 1093/1093 1094/1094
f 1095/1095 1069/1069 1094/1094
f 1096/1096 1097/1097 1072/1072
f 1050/1050 1098/1098 1048/1048
f 1099/1099 1100/1100 1016/1016
f 1016/1016 1100/1100 1053/1053
f 996/996 1019/1019 997/997
f 1101/1101 1102/1102 1103/1103
f 1082/1082 1104/1104 1101/1101
f 1059/1059 1105/1105 1081/1081
f 1083/1083 1104/1104 1082/1082
f 1025/1025 1024/1024 1083/1083
f 1028/1028 1086/1086 1085/1085
f 1001/1001 1106/1106 1107/1107
f 1037/1037 1108/1108 1038/1038
f 1088/1088 1109/1109 983/983
f 983/983 1109/1109 984/984
f 1039/1039 1110/1110 1066/1066
f 1111/1111 1112/1112 1113/1113
f 1067/1067 1089/1089 1006/1006
f 1089/1089 1114/1114 1092/1092
f 1068/1068 1115/1115 1069/1069
f 1115/1115 1093/1093 1069/1069
f 1098/1098 1116/1116 1048/1048
f 1046/1046 1116/1116 1117/1117
f 1046/1046 1117/1117 1047/1047
f 1047/1047 1117/1117 1118/1118
f 1047/1047 1118/1118 1049/1049
f 1049/1049 1118/1118 1076/1076
f 1119/1119 1098/1098 1050/1050
f 1076/1076 1118/1118 1120/1120
f 1075/1075 1099/1099 1016/1016
f 1077/1077 1119/1119 1050/1050
f 1076/1076 1120/1120 1052/1052
f 1121/1121 1122/1122 1051/1051
f 1017/1017 1121/1121 1051/1051
f 1018/1018 1121/1121 1017/1017
f 1123/1123 1054/1054 977/977
f 1055/1055 1124/1124 1056/1056
f 1079/1079 1125/1125 1020/1020
f 1020/1020 1125/1125 998/998
f 1126/1126 1127/1127 1128/1128
f 1101/1101 1104/1104 1102/1102
f 1081/1081 1129/1129 1023/1023
f 1023/1023 1130/1130 1060/1060
f 1026/1026 1131/1131 1027/1027
f 1027/1027 1131/1131 1029/1029
f 1108/1108 1132/1132 1038/1038
f 1003/1003 1133/1133 1062/1062
f 984/984 1109/1109 1134/1134
f 984/984 1134/1134 1039/1039
f 1135/1135 1136/1136 1067/1067
f 1067/1067 1136/1136 1089/1089
f 1114/1114 1137/1137 1092/1092
f 1092/1092 1137/1137 1068/1068
f 1137/1137 1138/1138 1068/1068
f 1138/1138 1115/1115 1068/1068
f 1115/1115 1139/1139 1093/1093
f 1052/1052 1120/1120 1078/1078
f 1018/1018 1140/1140 1121/1121
f 1078/1078 1124/1124 1055/1055
f 1019/1019 1141/1141 997/997
f 997/997 1141/1141 1079/1079
f 1142/1142 1143/1143 999/999
f 999/999 1143/1143 1080/1080
f 1056/1056 1144/1144 1059/1059
f 1059/1059 1144/1144 1105/1105
f 1081/1081 1105/1105 1129/1129
f 1024/1024 1145/1145 1083/1083
f 1146/1146 1145/1145 1024/1024
f 1023/1023 1129/1129 1130/1130
f 1147/1147 1146/1146 1024/1024
f 1084/1084 1147/1147 1024/1024
f 1060/1060 1130/1130 1061/1061
f 1085/1085 1148/1148 1084/1084
f 1086/1086 1149/1149 1085/1085
f 1039/1039 1134/1134 1110/1110
f 1098/1098 1150/1150 1116/1116
f 1151/1151 1152/1152 1117/1117
f 1116/1116 1151/1151 1117/1117
f 1117/1117 1152/1152 1118/1118
f 1118/1118 1152/1152 1153/1153
f 1118/1118 1154/1154 1120/1120
f 1120/1120 1154/1154 1155/1155
f 1099/1099 1156/1156 1100/1100
f 1157/1157 1122/1122 1121/1121
f 1120/1120 1155/1155 1158/1158
f 1120/1120 1158/1158 1078/1078
f 1078/1078 1158/1158 1124/1124
f 1054/1054 1140/1140 1018/1018
f 1141/1141 1159/1159 1079/1079
f 1079/1079 1159/1159 1125/1125
f 1056/1056 1160/1160 1144/1144
f 1145/1145 1161/1161 1104/1104
f 1083/1083 1145/1145 1104/1104
f 1148/1148 1147/1147 1084/1084
f 1061/1061 1162/1162 1026/1026
f 1131/1131 1163/1163 1029/1029
f 1087/1087 1164/1164 1086/1086
f 1030/1030 1165/1165 1087/1087
f 1087/1087 1165/1165 1166/1166
f 1106/1106 1167/1167 1107/1107
f 1088/1088 1168/1168 1109/1109
f 1136/1136 1135/1135 1169/1169
f 1136/1136 1170/1170 1089/1089
f 1089/1089 1170/1170 1114/1114
f 1114/1114 1170/1170 1137/1137
f 1138/1138 1171/1171 1139/1139
f 1171/1171 1172/1172 1139/1139
f 1116/1116 1150/1150 1151/1151
f 1119/1119 1173/1173 1098/1098
f 1098/1098 1173/1173 1150/1150
f 1153/1153 1154/1154 1118/1118
f 1099/1099 1174/1174 1156/1156
f 1122/1122 1157/1157 1175/1175
f 1140/1140 1157/1157 1121/1121
f 1124/1124 1158/1158 1176/1176
f 1124/1124 1176/1176 1160/1160
f 1124/1124 1160/1160 1056/1056
f 1159/1159 1177/1177 1125/1125
f 1104/1104 1161/1161 1102/1102
f 1105/1105 1178/1178 1129/1129
f 1178/1178 1179/1179 1129/1129
f 1129/1129 1179/1179 1130/1130
f 1061/1061 1180/1180 1162/1162
f 1085/1085 1181/1181 1148/1148
f 1026/1026 1162/1162 1131/1131
f 1149/1149 1181/1181 1085/1085
f 1086/1086 1164/1164 1149/1149
f 1029/1029 1163/1163 1030/1030
f 1030/1030 1163/1163 1165/1165
f 1182/1182 1183/1183 1184/1184
f 1167/1167 1185/1185 1107/1107
f 1134/1134 1186/1186 1110/1110
f 1135/1135 1187/1187 1169/1169
f 1136/1136 1169/1169 1170/1170
f 1137/1137 1170/1170 1188/1188
f 1137/1137 1188/1188 1138/1138
f 1188/1188 1171/1171 1138/1138
f 1175/1175 1189/1189 1122/1122
f 1156/1156 1190/1190 1100/1100
f 1100/1100 1190/1190 1053/1053
f 1053/1053 1190/1190 1141/1141
f 1191/1191 1192/1192 1142/1142
f 1142/1142 1192/1192 1143/1143
f 1160/1160 1193/1193 1144/1144
f 1193/1193 1178/1178 1144/1144
f 1144/1144 1178/1178 1105/1105
f 1130/1130 1180/1180 1061/1061
f 1062/1062 1194/1194 1088/1088
f 1088/1088 1194/1194 1168/1168
f 1169/1169 1195/1195 1170/1170
f 1170/1170 1196/1196 1188/1188
f 1188/1188 1197/1197 1171/1171
f 1171/1171 1197/1197 1172/1172
f 1197/1197 1198/1198 1172/1172
f 1150/1150 1199/1199 1151/1151
f 1200/1200 1201/1201 1202/1202
f 1173/1173 1203/1203 1150/1150
f 1153/1153 1152/1152 1204/1204
f 1153/1153 1204/1204 1154/1154
f 1204/1204 1205/1205 1154/1154
f 1175/1175 1206/1206 1189/1189
f 1174/1174 1207/1207 1156/1156
f 1157/1157 1206/1206 1175/1175
f 1155/1155 1208/1208 1158/1158
f 1140/1140 1209/1209 1157/1157
f 1158/1158 1208/1208 1210/1210
f 1211/1211 1209/1209 1140/1140
f 1054/1054 1211/1211 1140/1140
f 1158/1158 1210/1210 1176/1176
f 1161/1161 1212/1212 1102/1102
f 1143/1143 1213/1213 1080/1080
f 1214/1214 1215/1215 1127/1127
f 1126/1126 1214/1214 1127/1127
f 1145/1145 1216/1216 1161/1161
f 1146/1146 1217/1217 1145/1145
f 1179/1179 1218/1218 1130/1130
f 1148/1148 1219/1219 1147/1147
f 1149/1149 1220/1220 1181/1181
f 1162/1162 1221/1221 1131/1131
f 1131/1131 1221/1221 1163/1163
f 1149/1149 1164/1164 1220/1220
f 1163/1163 1221/1221 1222/1222
f 1223/1223 1194/1194 1133/1133
f 1133/1133 1194/1194 1062/1062
f 1170/1170 1195/1195 1196/1196
f 1196/1196 1224/1224 1188/1188
f 1199/1199 1225/1225 1151/1151
f 1225/1225 1204/1204 1151/1151
f 1151/1151 1204/1204 1152/1152
f 1203/1203 1199/1199 1150/1150
f 1206/1206 1226/1226 1189/1189
f 1154/1154 1205/1205 1208/1208
f 1154/1154 1208/1208 1155/1155
f 1227/1227 1228/1228 971/971
f 1156/1156 1207/1207 1190/1190
f 1209/1209 1206/1206 1157/1157
f 1210/1210 1229/1229 1176/1176
f 1141/1141 1190/1190 1230/1230
f 1176/1176 1229/1229 1160/1160
f 1141/1141 1230/1230 1159/1159
f 1160/1160 1229/1229 1231/1231
f 1143/1143 1192/1192 1213/1213
f 1161/1161 1216/1216 1212/1212
f 1160/1160 1231/1231 1193/1193
f 1217/1217 1216/1216 1145/1145
f 1147/1147 1232/1232 1146/1146
f 1219/1219 1232/1232 1147/1147
f 1130/1130 1218/1218 1180/1180
f 1181/1181 1219/1219 1148/1148
f 1163/1163 1222/1222 1165/1165
f 1109/1109 1168/1168 1233/1233
f 1109/1109 1233/1233 1134/1134
f 1187/1187 1234/1234 1169/1169
f 1169/1169 1234/1234 1195/1195
f 1224/1224 1235/1235 1188/1188
f 1188/1188 1235/1235 1197/1197
f 1197/1197 1235/1235 1236/1236
f 1197/1197 1236/1236 1198/1198
f 1198/1198 1236/1236 1237/1237
f 1207/1207 1238/1238 1190/1190
f 1168/1168 1239/1239 1233/1233
f 1134/1134 1233/1233 1186/1186
f 1195/1195 1224/1224 1196/1196
f 1199/1199 1240/1240 1225/1225
f 1225/1225 1241/1241 1204/1204
f 1203/1203 1240/1240 1199/1199
f 1209/1209 1242/1242 1206/1206
f 1190/1190 1238/1238 1230/1230
f 1243/1243 1244/1244 1211/1211
f 1229/1229 1245/1245 1231/1231
f 1214/1214 1246/1246 1215/1215
f 1193/1193 1247/1247 1178/1178
f 1217/1217 1248/1248 1249/1249
f 1232/1232 1248/1248 1217/1217
f 1218/1218 1250/1250 1180/1180
f 1220/1220 1251/1251 1181/1181
f 1166/1166 1252/1252 1164/1164
f 1253/1253 1254/1254 1185/1185
f 1233/1233 1255/1255 1186/1186
f 1187/1187 1256/1256 1234/1234
f 1224/1224 1257/1257 1235/1235
f 1235/1235 1257/1257 1236/1236
f 1236/1236 1257/1257 1258/1258
f 1236/1236 1258/1258 1237/1237
f 1240/1240 1241/1241 1225/1225
f 1241/1241 1259/1259 1204/1204
f 1203/1203 1260/1260 1240/1240
f 1259/1259 1261/1261 1204/1204
f 1204/1204 1261/1261 1205/1205
f 1206/1206 1262/1262 1263/1263
f 1206/1206 1263/1263 1226/1226
f 1261/1261 1264/1264 1205/1205
f 1205/1205 1264/1264 1208/1208
f 1206/1206 1242/1242 1262/1262
f 1207/1207 1265/1265 1266/1266
f 1208/1208 1264/1264 1267/1267
f 1208/1208 1267/1267 1210/1210
f 1207/1207 1266/1266 1238/1238
f 1209/1209 1268/1268 1242/1242
f 1211/1211 1268/1268 1209/1209
f 1211/1211 1244/1244 1268/1268
f 1267/1267 1269/1269 1229/1229
f 1210/1210 1267/1267 1229/1229
f 1269/1269 1245/1245 1229/1229
f 1230/1230 1270/1270 1159/1159
f 1159/1159 1270/1270 1271/1271
f 1159/1159 1271/1271 1177/1177
f 1272/1272 1273/1273 1192/1192
f 1191/1191 1272/1272 1192/1192
f 1192/1192 1273/1273 1213/1213
f 1245/1245 1247/1247 1231/1231
f 1231/1231 1247/1247 1193/1193
f 1247/1247 1274/1274 1178/1178
f 1217/1217 1249/1249 1216/1216
f 1178/1178 1274/1274 1179/1179
f 1274/1274 1275/1275 1179/1179
f 1232/1232 1276/1276 1248/1248
f 1275/1275 1250/1250 1218/1218
f 1179/1179 1275/1275 1218/1218
f 1219/1219 1276/1276 1232/1232
f 1219/1219 1277/1277 1276/1276
f 1219/1219 1251/1251 1277/1277
f 1180/1180 1278/1278 1162/1162
f 1278/1278 1279/1279 1162/1162
f 1181/1181 1251/1251 1219/1219
f 1162/1162 1279/1279 1221/1221
f 1220/1220 1280/1280 1251/1251
f 1164/1164 1252/1252 1280/1280
f 1164/1164 1280/1280 1220/1220
f 1165/1165 1222/1222 1281/1281
f 1281/1281 1282/1282 1165/1165
f 1165/1165 1282/1282 1166/1166
f 1166/1166 1282/1282 1252/1252
f 1223/1223 1283/1283 1284/1284
f 1256/1256 1285/1285 1234/1234
f 1234/1234 1285/1285 1286/1286
f 1234/1234 1286/1286 1195/1195
f 1195/1195 1286/1286 1287/1287
f 1195/1195 1287/1287 1224/1224
f 1224/1224 1287/1287 1257/1257
f 1258/1258 1288/1288 1237/1237
f 1259/1259 1289/1289 1261/1261
f 1276/1276 1290/1290 1248/1248
f 1250/1250 1278/1278 1180/1180
f 1239/1239 1291/1291 1233/1233
f 1233/1233 1291/1291 1255/1255
f 1287/1287 1292/1292 1257/1257
f 1257/1257 1293/1293 1258/1258
f 1293/1293 1288/1288 1258/1258
f 1294/1294 1295/1295 1296/1296
f 1240/1240 1297/1297 1241/1241
f 1261/1261 1298/1298 1264/1264
f 1264/1264 1298/1298 1299/1299
f 1300/1300 1301/1301 1302/1302
f 1300/1300 1302/1302 1303/1303
f 1264/1264 1299/1299 1267/1267
f 1299/1299 1304/1304 1267/1267
f 1268/1268 1305/1305 1242/1242
f 1268/1268 1306/1306 1305/1305
f 1304/1304 1307/1307 1267/1267
f 1266/1266 1230/1230 1238/1238
f 1244/1244 1306/1306 1268/1268
f 1267/1267 1307/1307 1269/1269
f 1308/1308 1309/1309 1310/1310
f 1310/1310 1309/1309 1311/1311
f 1245/1245 1312/1312 1247/1247
f 1274/1274 1313/1313 1275/1275
f 1251/1251 1314/1314 1277/1277
f 1315/1315 1314/1314 1251/1251
f 1279/1279 1316/1316 1221/1221
f 1280/1280 1315/1315 1251/1251
f 1316/1316 1317/1317 1221/1221
f 1221/1221 1317/1317 1222/1222
f 1252/1252 1318/1318 1280/1280
f 1222/1222 1317/1317 1281/1281
f 1282/1282 1318/1318 1252/1252
f 1319/1319 1320/1320 1321/1321
f 1168/1168 1194/1194 1239/1239
f 1292/1292 1293/1293 1257/1257
f 1241/1241 1297/1297 1259/1259
f 1297/1297 1322/1322 1259/1259
f 1259/1259 1322/1322 1289/1289
f 1323/1323 1295/1295 1263/1263
f 1289/1289 1298/1298 1261/1261
f 1262/1262 1324/1324 1325/1325
f 1262/1262 1325/1325 1323/1323
f 1242/1242 1305/1305 1324/1324
f 1242/1242 1324/1324 1262/1262
f 1230/1230 1326/1326 1270/1270
f 1327/1327 1328/1328 1244/1244
f 1307/1307 1312/1312 1245/1245
f 1272/1272 1329/1329 1273/1273
f 1312/1312 1330/1330 1247/1247
f 1247/1247 1330/1330 1274/1274
f 1274/1274 1330/1330 1331/1331
f 1331/1331 1313/1313 1274/1274
f 1275/1275 1332/1332 1250/1250
f 1250/1250 1333/1333 1278/1278
f 1280/1280 1318/1318 1315/1315
f 1194/1194 1334/1334 1239/1239
f 1334/1334 1335/1335 1239/1239
f 1239/1239 1335/1335 1291/1291
f 1292/1292 1287/1287 1336/1336
f 1336/1336 1293/1293 1292/1292
f 1293/1293 96/96 1288/1288
f 1337/1337 1338/1338 1301/1301
f 1322/1322 1339/1339 1289/1289
f 1339/1339 1340/1340 1289/1289
f 1289/1289 1340/1340 1298/1298
f 1301/1301 1338/1338 1302/1302
f 1340/1340 1299/1299 1298/1298
f 1306/1306 1341/1341 1305/1305
f 1266/1266 1342/1342 1230/1230
f 1230/1230 1342/1342 1326/1326
f 1270/1270 1343/1343 1271/1271
f 1249/1249 1344/1344 1345/1345
f 1346/1346 1347/1347 1348/1348
f 1290/1290 1349/1349 1248/1248
f 1313/1313 1332/1332 1275/1275
f 1350/1350 1351/1351 1352/1352
f 1351/1351 1353/1353 1352/1352
f 1284/1284 1334/1334 1194/1194
f 1256/1256 1354/1354 1285/1285
f 1285/1285 1355/1355 1286/1286
f 1286/1286 1355/1355 1287/1287
f 1287/1287 1355/1355 1336/1336
f 1336/1336 1356/1356 1293/1293
f 1293/1293 1356/1356 1357/1357
f 1358/1358 1359/1359 1360/1360
f 1361/1361 1338/1338 1337/1337
f 1362/1362 1363/1363 1364/1364
f 1365/1365 1366/1366 1367/1367
f 1340/1340 1368/1368 1299/1299
f 1302/1302 1369/1369 1303/1303
f 1305/1305 1370/1370 1324/1324
f 1299/1299 1368/1368 1304/1304
f 1266/1266 1371/1371 1342/1342
f 1326/1326 1372/1372 1270/1270
f 1270/1270 1372/1372 1343/1343
f 1347/1347 1373/1373 1348/1348
f 1309/1309 1374/1374 1311/1311
f 1249/1249 1349/1349 1375/1375
f 1248/1248 1349/1349 1249/1249
f 1376/1376 1349/1349 1290/1290
f 1276/1276 1376/1376 1290/1290
f 1277/1277 1376/1376 1276/1276
f 1250/1250 1332/1332 1333/1333
f 1333/1333 1377/1377 1279/1279
f 1278/1278 1333/1333 1279/1279
f 1279/1279 1377/1377 1316/1316
f 1378/1378 1379/1379 1353/1353
f 1334/1334 1380/1380 1335/1335
f 1291/1291 1381/1381 1255/1255
f 1382/1382 1383/1383 1384/1384
f 1256/1256 1385/1385 1354/1354
f 1285/1285 1354/1354 1355/1355
f 1386/1386 1356/1356 1336/1336
f 1293/1293 1357/1357 96/96
f 1357/1357 57/57 96/96
f 1367/1367 1387/1387 1388/1388
f 1367/1367 1388/1388 1362/1362
f 1362/1362 1388/1388 1363/1363
f 1363/1363 1389/1389 1364/1364
f 1364/1364 1389/1389 1390/1390
f 1391/1391 1366/1366 1365/1365
f 1392/1392 1393/1393 1391/1391
f 1392/1392 1394/1394 1393/1393
f 1368/1368 1395/1395 1304/1304
f 1395/1395 1396/1396 1304/1304
f 1341/1341 1306/1306 1397/1397
f 1304/1304 1396/1396 1307/1307
f 1307/1307 1396/1396 1312/1312
f 1344/1344 1398/1398 1345/1345
f 1342/1342 1399/1399 1326/1326
f 1277/1277 1400/1400 1376/1376
f 1314/1314 1401/1401 1400/1400
f 1314/1314 1400/1400 1277/1277
f 1315/1315 1401/1401 1314/1314
f 1316/1316 1377/1377 1402/1402
f 1317/1317 1316/1316 1403/1403
f 1282/1282 1404/1404 1318/1318
f 1283/1283 1405/1405 1284/1284
f 1284/1284 1406/1406 1334/1334
f 1354/1354 1407/1407 1355/1355
f 1408/1408 1409/1409 1410/1410
f 1355/1355 1407/1407 1336/1336
f 57/57 1357/1357 1411/1411
f 1389/1389 1412/1412 1390/1390
f 1390/1390 1412/1412 1413/1413
f 1391/1391 1393/1393 1366/1366
f 1413/1413 1412/1412 1414/1414
f 1302/1302 1415/1415 1369/1369
f 1344/1344 1375/1375 1398/1398
f 1399/1399 1372/1372 1326/1326
f 1396/1396 1416/1416 1312/1312
f 1312/1312 1416/1416 1330/1330
f 1331/1331 1417/1417 1313/1313
f 1332/1332 1418/1418 1333/1333
f 1419/1419 1401/1401 1315/1315
f 1402/1402 1403/1403 1316/1316
f 1318/1318 1419/1419 1315/1315
f 1317/1317 1403/1403 1420/1420
f 1317/1317 1420/1420 1281/1281
f 1420/1420 1404/1404 1281/1281
f 1281/1281 1404/1404 1282/1282
f 1335/1335 1421/1421 1291/1291
f 1291/1291 1421/1421 1381/1381
f 1354/1354 1422/1422 1407/1407
f 1407/1407 1386/1386 1336/1336
f 1411/1411 58/58 57/57
f 1423/1423 1359/1359 1424/1424
f 1423/1423 1425/1425 1359/1359
f 1426/1426 1427/1427 1428/1428
f 1388/1388 1429/1429 1363/1363
f 1429/1429 1430/1430 1363/1363
f 1366/1366 1431/1431 1387/1387
f 1412/1412 1432/1432 1414/1414
f 1433/1433 1434/1434 1394/1394
f 1396/1396 1435/1435 1416/1416
f 1399/1399 1436/1436 1372/1372
f 1437/1437 1438/1438 1347/1347
f 1347/1347 1438/1438 1373/1373
f 1439/1439 1440/1440 1441/1441
f 1441/1441 1440/1440 1374/1374
f 1416/1416 1442/1442 1330/1330
f 1330/1330 1442/1442 1443/1443
f 1330/1330 1443/1443 1331/1331
f 1349/1349 1444/1444 1375/1375
f 1401/1401 1445/1445 1400/1400
f 1419/1419 1446/1446 1401/1401
f 1403/1403 1447/1447 1420/1420
f 1318/1318 1448/1448 1419/1419
f 1449/1449 1450/1450 1451/1451
f 1452/1452 1406/1406 1284/1284
f 1405/1405 1452/1452 1284/1284
f 1453/1453 1454/1454 1455/1455
f 1335/1335 1380/1380 1421/1421
f 1385/1385 1422/1422 1354/1354
f 1385/1385 1456/1456 1422/1422
f 1407/1407 1457/1457 1386/1386
f 1386/1386 1458/1458 1356/1356
f 1458/1458 1411/1411 1357/1357
f 1356/1356 1458/1458 1357/1357
f 1459/1459 1460/1460 1359/1359
f 1459/1459 1359/1359 1425/1425
f 1426/1426 1461/1461 1462/1462
f 1387/1387 1431/1431 1463/1463
f 1387/1387 1463/1463 1429/1429
f 1387/1387 1429/1429 1388/1388
f 1363/1363 1430/1430 1389/1389
f 1430/1430 1464/1464 1389/1389
f 1393/1393 1465/1465 1366/1366
f 1366/1366 1465/1465 1431/1431
f 1414/1414 1432/1432 1466/1466
f 1414/1414 1466/1466 1467/1467
f 1371/1371 1468/1468 1469/1469
f 1371/1371 1469/1469 1342/1342
f 1342/1342 1469/1469 1399/1399
f 1435/1435 1470/1470 1416/1416
f 1375/1375 1471/1471 1398/1398
f 1472/1472 1438/1438 1437/1437
f 1375/1375 1444/1444 1471/1471
f 1331/1331 1443/1443 1417/1417
f 1349/1349 1473/1473 1444/1444
f 1313/1313 1417/1417 1332/1332
f 1417/1417 1474/1474 1332/1332
f 1376/1376 1473/1473 1349/1349
f 1400/1400 1473/1473 1376/1376
f 1418/1418 1475/1475 1377/1377
f 1333/1333 1418/1418 1377/1377
f 1377/1377 1475/1475 1402/1402
f 1419/1419 1448/1448 1446/1446
f 1476/1476 1447/1447 1403/1403
f 1402/1402 1476/1476 1403/1403
f 1404/1404 1448/1448 1318/1318
f 1406/1406 1380/1380 1334/1334
f 1422/1422 1457/1457 1407/1407
f 1422/1422 1477/1477 1457/1457
f 1386/1386 1457/1457 1458/1458
f 1458/1458 1478/1478 1411/1411
f 1478/1478 1479/1479 1411/1411
f 1479/1479 1480/1480 58/58
f 1411/1411 1479/1479 58/58
f 1481/1481 1423/1423 1482/1482
f 1481/1481 1425/1425 1423/1423
f 1425/1425 1481/1481 1459/1459
f 1483/1483 1428/1428 1484/1484
f 1483/1483 1461/1461 1428/1428
f 1431/1431 1485/1485 1463/1463
f 1430/1430 1486/1486 1464/1464
f 1389/1389 1464/1464 1412/1412
f 1462/1462 1487/1487 1488/1488
f 1393/1393 1489/1489 1490/1490
f 1488/1488 1491/1491 1415/1415
f 1433/1433 1492/1492 1434/1434
f 1466/1466 1493/1493 1467/1467
f 1469/1469 1436/1436 1399/1399
f 1416/1416 1470/1470 1442/1442
f 1474/1474 1418/1418 1332/1332
f 1475/1475 1476/1476 1402/1402
f 1494/1494 1495/1495 1453/1453
f 1452/1452 1496/1496 1406/1406
f 1406/1406 1497/1497 1380/1380
f 1421/1421 1498/1498 1381/1381
f 1381/1381 1498/1498 1499/1499
f 1500/1500 1501/1501 1502/1502
f 1456/1456 1503/1503 1422/1422
f 1422/1422 1503/1503 1477/1477
f 1457/1457 1504/1504 1458/1458
f 1504/1504 1478/1478 1458/1458
f 1505/1505 1506/1506 1507/1507
f 1507/1507 1506/1506 1508/1508
f 1509/1509 1510/1510 1481/1481
f 1509/1509 1481/1481 1482/1482
f 1510/1510 1459/1459 1481/1481
f 1510/1510 1484/1484 1459/1459
f 1483/1483 1511/1511 1461/1461
f 1463/1463 1485/1485 1512/1512
f 1512/1512 1486/1486 1430/1430
f 1464/1464 1513/1513 1432/1432
f 1412/1412 1464/1464 1432/1432
f 1487/1487 1491/1491 1488/1488
f 1432/1432 1513/1513 1514/1514
f 1432/1432 1514/1514 1466/1466
f 1493/1493 1515/1515 1516/1516
f 1469/1469 1517/1517 1436/1436
f 1398/1398 1471/1471 1518/1518
f 1472/1472 1519/1519 1438/1438
f 1439/1439 1520/1520 1440/1440
f 1444/1444 1521/1521 1471/1471
f 1473/1473 1522/1522 1444/1444
f 1400/1400 1523/1523 1473/1473
f 1524/1524 1494/1494 1525/1525
f 1380/1380 1526/1526 1421/1421
f 1421/1421 1526/1526 1498/1498
f 1498/1498 1527/1527 1499/1499
f 1499/1499 1527/1527 1528/1528
f 1529/1529 1505/1505 1507/1507
f 1530/1530 77/77 1506/1506
f 1505/1505 1530/1530 1506/1506
f 1530/1530 78/78 77/77
f 1531/1531 1532/1532 76/76
f 1531/1531 1533/1533 1532/1532
f 1533/1533 1482/1482 1532/1532
f 1533/1533 1509/1509 1482/1482
f 1534/1534 1484/1484 1510/1510
f 1534/1534 1483/1483 1484/1484
f 1535/1535 1511/1511 1483/1483
f 1511/1511 1462/1462 1461/1461
f 1431/1431 1465/1465 1536/1536
f 1486/1486 1537/1537 1464/1464
f 1462/1462 1511/1511 1487/1487
f 1538/1538 1469/1469 1468/1468
f 1466/1466 1514/1514 1515/1515
f 1515/1515 1539/1539 1516/1516
f 1470/1470 1540/1540 1442/1442
f 1540/1540 1541/1541 1442/1442
f 1442/1442 1541/1541 1443/1443
f 1541/1541 1542/1542 1443/1443
f 1443/1443 1542/1542 1417/1417
f 1522/1522 1521/1521 1444/1444
f 1417/1417 1543/1543 1474/1474
f 1473/1473 1523/1523 1522/1522
f 1400/1400 1544/1544 1523/1523
f 1445/1445 1544/1544 1400/1400
f 1475/1475 1545/1545 1476/1476
f 1476/1476 1546/1546 1447/1447
f 1547/1547 1548/1548 1450/1450
f 1549/1549 1550/1550 1551/1551
f 1406/1406 1552/1552 1497/1497
f 1497/1497 1526/1526 1380/1380
f 1553/1553 1554/1554 1454/1454
f 1555/1555 1477/1477 1503/1503
f 1528/1528 1556/1556 1557/1557
f 1555/1555 1558/1558 1477/1477
f 1558/1558 1504/1504 1457/1457
f 1477/1477 1558/1558 1457/1457
f 1559/1559 1560/1560 1561/1561
f 1504/1504 1562/1562 1478/1478
f 1560/1560 1563/1563 1529/1529
f 1563/1563 1505/1505 1529/1529
f 1563/1563 1530/1530 1505/1505
f 1530/1530 1564/1564 78/78
f 1564/1564 1531/1531 78/78
f 78/78 1531/1531 76/76
f 1564/1564 1565/1565 1531/1531
f 1565/1565 1533/1533 1531/1531
f 1566/1566 1533/1533 1565/1565
f 1566/1566 1509/1509 1533/1533
f 1567/1567 1510/1510 1566/1566
f 1567/1567 1534/1534 1510/1510
f 1568/1568 1569/1569 1485/1485
f 1570/1570 1537/1537 1486/1486
f 1511/1511 1571/1571 1487/1487
f 1487/1487 1571/1571 1572/1572
f 1489/1489 1573/1573 1574/1574
f 1487/1487 1572/1572 1491/1491
f 1513/1513 1575/1575 1514/1514
f 1576/1576 1515/1515 1514/1514
f 1518/1518 1577/1577 1578/1578
f 1517/1517 1579/1579 1436/1436
f 1580/1580 1519/1519 1472/1472
f 1520/1520 1581/1581 1582/1582
f 1471/1471 1583/1583 1518/1518
f 1471/1471 1521/1521 1583/1583
f 1474/1474 1584/1584 1418/1418
f 1418/1418 1584/1584 1545/1545
f 1418/1418 1545/1545 1475/1475
f 1446/1446 1544/1544 1445/1445
f 1585/1585 1586/1586 1448/1448
f 1420/1420 1585/1585 1404/1404
f 1528/1528 1527/1527 1556/1556
f 1559/1559 1587/1587 1560/1560
f 1560/1560 1588/1588 1563/1563
f 1588/1588 1589/1589 1563/1563
f 1589/1589 1530/1530 1563/1563
f 1589/1589 1564/1564 1530/1530
f 1589/1589 1565/1565 1564/1564
f 1590/1590 1534/1534 1567/1567
f 1591/1591 1535/1535 1534/1534
f 1570/1570 1592/1592 1537/1537
f 1511/1511 1593/1593 1571/1571
f 1594/1594 1568/1568 1595/1595
f 1574/1574 1594/1594 1595/1595
f 1489/1489 1596/1596 1573/1573
f 1538/1538 1597/1597 1469/1469
f 1597/1597 1517/1517 1469/1469
f 1515/1515 1598/1598 1539/1539
f 1582/1582 1581/1581 1599/1599
f 1516/1516 1539/1539 1600/1600
f 1522/1522 1601/1601 1521/1521
f 1543/1543 1602/1602 1474/1474
f 1474/1474 1602/1602 1584/1584
f 1545/1545 1546/1546 1476/1476
f 1586/1586 1603/1603 1448/1448
f 1448/1448 1603/1603 1446/1446
f 1604/1604 1605/1605 1420/1420
f 1447/1447 1604/1604 1420/1420
f 1420/1420 1605/1605 1585/1585
f 1606/1606 1553/1553 1495/1495
f 1526/1526 1607/1607 1498/1498
f 1607/1607 1608/1608 1498/1498
f 1498/1498 1608/1608 1527/1527
f 1608/1608 1556/1556 1527/1527
f 1609/1609 1558/1558 1555/1555
f 1557/1557 1556/1556 1610/1610
f 1587/1587 1611/1611 1560/1560
f 1611/1611 1588/1588 1560/1560
f 1611/1611 1589/1589 1588/1588
f 1589/1589 1612/1612 1565/1565
f 1612/1612 1566/1566 1565/1565
f 1612/1612 1567/1567 1566/1566
f 1612/1612 1590/1590 1567/1567
f 1591/1591 1534/1534 1590/1590
f 1591/1591 1593/1593 1535/1535
f 1571/1571 1593/1593 1572/1572
f 1613/1613 1614/1614 1575/1575
f 1538/1538 1615/1615 1597/1597
f 1616/1616 1617/1617 1618/1618
f 1515/1515 1576/1576 1598/1598
f 1580/1580 1619/1619 1519/1519
f 1539/1539 1620/1620 1600/1600
f 1601/1601 1621/1621 1521/1521
f 1446/1446 1603/1603 1544/1544
f 1622/1622 1623/1623 1549/1549
f 1553/1553 1624/1624 1625/1625
f 1526/1526 1497/1497 1607/1607
f 1626/1626 1627/1627 1628/1628
f 1556/1556 1629/1629 1610/1610
f 1630/1630 1587/1587 1559/1559
f 1587/1587 1631/1631 1611/1611
f 1631/1631 1632/1632 1611/1611
f 1632/1632 1589/1589 1611/1611
f 1632/1632 1612/1612 1589/1589
f 1632/1632 1590/1590 1612/1612
f 1633/1633 1634/1634 1635/1635
f 1590/1590 1636/1636 1591/1591
f 1637/1637 1638/1638 1639/1639
f 1591/1591 1640/1640 1593/1593
f 1593/1593 1641/1641 1572/1572
f 1579/1579 1642/1642 1643/1643
f 1644/1644 1645/1645 1599/1599
f 1646/1646 1647/1647 1648/1648
f 1577/1577 1649/1649 1650/1650
f 1651/1651 1652/1652 1653/1653
f 1542/1542 1654/1654 1543/1543
f 1522/1522 1655/1655 1601/1601
f 1523/1523 1655/1655 1522/1522
f 1602/1602 1656/1656 1584/1584
f 1584/1584 1656/1656 1545/1545
f 1586/1586 1585/1585 1657/1657
f 1586/1586 1657/1657 1603/1603
f 1658/1658 1659/1659 1524/1524
f 1659/1659 1606/1606 1524/1524
f 1660/1660 1661/1661 1553/1553
f 1552/1552 1662/1662 1663/1663
f 1552/1552 1663/1663 1497/1497
f 1624/1624 1664/1664 1625/1625
f 1497/1497 1663/1663 1607/1607
f 1556/1556 1608/1608 1629/1629
f 1665/1665 1666/1666 1628/1628
f 1629/1629 1667/1667 1610/1610
f 1668/1668 1587/1587 1630/1630
f 1669/1669 1666/1666 1670/1670
f 1668/1668 1631/1631 1587/1587
f 1631/1631 1668/1668 1671/1671
f 1631/1631 1671/1671 1632/1632
f 1671/1671 1636/1636 1590/1590
f 1671/1671 1590/1590 1632/1632
f 1636/1636 1640/1640 1591/1591
f 1593/1593 1640/1640 1641/1641
f 1672/1672 1673/1673 1614/1614
f 1674/1674 1675/1675 1676/1676
f 1517/1517 1642/1642 1579/1579
f 1642/1642 1677/1677 1643/1643
f 1647/1647 1678/1678 1648/1648
f 1648/1648 1678/1678 1679/1679
f 1598/1598 1680/1680 1620/1620
f 1543/1543 1654/1654 1602/1602
f 1523/1523 1681/1681 1682/1682
f 1544/1544 1681/1681 1523/1523
f 1603/1603 1683/1683 1544/1544
f 1684/1684 1604/1604 1546/1546
f 1605/1605 1685/1685 1585/1585
f 1585/1585 1685/1685 1657/1657
f 1659/1659 1686/1686 1606/1606
f 1553/1553 1661/1661 1624/1624
f 1687/1687 1662/1662 1552/1552
f 1607/1607 1629/1629 1608/1608
f 1665/1665 1688/1688 1666/1666
f 1629/1629 1689/1689 1667/1667
f 1689/1689 1690/1690 1667/1667
f 1636/1636 1691/1691 1640/1640
f 1692/1692 1693/1693 1615/1615
f 1615/1615 1693/1693 1597/1597
f 1693/1693 1694/1694 1597/1597
f 1694/1694 1642/1642 1517/1517
f 1597/1597 1694/1694 1517/1517
f 1695/1695 1696/1696 1576/1576
f 1647/1647 1697/1697 1678/1678
f 1598/1598 1696/1696 1680/1680
f 1600/1600 1620/1620 1698/1698
f 1651/1651 1698/1698 1652/1652
f 1621/1621 1601/1601 1699/1699
f 1523/1523 1682/1682 1655/1655
f 1656/1656 1700/1700 1545/1545
f 1683/1683 1681/1681 1544/1544
f 1545/1545 1684/1684 1546/1546
f 1657/1657 1683/1683 1603/1603
f 1684/1684 1701/1701 1604/1604
f 1686/1686 1702/1702 1606/1606
f 1702/1702 1660/1660 1606/1606
f 1624/1624 1703/1703 1664/1664
f 1607/1607 1663/1663 1704/1704
f 1607/1607 1704/1704 1705/1705
f 1607/1607 1705/1705 1629/1629
f 1627/1627 1706/1706 1707/1707
f 1689/1689 1708/1708 1690/1690
f 1709/1709 1691/1691 1636/1636
f 1671/1671 1709/1709 1636/1636
f 1710/1710 1711/1711 1692/1692
f 1692/1692 1712/1712 1693/1693
f 1713/1713 1714/1714 1715/1715
f 1693/1693 1712/1712 1716/1716
f 1716/1716 1694/1694 1693/1693
f 1694/1694 1677/1677 1642/1642
f 1650/1650 1717/1717 1718/1718
f 1601/1601 1719/1719 1699/1699
f 1720/1720 1652/1652 1721/1721
f 1654/1654 1722/1722 1602/1602
f 1723/1723 1656/1656 1602/1602
f 1545/1545 1700/1700 1684/1684
f 1701/1701 1724/1724 1605/1605
f 1605/1605 1724/1724 1685/1685
f 1725/1725 1726/1726 1623/1623
f 1705/1705 1727/1727 1629/1629
f 1727/1727 1728/1728 1689/1689
f 1629/1629 1727/1727 1689/1689
f 1692/1692 1711/1711 1712/1712
f 1696/1696 1729/1729 1730/1730
f 1620/1620 1731/1731 1698/1698
f 1655/1655 1732/1732 1601/1601
f 1655/1655 1682/1682 1732/1732
f 1700/1700 1733/1733 1684/1684
f 1684/1684 1733/1733 1701/1701
f 1734/1734 1735/1735 1686/1686
f 1661/1661 1736/1736 1703/1703
f 1737/1737 1738/1738 1706/1706
f 1705/1705 1704/1704 1739/1739
f 1705/1705 1739/1739 1727/1727
f 1740/1740 1741/1741 1742/1742
f 1743/1743 1744/1744 1711/1711
f 1715/1715 1745/1745 1746/1746
f 1747/1747 1748/1748 1749/1749
f 1750/1750 1747/1747 1749/1749
f 1694/1694 1751/1751 1677/1677
f 1697/1697 1752/1752 1753/1753
f 1754/1754 1755/1755 1756/1756
f 1754/1754 1756/1756 1757/1757
f 1729/1729 1758/1758 1730/1730
f 1649/1649 1759/1759 1717/1717
f 1732/1732 1719/1719 1601/1601
f 1656/1656 1723/1723 1700/1700
f 1657/1657 1760/1760 1683/1683
f 1724/1724 1761/1761 1685/1685
f 1685/1685 1761/1761 1657/1657
f 1663/1663 1762/1762 1704/1704
f 1727/1727 1739/1739 1728/1728
f 1728/1728 1763/1763 1708/1708
f 1689/1689 1728/1728 1708/1708
f 1708/1708 1763/1763 1764/1764
f 1708/1708 1764/1764 1743/1743
f 1743/1743 1764/1764 1744/1744
f 1744/1744 1712/1712 1711/1711
f 1744/1744 1765/1765 1712/1712
f 1766/1766 1767/1767 1768/1768
f 1765/1765 1694/1694 1716/1716
f 1712/1712 1765/1765 1716/1716
f 1652/1652 1769/1769 1721/1721
f 1770/1770 1771/1771 1721/1721
f 1682/1682 1772/1772 1732/1732
f 1771/1771 1773/1773 1774/1774
f 1683/1683 1760/1760 1681/1681
f 1733/1733 1775/1775 1701/1701
f 1701/1701 1775/1775 1724/1724
f 1775/1775 1776/1776 1724/1724
f 1724/1724 1776/1776 1761/1761
f 1761/1761 1760/1760 1657/1657
f 1762/1762 1777/1777 1704/1704
f 1704/1704 1777/1777 1739/1739
f 1739/1739 1777/1777 1778/1778
f 1739/1739 1778/1778 1728/1728
f 1778/1778 1763/1763 1728/1728
f 1744/1744 1764/1764 1765/1765
f 1741/1741 1779/1779 1766/1766
f 1765/1765 1780/1780 1694/1694
f 1694/1694 1780/1780 1751/1751
f 1752/1752 1781/1781 1782/1782
f 1783/1783 1784/1784 1750/1750
f 1730/1730 1785/1785 1731/1731
f 1730/1730 1731/1731 1680/1680
f 1731/1731 1786/1786 1698/1698
f 1719/1719 1787/1787 1788/1788
f 1698/1698 1786/1786 1769/1769
f 1698/1698 1769/1769 1652/1652
f 1769/1769 1770/1770 1721/1721
f 1771/1771 1789/1789 1773/1773
f 1700/1700 1790/1790 1733/1733
f 1760/1760 1791/1791 1681/1681
f 1686/1686 1792/1792 1702/1702
f 1778/1778 1777/1777 1793/1793
f 1778/1778 1793/1793 1794/1794
f 1778/1778 1794/1794 1763/1763
f 1763/1763 1794/1794 1795/1795
f 1763/1763 1795/1795 1764/1764
f 1764/1764 1795/1795 1765/1765
f 1795/1795 1780/1780 1765/1765
f 1796/1796 1767/1767 1797/1797
f 1730/1730 1758/1758 1785/1785
f 1798/1798 1786/1786 1731/1731
f 1732/1732 1772/1772 1799/1799
f 1771/1771 1770/1770 1789/1789
f 1790/1790 1800/1800 1733/1733
f 1801/1801 1791/1791 1760/1760
f 1761/1761 1802/1802 1801/1801
f 1761/1761 1801/1801 1760/1760
f 1735/1735 1803/1803 1686/1686
f 1792/1792 1804/1804 1736/1736
f 1805/1805 1806/1806 1807/1807
f 1794/1794 1793/1793 1808/1808
f 1794/1794 1808/1808 1795/1795
f 1795/1795 1808/1808 1809/1809
f 1795/1795 1809/1809 1780/1780
f 1731/1731 1785/1785 1798/1798
f 1786/1786 1810/1810 1769/1769
f 1732/1732 1799/1799 1719/1719
f 1769/1769 1811/1811 1770/1770
f 1789/1789 1812/1812 1773/1773
f 1733/1733 1800/1800 1775/1775
f 1813/1813 1814/1814 1735/1735
f 1792/1792 1803/1803 1804/1804
f 1807/1807 1806/1806 1815/1815
f 1816/1816 1817/1817 1818/1818
f 1818/1818 1817/1817 1819/1819
f 1820/1820 1821/1821 1822/1822
f 1759/1759 1823/1823 1824/1824
f 1798/1798 1810/1810 1786/1786
f 1825/1825 1826/1826 1772/1772
f 1827/1827 1800/1800 1790/1790
f 1800/1800 1828/1828 1775/1775
f 1801/1801 1829/1829 1791/1791
f 1776/1776 1802/1802 1761/1761
f 1830/1830 1815/1815 1831/1831
f 1832/1832 1833/1833 1834/1834
f 1797/1797 1835/1835 1836/1836
f 1797/1797 1836/1836 1758/1758
f 1758/1758 1836/1836 1785/1785
f 1798/1798 1785/1785 1837/1837
f 1769/1769 1810/1810 1811/1811
f 1811/1811 1838/1838 1770/1770
f 1838/1838 1789/1789 1770/1770
f 1826/1826 1799/1799 1772/1772
f 1791/1791 1839/1839 1826/1826
f 1828/1828 1840/1840 1775/1775
f 1775/1775 1840/1840 1776/1776
f 1840/1840 1841/1841 1776/1776
f 1776/1776 1841/1841 1802/1802
f 1802/1802 1841/1841 1829/1829
f 1802/1802 1829/1829 1801/1801
f 1797/1797 1842/1842 1835/1835
f 1798/1798 1837/1837 1810/1810
f 1838/1838 1812/1812 1789/1789
f 1829/1829 1839/1839 1791/1791
f 1843/1843 1844/1844 1833/1833
f 1833/1833 1845/1845 1842/1842
f 1833/1833 1842/1842 1846/1846
f 1785/1785 1847/1847 1837/1837
f 1848/1848 1849/1849 1850/1850
f 1810/1810 1851/1851 1811/1811
f 1811/1811 1851/1851 1838/1838
f 1826/1826 1852/1852 1799/1799
f 1838/1838 1853/1853 1812/1812
f 1827/1827 1854/1854 1800/1800
f 1829/1829 1855/1855 1839/1839
f 1803/1803 1856/1856 1804/1804
f 1826/1826 1839/1839 1857/1857
f 1855/1855 1857/1857 1839/1839
f 1854/1854 1858/1858 1828/1828
f 1804/1804 1856/1856 1859/1859
f 1860/1860 1861/1861 1806/1806
f 1842/1842 1862/1862 1835/1835
f 1847/1847 1863/1863 1837/1837
f 1810/1810 1863/1863 1851/1851
f 1851/1851 1864/1864 1838/1838
f 1838/1838 1865/1865 1853/1853
f 1826/1826 1866/1866 1852/1852
f 1853/1853 1865/1865 1867/1867
f 1857/1857 1866/1866 1826/1826
f 1840/1840 1858/1858 1868/1868
f 1856/1856 1869/1869 1859/1859
f 1842/1842 1845/1845 1862/1862
f 1835/1835 1870/1870 1836/1836
f 1871/1871 1872/1872 1873/1873
f 1845/1845 1874/1874 1862/1862
f 1870/1870 1875/1875 1836/1836
f 1847/1847 1836/1836 1875/1875
f 1875/1875 1876/1876 1847/1847
f 1857/1857 1877/1877 1866/1866
f 1868/1868 1878/1878 1855/1855
f 1879/1879 1880/1880 1881/1881
f 1862/1862 1870/1870 1835/1835
f 1847/1847 1876/1876 1863/1863
f 1865/1865 1882/1882 1883/1883
f 1884/1884 1885/1885 1886/1886
f 1873/1873 1887/1887 1888/1888
f 1860/1860 1889/1889 1879/1879
f 1876/1876 1890/1890 1891/1891
f 1892/1892 1877/1877 1857/1857
f 1883/1883 1893/1893 1894/1894
f 1895/1895 1896/1896 1858/1858
f 1875/1875 1897/1897 1876/1876
f 1891/1891 1890/1890 1898/1898
f 1873/1873 1899/1899 1887/1887
f 1862/1862 1900/1900 1870/1870
f 1897/1897 1901/1901 1890/1890
f 1899/1899 1902/1902 1887/1887
f 1903/1903 1904/1904 1905/1905
f 1904/1904 1906/1906 1907/1907
f 1905/1905 1904/1904 1907/1907
f 1907/1907 1906/1906 1874/1874
f 1874/1874 1900/1900 1862/1862
f 1897/1897 1908/1908 1901/1901
f 1909/1909 1910/1910 1911/1911
f 1912/1912 1913/1913 1902/1902
f 1914/1914 1915/1915 1916/1916
f 1908/1908 1917/1917 1918/1918
f 1901/1901 1919/1919 1920/1920
f 1915/1915 1921/1921 1922/1922
f 1922/1922 1923/1923 1924/1924
f 1925/1925 1926/1926 1927/1927
f 1928/1928 1929/1929 1930/1930
f 1931/1931 1932/1932 1933/1933
f 112/112 108/108 97/97
f 124/124 120/120 123/123
f 136/136 99/99 150/150
f 150/150 99/99 129/129
f 171/171 135/135 211/211
f 203/203 209/209 204/204
f 172/172 149/149 189/189
f 222/222 181/181 182/182
f 206/206 204/204 1934/1934
f 213/213 190/190 215/215
f 217/217 175/175 191/191
f 232/232 174/174 216/216
f 270/270 214/214 229/229
f 203/203 205/205 264/264
f 267/267 228/228 245/245
f 244/244 246/246 294/294
f 273/273 220/220 237/237
f 282/282 227/227 247/247
f 251/251 231/231 249/249
f 293/293 245/245 291/291
f 291/291 245/245 264/264
f 283/283 248/248 286/286
f 303/303 255/255 272/272
f 317/317 266/266 267/267
f 344/344 296/296 295/295
f 309/309 259/259 289/289
f 331/331 294/294 316/316
f 318/318 283/283 345/345
f 345/345 283/283 286/286
f 298/298 285/285 297/297
f 361/361 249/249 298/298
f 327/327 276/276 309/309
f 318/318 345/345 391/391
f 334/334 296/296 344/344
f 300/300 249/249 361/361
f 373/373 293/293 291/291
f 338/338 292/292 280/280
f 338/338 280/280 386/386
f 386/386 280/280 331/331
f 342/342 282/282 318/318
f 363/363 299/299 319/319
f 339/339 293/293 373/373
f 342/342 318/318 391/391
f 391/391 345/345 346/346
f 335/335 363/363 394/394
f 408/408 300/300 362/362
f 374/374 338/338 385/385
f 385/385 338/338 386/386
f 405/405 339/339 373/373
f 386/386 331/331 471/471
f 375/375 317/317 339/339
f 316/316 430/430 388/388
f 376/376 342/342 1935/1935
f 371/371 352/352 463/463
f 387/387 386/386 471/471
f 471/471 331/331 388/388
f 346/346 377/377 474/474
f 404/404 405/405 373/373
f 1935/1935 342/342 406/406
f 391/391 392/392 406/406
f 392/392 346/346 474/474
f 363/363 379/379 476/476
f 411/411 412/412 442/442
f 448/448 1936/1936 449/449
f 462/462 370/370 382/382
f 404/404 374/374 469/469
f 1937/1937 385/385 387/387
f 1938/1938 405/405 404/404
f 387/387 471/471 470/470
f 375/375 405/405 1938/1938
f 471/471 388/388 472/472
f 519/519 358/358 389/389
f 393/393 359/359 520/520
f 377/377 394/394 477/477
f 394/394 363/363 476/476
f 478/478 435/435 436/436
f 480/480 436/436 440/440
f 449/449 1936/1936 1939/1939
f 449/449 1939/1939 1940/1940
f 422/422 370/370 462/462
f 469/469 385/385 1937/1937
f 1937/1937 387/387 1941/1941
f 1941/1941 387/387 470/470
f 473/473 375/375 1938/1938
f 472/472 388/388 431/431
f 519/519 389/389 473/473
f 431/431 430/430 1942/1942
f 390/390 358/358 519/519
f 1935/1935 406/406 1943/1943
f 520/520 359/359 432/432
f 1944/1944 1945/1945 532/532
f 532/532 1945/1945 1946/1946
f 532/532 1946/1946 533/533
f 1946/1946 1947/1947 533/533
f 542/542 447/447 540/540
f 540/540 447/447 449/449
f 540/540 449/449 1948/1948
f 1948/1948 449/449 569/569
f 569/569 449/449 1940/1940
f 347/347 396/396 487/487
f 1940/1940 1939/1939 1949/1949
f 1949/1949 1939/1939 1950/1950
f 473/473 1938/1938 606/606
f 431/431 1942/1942 1951/1951
f 1943/1943 406/406 433/433
f 433/433 474/474 608/608
f 393/393 520/520 521/521
f 497/497 393/393 522/522
f 474/474 377/377 477/477
f 1952/1952 1944/1944 532/532
f 506/506 347/347 487/487
f 569/569 1940/1940 570/570
f 570/570 1940/1940 1949/1949
f 1949/1949 1950/1950 1953/1953
f 516/516 384/384 466/466
f 1954/1954 1937/1937 1941/1941
f 1955/1955 1938/1938 404/404
f 606/606 1938/1938 1955/1955
f 1956/1956 1935/1935 1943/1943
f 612/612 474/474 477/477
f 528/528 1952/1952 562/562
f 562/562 1952/1952 532/532
f 483/483 504/504 538/538
f 621/621 542/542 541/541
f 541/541 540/540 624/624
f 624/624 540/540 1948/1948
f 624/624 1948/1948 571/571
f 571/571 1948/1948 569/569
f 570/570 1949/1949 666/666
f 1949/1949 1953/1953 1957/1957
f 511/511 422/422 600/600
f 513/513 461/461 580/580
f 1958/1958 1937/1937 1954/1954
f 1955/1955 404/404 1959/1959
f 404/404 469/469 1959/1959
f 1954/1954 1941/1941 470/470
f 477/477 476/476 565/565
f 562/562 532/532 564/564
f 534/534 533/533 652/652
f 652/652 533/533 1960/1960
f 505/505 501/501 444/444
f 506/506 487/487 573/573
f 573/573 366/366 421/421
f 666/666 1949/1949 1957/1957
f 670/670 510/510 576/576
f 469/469 1937/1937 1958/1958
f 1954/1954 470/470 1961/1961
f 470/470 472/472 1961/1961
f 472/472 431/431 1962/1962
f 519/519 473/473 607/607
f 1962/1962 431/431 1951/1951
f 644/644 518/518 519/519
f 1956/1956 1943/1943 1963/1963
f 608/608 474/474 612/612
f 558/558 560/560 611/611
f 611/611 560/560 562/562
f 611/611 562/562 564/564
f 1964/1964 501/501 505/505
f 506/506 573/573 1965/1965
f 628/628 571/571 570/570
f 666/666 1957/1957 667/667
f 670/670 576/576 599/599
f 601/601 493/493 511/511
f 602/602 513/513 580/580
f 1966/1966 469/469 1958/1958
f 753/753 606/606 1955/1955
f 1961/1961 472/472 1962/1962
f 1962/1962 1951/1951 1967/1967
f 1943/1943 433/433 1968/1968
f 1963/1963 1943/1943 1968/1968
f 1968/1968 433/433 609/609
f 1969/1969 564/564 534/534
f 565/565 501/501 1964/1964
f 537/537 536/536 617/617
f 652/652 1960/1960 655/655
f 1964/1964 505/505 1970/1970
f 505/505 484/484 1970/1970
f 622/622 541/541 625/625
f 484/484 506/506 1971/1971
f 626/626 571/571 629/629
f 1971/1971 506/506 1965/1965
f 670/670 599/599 671/671
f 1966/1966 1958/1958 1972/1972
f 1959/1959 469/469 1966/1966
f 1973/1973 1959/1959 1966/1966
f 1958/1958 1954/1954 1974/1974
f 753/753 1955/1955 1975/1975
f 1975/1975 1955/1955 1959/1959
f 607/607 606/606 753/753
f 644/644 519/519 607/607
f 1967/1967 1951/1951 1976/1976
f 609/609 608/608 719/719
f 608/608 612/612 719/719
f 1977/1977 559/559 1978/1978
f 1978/1978 559/559 646/646
f 646/646 611/611 1979/1979
f 1979/1979 611/611 648/648
f 721/721 619/619 592/592
f 1969/1969 534/534 653/653
f 653/653 652/652 656/656
f 758/758 1964/1964 1970/1970
f 1970/1970 484/484 1971/1971
f 665/665 570/570 667/667
f 1965/1965 573/573 632/632
f 601/601 632/632 493/493
f 671/671 599/599 709/709
f 709/709 599/599 636/636
f 1972/1972 1958/1958 1974/1974
f 1975/1975 1959/1959 1973/1973
f 1974/1974 1954/1954 1961/1961
f 1967/1967 1976/1976 947/947
f 1978/1978 646/646 1980/1980
f 646/646 1979/1979 793/793
f 648/648 564/564 1969/1969
f 758/758 565/565 1964/1964
f 656/656 655/655 726/726
f 692/692 725/725 693/693
f 700/700 629/629 702/702
f 1965/1965 632/632 601/601
f 662/662 672/672 705/705
f 753/753 1975/1975 1981/1981
f 1974/1974 1961/1961 1982/1982
f 1983/1983 1961/1961 1962/1962
f 947/947 1976/1976 1984/1984
f 717/717 588/588 682/682
f 1980/1980 646/646 793/793
f 651/651 591/591 615/615
f 1985/1985 648/648 1969/1969
f 649/649 565/565 758/758
f 728/728 726/726 802/802
f 697/697 694/694 732/732
f 697/697 732/732 698/698
f 1971/1971 1965/1965 972/972
f 597/597 631/631 742/742
f 671/671 709/709 781/781
f 603/603 641/641 749/749
f 1973/1973 1966/1966 1986/1986
f 1986/1986 1966/1966 1972/1972
f 1981/1981 1975/1975 1973/1973
f 1982/1982 1961/1961 1983/1983
f 885/885 607/607 754/754
f 1962/1962 1967/1967 1987/1987
f 716/716 607/607 885/885
f 1978/1978 1980/1980 792/792
f 792/792 1980/1980 793/793
f 790/790 719/719 613/613
f 793/793 1979/1979 1985/1985
f 717/717 685/685 590/590
f 1985/1985 1979/1979 648/648
f 759/759 758/758 1988/1988
f 1969/1969 653/653 760/760
f 1988/1988 758/758 1970/1970
f 693/693 724/724 814/814
f 693/693 814/814 816/816
f 1989/1989 1970/1970 1971/1971
f 1989/1989 1971/1971 1990/1990
f 732/732 693/693 816/816
f 698/698 732/732 830/830
f 698/698 830/830 736/736
f 775/775 662/662 705/705
f 1965/1965 601/601 970/970
f 972/972 1965/1965 970/970
f 970/970 601/601 675/675
f 745/745 705/705 673/673
f 782/782 637/637 785/785
f 1983/1983 1962/1962 1987/1987
f 1987/1987 1967/1967 946/946
f 946/946 1967/1967 947/947
f 788/788 645/645 716/716
f 1968/1968 609/609 1991/1991
f 1992/1992 1968/1968 1991/1991
f 682/682 587/587 755/755
f 981/981 609/609 719/719
f 1993/1993 1978/1978 792/792
f 981/981 719/719 791/791
f 790/790 613/613 917/917
f 796/796 650/650 685/685
f 613/613 649/649 917/917
f 917/917 649/649 759/759
f 1985/1985 1969/1969 849/849
f 849/849 1969/1969 760/760
f 1994/1994 1988/1988 1970/1970
f 724/724 762/762 814/814
f 854/854 812/812 807/807
f 830/830 732/732 822/822
f 1990/1990 1971/1971 972/972
f 738/738 736/736 864/864
f 841/841 705/705 745/745
f 871/871 745/745 781/781
f 938/938 782/782 785/785
f 1986/1986 1972/1972 1995/1995
f 1995/1995 1972/1972 1974/1974
f 1981/1981 1973/1973 1996/1996
f 1996/1996 1973/1973 1986/1986
f 754/754 753/753 1997/1997
f 1997/1997 753/753 1981/1981
f 1991/1991 609/609 981/981
f 682/682 755/755 1002/1002
f 718/718 951/951 845/845
f 886/886 1993/1993 792/792
f 887/887 792/792 794/794
f 793/793 1985/1985 1998/1998
f 954/954 796/796 685/685
f 956/956 1985/1985 849/849
f 921/921 720/720 796/796
f 849/849 799/799 891/891
f 921/921 800/800 720/720
f 728/728 851/851 892/892
f 1994/1994 1970/1970 1989/1989
f 814/814 762/762 1999/1999
f 814/814 895/895 815/815
f 822/822 816/816 815/815
f 830/830 822/822 856/856
f 830/830 856/856 831/831
f 2000/2000 831/831 2001/2001
f 736/736 831/831 2000/2000
f 864/864 736/736 2000/2000
f 839/839 775/775 867/867
f 869/869 779/779 742/742
f 841/841 745/745 872/872
f 970/970 675/675 782/782
f 2002/2002 878/878 877/877
f 844/844 602/602 679/679
f 2003/2003 1996/1996 1986/1986
f 1995/1995 1974/1974 2004/2004
f 1997/1997 1981/1981 2005/2005
f 2005/2005 1981/1981 1996/1996
f 2004/2004 1974/1974 1982/1982
f 2004/2004 1982/1982 2006/2006
f 2006/2006 1982/1982 1983/1983
f 884/884 885/885 754/754
f 789/789 682/682 1002/1002
f 846/846 717/717 789/789
f 791/791 790/790 918/918
f 954/954 685/685 846/846
f 1998/1998 1985/1985 956/956
f 891/891 850/850 924/924
f 892/892 851/851 926/926
f 798/798 987/987 762/762
f 762/762 987/987 1999/1999
f 814/814 1999/1999 896/896
f 814/814 896/896 895/895
f 815/815 895/895 897/897
f 815/815 897/897 2007/2007
f 822/822 815/815 2007/2007
f 822/822 2007/2007 2008/2008
f 855/855 822/822 2008/2008
f 831/831 856/856 2009/2009
f 856/856 855/855 2009/2009
f 2001/2001 831/831 2009/2009
f 864/864 2000/2000 902/902
f 841/841 872/872 976/976
f 944/944 2010/2010 714/714
f 2006/2006 1983/1983 2011/2011
f 2011/2011 1983/1983 2012/2012
f 2013/2013 754/754 1997/1997
f 2012/2012 1983/1983 1987/1987
f 2014/2014 951/951 2015/2015
f 886/886 887/887 794/794
f 952/952 793/793 1998/1998
f 2016/2016 917/917 759/759
f 1998/1998 956/956 1007/1007
f 2016/2016 759/759 1988/1988
f 849/849 891/891 956/956
f 893/893 853/853 961/961
f 961/961 853/853 1009/1009
f 798/798 922/922 987/987
f 897/897 896/896 927/927
f 2007/2007 897/897 928/928
f 2007/2007 928/928 2017/2017
f 2007/2007 2017/2017 2018/2018
f 2008/2008 2007/2007 2018/2018
f 2008/2008 2018/2018 2019/2019
f 2008/2008 2019/2019 855/855
f 855/855 2019/2019 2020/2020
f 2009/2009 855/855 2021/2021
f 855/855 2020/2020 2021/2021
f 2000/2000 2001/2001 2022/2022
f 2022/2022 2001/2001 2009/2009
f 2000/2000 2022/2022 902/902
f 967/967 903/903 902/902
f 1990/1990 972/972 971/971
f 865/865 903/903 968/968
f 974/974 841/841 976/976
f 2023/2023 781/781 842/842
f 2023/2023 842/842 936/936
f 941/941 679/679 749/749
f 2003/2003 1986/1986 1995/1995
f 1031/1031 1997/1997 2005/2005
f 2013/2013 1997/1997 1031/1031
f 884/884 754/754 2013/2013
f 2012/2012 1987/1987 948/948
f 948/948 1987/1987 946/946
f 1035/1035 716/716 884/884
f 948/948 947/947 2024/2024
f 788/788 716/716 1035/1035
f 2025/2025 1992/1992 2026/2026
f 949/949 788/788 1035/1035
f 2026/2026 1992/1992 1991/1991
f 1002/1002 755/755 949/949
f 2026/2026 1991/1991 981/981
f 950/950 951/951 2014/2014
f 789/789 1002/1002 2027/2027
f 2028/2028 886/886 794/794
f 1065/1065 789/789 2027/2027
f 846/846 789/789 1065/1065
f 953/953 846/846 1065/1065
f 956/956 924/924 986/986
f 925/925 921/921 920/920
f 923/923 926/926 2029/2029
f 2029/2029 926/926 960/960
f 1999/1999 987/987 962/962
f 1999/1999 962/962 896/896
f 927/927 2030/2030 928/928
f 2017/2017 928/928 2030/2030
f 2017/2017 2030/2030 2031/2031
f 2017/2017 2031/2031 2032/2032
f 2018/2018 2017/2017 2032/2032
f 2018/2018 2032/2032 2019/2019
f 2020/2020 2019/2019 2033/2033
f 2020/2020 2033/2033 2034/2034
f 2021/2021 2020/2020 2034/2034
f 2009/2009 2021/2021 2035/2035
f 2035/2035 2021/2021 2034/2034
f 2022/2022 2009/2009 2035/2035
f 967/967 902/902 1071/1071
f 977/977 871/871 781/781
f 977/977 781/781 2023/2023
f 2036/2036 886/886 2028/2028
f 2026/2026 981/981 982/982
f 982/982 791/791 918/918
f 2028/2028 794/794 952/952
f 918/918 917/917 2016/2016
f 952/952 1998/1998 1007/1007
f 920/920 954/954 953/953
f 1008/1008 956/956 986/986
f 2037/2037 2016/2016 1988/1988
f 2037/2037 1988/1988 1994/1994
f 927/927 962/962 988/988
f 2038/2038 1994/1994 1989/1989
f 927/927 988/988 2030/2030
f 2030/2030 988/988 990/990
f 2030/2030 990/990 2031/2031
f 2039/2039 1989/1989 1990/1990
f 2034/2034 2033/2033 2040/2040
f 2034/2034 2040/2040 2035/2035
f 902/902 2022/2022 1071/1071
f 2041/2041 1990/1990 971/971
f 2042/2042 967/967 1073/1073
f 968/968 967/967 2042/2042
f 970/970 782/782 2043/2043
f 877/877 876/876 1000/1000
f 2044/2044 1996/1996 2003/2003
f 2003/2003 1995/1995 2045/2045
f 2045/2045 1995/1995 2004/2004
f 2005/2005 1996/1996 2044/2044
f 1033/1033 884/884 2013/2013
f 2025/2025 2026/2026 2046/2046
f 950/950 2014/2014 2047/2047
f 845/845 950/950 1038/1038
f 2036/2036 2028/2028 2048/2048
f 1065/1065 2027/2027 2049/2049
f 952/952 1007/1007 2050/2050
f 925/925 920/920 1040/1040
f 2051/2051 986/986 1012/1012
f 1012/1012 923/923 2052/2052
f 2052/2052 923/923 2029/2029
f 960/960 961/961 2053/2053
f 2053/2053 961/961 1011/1011
f 959/959 985/985 1041/1041
f 962/962 1013/1013 988/988
f 988/988 1013/1013 989/989
f 990/990 989/989 2054/2054
f 2038/2038 1989/1989 2039/2039
f 2035/2035 2040/2040 1045/1045
f 2022/2022 2035/2035 1045/1045
f 1096/1096 2022/2022 1045/1045
f 1096/1096 1045/1045 2055/2055
f 1071/1071 2022/2022 1096/1096
f 967/967 1071/1071 1073/1073
f 932/932 994/994 1074/1074
f 782/782 978/978 2043/2043
f 977/977 2023/2023 2056/2056
f 2056/2056 2023/2023 936/936
f 1058/1058 978/978 979/979
f 2057/2057 2003/2003 2045/2045
f 2044/2044 2003/2003 2057/2057
f 2004/2004 2006/2006 2058/2058
f 1031/1031 2005/2005 1032/1032
f 1032/1032 2005/2005 2044/2044
f 2058/2058 2006/2006 2011/2011
f 2058/2058 2011/2011 2059/2059
f 2059/2059 2011/2011 2012/2012
f 2059/2059 2012/2012 2060/2060
f 2013/2013 1031/1031 1033/1033
f 1034/1034 884/884 1033/1033
f 1036/1036 1035/1035 1034/1034
f 2061/2061 948/948 2024/2024
f 2061/2061 2024/2024 2062/2062
f 949/949 1035/1035 1036/1036
f 2027/2027 1002/1002 1001/1001
f 1037/1037 950/950 2047/2047
f 2063/2063 2026/2026 982/982
f 1001/1001 2049/2049 2027/2027
f 2048/2048 2028/2028 2064/2064
f 2050/2050 1007/1007 1008/1008
f 1008/1008 986/986 2051/2051
f 2065/2065 2053/2053 1011/1011
f 2029/2029 960/960 2052/2052
f 2052/2052 960/960 2053/2053
f 1041/1041 985/985 1042/1042
f 1045/1045 2040/2040 1044/1044
f 2055/2055 1045/1045 83/83
f 1075/1075 1016/1016 932/932
f 971/971 970/970 2043/2043
f 1053/1053 870/870 869/869
f 1054/1054 909/909 977/977
f 2056/2056 936/936 1128/1128
f 1028/1028 880/880 916/916
f 2066/2066 2045/2045 2004/2004
f 2066/2066 2004/2004 2058/2058
f 2012/2012 948/948 2060/2060
f 2060/2060 948/948 2061/2061
f 2046/2046 2026/2026 2063/2063
f 2067/2067 2036/2036 2048/2048
f 1063/1063 1065/1065 2049/2049
f 2028/2028 952/952 2068/2068
f 2064/2064 2028/2028 2068/2068
f 982/982 918/918 2069/2069
f 953/953 1065/1065 1064/1064
f 2069/2069 918/918 2016/2016
f 2070/2070 1004/1004 953/953
f 2071/2071 1008/1008 2051/2051
f 2051/2051 1012/1012 1090/1090
f 2065/2065 1011/1011 1010/1010
f 1012/1012 2052/2052 1091/1091
f 2052/2052 2053/2053 2072/2072
f 2072/2072 2053/2053 2065/2065
f 1043/1043 1069/1069 1095/1095
f 989/989 1070/1070 2054/2054
f 2073/2073 2055/2055 91/91
f 91/91 2055/2055 83/83
f 1096/1096 2055/2055 2073/2073
f 1072/1072 1071/1071 1096/1096
f 2074/2074 2042/2042 1073/1073
f 2043/2043 978/978 1058/1058
f 1033/1033 1032/1032 2075/2075
f 1183/1183 1034/1034 1033/1033
f 2063/2063 982/982 2069/2069
f 952/952 2050/2050 2068/2068
f 2070/2070 953/953 1064/1064
f 2050/2050 1008/1008 2071/2071
f 2076/2076 2071/2071 2051/2051
f 2077/2077 1040/1040 1004/1004
f 2072/2072 2065/2065 2078/2078
f 2037/2037 1994/1994 2038/2038
f 1097/1097 1096/1096 2073/2073
f 1073/1073 1072/1072 2079/2079
f 2074/2074 1073/1073 2079/2079
f 1046/1046 1048/1048 1116/1116
f 1123/1123 977/977 2056/2056
f 2044/2044 2057/2057 2080/2080
f 2080/2080 2057/2057 2081/2081
f 2081/2081 2057/2057 2082/2082
f 2057/2057 2045/2045 2082/2082
f 2082/2082 2045/2045 2066/2066
f 2066/2066 2058/2058 2083/2083
f 1032/1032 2044/2044 2084/2084
f 2085/2085 2059/2059 2060/2060
f 1184/1184 1033/1033 2075/2075
f 1183/1183 1033/1033 1184/1184
f 2060/2060 2061/2061 2086/2086
f 1001/1001 1036/1036 1106/1106
f 2046/2046 2063/2063 2087/2087
f 1037/1037 2047/2047 2088/2088
f 1108/1108 1037/1037 2088/2088
f 2069/2069 2016/2016 2037/2037
f 2089/2089 2069/2069 2037/2037
f 2090/2090 2050/2050 2071/2071
f 2076/2076 2051/2051 1090/1090
f 2078/2078 2065/2065 1111/1111
f 1111/1111 2065/2065 1112/1112
f 1091/1091 2052/2052 2091/2091
f 2052/2052 2072/2072 2091/2091
f 2091/2091 2072/2072 2092/2092
f 2072/2072 2078/2078 2092/2092
f 1042/1042 1092/1092 1068/1068
f 2039/2039 1990/1990 2041/2041
f 2073/2073 91/91 2093/2093
f 1097/1097 2073/2073 2094/2094
f 2095/2095 1072/1072 1097/1097
f 2096/2096 2074/2074 2079/2079
f 1099/1099 1075/1075 2097/2097
f 971/971 2043/2043 2098/2098
f 2098/2098 2043/2043 1058/1058
f 2056/2056 1128/1128 1127/1127
f 2084/2084 2044/2044 2080/2080
f 2075/2075 1032/1032 2084/2084
f 2083/2083 2058/2058 2059/2059
f 2083/2083 2059/2059 2085/2085
f 2085/2085 2060/2060 2099/2099
f 2099/2099 2060/2060 2086/2086
f 2086/2086 2061/2061 2100/2100
f 1036/1036 1034/1034 1183/1183
f 1106/1106 1036/1036 1183/1183
f 2100/2100 2061/2061 2062/2062
f 2100/2100 2062/2062 2101/2101
f 2102/2102 2046/2046 2087/2087
f 2103/2103 2067/2067 2104/2104
f 2105/2105 1001/1001 1107/1107
f 2087/2087 2063/2063 2106/2106
f 2104/2104 2067/2067 2048/2048
f 2049/2049 1001/1001 2105/2105
f 1063/1063 2049/2049 2105/2105
f 2107/2107 1063/1063 2105/2105
f 2106/2106 2063/2063 2089/2089
f 2108/2108 1063/1063 2107/2107
f 2089/2089 2063/2063 2069/2069
f 1064/1064 1063/1063 2108/2108
f 2090/2090 2068/2068 2050/2050
f 2070/2070 1064/1064 2108/2108
f 2090/2090 2071/2071 2076/2076
f 2109/2109 1090/1090 1091/1091
f 2110/2110 2037/2037 2038/2038
f 2094/2094 2073/2073 2093/2093
f 2079/2079 1072/1072 2095/2095
f 2098/2098 1058/1058 2111/2111
f 1123/1123 2056/2056 2112/2112
f 2112/2112 2056/2056 1127/1127
f 2104/2104 2048/2048 2064/2064
f 2113/2113 2064/2064 2068/2068
f 2070/2070 2108/2108 2114/2114
f 2090/2090 2076/2076 2115/2115
f 2115/2115 2076/2076 2116/2116
f 1111/1111 1113/1113 2117/2117
f 2118/2118 1111/1111 2117/2117
f 2119/2119 2078/2078 2118/2118
f 2078/2078 1111/1111 2118/2118
f 2120/2120 1090/1090 2109/2109
f 2119/2119 2092/2092 2078/2078
f 1091/1091 2091/2091 2121/2121
f 2109/2109 1091/1091 2121/2121
f 2121/2121 2091/2091 2092/2092
f 1115/1115 1138/1138 1139/1139
f 2095/2095 1097/1097 2122/2122
f 1097/1097 2094/2094 2122/2122
f 1200/1200 2079/2079 2095/2095
f 1200/1200 2095/2095 2123/2123
f 2096/2096 2079/2079 1200/1200
f 1141/1141 1019/1019 1053/1053
f 2082/2082 2066/2066 2124/2124
f 2104/2104 2064/2064 2113/2113
f 2125/2125 2113/2113 2068/2068
f 2125/2125 2068/2068 2126/2126
f 2068/2068 2090/2090 2126/2126
f 2076/2076 1090/1090 2116/2116
f 1090/1090 2120/2120 2116/2116
f 2121/2121 2092/2092 2119/2119
f 2127/2127 2039/2039 2041/2041
f 2128/2128 2122/2122 2094/2094
f 2128/2128 2094/2094 2093/2093
f 2123/2123 2095/2095 2122/2122
f 1202/1202 2096/2096 1200/1200
f 1174/1174 1099/1099 2097/2097
f 2081/2081 2082/2082 2124/2124
f 2129/2129 2084/2084 2130/2130
f 2084/2084 2080/2080 2130/2130
f 2130/2130 2080/2080 2081/2081
f 2124/2124 2066/2066 2131/2131
f 2131/2131 2066/2066 2083/2083
f 2131/2131 2083/2083 2132/2132
f 2075/2075 2084/2084 2129/2129
f 2132/2132 2083/2083 2085/2085
f 2132/2132 2085/2085 2133/2133
f 2134/2134 2099/2099 2086/2086
f 1106/1106 1183/1183 1182/1182
f 1167/1167 1106/1106 1182/1182
f 2105/2105 1107/1107 1185/1185
f 2126/2126 2090/2090 2115/2115
f 2135/2135 2136/2136 2114/2114
f 2128/2128 2093/2093 2137/2137
f 2123/2123 2122/2122 2128/2128
f 1227/1227 971/971 2098/2098
f 2098/2098 2111/2111 2138/2138
f 1164/1164 1087/1087 1166/1166
f 2139/2139 2081/2081 2124/2124
f 2140/2140 2075/2075 2129/2129
f 2133/2133 2085/2085 2134/2134
f 1184/1184 2075/2075 2140/2140
f 2141/2141 1184/1184 2140/2140
f 2134/2134 2085/2085 2099/2099
f 2141/2141 1182/1182 1184/1184
f 1167/1167 1182/1182 1253/1253
f 2086/2086 2100/2100 2142/2142
f 2142/2142 2100/2100 2101/2101
f 1185/1185 1167/1167 1253/1253
f 2143/2143 2101/2101 2144/2144
f 2143/2143 2144/2144 2145/2145
f 2146/2146 1132/1132 1108/1108
f 1108/1108 2088/2088 2147/2147
f 2146/2146 1108/1108 2147/2147
f 2103/2103 2104/2104 2148/2148
f 2149/2149 2103/2103 2148/2148
f 2105/2105 1185/1185 2150/2150
f 2145/2145 2144/2144 2151/2151
f 2148/2148 2104/2104 2152/2152
f 2152/2152 2104/2104 2113/2113
f 2113/2113 2125/2125 2152/2152
f 2152/2152 2125/2125 2153/2153
f 2154/2154 2106/2106 2089/2089
f 2155/2155 2108/2108 2107/2107
f 2114/2114 2108/2108 2155/2155
f 2156/2156 2126/2126 2115/2115
f 2089/2089 2037/2037 2110/2110
f 2157/2157 2089/2089 2110/2110
f 2158/2158 2115/2115 2116/2116
f 2159/2159 2116/2116 2160/2160
f 2160/2160 2116/2116 2120/2120
f 2119/2119 2118/2118 2161/2161
f 2120/2120 2109/2109 2162/2162
f 2162/2162 2109/2109 2121/2121
f 2162/2162 2121/2121 2163/2163
f 2163/2163 2121/2121 2119/2119
f 2110/2110 2038/2038 2127/2127
f 2127/2127 2038/2038 2039/2039
f 2164/2164 2165/2165 2166/2166
f 1201/1201 1200/1200 2123/2123
f 1207/1207 1174/1174 2167/2167
f 1227/1227 2098/2098 2138/2138
f 1211/1211 1054/1054 1123/1123
f 1211/1211 1123/1123 1243/1243
f 1243/1243 1123/1123 2112/2112
f 2112/2112 1127/1127 1215/1215
f 1217/1217 1146/1146 1232/1232
f 2130/2130 2081/2081 2139/2139
f 2168/2168 2134/2134 2086/2086
f 2168/2168 2086/2086 2142/2142
f 2142/2142 2101/2101 2143/2143
f 2107/2107 2105/2105 2155/2155
f 2155/2155 2105/2105 2150/2150
f 2154/2154 2089/2089 2157/2157
f 2169/2169 2114/2114 2155/2155
f 2153/2153 2125/2125 2126/2126
f 2135/2135 2114/2114 2169/2169
f 2156/2156 2115/2115 2158/2158
f 2158/2158 2116/2116 2159/2159
f 2170/2170 2136/2136 2135/2135
f 2161/2161 2118/2118 2171/2171
f 2160/2160 2120/2120 2162/2162
f 2163/2163 2119/2119 2161/2161
f 2127/2127 2041/2041 2172/2172
f 2164/2164 2166/2166 2173/2173
f 2174/2174 2165/2165 2164/2164
f 2174/2174 2175/2175 2165/2165
f 2176/2176 2175/2175 2174/2174
f 2176/2176 2177/2177 2175/2175
f 1243/1243 2112/2112 1215/1215
f 2153/2153 2126/2126 2156/2156
f 2169/2169 2170/2170 2135/2135
f 2178/2178 2164/2164 2173/2173
f 2178/2178 2174/2174 2164/2164
f 2179/2179 2177/2177 2176/2176
f 2041/2041 971/971 1228/1228
f 1207/1207 2167/2167 2180/2180
f 2130/2130 2139/2139 2181/2181
f 2168/2168 2142/2142 2182/2182
f 2143/2143 2145/2145 2183/2183
f 2184/2184 2148/2148 2152/2152
f 1321/1321 2155/2155 2150/2150
f 2185/2185 2152/2152 2153/2153
f 2153/2153 2156/2156 2186/2186
f 2187/2187 2157/2157 2110/2110
f 2188/2188 2158/2158 2189/2189
f 2189/2189 2159/2159 2160/2160
f 2190/2190 2170/2170 2191/2191
f 2192/2192 2110/2110 2127/2127
f 2174/2174 2178/2178 2193/2193
f 1265/1265 1207/1207 2180/2180
f 1243/1243 1215/1215 1327/1327
f 1244/1244 1243/1243 1327/1327
f 1345/1345 1212/1212 1216/1216
f 1327/1327 1215/1215 1246/1246
f 2181/2181 2139/2139 2124/2124
f 2194/2194 2129/2129 2130/2130
f 2194/2194 2130/2130 2195/2195
f 2195/2195 2130/2130 2181/2181
f 2196/2196 2124/2124 2131/2131
f 2196/2196 2131/2131 2197/2197
f 2131/2131 2132/2132 2198/2198
f 2197/2197 2131/2131 2198/2198
f 2140/2140 2129/2129 2194/2194
f 2199/2199 2140/2140 2194/2194
f 2198/2198 2132/2132 2133/2133
f 2200/2200 2140/2140 2199/2199
f 2201/2201 2133/2133 2134/2134
f 2200/2200 2141/2141 2140/2140
f 1350/1350 2141/2141 2200/2200
f 1182/1182 2141/2141 1350/1350
f 1352/1352 1253/1253 1182/1182
f 2168/2168 2182/2182 2202/2202
f 1254/1254 1253/1253 1352/1352
f 2142/2142 2143/2143 2203/2203
f 1319/1319 2150/2150 1185/1185
f 1319/1319 1185/1185 1254/1254
f 2149/2149 2148/2148 2184/2184
f 2183/2183 2145/2145 2204/2204
f 1321/1321 2150/2150 1319/1319
f 2145/2145 2205/2205 2206/2206
f 2185/2185 2153/2153 2207/2207
f 2208/2208 2155/2155 1321/1321
f 2208/2208 2169/2169 2155/2155
f 2207/2207 2153/2153 2186/2186
f 2209/2209 2169/2169 2208/2208
f 2156/2156 2158/2158 2188/2188
f 2186/2186 2156/2156 2188/2188
f 2209/2209 2170/2170 2169/2169
f 2187/2187 2110/2110 2192/2192
f 2191/2191 2170/2170 2209/2209
f 2189/2189 2158/2158 2159/2159
f 2189/2189 2160/2160 2210/2210
f 2160/2160 2162/2162 2210/2210
f 2211/2211 2190/2190 2191/2191
f 2210/2210 2162/2162 2212/2212
f 2212/2212 2162/2162 2163/2163
f 2212/2212 2163/2163 2213/2213
f 2163/2163 2161/2161 2213/2213
f 2193/2193 2178/2178 2214/2214
f 2178/2178 2173/2173 2214/2214
f 2215/2215 2174/2174 2193/2193
f 2216/2216 2176/2176 2215/2215
f 2176/2176 2174/2174 2215/2215
f 2179/2179 2176/2176 2216/2216
f 2181/2181 2124/2124 2196/2196
f 2198/2198 2133/2133 2201/2201
f 2201/2201 2134/2134 2168/2168
f 2201/2201 2168/2168 2202/2202
f 1352/1352 1182/1182 1350/1350
f 2182/2182 2142/2142 2203/2203
f 2203/2203 2143/2143 2183/2183
f 1283/1283 1223/1223 2217/2217
f 1194/1194 1223/1223 1284/1284
f 2218/2218 2184/2184 2152/2152
f 2218/2218 2152/2152 2185/2185
f 2204/2204 2145/2145 2206/2206
f 2186/2186 2188/2188 2219/2219
f 2211/2211 2191/2191 2220/2220
f 2216/2216 2215/2215 2221/2221
f 2172/2172 2041/2041 1228/1228
f 1301/1301 2179/2179 2216/2216
f 1300/1300 2179/2179 1301/1301
f 1228/1228 1227/1227 2222/2222
f 1227/1227 2138/2138 2222/2222
f 1345/1345 1216/1216 1249/1249
f 2223/2223 2224/2224 2225/2225
f 2226/2226 2185/2185 2207/2207
f 2207/2207 2186/2186 2219/2219
f 1384/1384 2191/2191 2209/2209
f 2227/2227 2228/2228 2229/2229
f 2229/2229 2228/2228 2230/2230
f 2231/2231 2211/2211 2220/2220
f 2193/2193 2214/2214 2232/2232
f 2215/2215 2193/2193 2232/2232
f 1337/1337 2216/2216 2221/2221
f 1301/1301 2216/2216 1337/1337
f 1295/1295 1294/1294 1263/1263
f 1323/1323 1263/1263 1262/1262
f 2233/2233 1212/1212 1345/1345
f 2194/2194 2195/2195 2234/2234
f 2234/2234 2195/2195 2181/2181
f 2235/2235 2202/2202 2182/2182
f 2182/2182 2203/2203 2236/2236
f 1353/1353 1254/1254 1352/1352
f 2237/2237 1319/1319 1254/1254
f 2237/2237 1254/1254 1353/1353
f 2238/2238 2239/2239 2240/2240
f 2240/2240 2239/2239 2224/2224
f 2241/2241 2218/2218 2185/2185
f 2241/2241 2185/2185 2226/2226
f 1320/1320 2208/2208 1321/1321
f 2209/2209 2208/2208 1320/1320
f 1384/1384 2209/2209 1382/1382
f 2242/2242 2243/2243 2244/2244
f 2244/2244 2243/2243 2245/2245
f 2220/2220 2191/2191 1384/1384
f 2246/2246 2228/2228 2227/2227
f 2232/2232 2214/2214 1358/1358
f 2221/2221 2215/2215 2247/2247
f 2215/2215 2232/2232 2247/2247
f 1337/1337 2221/2221 1361/1361
f 1245/1245 1269/1269 1307/1307
f 1328/1328 1327/1327 1246/1246
f 2248/2248 2198/2198 2201/2201
f 2201/2201 2202/2202 2249/2249
f 2249/2249 2202/2202 2235/2235
f 2250/2250 2235/2235 2182/2182
f 2250/2250 2182/2182 2236/2236
f 2236/2236 2203/2203 2183/2183
f 2251/2251 2252/2252 2253/2253
f 2240/2240 2224/2224 2223/2223
f 1319/1319 2237/2237 1320/1320
f 2254/2254 2255/2255 2256/2256
f 1382/1382 2209/2209 1320/1320
f 2187/2187 2192/2192 2257/2257
f 2254/2254 2256/2256 2258/2258
f 2258/2258 2256/2256 2242/2242
f 2258/2258 2242/2242 2244/2244
f 2244/2244 2245/2245 2259/2259
f 2260/2260 2246/2246 2227/2227
f 2231/2231 2220/2220 2261/2261
f 2261/2261 2220/2220 2262/2262
f 2262/2262 2220/2220 1384/1384
f 2227/2227 2229/2229 2263/2263
f 2263/2263 2229/2229 2264/2264
f 2247/2247 2232/2232 1358/1358
f 1360/1360 2247/2247 1358/1358
f 1361/1361 2221/2221 1427/1427
f 1427/1427 2221/2221 2247/2247
f 1344/1344 1249/1249 1375/1375
f 2265/2265 2181/2181 2196/2196
f 2265/2265 2196/2196 2266/2266
f 2197/2197 2198/2198 2267/2267
f 2268/2268 2199/2199 2194/2194
f 2267/2267 2198/2198 2248/2248
f 1449/1449 1350/1350 2200/2200
f 1451/1451 1350/1350 1449/1449
f 2237/2237 1353/1353 1379/1379
f 2251/2251 2253/2253 2269/2269
f 2270/2270 2218/2218 2241/2241
f 2271/2271 1320/1320 2237/2237
f 2269/2269 2253/2253 2272/2272
f 2253/2253 2273/2273 2272/2272
f 1382/1382 1320/1320 2274/2274
f 2262/2262 1384/1384 2275/2275
f 2227/2227 2263/2263 2276/2276
f 2277/2277 2192/2192 2127/2127
f 1427/1427 2247/2247 1360/1360
f 1338/1338 1361/1361 1427/1427
f 1370/1370 1305/1305 1341/1341
f 2278/2278 1228/1228 2222/2222
f 1306/1306 1244/1244 2279/2279
f 2279/2279 1244/1244 1328/1328
f 1328/1328 1246/1246 2280/2280
f 2234/2234 2181/2181 2265/2265
f 2266/2266 2196/2196 2267/2267
f 2267/2267 2196/2196 2197/2197
f 2268/2268 2194/2194 2234/2234
f 2281/2281 2199/2199 2268/2268
f 1449/1449 2200/2200 2199/2199
f 1449/1449 2199/2199 2281/2281
f 2248/2248 2201/2201 2249/2249
f 1351/1351 1350/1350 1451/1451
f 1378/1378 1353/1353 1351/1351
f 2282/2282 2252/2252 2251/2251
f 2271/2271 2237/2237 1379/1379
f 2283/2283 2284/2284 2285/2285
f 2284/2284 2255/2255 2285/2285
f 2274/2274 1320/1320 2271/2271
f 2286/2286 2272/2272 2273/2273
f 2285/2285 2255/2255 2254/2254
f 2258/2258 2244/2244 2287/2287
f 2275/2275 1384/1384 1383/1383
f 2287/2287 2244/2244 2288/2288
f 2244/2244 2259/2259 2288/2288
f 2260/2260 2227/2227 2276/2276
f 1410/1410 2264/2264 1408/1408
f 2276/2276 2263/2263 2264/2264
f 1359/1359 1358/1358 1424/1424
f 1460/1460 1360/1360 1359/1359
f 1427/1427 1360/1360 1428/1428
f 2289/2289 2172/2172 1228/1228
f 1488/1488 1338/1338 1426/1426
f 1302/1302 1338/1338 1488/1488
f 1366/1366 1387/1387 1367/1367
f 2289/2289 1228/1228 2290/2290
f 2290/2290 1228/1228 2278/2278
f 1397/1397 1370/1370 1341/1341
f 2233/2233 1345/1345 1398/1398
f 2238/2238 2240/2240 2291/2291
f 2291/2291 2240/2240 2223/2223
f 2223/2223 2283/2283 2292/2292
f 2292/2292 2283/2283 2285/2285
f 2293/2293 2272/2272 2286/2286
f 2254/2254 2258/2258 2294/2294
f 2294/2294 2258/2258 2287/2287
f 1409/1409 1408/1408 2295/2295
f 2260/2260 2276/2276 2296/2296
f 2297/2297 2172/2172 2298/2298
f 1428/1428 1360/1360 1460/1460
f 1426/1426 1338/1338 1427/1427
f 1415/1415 1302/1302 1488/1488
f 1434/1434 1393/1393 1394/1394
f 2279/2279 1328/1328 2299/2299
f 2299/2299 1328/1328 2280/2280
f 1441/1441 1374/1374 1309/1309
f 2300/2300 2268/2268 2234/2234
f 2266/2266 2267/2267 2301/2301
f 2301/2301 2267/2267 2302/2302
f 2302/2302 2267/2267 2248/2248
f 2249/2249 2235/2235 2303/2303
f 1351/1351 1451/1451 2304/2304
f 1378/1378 1351/1351 1551/1551
f 2305/2305 2282/2282 2306/2306
f 2282/2282 2251/2251 2307/2307
f 2308/2308 1379/1379 1378/1378
f 2308/2308 2271/2271 1379/1379
f 2291/2291 2223/2223 2292/2292
f 1453/1453 1455/1455 2309/2309
f 2285/2285 2254/2254 2310/2310
f 1383/1383 1382/1382 2274/2274
f 1383/1383 2274/2274 2311/2311
f 2310/2310 2254/2254 2294/2294
f 1502/1502 2295/2295 2312/2312
f 2257/2257 2192/2192 2313/2313
f 2287/2287 2288/2288 2314/2314
f 2313/2313 2192/2192 2277/2277
f 2288/2288 2259/2259 2315/2315
f 2315/2315 2259/2259 2316/2316
f 2296/2296 2276/2276 2317/2317
f 2276/2276 2264/2264 2318/2318
f 2317/2317 2276/2276 2318/2318
f 2318/2318 2264/2264 1410/1410
f 2297/2297 2127/2127 2172/2172
f 1484/1484 1428/1428 1460/1460
f 1488/1488 1426/1426 1462/1462
f 1396/1396 1395/1395 1435/1435
f 2278/2278 2222/2222 2319/2319
f 1397/1397 1306/1306 2279/2279
f 2320/2320 1374/1374 1440/1440
f 2234/2234 2265/2265 2321/2321
f 2322/2322 2281/2281 2268/2268
f 2322/2322 2268/2268 2300/2300
f 2302/2302 2248/2248 2323/2323
f 1449/1449 2281/2281 1547/1547
f 1547/1547 2281/2281 2322/2322
f 2248/2248 2249/2249 2324/2324
f 2304/2304 1451/1451 1450/1450
f 1551/1551 1351/1351 2304/2304
f 2303/2303 2235/2235 2325/2325
f 2235/2235 2250/2250 2325/2325
f 2308/2308 1378/1378 1551/1551
f 2306/2306 2282/2282 2307/2307
f 1494/1494 2309/2309 1525/1525
f 1452/1452 1405/1405 2326/2326
f 2291/2291 2292/2292 2327/2327
f 1453/1453 2309/2309 1494/1494
f 2251/2251 2269/2269 2328/2328
f 2269/2269 2272/2272 2328/2328
f 2328/2328 2272/2272 2293/2293
f 2293/2293 2286/2286 2329/2329
f 2294/2294 2287/2287 2330/2330
f 1502/1502 2312/2312 1500/1500
f 2331/2331 2257/2257 2313/2313
f 2330/2330 2287/2287 2314/2314
f 1502/1502 1409/1409 2295/2295
f 2314/2314 2288/2288 2315/2315
f 2318/2318 1410/1410 2332/2332
f 2332/2332 1410/1410 1409/1409
f 1484/1484 1460/1460 1459/1459
f 1461/1461 1426/1426 1428/1428
f 2300/2300 2234/2234 2321/2321
f 2265/2265 2266/2266 2333/2333
f 2321/2321 2265/2265 2333/2333
f 2333/2333 2266/2266 2301/2301
f 2323/2323 2248/2248 2324/2324
f 1450/1450 1449/1449 1547/1547
f 2324/2324 2249/2249 2303/2303
f 2307/2307 2251/2251 2328/2328
f 2292/2292 2285/2285 2334/2334
f 1454/1454 1453/1453 1495/1495
f 2285/2285 2310/2310 2335/2335
f 1500/1500 2312/2312 2336/2336
f 2294/2294 2330/2330 2337/2337
f 2330/2330 2314/2314 2338/2338
f 2339/2339 1409/1409 1502/1502
f 2338/2338 2314/2314 2315/2315
f 2332/2332 1409/1409 2339/2339
f 2315/2315 2316/2316 2340/2340
f 2341/2341 2296/2296 2317/2317
f 2342/2342 2318/2318 2332/2332
f 2317/2317 2318/2318 2343/2343
f 2343/2343 2318/2318 2342/2342
f 2277/2277 2127/2127 2297/2297
f 1490/1490 1465/1465 1393/1393
f 2344/2344 1397/1397 2279/2279
f 2278/2278 2319/2319 2345/2345
f 2320/2320 1440/1440 1582/1582
f 1446/1446 1445/1445 1401/1401
f 2346/2346 2307/2307 2328/2328
f 1496/1496 1452/1452 2326/2326
f 2327/2327 2292/2292 2334/2334
f 2310/2310 2294/2294 2337/2337
f 2347/2347 2330/2330 2338/2338
f 2339/2339 1502/1502 1501/1501
f 2338/2338 2315/2315 2340/2340
f 2348/2348 2341/2341 2317/2317
f 2348/2348 2317/2317 2343/2343
f 2343/2343 2342/2342 2349/2349
f 2298/2298 2172/2172 2289/2289
f 1431/1431 1536/1536 1485/1485
f 1463/1463 1512/1512 1429/1429
f 1429/1429 1512/1512 1430/1430
f 1434/1434 1489/1489 1393/1393
f 1466/1466 1515/1515 1493/1493
f 2350/2350 2344/2344 2279/2279
f 2350/2350 2279/2279 2351/2351
f 2351/2351 2279/2279 2299/2299
f 1582/1582 1440/1440 1520/1520
f 2322/2322 2300/2300 2352/2352
f 2353/2353 2300/2300 2321/2321
f 2301/2301 2302/2302 2354/2354
f 1547/1547 2322/2322 2355/2355
f 1622/1622 2304/2304 1450/1450
f 2324/2324 2303/2303 2356/2356
f 1549/1549 1551/1551 2304/2304
f 1549/1549 2304/2304 1622/1622
f 2308/2308 1551/1551 1550/1550
f 1524/1524 1525/1525 1658/1658
f 2357/2357 2328/2328 2293/2293
f 2334/2334 2285/2285 2335/2335
f 1454/1454 1495/1495 1553/1553
f 2357/2357 2293/2293 2329/2329
f 1500/1500 2336/2336 2358/2358
f 2359/2359 2337/2337 2347/2347
f 2347/2347 2337/2337 2330/2330
f 2347/2347 2338/2338 2360/2360
f 2360/2360 2338/2338 2340/2340
f 2361/2361 2332/2332 2339/2339
f 2362/2362 2341/2341 2348/2348
f 2349/2349 2342/2342 2332/2332
f 2349/2349 2332/2332 2361/2361
f 2313/2313 2277/2277 2363/2363
f 2348/2348 2343/2343 2364/2364
f 1510/1510 1509/1509 1566/1566
f 1535/1535 1483/1483 1534/1534
f 1490/1490 1574/1574 1465/1465
f 1574/1574 1490/1490 1489/1489
f 2290/2290 2278/2278 2365/2365
f 2278/2278 2345/2345 2365/2365
f 1599/1599 2320/2320 1582/1582
f 2352/2352 2300/2300 2353/2353
f 2353/2353 2321/2321 2366/2366
f 2321/2321 2333/2333 2366/2366
f 2366/2366 2333/2333 2367/2367
f 2333/2333 2301/2301 2354/2354
f 2355/2355 2322/2322 2352/2352
f 2302/2302 2323/2323 2368/2368
f 2323/2323 2324/2324 2369/2369
f 2369/2369 2324/2324 2370/2370
f 2324/2324 2356/2356 2370/2370
f 2371/2371 2372/2372 2306/2306
f 2371/2371 2306/2306 2373/2373
f 2306/2306 2307/2307 2346/2346
f 2373/2373 2306/2306 2346/2346
f 2346/2346 2328/2328 2357/2357
f 1496/1496 2326/2326 2374/2374
f 1406/1406 1496/1496 1552/1552
f 2375/2375 2327/2327 2334/2334
f 2335/2335 2310/2310 2359/2359
f 2359/2359 2310/2310 2337/2337
f 2331/2331 2313/2313 2376/2376
f 2339/2339 1501/1501 2377/2377
f 2361/2361 2339/2339 2377/2377
f 2360/2360 2340/2340 2378/2378
f 2349/2349 2361/2361 2379/2379
f 2380/2380 2348/2348 2364/2364
f 2364/2364 2343/2343 2381/2381
f 2343/2343 2349/2349 2381/2381
f 2381/2381 2349/2349 2382/2382
f 2363/2363 2277/2277 2297/2297
f 1485/1485 1569/1569 1570/1570
f 1485/1485 1570/1570 1512/1512
f 1512/1512 1570/1570 1486/1486
f 1536/1536 1568/1568 1485/1485
f 1595/1595 1568/1568 1465/1465
f 1465/1465 1568/1568 1536/1536
f 1574/1574 1595/1595 1465/1465
f 1464/1464 1537/1537 1513/1513
f 1492/1492 1489/1489 1434/1434
f 1489/1489 1492/1492 1596/1596
f 1404/1404 1585/1585 1448/1448
f 2367/2367 2333/2333 2354/2354
f 2354/2354 2302/2302 2368/2368
f 2368/2368 2323/2323 2369/2369
f 1548/1548 1547/1547 2355/2355
f 1548/1548 1622/1622 1450/1450
f 1606/1606 1494/1494 1524/1524
f 1494/1494 1606/1606 1495/1495
f 2383/2383 2357/2357 2329/2329
f 2384/2384 2383/2383 2329/2329
f 1500/1500 2358/2358 2385/2385
f 1501/1501 1500/1500 2385/2385
f 2377/2377 1501/1501 1626/1626
f 2386/2386 2347/2347 2360/2360
f 2376/2376 2313/2313 2363/2363
f 2387/2387 2360/2360 2388/2388
f 2388/2388 2360/2360 2378/2378
f 2361/2361 2377/2377 2379/2379
f 2389/2389 2388/2388 2378/2378
f 2380/2380 2362/2362 2348/2348
f 2382/2382 2349/2349 2379/2379
f 2390/2390 2364/2364 2381/2381
f 2390/2390 2381/2381 2382/2382
f 1511/1511 1535/1535 1593/1593
f 1569/1569 2391/2391 2392/2392
f 1569/1569 2392/2392 1570/1570
f 1570/1570 2392/2392 2393/2393
f 1570/1570 2393/2393 1592/1592
f 1568/1568 2391/2391 1569/1569
f 1537/1537 1613/1613 1513/1513
f 1513/1513 1613/1613 1575/1575
f 2394/2394 2289/2289 2290/2290
f 1618/1618 2395/2395 1616/1616
f 2350/2350 2351/2351 2396/2396
f 1577/1577 1518/1518 1583/1583
f 1583/1583 1521/1521 1621/1621
f 1417/1417 1542/1542 1543/1543
f 1546/1546 1604/1604 1447/1447
f 2397/2397 2346/2346 2357/2357
f 1552/1552 1496/1496 2374/2374
f 2375/2375 2334/2334 2398/2398
f 1625/1625 1554/1554 1553/1553
f 2334/2334 2335/2335 2399/2399
f 2399/2399 2335/2335 2359/2359
f 1626/1626 1501/1501 2385/2385
f 2384/2384 2329/2329 2400/2400
f 2359/2359 2347/2347 2401/2401
f 2401/2401 2347/2347 2386/2386
f 2402/2402 2360/2360 2387/2387
f 2379/2379 2377/2377 1628/1628
f 2403/2403 2380/2380 2364/2364
f 2404/2404 2382/2382 2405/2405
f 2382/2382 2379/2379 2405/2405
f 2403/2403 2364/2364 2390/2390
f 2390/2390 2382/2382 2404/2404
f 2403/2403 2390/2390 2406/2406
f 2390/2390 2404/2404 2406/2406
f 1639/1639 2407/2407 2391/2391
f 2391/2391 2407/2407 2392/2392
f 2392/2392 2407/2407 2408/2408
f 2392/2392 2408/2408 2393/2393
f 2393/2393 2408/2408 1592/1592
f 1637/1637 1639/1639 1568/1568
f 1568/1568 1639/1639 2391/2391
f 1592/1592 2409/2409 1537/1537
f 1537/1537 2409/2409 1672/1672
f 1537/1537 1672/1672 1613/1613
f 1674/1674 1594/1594 1574/1574
f 1573/1573 1674/1674 1574/1574
f 2410/2410 2289/2289 2394/2394
f 1514/1514 1575/1575 1576/1576
f 2411/2411 2290/2290 2365/2365
f 1644/1644 1599/1599 1581/1581
f 2355/2355 2352/2352 2412/2412
f 2412/2412 2352/2352 2353/2353
f 2353/2353 2366/2366 2413/2413
f 2413/2413 2366/2366 2367/2367
f 2368/2368 2369/2369 2414/2414
f 2415/2415 1548/1548 2355/2355
f 2416/2416 2369/2369 2417/2417
f 2369/2369 2370/2370 2417/2417
f 1622/1622 1548/1548 1623/1623
f 2418/2418 2419/2419 2371/2371
f 2420/2420 2373/2373 2346/2346
f 2420/2420 2346/2346 2397/2397
f 1553/1553 1606/1606 1660/1660
f 1552/1552 2374/2374 1687/1687
f 2421/2421 2375/2375 2398/2398
f 2357/2357 2383/2383 2384/2384
f 2398/2398 2334/2334 2399/2399
f 1626/1626 2385/2385 2422/2422
f 2401/2401 2386/2386 2423/2423
f 2423/2423 2386/2386 2402/2402
f 2377/2377 1626/1626 1628/1628
f 2376/2376 2363/2363 2424/2424
f 2402/2402 2386/2386 2360/2360
f 2425/2425 2402/2402 2387/2387
f 2425/2425 2387/2387 2388/2388
f 1669/1669 2379/2379 1628/1628
f 2425/2425 2388/2388 2426/2426
f 2426/2426 2388/2388 2389/2389
f 2405/2405 2379/2379 1669/1669
f 2363/2363 2297/2297 2427/2427
f 2426/2426 2389/2389 2428/2428
f 2429/2429 2380/2380 2403/2403
f 2404/2404 2405/2405 2430/2430
f 2431/2431 2428/2428 2432/2432
f 2432/2432 2428/2428 2433/2433
f 2434/2434 2403/2403 2406/2406
f 2406/2406 2404/2404 2435/2435
f 2435/2435 2404/2404 2436/2436
f 2436/2436 2404/2404 2430/2430
f 2437/2437 2434/2434 2406/2406
f 2437/2437 2406/2406 2438/2438
f 2438/2438 2406/2406 2435/2435
f 2439/2439 2434/2434 2437/2437
f 2439/2439 2437/2437 2440/2440
f 2437/2437 2438/2438 2440/2440
f 2440/2440 2438/2438 2441/2441
f 2442/2442 2443/2443 1633/1633
f 2444/2444 2445/2445 2442/2442
f 2444/2444 2442/2442 2446/2446
f 2442/2442 1633/1633 2446/2446
f 2446/2446 1633/1633 2408/2408
f 2408/2408 1633/1633 1635/1635
f 2447/2447 2444/2444 2446/2446
f 2447/2447 2446/2446 2407/2407
f 2407/2407 2446/2446 2408/2408
f 1638/1638 2447/2447 1639/1639
f 2447/2447 2407/2407 1639/1639
f 2408/2408 1635/1635 1592/1592
f 1592/1592 1635/1635 2448/2448
f 1592/1592 2448/2448 2409/2409
f 2409/2409 2448/2448 2449/2449
f 2450/2450 1637/1637 1594/1594
f 1594/1594 1637/1637 1568/1568
f 2409/2409 2449/2449 1672/1672
f 2450/2450 1594/1594 1674/1674
f 1613/1613 1672/1672 1614/1614
f 1674/1674 1573/1573 2451/2451
f 2451/2451 1573/1573 1596/1596
f 2452/2452 1618/1618 1713/1713
f 2453/2453 2350/2350 2396/2396
f 2454/2454 1599/1599 1645/1645
f 1577/1577 1650/1650 1578/1578
f 1519/1519 1619/1619 2455/2455
f 1539/1539 1598/1598 1620/1620
f 2354/2354 2368/2368 2414/2414
f 2415/2415 2355/2355 2456/2456
f 2414/2414 2369/2369 2416/2416
f 2457/2457 1623/1623 1548/1548
f 1659/1659 1658/1658 2458/2458
f 2459/2459 2371/2371 2373/2373
f 2459/2459 2373/2373 2420/2420
f 2397/2397 2357/2357 2460/2460
f 2461/2461 2357/2357 2384/2384
f 2462/2462 2399/2399 2359/2359
f 2398/2398 2399/2399 2462/2462
f 2462/2462 2359/2359 2401/2401
f 2463/2463 2384/2384 2400/2400
f 1627/1627 1626/1626 2422/2422
f 2463/2463 2400/2400 2464/2464
f 2400/2400 2465/2465 2464/2464
f 1665/1665 1628/1628 1627/1627
f 1669/1669 1628/1628 1666/1666
f 2405/2405 1669/1669 1670/1670
f 2466/2466 2426/2426 2431/2431
f 2431/2431 2426/2426 2428/2428
f 2405/2405 1670/1670 2430/2430
f 2466/2466 2431/2431 2467/2467
f 2467/2467 2431/2431 2468/2468
f 2468/2468 2431/2431 2432/2432
f 2435/2435 2436/2436 2469/2469
f 2468/2468 2432/2432 2470/2470
f 2438/2438 2435/2435 2469/2469
f 2471/2471 2472/2472 2443/2443
f 2473/2473 2297/2297 2298/2298
f 2467/2467 2468/2468 2474/2474
f 2474/2474 2468/2468 2475/2475
f 2476/2476 2477/2477 2445/2445
f 2476/2476 2445/2445 2444/2444
f 1633/1633 2443/2443 1634/1634
f 1634/1634 2443/2443 2478/2478
f 2478/2478 2443/2443 2472/2472
f 2447/2447 2476/2476 2444/2444
f 1634/1634 2478/2478 2448/2448
f 1635/1635 1634/1634 2448/2448
f 2479/2479 2476/2476 1638/1638
f 1638/1638 2476/2476 2447/2447
f 2473/2473 2298/2298 2410/2410
f 2410/2410 2298/2298 2289/2289
f 2450/2450 1638/1638 1637/1637
f 2449/2449 2448/2448 2480/2480
f 2450/2450 1674/1674 1676/1676
f 1675/1675 1674/1674 2451/2451
f 1575/1575 1614/1614 1695/1695
f 1713/1713 1618/1618 1617/1617
f 1576/1576 1575/1575 1695/1695
f 2394/2394 2290/2290 2481/2481
f 2290/2290 2411/2411 2481/2481
f 1650/1650 1718/1718 1578/1578
f 1583/1583 1649/1649 1577/1577
f 1583/1583 1621/1621 1699/1699
f 2367/2367 2354/2354 2482/2482
f 2413/2413 2367/2367 2482/2482
f 2482/2482 2354/2354 2414/2414
f 2456/2456 2355/2355 2412/2412
f 1548/1548 2415/2415 2457/2457
f 2418/2418 2371/2371 2459/2459
f 1659/1659 2458/2458 1734/1734
f 2459/2459 2420/2420 2483/2483
f 2483/2483 2420/2420 2397/2397
f 2460/2460 2357/2357 2461/2461
f 2484/2484 2421/2421 2398/2398
f 2463/2463 2461/2461 2384/2384
f 2484/2484 2398/2398 2462/2462
f 2485/2485 1625/1625 1664/1664
f 2462/2462 2401/2401 2423/2423
f 1627/1627 2422/2422 2486/2486
f 2423/2423 2402/2402 2487/2487
f 2488/2488 1665/1665 1707/1707
f 1665/1665 1627/1627 1707/1707
f 2489/2489 2402/2402 2490/2490
f 2490/2490 2402/2402 2425/2425
f 2424/2424 2363/2363 2427/2427
f 2490/2490 2425/2425 2426/2426
f 2490/2490 2426/2426 2466/2466
f 2491/2491 2490/2490 2466/2466
f 2436/2436 2430/2430 2492/2492
f 2430/2430 1670/1670 2492/2492
f 2491/2491 2466/2466 2467/2467
f 2493/2493 2494/2494 2495/2495
f 2472/2472 2493/2493 2495/2495
f 2427/2427 2297/2297 2473/2473
f 2496/2496 2467/2467 2474/2474
f 2478/2478 2472/2472 2495/2495
f 2478/2478 2495/2495 2497/2497
f 2498/2498 2499/2499 1638/1638
f 1638/1638 2499/2499 2479/2479
f 2448/2448 2478/2478 2497/2497
f 2448/2448 2497/2497 2480/2480
f 2498/2498 1638/1638 2450/2450
f 2449/2449 2480/2480 1673/1673
f 1672/1672 2449/2449 1673/1673
f 2500/2500 1676/1676 1675/1675
f 2501/2501 2452/2452 1715/1715
f 1715/1715 2452/2452 1713/1713
f 2502/2502 1713/1713 1617/1617
f 1598/1598 1576/1576 1696/1696
f 1651/1651 1600/1600 1698/1698
f 1699/1699 1649/1649 1583/1583
f 1653/1653 1652/1652 1720/1720
f 1604/1604 1701/1701 1605/1605
f 2412/2412 2353/2353 2413/2413
f 1725/1725 1623/1623 2457/2457
f 2483/2483 2397/2397 2460/2460
f 2460/2460 2461/2461 2503/2503
f 2504/2504 2421/2421 2484/2484
f 2505/2505 2461/2461 2463/2463
f 2485/2485 1664/1664 2506/2506
f 2507/2507 2462/2462 2423/2423
f 2507/2507 2423/2423 2508/2508
f 2508/2508 2423/2423 2487/2487
f 2464/2464 2465/2465 2509/2509
f 1688/1688 1665/1665 2488/2488
f 2488/2488 1707/1707 2510/2510
f 2489/2489 2487/2487 2402/2402
f 1666/1666 1688/1688 2511/2511
f 1670/1670 1666/1666 2511/2511
f 2489/2489 2490/2490 2512/2512
f 2512/2512 2490/2490 2491/2491
f 2513/2513 2512/2512 2491/2491
f 2513/2513 2491/2491 2467/2467
f 2514/2514 2427/2427 2473/2473
f 2496/2496 2513/2513 2467/2467
f 2480/2480 2497/2497 1742/1742
f 1711/1711 1710/1710 1743/1743
f 1676/1676 2498/2498 2450/2450
f 1673/1673 2480/2480 1742/1742
f 1614/1614 1673/1673 1768/1768
f 2410/2410 2394/2394 2515/2515
f 2515/2515 2394/2394 2481/2481
f 1614/1614 1768/1768 1695/1695
f 1714/1714 1713/1713 1757/1757
f 1757/1757 1713/1713 2502/2502
f 1757/1757 2502/2502 2516/2516
f 1649/1649 1717/1717 1650/1650
f 2412/2412 2413/2413 2517/2517
f 2456/2456 2412/2412 2518/2518
f 2519/2519 2415/2415 2456/2456
f 2520/2520 2521/2521 2418/2418
f 2522/2522 2418/2418 2459/2459
f 1686/1686 1659/1659 1734/1734
f 2523/2523 2459/2459 2483/2483
f 1661/1661 1660/1660 1702/1702
f 1624/1624 1661/1661 1703/1703
f 1662/1662 1687/1687 2524/2524
f 2504/2504 2484/2484 2525/2525
f 2484/2484 2462/2462 2507/2507
f 2526/2526 2463/2463 2464/2464
f 2526/2526 2464/2464 2509/2509
f 1688/1688 2488/2488 2510/2510
f 2510/2510 1707/1707 2527/2527
f 1707/1707 1706/1706 2527/2527
f 1688/1688 2510/2510 2511/2511
f 2511/2511 2510/2510 2527/2527
f 1670/1670 2511/2511 2528/2528
f 2424/2424 2427/2427 2514/2514
f 2492/2492 1670/1670 2528/2528
f 2495/2495 2494/2494 2529/2529
f 2529/2529 2494/2494 2530/2530
f 2531/2531 2513/2513 2496/2496
f 2497/2497 2495/2495 2529/2529
f 2498/2498 2532/2532 2499/2499
f 2514/2514 2473/2473 2410/2410
f 1746/1746 2533/2533 2534/2534
f 2533/2533 2535/2535 2534/2534
f 1746/1746 2501/2501 1715/1715
f 1695/1695 1768/1768 1729/1729
f 1756/1756 1714/1714 1757/1757
f 1696/1696 1695/1695 1729/1729
f 2536/2536 1750/1750 1749/1749
f 1754/1754 1757/1757 2516/2516
f 1680/1680 1696/1696 1730/1730
f 1753/1753 2537/2537 1678/1678
f 1697/1697 1753/1753 1678/1678
f 1678/1678 2537/2537 1679/1679
f 1620/1620 1680/1680 1731/1731
f 1602/1602 1722/1722 1723/1723
f 2518/2518 2412/2412 2517/2517
f 2517/2517 2413/2413 2482/2482
f 2538/2538 2539/2539 2540/2540
f 2541/2541 2521/2521 2520/2520
f 1725/1725 2457/2457 2415/2415
f 1725/1725 2415/2415 2519/2519
f 2520/2520 2418/2418 2522/2522
f 2483/2483 2460/2460 2503/2503
f 2505/2505 2503/2503 2461/2461
f 2505/2505 2463/2463 2542/2542
f 1663/1663 1662/1662 2543/2543
f 2544/2544 2504/2504 2525/2525
f 2545/2545 2544/2544 2525/2525
f 2506/2506 1664/1664 1703/1703
f 2546/2546 2506/2506 1703/1703
f 2525/2525 2484/2484 2547/2547
f 1627/1627 2486/2486 1737/1737
f 2542/2542 2463/2463 2526/2526
f 2484/2484 2507/2507 2548/2548
f 2548/2548 2507/2507 2508/2508
f 1627/1627 1737/1737 1706/1706
f 2526/2526 2509/2509 2549/2549
f 2550/2550 2508/2508 2487/2487
f 2550/2550 2487/2487 2489/2489
f 2509/2509 2465/2465 2551/2551
f 2550/2550 2489/2489 2512/2512
f 2511/2511 2552/2552 2528/2528
f 2465/2465 2553/2553 2551/2551
f 2554/2554 2512/2512 2513/2513
f 2531/2531 2554/2554 2513/2513
f 2497/2497 2529/2529 1740/1740
f 1742/1742 2497/2497 1740/1740
f 2533/2533 2531/2531 2535/2535
f 2514/2514 2410/2410 2555/2555
f 2410/2410 2515/2515 2555/2555
f 1673/1673 1742/1742 1741/1741
f 1673/1673 1741/1741 1766/1766
f 1768/1768 1673/1673 1766/1766
f 1745/1745 1715/1715 1714/1714
f 1729/1729 1768/1768 1796/1796
f 2556/2556 2537/2537 1753/1753
f 1783/1783 1750/1750 2536/2536
f 2557/2557 1783/1783 2536/2536
f 1649/1649 1699/1699 1788/1788
f 1788/1788 1699/1699 1719/1719
f 2558/2558 2538/2538 2559/2559
f 2560/2560 2558/2558 2559/2559
f 2559/2559 2538/2538 2540/2540
f 2519/2519 2456/2456 2518/2518
f 2561/2561 2541/2541 2520/2520
f 2522/2522 2459/2459 2523/2523
f 2562/2562 2483/2483 2503/2503
f 2563/2563 2503/2503 2505/2505
f 1805/1805 1703/1703 1736/1736
f 1762/1762 1663/1663 2543/2543
f 2545/2545 2525/2525 2547/2547
f 2547/2547 2484/2484 2548/2548
f 1706/1706 1738/1738 2527/2527
f 2508/2508 2550/2550 2564/2564
f 2511/2511 2527/2527 2552/2552
f 2551/2551 2549/2549 2509/2509
f 2530/2530 2565/2565 2566/2566
f 2550/2550 2554/2554 2567/2567
f 2554/2554 2550/2550 2512/2512
f 2530/2530 2566/2566 2529/2529
f 2551/2551 2553/2553 2568/2568
f 2567/2567 2554/2554 2569/2569
f 1740/1740 2529/2529 2566/2566
f 2569/2569 2554/2554 2531/2531
f 2568/2568 2553/2553 2570/2570
f 2569/2569 2531/2531 2533/2533
f 2571/2571 2569/2569 2533/2533
f 2533/2533 1745/1745 2571/2571
f 1745/1745 2533/2533 1746/1746
f 1745/1745 1714/1714 1756/1756
f 2572/2572 1756/1756 1755/1755
f 1752/1752 2556/2556 1753/1753
f 1788/1788 1759/1759 1649/1649
f 2573/2573 2518/2518 2517/2517
f 2574/2574 2558/2558 2560/2560
f 2575/2575 1725/1725 2519/2519
f 1726/1726 1725/1725 2575/2575
f 2523/2523 2483/2483 2562/2562
f 1702/1702 1792/1792 1661/1661
f 1807/1807 1703/1703 1805/1805
f 2576/2576 2542/2542 2526/2526
f 2577/2577 2545/2545 2547/2547
f 2546/2546 1703/1703 1807/1807
f 1738/1738 1737/1737 2578/2578
f 2547/2547 2548/2548 2579/2579
f 2580/2580 2552/2552 2527/2527
f 2548/2548 2508/2508 2564/2564
f 2551/2551 2581/2581 2549/2549
f 2567/2567 2564/2564 2550/2550
f 2582/2582 2564/2564 2567/2567
f 2582/2582 2567/2567 2583/2583
f 2567/2567 2569/2569 2571/2571
f 2583/2583 2567/2567 2571/2571
f 1768/1768 1767/1767 1796/1796
f 1822/1822 1748/1748 1747/1747
f 2584/2584 1745/1745 1756/1756
f 2572/2572 2584/2584 1756/1756
f 1752/1752 1782/1782 2556/2556
f 1824/1824 1717/1717 1759/1759
f 1825/1825 1772/1772 1682/1682
f 1681/1681 1825/1825 1682/1682
f 2585/2585 2586/2586 2574/2574
f 2559/2559 2540/2540 2587/2587
f 2575/2575 2519/2519 2588/2588
f 2561/2561 2520/2520 2589/2589
f 1792/1792 1686/1686 1803/1803
f 1661/1661 1792/1792 1736/1736
f 2576/2576 2505/2505 2542/2542
f 2590/2590 2576/2576 2526/2526
f 1737/1737 2591/2591 2578/2578
f 2577/2577 2547/2547 2579/2579
f 2592/2592 2577/2577 2579/2579
f 2527/2527 1738/1738 2580/2580
f 2579/2579 2548/2548 2593/2593
f 2582/2582 2548/2548 2564/2564
f 2593/2593 2548/2548 2582/2582
f 2565/2565 2594/2594 1832/1832
f 2566/2566 2565/2565 1832/1832
f 2595/2595 2581/2581 2551/2551
f 2568/2568 2595/2595 2551/2551
f 1740/1740 2566/2566 1832/1832
f 1740/1740 1832/1832 1834/1834
f 1741/1741 1740/1740 1779/1779
f 2596/2596 2570/2570 1748/1748
f 2571/2571 2597/2597 2598/2598
f 1766/1766 1779/1779 1767/1767
f 1822/1822 2596/2596 1748/1748
f 2597/2597 2571/2571 1745/1745
f 1745/1745 2584/2584 2597/2597
f 2599/2599 2597/2597 2584/2584
f 2600/2600 2597/2597 2599/2599
f 2572/2572 2599/2599 2584/2584
f 1751/1751 1780/1780 2601/2601
f 1729/1729 1796/1796 1797/1797
f 1758/1758 1729/1729 1797/1797
f 1747/1747 1750/1750 1784/1784
f 1850/1850 1783/1783 2557/2557
f 1791/1791 1825/1825 1681/1681
f 2602/2602 2586/2586 2603/2603
f 2603/2603 2586/2586 2585/2585
f 2560/2560 2559/2559 2604/2604
f 2604/2604 2559/2559 2587/2587
f 2605/2605 2602/2602 2603/2603
f 2520/2520 2522/2522 2589/2589
f 2589/2589 2522/2522 2606/2606
f 2522/2522 2523/2523 2606/2606
f 2606/2606 2523/2523 2562/2562
f 2562/2562 2503/2503 2563/2563
f 2607/2607 2505/2505 2576/2576
f 1738/1738 2578/2578 2608/2608
f 2549/2549 2590/2590 2526/2526
f 2580/2580 1738/1738 2608/2608
f 2609/2609 2592/2592 2579/2579
f 2609/2609 2579/2579 2593/2593
f 2610/2610 2592/2592 2609/2609
f 2593/2593 2582/2582 2583/2583
f 2611/2611 2568/2568 2570/2570
f 2612/2612 2583/2583 2571/2571
f 1740/1740 1834/1834 1779/1779
f 2612/2612 2571/2571 2598/2598
f 2596/2596 2611/2611 2570/2570
f 1767/1767 1779/1779 1846/1846
f 1780/1780 1809/1809 2613/2613
f 2600/2600 2598/2598 2597/2597
f 1767/1767 1846/1846 1797/1797
f 1780/1780 2613/2613 2601/2601
f 2613/2613 2614/2614 2601/2601
f 1784/1784 1783/1783 1850/1850
f 1759/1759 1788/1788 1787/1787
f 1787/1787 1719/1719 1799/1799
f 2585/2585 2574/2574 2615/2615
f 2615/2615 2574/2574 2616/2616
f 2574/2574 2560/2560 2616/2616
f 2616/2616 2560/2560 2604/2604
f 2617/2617 2561/2561 2589/2589
f 1803/1803 1735/1735 1814/1814
f 2606/2606 2562/2562 2618/2618
f 2618/2618 2562/2562 2619/2619
f 2620/2620 2562/2562 2563/2563
f 1805/1805 1736/1736 1804/1804
f 2607/2607 2563/2563 2505/2505
f 2607/2607 2576/2576 2621/2621
f 2622/2622 2590/2590 2549/2549
f 2622/2622 2549/2549 2581/2581
f 2580/2580 2608/2608 2623/2623
f 2610/2610 2609/2609 1816/1816
f 1816/1816 2609/2609 2593/2593
f 1816/1816 2593/2593 1817/1817
f 1817/1817 2593/2593 2583/2583
f 2594/2594 2624/2624 1832/1832
f 1818/1818 2610/2610 1816/1816
f 2625/2625 2595/2595 2568/2568
f 1817/1817 2583/2583 2612/2612
f 2625/2625 2568/2568 2611/2611
f 1819/1819 1817/1817 2612/2612
f 1809/1809 1808/1808 2626/2626
f 1809/1809 2626/2626 2613/2613
f 2627/2627 1819/1819 2598/2598
f 1819/1819 2612/2612 2598/2598
f 2627/2627 2598/2598 2600/2600
f 1820/1820 1822/1822 1747/1747
f 2628/2628 1820/1820 1747/1747
f 2628/2628 1747/1747 1784/1784
f 1823/1823 1759/1759 1787/1787
f 1814/1814 1813/1813 2629/2629
f 2630/2630 2606/2606 2618/2618
f 2619/2619 2562/2562 2620/2620
f 2620/2620 2563/2563 2631/2631
f 1807/1807 1815/1815 1830/1830
f 2621/2621 2576/2576 2590/2590
f 2621/2621 2590/2590 2632/2632
f 2622/2622 2581/2581 2633/2633
f 2634/2634 2633/2633 2581/2581
f 2634/2634 2581/2581 2595/2595
f 1779/1779 1834/1834 1833/1833
f 1779/1779 1833/1833 1846/1846
f 1821/1821 2596/2596 1822/1822
f 1784/1784 1850/1850 2635/2635
f 1791/1791 1826/1826 1825/1825
f 2636/2636 2603/2603 2585/2585
f 2605/2605 2603/2603 2637/2637
f 2638/2638 2617/2617 2589/2589
f 2629/2629 1813/1813 2605/2605
f 2589/2589 2606/2606 2630/2630
f 1805/1805 1804/1804 1859/1859
f 1806/1806 1805/1805 1859/1859
f 2607/2607 2631/2631 2563/2563
f 2622/2622 2632/2632 2590/2590
f 2632/2632 2622/2622 2639/2639
f 1831/1831 1815/1815 1881/1881
f 2640/2640 2641/2641 2624/2624
f 1832/1832 2624/2624 1843/1843
f 2625/2625 2634/2634 2595/2595
f 1833/1833 1832/1832 1843/1843
f 2642/2642 2625/2625 2611/2611
f 2596/2596 2642/2642 2611/2611
f 1797/1797 1846/1846 1842/1842
f 2628/2628 1784/1784 2635/2635
f 1852/1852 1787/1787 1799/1799
f 2637/2637 2603/2603 2636/2636
f 2636/2636 2585/2585 2615/2615
f 2636/2636 2615/2615 2643/2643
f 2629/2629 2605/2605 2637/2637
f 2630/2630 2638/2638 2589/2589
f 1803/1803 1814/1814 1871/1871
f 2630/2630 2618/2618 2619/2619
f 2631/2631 2619/2619 2620/2620
f 2607/2607 2621/2621 2644/2644
f 1815/1815 1806/1806 1861/1861
f 2624/2624 2641/2641 2645/2645
f 1821/1821 2642/2642 2596/2596
f 1785/1785 1836/1836 1847/1847
f 1849/1849 2635/2635 1850/1850
f 2643/2643 2615/2615 2616/2616
f 2643/2643 2616/2616 2646/2646
f 2616/2616 2604/2604 2647/2647
f 2648/2648 2649/2649 2617/2617
f 2648/2648 2617/2617 2638/2638
f 2629/2629 2637/2637 2650/2650
f 1814/1814 2629/2629 1871/1871
f 1871/1871 2629/2629 1872/1872
f 1803/1803 1871/1871 1856/1856
f 1860/1860 1806/1806 1859/1859
f 2644/2644 2631/2631 2607/2607
f 1881/1881 1815/1815 1861/1861
f 2633/2633 2639/2639 2622/2622
f 2624/2624 2645/2645 2651/2651
f 1843/1843 2624/2624 2651/2651
f 1843/1843 2651/2651 1844/1844
f 2652/2652 1820/1820 2628/2628
f 2653/2653 2652/2652 2628/2628
f 2635/2635 2653/2653 2628/2628
f 1849/1849 2654/2654 2635/2635
f 2655/2655 1849/1849 1848/1848
f 1787/1787 2656/2656 1823/1823
f 2657/2657 1787/1787 1852/1852
f 1800/1800 1854/1854 1828/1828
f 1828/1828 1858/1858 1840/1840
f 1855/1855 1829/1829 1841/1841
f 2646/2646 2616/2616 2647/2647
f 2650/2650 2637/2637 2636/2636
f 1872/1872 2629/2629 2650/2650
f 2658/2658 2630/2630 2619/2619
f 2659/2659 2619/2619 2631/2631
f 2660/2660 2659/2659 2631/2631
f 2660/2660 2631/2631 2644/2644
f 2661/2661 2633/2633 2634/2634
f 2625/2625 2661/2661 2634/2634
f 1833/1833 1844/1844 1845/1845
f 2662/2662 2642/2642 1821/1821
f 1821/1821 1820/1820 2652/2652
f 2654/2654 2653/2653 2635/2635
f 1837/1837 1863/1863 1810/1810
f 2656/2656 1787/1787 2657/2657
f 1827/1827 2663/2663 1854/1854
f 1840/1840 1868/1868 1841/1841
f 1868/1868 1855/1855 1841/1841
f 2650/2650 2636/2636 2664/2664
f 2636/2636 2643/2643 2664/2664
f 2638/2638 2630/2630 2658/2658
f 1856/1856 1871/1871 1873/1873
f 2658/2658 2619/2619 2659/2659
f 1860/1860 1859/1859 1869/1869
f 2632/2632 2644/2644 2621/2621
f 2661/2661 2639/2639 2633/2633
f 2665/2665 2661/2661 2625/2625
f 2662/2662 1821/1821 2652/2652
f 2666/2666 2654/2654 1849/1849
f 2655/2655 2666/2666 1849/1849
f 1838/1838 1864/1864 1865/1865
f 1855/1855 1878/1878 1857/1857
f 2664/2664 2643/2643 2646/2646
f 2646/2646 2647/2647 2667/2667
f 2668/2668 2669/2669 2670/2670
f 1884/1884 2650/2650 2664/2664
f 2671/2671 2648/2648 2638/2638
f 2671/2671 2638/2638 2672/2672
f 2672/2672 2638/2638 2658/2658
f 1861/1861 1860/1860 1879/1879
f 2673/2673 2644/2644 2632/2632
f 1881/1881 1861/1861 1879/1879
f 2673/2673 2632/2632 2639/2639
f 2651/2651 1905/1905 1844/1844
f 1845/1845 1844/1844 1907/1907
f 2674/2674 2665/2665 2625/2625
f 2674/2674 2625/2625 2642/2642
f 2674/2674 2642/2642 2662/2662
f 2675/2675 2652/2652 2653/2653
f 2676/2676 2675/2675 2654/2654
f 2675/2675 2653/2653 2654/2654
f 2677/2677 2666/2666 2655/2655
f 1851/1851 1863/1863 1864/1864
f 1866/1866 2657/2657 1852/1852
f 1867/1867 1865/1865 1883/1883
f 2678/2678 2664/2664 2646/2646
f 1884/1884 2664/2664 1885/1885
f 1872/1872 2650/2650 1886/1886
f 1886/1886 2650/2650 1884/1884
f 1873/1873 1872/1872 1886/1886
f 1888/1888 1856/1856 1873/1873
f 2679/2679 2658/2658 2659/2659
f 1869/1869 1856/1856 1888/1888
f 2679/2679 2659/2659 2660/2660
f 1889/1889 1869/1869 1888/1888
f 1860/1860 1869/1869 1889/1889
f 2673/2673 2660/2660 2644/2644
f 2680/2680 2673/2673 2639/2639
f 2681/2681 2641/2641 2682/2682
f 2680/2680 2639/2639 2661/2661
f 2645/2645 2641/2641 2681/2681
f 2645/2645 2681/2681 1905/1905
f 2651/2651 2645/2645 1905/1905
f 1874/1874 1845/1845 1907/1907
f 2683/2683 2662/2662 2652/2652
f 2683/2683 2652/2652 2675/2675
f 2676/2676 2654/2654 2666/2666
f 1863/1863 1891/1891 1864/1864
f 1864/1864 1891/1891 1865/1865
f 1867/1867 1883/1883 1894/1894
f 2678/2678 2646/2646 2667/2667
f 2684/2684 2671/2671 2672/2672
f 2685/2685 2680/2680 2661/2661
f 2685/2685 2661/2661 2665/2665
f 2683/2683 2674/2674 2662/2662
f 2686/2686 2666/2666 2677/2677
f 1863/1863 1876/1876 1891/1891
f 1878/1878 1892/1892 1857/1857
f 1868/1868 1892/1892 1878/1878
f 1892/1892 1868/1868 1896/1896
f 1885/1885 2664/2664 2678/2678
f 2687/2687 2668/2668 2688/2688
f 2688/2688 2668/2668 2670/2670
f 2689/2689 2671/2671 2684/2684
f 1873/1873 1886/1886 1899/1899
f 1886/1886 1885/1885 1912/1912
f 2684/2684 2672/2672 2690/2690
f 2690/2690 2672/2672 2658/2658
f 2691/2691 1888/1888 1887/1887
f 1889/1889 1888/1888 2691/2691
f 2692/2692 2660/2660 2673/2673
f 2693/2693 2673/2673 2680/2680
f 2694/2694 2685/2685 2665/2665
f 1844/1844 1905/1905 1907/1907
f 2674/2674 2694/2694 2665/2665
f 2695/2695 2674/2674 2696/2696
f 2696/2696 2674/2674 2683/2683
f 2697/2697 2683/2683 2675/2675
f 2686/2686 2676/2676 2666/2666
f 2698/2698 2686/2686 2677/2677
f 2698/2698 2677/2677 2699/2699
f 1891/1891 1898/1898 1865/1865
f 1911/1911 2698/2698 2699/2699
f 1865/1865 1898/1898 2700/2700
f 1865/1865 2700/2700 1882/1882
f 1858/1858 1896/1896 1868/1868
f 1886/1886 1912/1912 1899/1899
f 2690/2690 2658/2658 2679/2679
f 1914/1914 2701/2701 2702/2702
f 1879/1879 1889/1889 2703/2703
f 1879/1879 2703/2703 1880/1880
f 2681/2681 2682/2682 2704/2704
f 2695/2695 2694/2694 2674/2674
f 1875/1875 1870/1870 1900/1900
f 2705/2705 2697/2697 2675/2675
f 1875/1875 1900/1900 1897/1897
f 2705/2705 2675/2675 2676/2676
f 1876/1876 1897/1897 1890/1890
f 2705/2705 2676/2676 2686/2686
f 1910/1910 2698/2698 1911/1911
f 1882/1882 2700/2700 1883/1883
f 2706/2706 2707/2707 2708/2708
f 2709/2709 2687/2687 2710/2710
f 2710/2710 2687/2687 2711/2711
f 2712/2712 2687/2687 2688/2688
f 1912/1912 1885/1885 2713/2713
f 2712/2712 2688/2688 2714/2714
f 2715/2715 2684/2684 2690/2690
f 2716/2716 1887/1887 1902/1902
f 2690/2690 2679/2679 2692/2692
f 2691/2691 1887/1887 2716/2716
f 2692/2692 2679/2679 2660/2660
f 2717/2717 2692/2692 2673/2673
f 2693/2693 2717/2717 2673/2673
f 1880/1880 2703/2703 2718/2718
f 2681/2681 2704/2704 1903/1903
f 1905/1905 2681/2681 1903/1903
f 2696/2696 2683/2683 2697/2697
f 2698/2698 2719/2719 2686/2686
f 2719/2719 2705/2705 2686/2686
f 1890/1890 2720/2720 1898/1898
f 1898/1898 2720/2720 2700/2700
f 2708/2708 1909/1909 1911/1911
f 2721/2721 2722/2722 2723/2723
f 2721/2721 2723/2723 2724/2724
f 2724/2724 2707/2707 2706/2706
f 2711/2711 2687/2687 2712/2712
f 2712/2712 2714/2714 2725/2725
f 1902/1902 1899/1899 1912/1912
f 2702/2702 2726/2726 1915/1915
f 1914/1914 2702/2702 1915/1915
f 2704/2704 1914/1914 1916/1916
f 2704/2704 1916/1916 1903/1903
f 2727/2727 2693/2693 2680/2680
f 2728/2728 2680/2680 2685/2685
f 2728/2728 2685/2685 2694/2694
f 1900/1900 1874/1874 1906/1906
f 1900/1900 1917/1917 1908/1908
f 1900/1900 1908/1908 1897/1897
f 2719/2719 2697/2697 2705/2705
f 1890/1890 1901/1901 2720/2720
f 1910/1910 2719/2719 2698/2698
f 2722/2722 2729/2729 2730/2730
f 2722/2722 2730/2730 2723/2723
f 2724/2724 2723/2723 2707/2707
f 2707/2707 1909/1909 2708/2708
f 2731/2731 2710/2710 2711/2711
f 2732/2732 2710/2710 2733/2733
f 2734/2734 2712/2712 2725/2725
f 2735/2735 2715/2715 2690/2690
f 2735/2735 2690/2690 2692/2692
f 1915/1915 2726/2726 2736/2736
f 2735/2735 2692/2692 2717/2717
f 2727/2727 2717/2717 2693/2693
f 1903/1903 1916/1916 2737/2737
f 2728/2728 2727/2727 2680/2680
f 1903/1903 2737/2737 1904/1904
f 2695/2695 2738/2738 2694/2694
f 2739/2739 2695/2695 2696/2696
f 1900/1900 1906/1906 1917/1917
f 2739/2739 2696/2696 2697/2697
f 1908/1908 1918/1918 1901/1901
f 2719/2719 2740/2740 2697/2697
f 1901/1901 1920/1920 2720/2720
f 2720/2720 1920/1920 2741/2741
f 2742/2742 1910/1910 1909/1909
f 2707/2707 2742/2742 1909/1909
f 2711/2711 2712/2712 2734/2734
f 2733/2733 2710/2710 2731/2731
f 2734/2734 2725/2725 2743/2743
f 2733/2733 2731/2731 2744/2744
f 1915/1915 2736/2736 2745/2745
f 2746/2746 2735/2735 2717/2717
f 1921/1921 1915/1915 2745/2745
f 1916/1916 1915/1915 1922/1922
f 2737/2737 1916/1916 1924/1924
f 1924/1924 1916/1916 1922/1922
f 2738/2738 2728/2728 2694/2694
f 1904/1904 2737/2737 2747/2747
f 1904/1904 2747/2747 2748/2748
f 1906/1906 1904/1904 2748/2748
f 2749/2749 2738/2738 2695/2695
f 1906/1906 2748/2748 2750/2750
f 2749/2749 2695/2695 2739/2739
f 1917/1917 1906/1906 2750/2750
f 1928/1928 2740/2740 2719/2719
f 1901/1901 1918/1918 1919/1919
f 1920/1920 1919/1919 2751/2751
f 1928/1928 2719/2719 1910/1910
f 2741/2741 1920/1920 2751/2751
f 2730/2730 2752/2752 2753/2753
f 2742/2742 1928/1928 1910/1910
f 2730/2730 2753/2753 2723/2723
f 2723/2723 2753/2753 2707/2707
f 2707/2707 2753/2753 2742/2742
f 2731/2731 2711/2711 2734/2734
f 2731/2731 2734/2734 2744/2744
f 2754/2754 2733/2733 2744/2744
f 2734/2734 2743/2743 2755/2755
f 2736/2736 2733/2733 2754/2754
f 2756/2756 2735/2735 2746/2746
f 2745/2745 2736/2736 2754/2754
f 1921/1921 2745/2745 2754/2754
f 2757/2757 2746/2746 2717/2717
f 2757/2757 2717/2717 2727/2727
f 1923/1923 1922/1922 1921/1921
f 2728/2728 2757/2757 2727/2727
f 2747/2747 2737/2737 1924/1924
f 2758/2758 2749/2749 2739/2739
f 1917/1917 2750/2750 2759/2759
f 1917/1917 2759/2759 1918/1918
f 2758/2758 2739/2739 2697/2697
f 2740/2740 2758/2758 2697/2697
f 1918/1918 2759/2759 1919/1919
f 2760/2760 2758/2758 2740/2740
f 1930/1930 2760/2760 2740/2740
f 1927/1927 1926/1926 2752/2752
f 1930/1930 2740/2740 1928/1928
f 2752/2752 1926/1926 2753/2753
f 2761/2761 1928/1928 2742/2742
f 2762/2762 2761/2761 2742/2742
f 2753/2753 2762/2762 2742/2742
f 2744/2744 2734/2734 2763/2763
f 2764/2764 2744/2744 2763/2763
f 2754/2754 2744/2744 2764/2764
f 2763/2763 2734/2734 2755/2755
f 2756/2756 2746/2746 2757/2757
f 2765/2765 2766/2766 2767/2767
f 2768/2768 2766/2766 2765/2765
f 2769/2769 2768/2768 2765/2765
f 2770/2770 2757/2757 2728/2728
f 1924/1924 1923/1923 2771/2771
f 2770/2770 2728/2728 2738/2738
f 2770/2770 2738/2738 2772/2772
f 2747/2747 1924/1924 2771/2771
f 2747/2747 2771/2771 2748/2748
f 2748/2748 2771/2771 2773/2773
f 2774/2774 2772/2772 2738/2738
f 2774/2774 2738/2738 2749/2749
f 2750/2750 2748/2748 2773/2773
f 2749/2749 2775/2775 2774/2774
f 2759/2759 2750/2750 2773/2773
f 2760/2760 2775/2775 2749/2749
f 2760/2760 2749/2749 2758/2758
f 1925/1925 2776/2776 1933/1933
f 1925/1925 1933/1933 1926/1926
f 2777/2777 2760/2760 1930/1930
f 1929/1929 2777/2777 1930/1930
f 1926/1926 2778/2778 2753/2753
f 2753/2753 2778/2778 2779/2779
f 2753/2753 2779/2779 2762/2762
f 2762/2762 2779/2779 2761/2761
f 2779/2779 1929/1929 2761/2761
f 2761/2761 1929/1929 1928/1928
f 2780/2780 2767/2767 2781/2781
f 2780/2780 2781/2781 2782/2782
f 2782/2782 2781/2781 2756/2756
f 2782/2782 2756/2756 2757/2757
f 2765/2765 2767/2767 2780/2780
f 2782/2782 2757/2757 2783/2783
f 2769/2769 2765/2765 2784/2784
f 2765/2765 2780/2780 2785/2785
f 2783/2783 2757/2757 2770/2770
f 2784/2784 2765/2765 2785/2785
f 2783/2783 2770/2770 2772/2772
f 2769/2769 2784/2784 2786/2786
f 2786/2786 2784/2784 2787/2787
f 2788/2788 2783/2783 2772/2772
f 2776/2776 2786/2786 2787/2787
f 2789/2789 2788/2788 2772/2772
f 2789/2789 2772/2772 2774/2774
f 2776/2776 2787/2787 1931/1931
f 2776/2776 1931/1931 1933/1933
f 2789/2789 2774/2774 2775/2775
f 2778/2778 1933/1933 1932/1932
f 2778/2778 1932/1932 2790/2790
f 2777/2777 2775/2775 2760/2760
f 1926/1926 1933/1933 2778/2778
f 2778/2778 2790/2790 2779/2779
f 2790/2790 2791/2791 1929/1929
f 2779/2779 2790/2790 1929/1929
f 1929/1929 2791/2791 2777/2777
f 2780/2780 2782/2782 2792/2792
f 2785/2785 2780/2780 2792/2792
f 2792/2792 2782/2782 2783/2783
f 2784/2784 2785/2785 2787/2787
f 2787/2787 2785/2785 2793/2793
f 2793/2793 2785/2785 2792/2792
f 2794/2794 2792/2792 2783/2783
f 2793/2793 2792/2792 2794/2794
f 2794/2794 2783/2783 2788/2788
f 1931/1931 2787/2787 2793/2793
f 2793/2793 2794/2794 2795/2795
f 1931/1931 2793/2793 2796/2796
f 2796/2796 2793/2793 2795/2795
f 2795/2795 2794/2794 2789/2789
f 2789/2789 2794/2794 2788/2788
f 2791/2791 2795/2795 2789/2789
f 1931/1931 2796/2796 1932/1932
f 1932/1932 2796/2796 2795/2795
f 2791/2791 2789/2789 2775/2775
f 1932/1932 2795/2795 2791/2791
f 2777/2777 2791/2791 2775/2775
f 2790/2790 1932/1932 2791/2791
# Vertices: 2796, normals: 0, texture coordinates: 2796, faces: 4564

