# File generated by ImageToStl.com - Free Image and 3D model conversion tools

mtllib volley_ball_textured.mtl

o obj1
v 0.33107495 0.01746844 0.00365541
v 0.33082443 -0.00609618 -0.01779927
v 0.33057424 0.01363906 -0.01873398
v 0.33128628 -0.00714209 -0.0024491
v 0.33068946 -0.00370059 0.02053099
v 0.32982126 -0.03057913 0.01108535
v 0.32896665 0.01644668 -0.03619962
v 0.32947654 -0.00660404 -0.03442176
v 0.32760638 0.00773269 -0.04815104
v 0.32808977 0.03174604 -0.03568084
v 0.32829815 -0.03042724 -0.03283913
v 0.32785168 0.04530256 -0.01850638
v 0.32962254 0.03121517 -0.01814976
v 0.32917953 -0.03431363 -0.01785637
v 0.32820091 0.04640897 0.00095796
v 0.33007252 0.03181518 0.00341091
v 0.32953766 -0.03452828 -0.0013673
v 0.32796177 0.04441876 0.02025221
v 0.32974395 0.02642055 0.02346372
v 0.32890105 -0.02765142 0.02863273
v 0.32638887 -0.0530807 0.01987178
v 0.3282533 0.01726107 0.04178454
v 0.32897258 -0.00825388 0.03769272
v 0.3274447 0.03440322 0.03878241
v 0.3257544 -0.02864746 0.05280336
v 0.32426301 0.0029072 -0.06718612
v 0.32325447 0.03036172 -0.06711393
v 0.32619697 -0.01497287 -0.05458397
v 0.32504827 0.0415586 -0.05126009
v 0.32558617 -0.03569702 -0.04990195
v 0.32515964 0.05380895 -0.03567397
v 0.32526797 -0.05279688 -0.03462994
v 0.32409933 0.06628413 -0.01973301
v 0.32443035 -0.06338056 -0.02151446
v 0.32595915 -0.05863638 -0.00447559
v 0.32429591 0.06765269 0.00389752
v 0.32341185 -0.07164782 -0.00013591
v 0.32429591 0.06765269 0.00389752
v 0.32601362 0.05186075 0.0296778
v 0.32796177 0.04441876 0.02025221
v 0.3274447 0.03440322 0.03878241
v 0.3245298 -0.05423876 0.03908997
v 0.32416865 0.03754925 0.05616091
v 0.3265079 -0.00193859 0.05415886
v 0.32326931 0.05849541 0.04346611
v 0.3282533 0.01726107 0.04178454
v 0.32427642 0.02200575 0.06162364
v 0.32347894 0.00556234 0.06841484
v 0.3265079 -0.00193859 0.05415886
v 0.32344013 -0.01793274 0.06786413
v 0.32344013 -0.01793274 0.06786413
v 0.3184115 0.04324459 -0.08285693
v 0.32018283 0.02332562 -0.08272139
v 0.32072812 -0.004755 -0.08248259
v 0.32113969 -0.02829324 -0.07614972
v 0.32144299 -0.04614452 -0.06569543
v 0.31738731 -0.04706138 -0.08300833
v 0.32151765 0.04890237 -0.06614553
v 0.32036304 -0.06136135 -0.05869648
v 0.31994867 0.06460971 -0.05915929
v 0.3187668 -0.07390034 -0.05112526
v 0.32156318 0.07145593 -0.03456893
v 0.32123908 -0.07229766 -0.03511336
v 0.32009134 0.08120812 -0.02045734
v 0.31993523 -0.08232228 -0.0140269
v 0.32005984 0.08368947 0.0022136
v 0.32327077 -0.06983641 0.01835859
v 0.32172474 -0.07722563 0.00921582
v 0.31871891 -0.09256645 0.02008505
v 0.31879044 -0.09104331 -0.00242044
v 0.32005984 0.08368947 0.0022136
v 0.32163787 0.07449962 0.02475059
v 0.32112738 -0.07291737 0.03540288
v 0.3208186 -0.07850272 0.03379067
v 0.31811243 0.07872313 0.0481993
v 0.31900436 -0.0717928 0.05217971
v 0.32222179 -0.05523887 0.05336024
v 0.31680438 0.0723129 0.06470101
v 0.32122692 -0.0427389 0.06775787
v 0.31983539 0.05607532 0.06519768
v 0.31827909 0.03498695 0.08414242
v 0.32077348 0.00566528 0.07882148
v 0.31853473 -0.01080869 0.08658162
v 0.31856191 -0.02861615 0.08406323
v 0.32122692 -0.0427389 0.06775787
v 0.31620786 0.00187506 -0.09887867
v 0.31607974 -0.02289573 -0.09672573
v 0.31329915 0.05015733 -0.09787637
v 0.31617844 0.02734289 -0.09618527
v 0.31357211 -0.044169 -0.09793607
v 0.31648597 0.05950215 -0.08041673
v 0.31363115 -0.06965639 -0.08146738
v 0.31362298 0.08107395 -0.06801013
v 0.31687456 0.08301438 -0.04727144
v 0.31430873 -0.07977624 -0.06708861
v 0.31706467 -0.08704025 -0.03407946
v 0.31885448 0.08434714 -0.01962663
v 0.31665537 0.08768664 -0.04391682
v 0.31413215 0.09729686 -0.04401234
v 0.3178837 0.09120402 -0.02169207
v 0.3150616 -0.09657396 -0.0311693
v 0.31844768 0.09130601 -0.00364253
v 0.31451213 0.10543686 -0.00361531
v 0.31826583 0.08890178 0.00321904
v 0.31451213 0.10543686 -0.00361531
v 0.31737047 0.09318069 0.01782686
v 0.31844768 0.09130601 -0.00364253
v 0.31737047 0.09318069 0.01782686
v 0.31680399 0.09150951 0.02455453
v 0.31680399 0.09150951 0.02455453
v 0.31738439 -0.09367564 0.03757091
v 0.31454867 -0.10786761 0.02227337
v 0.31243169 0.09436417 0.05402393
v 0.31693825 -0.08558065 0.052958
v 0.315954 -0.07155935 0.06769808
v 0.31095836 0.08561147 0.07619997
v 0.315954 -0.07155935 0.06769808
v 0.31289169 -0.09173721 0.06707337
v 0.31693825 -0.08558065 0.052958
v 0.31723544 -0.06567894 0.06827208
v 0.31461737 0.06379958 0.08233432
v 0.31284758 -0.06034255 0.08919754
v 0.31723544 -0.06567894 0.06827208
v 0.31524697 -0.01275508 0.09610707
v 0.3135854 -0.04531613 0.09457546
v 0.31502235 0.01397517 0.10038752
v 0.31456095 0.03058891 0.09895983
v 0.31341794 -0.0250565 0.10087689
v 0.31180206 -0.00440116 0.1108042
v 0.31112072 0.01721888 -0.1132511
v 0.31135353 -0.00745273 -0.11336642
v 0.30971292 -0.03861023 -0.11206144
v 0.31075278 0.0351117 -0.11101823
v 0.31039506 -0.06102317 -0.09914928
v 0.31276274 0.07187293 -0.083659
v 0.3103222 0.09808156 -0.06606697
v 0.31308553 0.0848655 -0.06937967
v 0.31304148 -0.09065605 -0.05462933
v 0.30990314 0.11559555 -0.0278409
v 0.31418002 -0.10800066 -0.00053987
v 0.31004992 -0.11642101 -0.01877964
v 0.31339762 0.10752407 0.01239686
v 0.30924594 -0.12245292 0.00847238
v 0.31561944 0.09752955 0.02906888
v 0.31342712 -0.10828253 0.0382286
v 0.31302416 0.09792916 0.04920298
v 0.3107293 -0.10796148 0.0580593
v 0.31289169 -0.09173721 0.06707337
v 0.31105769 -0.07639486 0.0854506
v 0.31261715 0.05358354 0.09631428
v 0.30993712 -0.01751018 0.11370268
v 0.30517793 0.00437117 -0.12979114
v 0.30533025 0.04761569 -0.12166637
v 0.30935514 0.07808893 -0.08856313
v 0.30641839 0.06613969 -0.10835717
v 0.30648732 -0.0791654 -0.09830947
v 0.30776 -0.09139056 -0.07994405
v 0.305655 0.10110071 -0.08255909
v 0.30933562 0.08294673 -0.0865339
v 0.30836603 -0.09517443 -0.07040626
v 0.30683076 0.11409471 -0.05745539
v 0.30789587 -0.1090543 -0.05146966
v 0.30636555 -0.12096672 -0.03479896
v 0.30651972 0.12778687 -0.0029595
v 0.30651972 0.12778687 -0.0029595
v 0.30731344 0.12299532 0.02161161
v 0.30631918 0.11866067 0.04677411
v 0.30634087 -0.12715255 0.03601947
v 0.30804241 -0.12486621 0.02562675
v 0.30499265 -0.12547372 0.05222309
v 0.30881888 0.10113212 0.06710131
v 0.3107293 -0.10796148 0.0580593
v 0.30480665 -0.11916996 0.06625062
v 0.30499265 -0.12547372 0.05222309
v 0.30547887 0.09783593 0.08132508
v 0.30839011 -0.09444199 0.08285018
v 0.3107293 -0.10796148 0.0580593
v 0.3095493 -0.06628768 0.09408513
v 0.30791333 0.07250748 0.09948575
v 0.30762604 -0.0744799 0.09893709
v 0.30645189 0.05997746 0.11186785
v 0.30738643 -0.04795656 0.11164667
v 0.30401373 -0.06268445 0.11360119
v 0.30945352 0.03184775 0.11441169
v 0.30621567 -0.03249908 0.11812802
v 0.30587512 0.01090614 0.12723134
v 0.30536503 -0.01412928 0.12759191
v 0.30492014 0.02833105 -0.12785175
v 0.30467755 -0.02508813 -0.12830333
v 0.30254129 -0.04199815 -0.12927297
v 0.30211586 -0.0618084 -0.12235567
v 0.29765046 0.06477387 -0.13124181
v 0.29967678 0.07378901 -0.11967278
v 0.29890844 -0.0769529 -0.12167557
v 0.2993826 -0.1003022 -0.09852722
v 0.30325928 0.09663639 -0.09530944
v 0.30441976 0.08005199 -0.10492995
v 0.30488074 -0.09731435 -0.08110055
v 0.30155787 -0.12409838 -0.05589094
v 0.30231622 0.13496739 -0.02803853
v 0.30111378 0.13152817 -0.04982819
v 0.30010283 -0.13889401 -0.02005055
v 0.30244806 -0.13743871 0.00308756
v 0.30188262 0.13639134 0.02011965
v 0.29966903 0.13568166 0.04481801
v 0.30276266 0.11903729 0.06701714
v 0.30475813 0.1014046 0.08331521
v 0.30286551 -0.11280159 0.08353692
v 0.30286551 -0.11280159 0.08353692
v 0.3026619 0.09263972 0.09869003
v 0.303352 -0.09529073 0.09877834
v 0.30232346 -0.08002789 0.11151263
v 0.30029643 0.0839406 0.11396383
v 0.30332592 0.04238104 0.12736306
v 0.29966995 -0.05281867 0.12849465
v 0.2988728 -0.03815875 0.136261
v 0.2981478 0.02768558 -0.14342697
v 0.29627499 0.01321455 -0.1488609
v 0.29860914 -0.01262925 -0.14380668
v 0.29474863 0.04829729 -0.14537144
v 0.29815796 -0.09055242 -0.11250447
v 0.29880819 0.08876277 -0.11463442
v 0.29560694 0.11788238 -0.09748306
v 0.2987231 -0.104923 -0.09476779
v 0.29672179 0.12594971 -0.08317032
v 0.29892924 -0.11832246 -0.07679234
v 0.2966297 0.13480552 -0.06745213
v 0.30231622 0.13496739 -0.02803853
v 0.29977071 0.14297502 -0.00197005
v 0.29638812 -0.14838685 0.02668234
v 0.29800606 -0.1349251 0.06619274
v 0.29806012 0.12130355 0.08332991
v 0.303352 -0.09529073 0.09877834
v 0.29701248 -0.11625465 0.09860905
v 0.29668409 -0.10038916 0.11332729
v 0.29646963 -0.07607951 0.12799495
v 0.29917303 0.06292339 0.1293432
v 0.2993651 -0.04413866 0.1310142
v 0.29707077 0.03522281 0.14330317
v 0.29872304 0.00532001 0.14342821
v 0.29771104 -0.01969674 0.14443702
v 0.29478717 -0.04602904 -0.14500871
v 0.29321289 -0.06017994 -0.1430824
v 0.29639745 0.07685146 -0.12738939
v 0.29181024 -0.09245119 -0.12686686
v 0.2916761 0.11259405 -0.11388408
v 0.29239351 0.14988802 -0.05211575
v 0.29642108 -0.13697885 -0.05310563
v 0.29182664 0.154955 -0.03605918
v 0.29282293 -0.14946072 -0.03746563
v 0.29182664 0.154955 -0.03605918
v 0.29170668 0.15761055 -0.01995551
v 0.29291138 -0.15371744 -0.01913897
v 0.29498145 -0.15194429 0.00423889
v 0.2948862 0.15243036 0.00525761
v 0.29199424 0.15459359 0.03192666
v 0.30634087 -0.12715255 0.03601947
v 0.29278815 -0.15117729 0.04842936
v 0.29638812 -0.14838685 0.02668234
v 0.2950781 0.13658662 0.06844737
v 0.29521909 -0.13289402 0.08232396
v 0.29891387 0.10617106 0.09913132
v 0.29580781 0.10118892 0.11060981
v 0.29338679 -0.09166864 0.12699173
v 0.29668409 -0.10038916 0.11332729
v 0.29316512 0.08802379 0.12895551
v 0.29007339 -0.05431611 0.14703444
v 0.28962728 -0.06723452 0.14518312
v 0.29055831 -0.01277308 0.15904765
v 0.28935742 0.03356236 -0.15963185
v 0.28893548 0.00219502 -0.16270848
v 0.29089931 -0.02659786 -0.15654428
v 0.28689528 0.06992022 -0.14940974
v 0.29095069 0.09553751 -0.12910178
v 0.28707397 0.07567105 -0.14808644
v 0.28752744 -0.07448939 -0.14761977
v 0.29035014 -0.10595398 -0.11736753
v 0.29231703 -0.11080432 -0.10662108
v 0.29158112 -0.12277319 -0.09491343
v 0.29365772 -0.13649605 -0.06750127
v 0.28928232 0.15083815 -0.06615935
v 0.29064074 0.15172888 0.05284518
v 0.28952682 -0.15040743 0.06883888
v 0.28941733 0.14093591 0.08380412
v 0.29006386 0.12921083 0.09938655
v 0.29035094 -0.13211003 0.09894078
v 0.28984338 -0.12114523 0.11241916
v 0.29241788 0.1076725 0.11568048
v 0.28959614 0.10266818 0.12523322
v 0.29122534 0.06938589 0.14366695
v 0.28856474 -0.08533418 0.14073429
v 0.28899732 0.04389499 0.1566543
v 0.29068896 0.0183869 0.15802173
v 0.28941944 -0.03138857 0.15839224
v 0.28804919 -0.04316176 0.15719494
v 0.28606099 -0.04099872 -0.1620878
v 0.28307539 0.06068436 -0.16171801
v 0.28369662 -0.09242519 -0.14380439
v 0.2858631 0.11634159 -0.12428346
v 0.28541636 0.13063841 -0.11133858
v 0.28472719 0.14331108 -0.09723938
v 0.28729022 0.1473594 -0.08220214
v 0.29164124 -0.13704018 -0.07315706
v 0.28735936 -0.15188475 -0.06155801
v 0.28861997 -0.15784158 -0.03612248
v 0.28941643 -0.16147749 -0.00631744
v 0.28604737 0.16792199 0.00107391
v 0.28494003 0.16854222 0.01991018
v 0.29498145 -0.15194429 0.00423889
v 0.28504318 -0.16773236 0.02153279
v 0.28941643 -0.16147749 -0.00631744
v 0.28747091 0.15211169 0.06845863
v 0.28293094 -0.15557276 0.08389652
v 0.2832779 -0.14657634 0.09857547
v 0.28559926 0.12883757 0.11202295
v 0.28743735 -0.10964457 0.12784369
v 0.28743735 -0.10964457 0.12784369
v 0.28324276 -0.05847589 0.15858039
v 0.28060767 0.01626767 -0.17606635
v 0.28013575 0.03869527 -0.1738169
v 0.28075895 -0.02010732 -0.17453845
v 0.28190765 -0.05894923 -0.16385095
v 0.27901247 0.11485264 -0.13997245
v 0.28291145 0.0916226 -0.14748165
v 0.27732208 -0.10917381 -0.14266786
v 0.28470543 -0.1139341 -0.12159586
v 0.28087425 -0.13514805 -0.11033028
v 0.28326261 -0.14091559 -0.09622058
v 0.2850973 -0.146689 -0.08137132
v 0.28928232 0.15083815 -0.06615935
v 0.28114855 0.16932319 -0.0519974
v 0.29239351 0.14988802 -0.05211575
v 0.2833446 0.17120904 -0.02239007
v 0.27965742 -0.17725089 -0.01799016
v 0.28173253 -0.16965598 -0.03999443
v 0.28423864 -0.16974096 0.0034018
v 0.27950451 0.17425226 0.03755366
v 0.27919865 0.17208517 0.05067599
v 0.27910733 0.16710204 0.06716275
v 0.27759498 -0.17525712 0.04865845
v 0.27643716 0.15700918 0.09837575
v 0.28106359 -0.13959539 0.11318197
v 0.28349036 0.11377022 0.13149068
v 0.28071344 0.10379122 0.14295636
v 0.27976003 0.09284648 0.15284599
v 0.2803109 -0.10605413 0.14468047
v 0.28260851 0.06439561 0.16155137
v 0.2783488 0.0491893 0.17316321
v 0.27997959 0.02386454 0.17493233
v 0.28174281 -0.00529803 0.17400038
v 0.28001609 -0.03056067 0.17467467
v 0.27507281 -0.00772794 -0.18426479
v 0.27644497 0.07456316 -0.16721226
v 0.27608421 0.06816111 -0.16896214
v 0.27724025 0.13544415 -0.12540008
v 0.27754721 0.14689025 -0.11175182
v 0.27439564 -0.13426396 -0.12650207
v 0.27724695 0.16438001 -0.08307434
v 0.27995428 0.16637017 -0.0671169
v 0.27752376 -0.16757472 -0.06708282
v 0.27995428 0.16637017 -0.0671169
v 0.27519229 0.18344936 0.00800675
v 0.27965742 -0.17725089 -0.01799016
v 0.2790058 -0.17593358 0.0291127
v 0.27882192 -0.16655917 0.07198307
v 0.27860427 0.16156498 0.08254366
v 0.26756215 -0.15397227 0.12528448
v 0.27648014 -0.13314259 0.13029757
v 0.2803109 -0.10605413 0.14468047
v 0.27648878 -0.09189786 0.15962113
v 0.2796742 -0.07827501 0.15988152
v 0.27859437 0.08169268 0.16103853
v 0.27850965 -0.04508246 0.17344402
v 0.27208284 0.00751118 0.18822756
v 0.27209762 0.03410172 -0.18656686
v 0.27156779 0.00944311 -0.18972492
v 0.2691471 -0.02692742 -0.19062746
v 0.2701495 0.04829879 -0.18602233
v 0.26912579 -0.04339577 -0.18776795
v 0.27293083 -0.06023617 -0.17755122
v 0.27150694 -0.07578515 -0.17393027
v 0.27139202 -0.09204314 -0.16587526
v 0.27236217 0.09744226 -0.16272853
v 0.27031446 -0.10540722 -0.15891135
v 0.2691789 -0.11958808 -0.14860821
v 0.27379912 0.16240232 -0.09761688
v 0.27411476 -0.15278268 -0.10478996
v 0.27124566 0.17901467 -0.06635571
v 0.27328709 0.18195537 -0.04307331
v 0.27404279 0.18434753 -0.01850618
v 0.27433097 -0.18280552 -0.03571315
v 0.27402443 -0.18649904 -0.00268357
v 0.27395216 -0.18526068 0.01957107
v 0.27376229 -0.16197291 0.09915967
v 0.27339497 0.15244728 0.11273168
v 0.27324671 0.14010826 0.12806259
v 0.27317008 -0.12528962 0.14337239
v 0.27065548 0.12793776 0.14475738
v 0.27619609 0.10893407 0.14895716
v 0.27357993 0.10372038 0.15591969
v 0.27161115 -0.06845553 0.17538632
v 0.26916113 -0.01895885 0.19226436
v 0.27024835 -0.03675499 0.18854897
v 0.26959783 0.12827417 -0.14653158
v 0.27140561 -0.16880918 -0.08566977
v 0.27724695 0.16438001 -0.08307434
v 0.26806477 -0.1852414 -0.05999196
v 0.26634642 0.19222915 0.03260821
v 0.26407158 -0.19681439 0.03620093
v 0.27122504 -0.18294704 0.05100032
v 0.26843253 0.18203643 0.06889085
v 0.26950961 0.17517118 0.08332335
v 0.27170449 -0.17235327 0.08357788
v 0.26711428 -0.1150753 0.1614475
v 0.27648878 -0.09189786 0.15962113
v 0.27163574 0.068983 0.17745398
v 0.27367446 -0.06160214 0.17308065
v 0.27122712 -0.05689644 0.17999482
v 0.26705793 0.04470995 0.19067387
v 0.26545316 0.06585283 -0.18534884
v 0.26525822 0.07102862 -0.18557204
v 0.26419312 0.12026519 -0.16154608
v 0.26503885 0.14444846 -0.1399584
v 0.26496536 -0.13931571 -0.14104727
v 0.26557663 0.15650924 -0.1255212
v 0.26450741 -0.15225051 -0.12841937
v 0.26565415 0.16755004 -0.10980724
v 0.27379912 0.16240232 -0.09761688
v 0.26565415 0.16755004 -0.10980724
v 0.26237962 0.17950687 -0.09576737
v 0.27724695 0.16438001 -0.08307434
v 0.2651661 0.18144412 -0.08230126
v 0.2608186 0.19173577 -0.06399513
v 0.26524904 -0.19639926 -0.03329376
v 0.26518026 0.19289394 -0.03631434
v 0.27433097 -0.18280552 -0.03571315
v 0.26524904 -0.19639926 -0.03329376
v 0.26628488 0.19435269 -0.00428603
v 0.26382485 -0.20027842 -0.01813617
v 0.260234 0.19623064 0.05416607
v 0.26489604 -0.1858827 0.06979733
v 0.26293936 0.17803746 0.09702361
v 0.26258296 -0.16990842 0.11294302
v 0.26158547 -0.13384317 0.15606828
v 0.2645112 0.10397593 0.17042752
v 0.26544785 0.08900913 0.17835675
v 0.26817265 -0.08432241 0.17592531
v 0.26223055 -0.1053334 0.17486759
v 0.26584849 -0.04726233 0.19194549
v 0.26093775 0.03719708 -0.20091559
v 0.25907403 0.02113873 -0.2053407
v 0.25726065 -0.01396803 -0.20767267
v 0.26221991 -0.07493736 -0.18754977
v 0.26180714 -0.16828936 -0.11284173
v 0.2611309 -0.18327826 -0.08889623
v 0.26143134 -0.19797909 -0.04905286
v 0.26080462 0.19529164 -0.04058741
v 0.26322037 0.19629361 -0.00809893
v 0.26524884 -0.19885632 0.00167793
v 0.2637769 -0.19961061 0.02048258
v 0.26155865 0.19707967 0.02803945
v 0.26060483 -0.19760646 0.05187271
v 0.26111129 -0.18050617 0.09750873
v 0.26035485 0.1728785 0.11287664
v 0.26020893 0.16265714 0.12816094
v 0.26011986 0.15050153 0.14235316
v 0.26165825 -0.15022476 0.14031149
v 0.2614249 0.1277688 0.16088095
v 0.25826445 0.10888991 0.17794812
v 0.26223055 -0.1053334 0.17486759
v 0.25954109 -0.06438766 0.19349277
v 0.25938839 0.0783955 0.19155292
v 0.25742096 0.02773369 0.20612423
v 0.26162598 0.00485641 0.20276709
v 0.2586565 -0.03881517 0.20408244
v 0.25350091 0.00116874 -0.2129046
v 0.25332677 0.06347305 -0.20173562
v 0.25627321 -0.06045331 -0.20020923
v 0.25677446 -0.09124371 -0.18784994
v 0.25460038 0.09195257 -0.19169469
v 0.25616184 -0.10811692 -0.17926006
v 0.25408137 0.10952944 -0.18324511
v 0.25594917 -0.11704738 -0.1723654
v 0.25905702 -0.13065909 -0.15852638
v 0.25766212 0.13633776 -0.15955809
v 0.25738233 0.15358461 -0.14368398
v 0.25373322 0.17100355 -0.12873375
v 0.25373322 0.17100355 -0.12873375
v 0.25604424 0.17861009 -0.11254046
v 0.25557536 -0.16787477 -0.12748553
v 0.25686282 0.19208179 -0.07911426
v 0.25240058 -0.21513399 0.00416648
v 0.25583187 -0.19925791 0.06622167
v 0.24801722 0.20307158 0.08066459
v 0.25505564 0.19145925 0.08974678
v 0.25439984 0.10412274 0.18472761
v 0.25308168 -0.09706426 0.19154264
v 0.25594437 -0.0548295 0.20258214
v 0.25873443 -0.08110659 0.19033773
v 0.2550894 -0.03662656 -0.20744927
v 0.2499052 0.05175076 -0.21007922
v 0.25862154 0.068526 -0.19537179
v 0.25546056 -0.15164424 -0.14643615
v 0.25038749 -0.18572238 -0.11210644
v 0.25686282 0.19208179 -0.07911426
v 0.2651661 0.18144412 -0.08230126
v 0.25353971 -0.19943082 -0.07630149
v 0.25660017 0.19415095 -0.06547711
v 0.25165966 -0.21359517 -0.03096005
v 0.26143134 -0.19797909 -0.04905286
v 0.25585151 0.20715807 -0.01830627
v 0.25868714 0.20364919 -0.00247704
v 0.2590746 0.2016779 0.01811858
v 0.25838947 0.19856928 0.0409391
v 0.25161806 0.20264389 0.0629283
v 0.25652233 -0.19024885 0.0869735
v 0.24713404 0.18982318 0.11300249
v 0.25017002 0.17611131 0.12908071
v 0.2502059 0.16495058 0.14364485
v 0.25230837 -0.17275374 0.12898237
v 0.24971588 0.1480214 0.16190785
v 0.25085598 -0.12918214 0.17582732
v 0.25478694 0.09410831 0.19052255
v 0.25245216 -0.06429781 0.20250496
v 0.25121453 0.05810524 0.20798917
v 0.25655538 -0.02030093 0.20864007
v 0.24750346 0.00581502 0.2197118
v 0.24795958 0.01372908 -0.21882619
v 0.24313299 0.03359693 -0.22230132
v 0.24809666 0.06591804 -0.20929979
v 0.24847946 -0.07506111 -0.2051082
v 0.24389909 -0.10889935 -0.19520599
v 0.24974205 0.12897237 -0.17675117
v 0.24916853 -0.12209813 -0.17945467
v 0.24616459 0.1458793 -0.16829655
v 0.24833401 -0.15106851 -0.15857993
v 0.24977532 0.19222647 -0.10015506
v 0.24623254 -0.19892843 -0.09861148
v 0.25258335 0.19382679 -0.080208
v 0.25660017 0.19415095 -0.06547711
v 0.24859498 0.21227415 -0.04533891
v 0.24586387 -0.21651889 -0.05054672
v 0.24554394 -0.21240972 -0.06740171
v 0.24554394 -0.21240972 -0.06740171
v 0.25257063 -0.2142521 -0.01623346
v 0.25166121 0.2138287 0.00364603
v 0.25261664 0.20986216 0.03165865
v 0.25121102 -0.21478522 0.02458033
v 0.24955308 -0.14947186 0.16024444
v 0.24808018 -0.16164434 0.14971356
v 0.25140235 0.12735006 0.17624409
v 0.24697018 -0.1168459 0.18901975
v 0.24651617 -0.08795763 0.203466
v 0.24724042 -0.07590898 0.20653485
v 0.24712552 0.0842811 0.20467047
v 0.24569128 0.03561506 0.218871
v 0.24461032 -0.04149398 0.22029947
v 0.24284139 -0.04670401 -0.21967939
v 0.24490575 0.09019585 -0.20454994
v 0.24713294 0.15938787 -0.15370885
v 0.24312353 -0.16780525 -0.14973542
v 0.24489456 0.18975903 -0.11526018
v 0.24492942 -0.18467681 -0.12521526
v 0.24870007 0.19425645 -0.09041272
v 0.24496341 0.20922364 -0.07106555
v 0.24496341 0.20922364 -0.07106555
v 0.2446623 0.22165512 -0.01882411
v 0.24885751 -0.21392669 0.04549713
v 0.24771859 0.21417144 0.04540716
v 0.24448955 0.2060288 0.08076183
v 0.24719383 -0.19474234 0.10122579
v 0.24624406 -0.18972495 0.11365081
v 0.24343227 0.12385415 0.18911271
v 0.23783427 0.10291408 0.20650268
v 0.24697018 -0.1168459 0.18901975
v 0.24099372 -0.05584691 0.21966264
v 0.24443606 -0.01641525 0.22297986
v 0.23824401 -0.01301799 -0.22932976
v 0.24345532 0.06284567 -0.21339835
v 0.2377031 -0.07117405 -0.21881112
v 0.23987748 0.11750577 -0.19683832
v 0.23783119 0.13566728 -0.18745281
v 0.24484128 -0.13275976 -0.17873965
v 0.24152914 -0.14772938 -0.17173636
v 0.24713294 0.15938787 -0.15370885
v 0.24136995 0.17844433 -0.13880627
v 0.24177337 0.19442534 -0.10733858
v 0.24460806 0.19431704 -0.09958441
v 0.23837785 -0.21344633 -0.08743717
v 0.23905744 0.22033973 -0.06145494
v 0.24072577 0.2258447 0.02946014
v 0.24303338 0.21439958 0.06633537
v 0.24248381 -0.21467648 0.06805976
v 0.23701482 -0.2130854 0.08788365
v 0.235723 0.20558797 0.10774136
v 0.24065308 -0.19639333 0.11165255
v 0.23836525 0.1672069 0.15981135
v 0.23971595 0.14876246 0.17563823
v 0.23705848 -0.1521156 0.17485859
v 0.23525989 0.10432772 0.20791426
v 0.2377919 -0.1064223 0.20568112
v 0.23769863 -0.06465071 0.21949139
v 0.23515949 0.05741905 0.22602093
v 0.23215923 0.0382237 -0.2330894
v 0.23872803 -0.02905723 -0.22724473
v 0.23871216 0.06541429 -0.21982954
v 0.2395463 -0.11823415 -0.1939739
v 0.23669828 0.16727637 -0.15972476
v 0.23831552 0.18316995 -0.1345446
v 0.2354164 -0.19828096 -0.12267466
v 0.23964138 0.18956695 -0.12157436
v 0.23779102 0.21269661 -0.0858428
v 0.23905744 0.22033973 -0.06145494
v 0.23216553 -0.22682172 -0.06725746
v 0.23945291 0.22508024 -0.03705931
v 0.23485237 -0.23135874 -0.03340847
v 0.23785897 0.23056859 0.01012234
v 0.24022333 0.2223051 0.05116194
v 0.23518811 -0.22880332 0.04592499
v 0.23885757 0.21367076 0.08116155
v 0.23594685 0.19536562 0.12578498
v 0.23407157 0.18329792 0.14674026
v 0.23543106 -0.18134068 0.14488444
v 0.23406467 0.1415979 0.18866484
v 0.23747019 0.10807967 0.20455243
v 0.23669709 0.07878105 0.21825789
v 0.23592769 0.00946202 -0.23225287
v 0.2318611 0.0621663 -0.22626099
v 0.2308149 -0.04557063 -0.23272882
v 0.22870147 0.08306618 -0.22481546
v 0.24109036 -0.09368952 -0.20654924
v 0.23151436 0.12545414 -0.20152795
v 0.22600251 -0.12669308 -0.20619021
v 0.23147626 0.15434951 -0.17987716
v 0.229305 -0.14278084 -0.19207361
v 0.2339282 0.17138705 -0.15694724
v 0.23046441 -0.2113612 -0.10973826
v 0.23837785 -0.21344633 -0.08743717
v 0.22812794 -0.22598711 -0.08310679
v 0.22613193 0.24014863 -0.02604704
v 0.23192658 0.23607388 -0.00654847
v 0.23314746 -0.2358631 -0.00237791
v 0.24065956 -0.22721075 -0.01845208
v 0.23524523 -0.23300759 0.01858835
v 0.23271303 0.22642063 0.06732236
v 0.23553041 0.20761013 0.10136965
v 0.23646843 -0.19073623 0.12964357
v 0.23442815 -0.13939427 0.18917991
v 0.23010993 0.12620609 0.20343235
v 0.2377919 -0.1064223 0.20568112
v 0.23162426 -0.12117297 0.20478685
v 0.23131722 0.09286046 0.21863711
v 0.23136774 -0.08749473 0.22076295
v 0.23259512 -0.06893628 0.22427915
v 0.23105073 0.02513662 0.2358866
v 0.22786014 0.00913623 0.24024901
v 0.2309708 -0.01921557 0.23714353
v 0.23107803 -0.04214773 0.23450993
v 0.226697 -0.0595729 -0.23361143
v 0.22824569 0.065713 -0.23076721
v 0.22934186 0.10494883 -0.21510433
v 0.22584751 -0.11160773 -0.21450965
v 0.22616613 -0.11789621 -0.20992187
v 0.22620361 -0.16103584 -0.17994277
v 0.22861043 -0.16850868 -0.1697581
v 0.24078144 -0.17964511 -0.13911942
v 0.22823532 -0.184102 -0.15332121
v 0.22895277 0.22364162 -0.08447116
v 0.22618511 0.23410687 -0.05926521
v 0.23945291 0.22508024 -0.03705931
v 0.22767986 0.24080573 0.01560596
v 0.22914122 0.23748673 0.03658776
v 0.23008309 0.23351325 0.05220485
v 0.22681525 -0.22978166 0.0726518
v 0.22901347 -0.22506338 0.07935808
v 0.22604948 -0.18178305 0.15797673
v 0.22334555 0.16087244 0.18556939
v 0.22800831 0.10765257 0.2149684
v 0.22273692 -0.10890623 0.22061358
v 0.22611155 -0.05584614 0.23503883
v 0.21969426 -0.00763797 -0.24795529
v 0.2251275 -0.02836026 -0.24101971
v 0.22566974 -0.07450903 -0.23026116
v 0.21935412 0.13806148 -0.20620295
v 0.23147626 0.15434951 -0.17987716
v 0.22782792 0.15800098 -0.17925271
v 0.2288326 0.17880948 -0.15753897
v 0.22742258 0.20178059 -0.12792484
v 0.22088966 0.199544 -0.14394903
v 0.22339436 0.21841089 -0.10775001
v 0.22613193 0.24014863 -0.02604704
v 0.22148584 -0.24567865 -0.02519168
v 0.22525297 0.22999333 0.07957085
v 0.22082506 0.22356023 0.10311531
v 0.22458965 -0.20913334 0.12313398
v 0.22273457 0.20759217 0.12910756
v 0.22320598 0.20123978 0.13866489
v 0.22196722 0.1749413 0.17359717
v 0.22033964 0.12200728 0.21601339
v 0.22273692 -0.10890623 0.22061358
v 0.22052962 0.08146572 0.2338468
v 0.22204524 0.05348926 0.24013099
v 0.22597285 -0.09382629 -0.22296904
v 0.21987686 0.16705623 -0.18227959
v 0.22152454 -0.2266639 -0.09698945
v 0.22812794 -0.22598711 -0.08310679
v 0.22272061 -0.24457268 0.02413275
v 0.22257884 -0.24606362 0.00597613
v 0.21965858 -0.24132301 0.05720358
v 0.21919137 -0.24612229 0.03673618
v 0.21348059 0.24912383 0.05213602
v 0.21598621 0.24289206 0.0673022
v 0.224307 0.20973651 0.1192498
v 0.21672781 -0.22584301 0.10740035
v 0.22205512 -0.1982498 0.14360818
v 0.22519533 0.18233328 0.16096099
v 0.21872577 -0.17385186 0.17634293
v 0.21697161 -0.16391598 0.18870454
v 0.21394782 0.14648618 0.20759457
v 0.21783794 -0.12072305 0.21955371
v 0.22136745 0.10490313 0.22237572
v 0.21614353 -0.06431474 0.24075034
v 0.21553661 -0.00139182 0.2516405
v 0.2153099 0.04972815 -0.24604797
v 0.21395966 0.05886627 -0.24417883
v 0.21846086 0.12814064 -0.21349935
v 0.21904922 0.11486295 -0.22054662
v 0.21536262 -0.1662685 -0.18860799
v 0.21408544 -0.14996862 -0.20426473
v 0.21337569 -0.18148354 -0.17601363
v 0.21509175 0.21579961 -0.12850761
v 0.21457992 -0.22681683 -0.11045657
v 0.21584193 0.23209623 -0.09606179
v 0.2154666 0.23773293 -0.08159487
v 0.21550517 -0.24481548 -0.05924087
v 0.21325628 -0.24020599 -0.08165846
v 0.23091835 -0.23200978 -0.05117201
v 0.21533585 0.24671482 -0.04589489
v 0.21448377 0.25277561 -0.00232046
v 0.21304095 0.25391465 0.02000058
v 0.21631843 0.24915087 0.03830804
v 0.20994428 0.21287365 0.1369261
v 0.21713568 -0.2141958 0.12799419
v 0.21147878 0.20528297 0.15022555
v 0.21847449 -0.18712902 0.1627814
v 0.21102172 0.17223601 0.1890808
v 0.21586734 0.10777844 0.22673441
v 0.21496089 -0.0933377 0.23442988
v 0.21927549 -0.0773056 0.23549195
v 0.21614353 -0.06431474 0.24075034
v 0.21927549 -0.0773056 0.23549195
v 0.23259512 -0.06893628 0.22427915
v 0.23107803 -0.04214773 0.23450993
v 0.21524383 -0.0523592 0.24626449
v 0.22611155 -0.05584614 0.23503883
v 0.21349855 0.03144471 0.25115448
v 0.2309708 -0.01921557 0.23714353
v 0.21553661 -0.00139182 0.2516405
v 0.21596749 -0.02254493 0.25073335
v 0.21138617 -0.03799455 0.2533634
v 0.21361125 0.03403709 -0.25141129
v 0.2055532 -0.07562049 -0.24822477
v 0.21235426 0.07547977 -0.24281739
v 0.2164524 0.0988763 -0.2302779
v 0.21180345 -0.09178071 -0.23718971
v 0.2098522 -0.10700116 -0.23263855
v 0.2109476 -0.11762768 -0.22534253
v 0.21914028 -0.13632303 -0.20824234
v 0.21353078 0.16277391 -0.19410355
v 0.22102062 0.14500017 -0.19826154
v 0.21526521 0.18091191 -0.17529812
v 0.21545206 0.19427371 -0.15967473
v 0.21602555 -0.20009738 -0.15065393
v 0.20656084 0.23762396 0.10302812
v 0.20941202 0.18998753 0.17222688
v 0.20774198 0.16285489 0.2009836
v 0.2167743 -0.1437168 0.20592439
v 0.2057249 -0.16102336 0.20367645
v 0.20612721 -0.13434079 0.22294533
v 0.20399877 -0.1134185 0.23604265
v 0.2126753 0.06182277 -0.24609216
v 0.20901336 -0.12551154 -0.22380117
v 0.20728382 0.21445893 -0.14319223
v 0.2145315 0.22388764 -0.11526683
v 0.22152454 -0.2266639 -0.09698945
v 0.20595959 -0.2407133 -0.0970114
v 0.20624377 0.25044006 -0.06427764
v 0.204769 0.25180984 0.06914291
v 0.20847179 0.24390864 0.0836209
v 0.20731978 0.22034845 0.13117632
v 0.20322905 0.21123351 0.15072039
v 0.20560999 -0.20819865 0.15425304
v 0.2048773 0.14208248 0.2191906
v 0.20456758 0.12073505 0.23128636
v 0.20399877 -0.1134185 0.23604265
v 0.20426448 0.10013694 0.24076749
v 0.20555584 0.07852813 0.24806516
v 0.21291482 0.12236873 -0.22198652
v 0.21555126 0.12187742 -0.21890686
v 0.20932207 0.13788979 -0.21598202
v 0.21372619 0.13710541 -0.209719
v 0.20620185 0.16047615 -0.2039046
v 0.2144092 0.14650212 -0.20477323
v 0.20054175 0.2458915 -0.09433369
v 0.19968571 0.2624065 -0.03024752
v 0.21448377 0.25277561 -0.00232046
v 0.20985079 -0.25730932 -0.00168009
v 0.20530333 -0.26024044 0.01652521
v 0.20049207 -0.24619545 0.09441328
v 0.20459351 0.22820053 0.12314843
v 0.20248178 -0.19708204 0.1720278
v 0.19808578 0.20464326 0.16798212
v 0.20666242 -0.18380612 0.18156332
v 0.19253752 -0.1538084 0.22247864
v 0.20189092 -0.08358467 0.24884236
v 0.21496089 -0.0933377 0.23442988
v 0.20217679 -0.06267747 0.25314328
v 0.20325214 0.05564642 0.2556797
v 0.2034066 -0.05140827 0.25635603
v 0.21349855 0.03144471 0.25115448
v 0.19505875 0.00854326 0.26768628
v 0.20218655 0.11212679 -0.23728351
v 0.20080216 0.0932978 -0.24635042
v 0.20051627 0.14676595 -0.21782362
v 0.21372619 0.13710541 -0.209719
v 0.20932207 0.13788979 -0.21598202
v 0.20724669 -0.14091492 -0.21723859
v 0.1982085 -0.14943312 -0.21987322
v 0.19985147 -0.16919141 -0.20273735
v 0.19972941 0.16601519 -0.20625007
v 0.20234311 0.1974068 -0.17285815
v 0.20019528 0.2155178 -0.15171146
v 0.20020904 0.23002116 -0.12894306
v 0.20248492 0.23465016 -0.11668269
v 0.1979118 0.26634508 -0.00398808
v 0.1979118 0.26634508 -0.00398808
v 0.19780958 0.26633626 0.01252245
v 0.20025183 0.26298964 0.03273687
v 0.20238298 -0.22517613 0.13379619
v 0.19686402 -0.24163841 0.11253233
v 0.19798484 0.21378061 0.15144634
v 0.19651705 0.18683916 0.19012591
v 0.20307918 -0.17467748 0.19431247
v 0.20090993 0.10628274 0.23976703
v 0.21396962 0.10528028 0.2287802
v 0.20399877 -0.1134185 0.23604265
v 0.20325214 0.05564642 0.2556797
v 0.19455862 0.03258831 0.26599839
v 0.19927011 -0.00357737 0.26476896
v 0.19895311 -0.02007431 0.26475462
v 0.20976011 -0.02929412 -0.25462523
v 0.21129397 -0.04393924 -0.25117907
v 0.19441944 -0.04745506 -0.26401103
v 0.20180248 0.18459927 -0.18754996
v 0.19900635 -0.19926025 -0.17323875
v 0.19797601 -0.21198915 -0.15842398
v 0.19305693 0.26435152 0.05524949
v 0.19591151 0.24991344 0.09453253
v 0.1975736 0.24422997 0.1046408
v 0.19257087 0.22764234 0.14223111
v 0.19071268 0.16163498 0.21791308
v 0.19531019 0.11111679 0.24326818
v 0.19432515 -0.11730765 -0.23907591
v 0.19351079 -0.111855 -0.24383268
v 0.19470909 0.14543672 -0.22506234
v 0.20073761 0.12976116 -0.22950076
v 0.18996869 0.18209228 -0.20203467
v 0.1911844 -0.19486965 -0.18660122
v 0.19105889 0.19521208 -0.18781939
v 0.18989798 0.20641463 -0.17607541
v 0.19881958 -0.25215849 -0.08119631
v 0.19856127 0.25311777 -0.07636865
v 0.19556664 0.2604759 -0.05757775
v 0.18790123 0.24241599 0.12564801
v 0.19068134 -0.22617078 0.14817064
v 0.18588547 -0.21229996 0.17284024
v 0.18698579 -0.184415 0.20211768
v 0.18985812 0.177691 0.20539033
v 0.19284424 0.14249131 0.22932318
v 0.18849863 -0.10686606 0.25102451
v 0.19167164 0.09592468 0.25286797
v 0.18788391 -0.03591453 0.271521
v 0.20892839 -0.06063893 -0.24945849
v 0.18308681 -0.07552429 -0.26565766
v 0.18762352 0.2211453 -0.1591128
v 0.18724322 0.2494871 -0.11259124
v 0.18638404 -0.25724134 -0.09391137
v 0.20573086 -0.25834209 -0.03220895
v 0.2061502 -0.25951964 -0.01938495
v 0.18924658 -0.27001908 -0.03545421
v 0.19088811 0.25850087 0.08110473
v 0.18620953 0.21211588 0.17038395
v 0.1911201 -0.15973394 0.21882682
v 0.19003235 -0.1696313 0.21217464
v 0.18998851 -0.13581236 0.23605457
v 0.18809554 0.10719252 0.25004682
v 0.1882551 -0.09301587 0.25625241
v 0.18809517 0.07922252 0.261316
v 0.18683626 -0.05377438 0.26783323
v 0.17858341 -0.06724653 0.26993659
v 0.18313771 0.03808692 0.27352321
v 0.18455082 0.15338093 -0.22796011
v 0.19470909 0.14543672 -0.22506234
v 0.18591306 -0.18237843 -0.20379128
v 0.18350005 0.24304566 -0.13092884
v 0.18409571 0.25779161 -0.09735222
v 0.17705955 0.26791164 -0.0822673
v 0.17974633 0.27623558 -0.03688878
v 0.17980936 0.27865112 -0.0171848
v 0.18086608 0.2786774 0.0024025
v 0.19780958 0.26633626 0.01252245
v 0.18097125 0.27786008 0.01938931
v 0.18546022 0.2728464 0.03606414
v 0.20873165 -0.2525582 0.04952337
v 0.17715679 -0.2760247 0.04853179
v 0.19997858 -0.26282224 0.02914004
v 0.20293595 -0.25325412 0.0650495
v 0.182868 0.26768714 0.06842563
v 0.18720718 -0.26040569 0.08353369
v 0.18373062 -0.25744617 0.10032455
v 0.17721057 0.25775731 0.11123092
v 0.18051377 0.2282905 0.15643887
v 0.18173005 0.21506959 0.16875203
v 0.18003775 0.20334907 0.18916222
v 0.18118429 0.11942436 0.25040811
v 0.18554197 -0.12639457 0.24453735
v 0.18180808 -0.07991559 0.26469171
v 0.18571238 -0.06110079 0.26550603
v 0.18809517 0.07922252 0.261316
v 0.1832419 0.05765418 0.27006203
v 0.18436557 0.00353741 0.27574679
v 0.18290925 -0.01773223 0.27654982
v 0.18264173 0.02211663 -0.27673155
v 0.19794896 0.02796517 -0.26492935
v 0.19806512 0.00838316 -0.2662681
v 0.19495879 -0.09241371 -0.2512452
v 0.18361846 0.11741606 -0.24961455
v 0.18529564 0.1024654 -0.25465956
v 0.18713848 0.15689541 -0.22267255
v 0.17412968 0.19102496 -0.20779794
v 0.17564848 0.20652317 -0.19030778
v 0.1830319 -0.21436474 -0.17313665
v 0.17812622 0.27173683 -0.06495375
v 0.18097125 0.27786008 0.01938931
v 0.17608519 0.24363227 0.14048207
v 0.17510837 -0.23061927 0.15995641
v 0.18702795 -0.19909668 0.18705845
v 0.17612953 0.17512269 0.21947916
v 0.17838435 -0.16670622 0.22445647
v 0.18088503 0.08662397 -0.26347363
v 0.19625789 0.06973855 -0.25764197
v 0.17206599 0.06752992 -0.27506891
v 0.1794554 -0.11545733 -0.25032976
v 0.1768135 -0.11122235 -0.25544384
v 0.17735705 0.16464414 -0.22475697
v 0.18292475 0.17691994 -0.21247251
v 0.17277434 0.21985218 -0.1768503
v 0.17082673 0.27951354 -0.05262418
v 0.16871104 0.28374201 0.03446666
v 0.175566 0.27595684 0.05263243
v 0.18139583 0.26132303 0.09350748
v 0.16931075 0.2146631 0.18450835
v 0.17191224 0.1910838 0.20890331
v 0.17126194 0.15874791 0.23530659
v 0.17395419 -0.14867087 0.24069129
v 0.17395419 -0.14867087 0.24069129
v 0.18998851 -0.13581236 0.23605457
v 0.17425175 0.1375825 0.24602471
v 0.1720707 0.10775433 0.26085299
v 0.17260057 -0.12561189 0.25437999
v 0.17290843 -0.10564984 0.2623474
v 0.17348407 0.09494719 0.26626188
v 0.17568125 0.07896689 0.27004462
v 0.17568125 0.07896689 0.27004462
v 0.16195735 0.11397383 -0.26585105
v 0.16981341 0.24664384 -0.14195366
v 0.17214353 0.2534675 -0.12759715
v 0.16789357 0.26967162 -0.09640772
v 0.18944544 -0.27142182 -0.02120633
v 0.17074056 -0.2834177 -0.02001178
v 0.16883379 0.27270195 0.08384158
v 0.17111512 -0.24953759 0.13545443
v 0.16893357 0.24365015 0.14936116
v 0.16998523 -0.05969819 0.27645361
v 0.17116851 0.062892 0.27695629
v 0.17251855 -0.04879341 0.27853313
v 0.16978186 0.01617795 0.28439713
v 0.17233369 -0.01155772 0.28370884
v 0.17232391 -0.03319588 0.2819823
v 0.16801664 0.0431677 -0.28230596
v 0.17800504 0.0474266 -0.2751148
v 0.16600174 0.03170187 -0.28615677
v 0.18938716 0.05433075 -0.26606625
v 0.17376654 0.04895744 -0.27839795
v 0.16806005 0.16830051 -0.22946033
v 0.16579166 0.18205613 -0.22102924
v 0.16827904 0.19891514 -0.20492744
v 0.16816351 0.26378849 -0.1117301
v 0.16313511 0.28952524 -0.00236661
v 0.16820002 0.28598651 0.01316958
v 0.16871104 0.28374201 0.03446666
v 0.16808802 0.25641784 0.12832323
v 0.16360927 0.22910373 0.17298117
v 0.17110138 -0.21037847 0.19069977
v 0.17092174 -0.2234749 0.17452489
v 0.16476421 0.20802926 0.19760922
v 0.17162918 -0.18179934 0.21809156
v 0.17212883 -0.1939119 0.2068928
v 0.16268894 -0.08910538 0.27429008
v 0.17064016 0.04047217 0.28140882
v 0.17485754 0.14694737 -0.23984481
v 0.16253771 0.17429651 -0.22813717
v 0.15612784 0.23961195 -0.16734076
v 0.15979697 0.28154457 -0.07456186
v 0.16062993 0.28960285 -0.0288155
v 0.16081534 0.28788471 0.0323228
v 0.165086 0.27966228 0.06516098
v 0.1566661 0.2750566 0.1004559
v 0.15741985 0.1146052 0.26749358
v 0.15604569 0.09746166 0.27593613
v 0.16544536 0.046082 -0.2841405
v 0.15574084 0.14387141 -0.25502327
v 0.16410635 0.12843588 -0.25805965
v 0.15826258 0.21550985 -0.19547103
v 0.15925202 0.25541195 -0.14027143
v 0.15386447 0.2668719 -0.12522279
v 0.18146713 -0.24717884 -0.12520932
v 0.1809431 -0.25377879 -0.11225408
v 0.15908547 -0.26367486 -0.12303897
v 0.15819649 0.26997325 0.11166293
v 0.17498828 -0.25748792 0.11530476
v 0.16252513 -0.26671958 0.11348434
v 0.16938004 -0.26934403 0.09628721
v 0.1610314 0.23741819 0.16604222
v 0.16555215 0.21778943 0.18178101
v 0.15742144 -0.20759855 0.20563157
v 0.15539674 0.1883034 0.22397545
v 0.15937082 -0.16877086 0.23709196
v 0.15687546 -0.19226867 0.22039057
v 0.16079994 -0.15421508 0.24596998
v 0.15955466 0.1322784 0.25852424
v 0.1572192 0.08102078 0.28081071
v 0.15799001 -0.07589182 0.28055954
v 0.15793799 -0.04797748 0.28720939
v 0.15846379 0.00644116 0.29147601
v 0.15810958 -0.01197031 0.29181439
v 0.15871625 -0.02842054 0.29041904
v 0.14952026 0.20228897 -0.21553582
v 0.15633112 0.25126895 -0.15006529
v 0.17550942 -0.24427047 -0.13851292
v 0.1610218 -0.25511387 -0.13720313
v 0.16017652 -0.24367975 -0.15783638
v 0.15166348 0.27920806 -0.09818692
v 0.16502967 -0.28777418 0.00400924
v 0.15596968 -0.29294789 0.00187171
v 0.15222904 0.28782654 0.06158139
v 0.15179418 0.26630425 0.12931603
v 0.1543078 0.25846004 0.1419272
v 0.15184897 0.2481177 0.16088277
v 0.15132922 0.21973607 0.19244745
v 0.15495212 -0.2213881 0.19237918
v 0.15628672 -0.23159017 0.17816214
v 0.14500339 0.21932621 0.20030876
v 0.15615742 -0.14561442 0.25459841
v 0.15587941 0.10804188 0.27034727
v 0.15708739 -0.11478658 0.26879063
v 0.17348407 0.09494719 0.26626188
v 0.15604569 0.09746166 0.27593613
v 0.14647779 -0.05969837 0.2901243
v 0.15852986 0.05680649 0.28584296
v 0.15235822 0.17830941 -0.23332828
v 0.14422075 0.23446655 -0.18501161
v 0.14779131 0.27525818 -0.11465105
v 0.15374467 0.29025123 -0.05098285
v 0.14842649 0.29705799 -0.01530919
v 0.15208642 0.29455602 0.01046431
v 0.15647426 0.29111436 0.02174141
v 0.16081534 0.28788471 0.0323228
v 0.14646286 0.28483158 0.08663863
v 0.1573097 -0.27574071 0.09955954
v 0.14413327 0.20810735 0.21362878
v 0.14700428 0.18409365 0.23276047
v 0.15900508 0.15819447 0.24380176
v 0.14940523 -0.12954256 0.26709303
v 0.15615742 -0.14561442 0.25459841
v 0.15580057 0.03023435 0.29115912
v 0.16195735 0.11397383 -0.26585105
v 0.14325052 0.12183579 -0.27349606
v 0.15657629 0.16228007 -0.24225463
v 0.1467731 0.28920829 -0.07400723
v 0.16109212 -0.28907162 0.02798409
v 0.14162195 -0.2999959 0.02149172
v 0.14194077 -0.27930692 0.11315712
v 0.14438759 0.1689831 0.24541435
v 0.14607739 -0.05542621 0.29064327
v 0.14226528 -0.04378018 0.29597306
v 0.17314214 -0.15350182 -0.23675981
v 0.15746434 -0.1685579 -0.23718645
v 0.15120652 -0.15275252 -0.25131986
v 0.14046483 0.22832933 -0.19468333
v 0.1448704 0.262943 -0.14232735
v 0.14148135 -0.26315671 -0.14444505
v 0.14052996 0.29903707 -0.03723686
v 0.14730439 0.29623982 0.00983336
v 0.14027439 0.27857065 0.11488401
v 0.14277312 0.24195994 0.17626587
v 0.14315 -0.21350145 0.21007703
v 0.14096361 -0.1819344 0.23921119
v 0.14268999 -0.19657232 0.22605255
v 0.1404317 -0.16561243 0.25147095
v 0.14468175 0.15053952 0.25708124
v 0.14171529 -0.14468859 0.26377374
v 0.14346692 0.1001731 0.28155005
v 0.14214468 -0.10414774 0.28080881
v 0.14116547 -0.11949168 0.27583528
v 0.14101511 0.08109256 0.28925252
v 0.14373888 -0.0826346 0.28653815
v 0.14406513 0.06606528 0.29143962
v 0.1412811 0.04664038 0.29646683
v 0.14388509 0.01765178 0.29834467
v 0.14412163 -0.00386799 0.29896486
v 0.14348125 -0.02309787 0.29864496
v 0.15916979 -0.10965117 -0.26691061
v 0.14477664 -0.11032619 -0.27321523
v 0.13885841 -0.1041946 -0.28009307
v 0.14028797 0.15653703 -0.2566618
v 0.15177764 -0.18835077 -0.22528258
v 0.14165406 -0.17967272 -0.23889004
v 0.13399266 0.27657014 -0.12756236
v 0.13548088 0.30286098 -0.00711868
v 0.13883272 0.29784319 0.04362681
v 0.15222904 0.28782654 0.06158139
v 0.13886252 0.29361877 0.06682741
v 0.1373571 0.25635335 0.16177645
v 0.14377843 0.22247797 0.19512138
v 0.14510611 0.12936476 0.26817831
v 0.13951239 0.10819681 0.27889976
v 0.14346692 0.1001731 0.28155005
v 0.15635961 0.01255557 -0.29296359
v 0.14795114 -0.01652806 -0.29615942
v 0.14087115 -0.01028612 -0.30017406
v 0.13683952 0.18988927 -0.23428783
v 0.14355424 0.18816175 -0.23031649
v 0.13029754 0.22568524 -0.20427249
v 0.13718668 0.24909188 -0.17087866
v 0.13542868 0.26192096 -0.15280378
v 0.13165855 0.28953978 -0.09840603
v 0.13659133 0.29659325 -0.0638952
v 0.13467376 0.30280343 -0.00379213
v 0.13886252 0.29361877 0.06682741
v 0.13662046 0.27493218 0.12808318
v 0.13724664 0.26756266 0.1428525
v 0.13608044 0.23601551 0.18703225
v 0.13513736 -0.22574453 0.20220748
v 0.1270383 0.11490451 0.28302974
v 0.130045 0.29526663 -0.08201291
v 0.13599809 0.30137578 0.0193127
v 0.1438216 -0.25473204 0.15635046
v 0.14500165 -0.23536757 0.18299732
v 0.12677184 -0.2509048 0.17630516
v 0.12640832 0.20444402 0.22790112
v 0.12718055 0.16265266 0.25892395
v 0.1404317 -0.16561243 0.25147095
v 0.12509248 -0.14368115 0.27296996
v 0.12641621 0.12931931 0.2776345
v 0.12441289 0.09798026 0.29146734
v 0.12743774 -0.08195315 0.29449955
v 0.12704955 -0.04075123 0.30305579
v 0.12793154 0.00110227 0.30601943
v 0.12414082 0.13063219 -0.27939075
v 0.13768157 0.13534264 -0.27035046
v 0.1299141 0.19521558 -0.23167014
v 0.12633422 0.2543458 -0.1716574
v 0.12551247 0.27117291 -0.14523162
v 0.12682639 0.28649208 -0.11227941
v 0.12484678 0.30235341 -0.05972034
v 0.12572859 0.30661213 -0.01876653
v 0.1263189 0.2901901 0.0998074
v 0.12514576 0.25306147 0.17499441
v 0.12921351 0.24618351 0.18070321
v 0.12209553 -0.2447798 0.18794778
v 0.12440656 0.21804664 0.21590151
v 0.1285193 -0.21208796 0.22006081
v 0.12531456 0.18482013 0.24439849
v 0.126865 0.1429442 0.27073079
v 0.12639321 -0.10072524 0.28954107
v 0.12577608 0.06147064 0.30079803
v 0.12504038 -0.05060671 0.30113387
v 0.1283541 0.04102284 0.30293167
v 0.12655669 0.0212254 0.30569071
v 0.1210516 0.08983935 -0.29572615
v 0.14101166 0.10547856 -0.2810891
v 0.13516821 0.07570852 -0.29351777
v 0.12786762 0.1478819 -0.26855081
v 0.1290452 0.17547858 -0.2501159
v 0.11971054 0.19027859 -0.24372721
v 0.1391961 -0.29275045 -0.06489742
v 0.13747956 -0.29642558 -0.05204121
v 0.12417654 -0.29902956 -0.06693438
v 0.12268694 0.30632317 0.0309812
v 0.11857306 0.30214447 0.06777188
v 0.12267174 0.29673997 0.08313642
v 0.11981712 0.26570141 0.16051297
v 0.12891781 0.22416219 0.2042274
v 0.11781798 0.22351468 0.21367586
v 0.1252273 -0.19903702 0.23330693
v 0.12388313 -0.18100208 0.24943708
v 0.14096361 -0.1819344 0.23921119
v 0.12474966 -0.16321452 0.26168889
v 0.12387402 -0.12467961 0.28221315
v 0.12499312 0.10816269 0.28593123
v 0.12408666 0.08120883 0.29686871
v 0.12408385 -0.05574078 0.30115762
v 0.12755367 -0.0218579 0.30543709
v 0.12508464 0.1960372 -0.23506044
v 0.12201045 0.2436208 -0.18890533
v 0.12057215 0.29521069 -0.0952525
v 0.11446277 0.30968189 -0.03171812
v 0.12012186 0.30902335 0.00259196
v 0.11695757 0.30578291 0.05167447
v 0.12267174 0.29673997 0.08313642
v 0.13977021 -0.29453737 0.06676156
v 0.12898935 -0.29456928 0.08580076
v 0.12377488 -0.30139068 0.0665573
v 0.11672253 0.28567931 0.12337314
v 0.12056111 0.27523968 0.14291698
v 0.11770244 0.23967899 0.19528499
v 0.12151098 -0.23137538 0.20423253
v 0.12388313 -0.18100208 0.24943708
v 0.12441289 0.09798026 0.29146734
v 0.12058825 0.2106514 -0.22271393
v 0.13198157 0.21449214 -0.21447477
v 0.12346596 0.20744191 -0.22483048
v 0.11214158 0.23379605 -0.20571421
v 0.11426807 0.26587981 -0.16240132
v 0.11767697 0.30890498 -0.02432986
v 0.112395 0.03202725 -0.31016663
v 0.13375871 0.04042601 -0.30077949
v 0.12951171 0.03446111 -0.30276087
v 0.12900756 -0.10608369 -0.28203899
v 0.13422611 -0.12518647 -0.27336487
v 0.11227433 -0.1071487 -0.29010129
v 0.10587033 0.15220816 -0.27584749
v 0.12030403 0.16459674 -0.26208735
v 0.10540476 0.19739614 -0.24363373
v 0.11794765 0.20056485 -0.23260094
v 0.10985865 0.2830174 -0.13516878
v 0.11274327 0.29056832 -0.11633528
v 0.11216437 0.30207643 -0.08199187
v 0.11236455 0.30767694 -0.0533662
v 0.10996851 0.31040156 0.03733196
v 0.10515213 0.22803362 0.21369404
v 0.11522856 -0.21202748 0.22632131
v 0.11210042 0.19671604 0.24152705
v 0.11021047 -0.18032147 0.25638798
v 0.11023067 -0.16309914 0.26827893
v 0.10926468 0.14033382 0.27992827
v 0.11379883 0.11555579 0.28839028
v 0.1089376 0.10820014 0.2924453
v 0.10804849 0.10641441 0.29417536
v 0.12499312 0.10816269 0.28593123
v 0.11185561 -0.10585617 0.29379442
v 0.11083713 0.096312 0.29744577
v 0.11151511 0.05267696 0.3077918
v 0.11122358 0.03201005 0.31049004
v 0.10175999 -0.02974071 0.31369689
v 0.10959744 0.22748736 -0.2132635
v 0.10614499 0.25874442 -0.17796433
v 0.10815182 0.30649561 -0.06850785
v 0.11061866 0.31255856 -0.00402709
v 0.10915468 0.31246114 0.01694789
v 0.12592514 -0.29137275 0.10075229
v 0.11036258 -0.29775926 0.09908887
v 0.10687296 0.29839325 0.09765654
v 0.10568427 0.28136683 0.14238746
v 0.10861074 0.25091287 0.18799628
v 0.10656572 -0.22734037 0.21543723
v 0.107456 0.22035943 0.22266057
v 0.11211164 0.17225997 0.25953004
v 0.10460836 0.15907137 0.27126488
v 0.10460836 0.15907137 0.27126488
v 0.10926468 0.14033382 0.27992827
v 0.126865 0.1429442 0.27073079
v 0.10886196 -0.14551857 0.27884954
v 0.10959166 0.12830468 0.28518343
v 0.11379883 0.11555579 0.28839028
v 0.11086857 0.07730062 0.30291057
v 0.10825066 -0.04555239 0.30858055
v 0.10369488 -0.05073875 0.30999827
v 0.09969692 -0.06857633 0.308254
v 0.10576804 0.0077892 0.31398508
v 0.10183767 -0.01107582 0.31531924
v 0.1142558 0.21434438 -0.22310714
v 0.09850065 0.28020462 -0.14872584
v 0.10300711 0.30071026 -0.09747855
v 0.1000107 0.29000786 0.12779132
v 0.10544834 0.27237979 0.15891024
v 0.1020301 0.21381584 0.23144396
v 0.11021047 -0.18032147 0.25638798
v 0.10437455 -0.19919571 0.24242964
v 0.11193265 -0.12764294 0.28575498
v 0.11009266 -0.08589176 0.30034444
v 0.09885446 0.19870354 -0.24335745
v 0.09153549 0.24698894 -0.20029885
v 0.09311136 0.29863027 -0.11240193
v 0.09911346 0.31297818 -0.04337633
v 0.09452928 0.3131085 0.05228901
v 0.09435821 0.31009892 0.06862502
v 0.09469642 0.30636349 0.08385925
v 0.10687296 0.29839325 0.09765654
v 0.11575717 -0.25938872 0.171764
v 0.10545691 -0.25782055 0.1805883
v 0.11123602 -0.26763672 0.16221227
v 0.09653471 0.26646534 0.17408723
v 0.09542369 0.23858315 0.208233
v 0.09608614 0.20203343 0.24394411
v 0.09669685 -0.17065358 0.26854423
v 0.09589608 -0.11738891 0.29546511
v 0.09283044 0.16537611 -0.27261171
v 0.08978489 0.19275743 -0.25378707
v 0.1110254 0.18093358 -0.25512615
v 0.08960739 0.27435741 -0.16386805
v 0.0956721 0.29120082 -0.12851265
v 0.09132375 0.3083556 -0.08226272
v 0.09652673 0.31670305 -0.0150739
v 0.09559509 0.31734633 0.0010733
v 0.09550928 0.31672931 0.01861468
v 0.09105673 0.29844153 0.11346274
v 0.11524841 -0.24101597 0.19631816
v 0.1009724 -0.24287152 0.20159078
v 0.09421705 0.24963517 0.19693421
v 0.10008844 -0.20768206 0.23631935
v 0.09632388 0.1811969 0.25960323
v 0.09646236 -0.15736616 0.27680022
v 0.09542732 -0.14147687 0.28557688
v 0.09659363 0.11608572 0.29449168
v 0.09615327 -0.08893272 0.30443811
v 0.08986344 0.09028834 0.30645627
v 0.09660522 0.06908396 0.30965111
v 0.09380079 -0.04350504 0.31353226
v 0.08282116 0.31452775 -0.06084976
v 0.09294868 0.31375197 -0.04728007
v 0.09008649 0.2581622 0.18845096
v 0.07695885 0.22855629 0.22694893
v 0.09492437 -0.18371618 0.25944474
v 0.11211164 0.17225997 0.25953004
v 0.09632388 0.1811969 0.25960323
v 0.09400889 0.14087759 0.28550151
v 0.10959166 0.12830468 0.28518343
v 0.08425543 0.10453059 0.30294427
v 0.09720701 0.05173965 0.31264102
v 0.09727018 0.02450044 0.31572455
v 0.08919346 0.19669923 -0.24849515
v 0.0953362 0.21569344 -0.23109792
v 0.09037787 0.23083702 -0.21871807
v 0.08383503 0.26129475 -0.18534145
v 0.11228284 -0.30653346 -0.05333604
v 0.09923382 -0.31358442 -0.03516058
v 0.09260646 -0.31320241 -0.0515281
v 0.08026017 0.31894201 -0.03775308
v 0.11139285 -0.3111479 -0.02096536
v 0.11340332 -0.31142521 -0.00271401
v 0.085235 -0.31908724 -0.01833706
v 0.0843154 0.31804597 0.03742499
v 0.09105673 0.29844153 0.11346274
v 0.09041444 0.28641981 0.14228924
v 0.09065378 0.27828583 0.15801749
v 0.08289961 -0.25668791 0.19287913
v 0.08777105 0.10812424 0.29964483
v 0.10051236 0.08636419 -0.30386639
v 0.08220592 0.09624932 -0.30624804
v 0.10808349 0.09811606 -0.298134
v 0.07750025 0.30772123 -0.0979084
v 0.08088629 0.32120332 0.00566976
v 0.07464576 0.23091827 0.22434393
v 0.07959741 -0.22789018 0.22542258
v 0.07967412 0.16939212 0.27329794
v 0.07945903 -0.10907041 0.30308121
v 0.0779947 0.03480109 0.32014281
v 0.08096483 0.01406585 0.32098782
v 0.07962904 -0.02291838 0.32056269
v 0.08091725 0.06545864 -0.31442431
v 0.07810708 0.24507895 -0.20814683
v 0.07314838 0.26081914 -0.19046605
v 0.07708664 0.28642401 -0.14992665
v 0.07047103 0.29839849 -0.12811977
v 0.07488877 0.30458453 -0.10972211
v 0.0812231 0.3207587 -0.01732549
v 0.07178263 0.32254085 0.02060681
v 0.07396752 0.30798957 0.09804944
v 0.07727852 0.24763656 0.20646244
v 0.07763936 0.21782908 0.23698491
v 0.07773238 -0.19832279 0.25228861
v 0.09608614 0.20203343 0.24394411
v 0.07814032 0.20107993 0.25088036
v 0.07710013 -0.17949402 0.26807868
v 0.09492437 -0.18371618 0.25944474
v 0.07842887 -0.14899306 0.28673419
v 0.07367127 0.13098714 0.29618642
v 0.07835406 0.05568882 0.31713039
v 0.07905677 -0.04021778 0.31817362
v 0.07533927 -0.04441202 0.31930116
v 0.07824465 -0.06054269 0.3161529
v 0.07214204 0.23385192 -0.22297646
v 0.08611453 -0.2513096 -0.19880441
v 0.09987659 -0.25417686 -0.18908091
v 0.07230347 -0.26024079 -0.19253109
v 0.07563067 0.31483883 -0.06596795
v 0.07507038 0.31664419 0.06142141
v 0.07122128 0.29732069 0.1300628
v 0.0763398 0.28929967 0.14487062
v 0.07751844 0.27631158 0.16818106
v 0.07859889 0.26185185 0.18854198
v 0.07859509 -0.21153389 0.24066737
v 0.07763936 0.21782908 0.23698491
v 0.07820718 -0.16493939 0.27761075
v 0.06953795 0.15227896 0.28632763
v 0.07978497 0.1449369 0.28831539
v 0.07229599 0.09468934 0.31002077
v 0.08043634 -0.08541583 0.31004608
v 0.07106742 0.07596347 0.31508607
v 0.06528259 0.31396767 0.08335705
v 0.07396752 0.30798957 0.09804944
v 0.06798667 0.30400291 0.11422671
v 0.09105673 0.29844153 0.11346274
v 0.07122128 0.29732069 0.1300628
v 0.07773238 -0.19832279 0.25228861
v 0.07768736 -0.13058986 0.29540297
v 0.07819533 0.11243854 0.30137831
v 0.06887176 -0.00589165 0.32409984
v 0.07198344 0.19297391 -0.25718796
v 0.06420922 -0.20821503 -0.24881965
v 0.07981808 -0.19948044 -0.25141084
v 0.0773363 -0.22289175 -0.23211262
v 0.06685144 0.31334648 -0.0840382
v 0.06379139 0.10794824 0.30596054
v 0.07714509 0.1534674 -0.28431714
v 0.06465368 0.1595266 -0.28378281
v 0.07786666 0.17543551 -0.27043861
v 0.05849811 0.18735926 -0.26623049
v 0.06843847 0.26820821 -0.18221721
v 0.05678217 0.27726293 -0.1730371
v 0.06674213 0.28819725 -0.15136415
v 0.06397638 0.32299608 -0.03457502
v 0.06254998 0.32493025 -0.01247626
v 0.05972788 0.32256627 0.0444618
v 0.06272763 0.28568053 0.15731722
v 0.06494657 0.27500466 0.17457059
v 0.07751844 0.27631158 0.16818106
v 0.06494657 0.27500466 0.17457059
v 0.06288125 0.24847955 0.2101317
v 0.06553378 -0.23642315 0.22128727
v 0.0811732 -0.24169546 0.21083593
v 0.04988763 -0.19760434 0.25977358
v 0.06273822 0.18444355 0.26739118
v 0.06351442 -0.16638513 0.27989936
v 0.06526251 0.15002662 0.2902672
v 0.06331501 0.10447448 0.30841336
v 0.06648439 -0.09382782 0.31081754
v 0.06593863 -0.03547173 0.32181025
v 0.06320862 0.01485397 0.32487941
v 0.06139524 -0.01897085 0.32466543
v 0.06306447 0.17524049 -0.27412102
v 0.06083402 0.2473941 -0.21171077
v 0.06618878 0.31351185 -0.08166117
v 0.06044732 0.32015625 -0.0578069
v 0.06112219 0.29362354 0.14283568
v 0.0763398 0.28929967 0.14487062
v 0.06129208 0.26559186 0.18898953
v 0.06228784 -0.25322995 0.20395842
v 0.074421 -0.26336369 0.18730287
v 0.05704907 -0.18432277 0.26853132
v 0.0626348 -0.13355298 0.29738536
v 0.06041454 0.11419351 0.30503702
v 0.06231436 -0.11221746 0.30569741
v 0.06240899 -0.06410226 0.31898314
v 0.06145325 0.06264244 0.31973249
v 0.06439693 0.04212663 0.32228628
v 0.0773121 0.22226192 -0.23243049
v 0.05953996 0.21477164 -0.24458595
v 0.05215873 0.23046292 -0.23227511
v 0.05605974 0.30984017 -0.10404795
v 0.05640781 0.31895891 0.06879388
v 0.05934355 -0.22570111 0.23352511
v 0.07695885 0.22855629 0.22694893
v 0.06035612 0.2184685 0.24116908
v 0.04944389 -0.21339116 0.24712221
v 0.06270266 0.20396368 0.25268218
v 0.05208329 0.15821862 0.28703257
v 0.05369825 -0.15273811 0.28973246
v 0.05715366 -0.00640814 -0.32569394
v 0.0549481 0.00712992 -0.32551438
v 0.07819197 0.00270354 -0.32153788
v 0.05593971 0.18881835 -0.2647706
v 0.05082347 0.28671581 -0.15943427
v 0.04948458 0.30518553 -0.12122909
v 0.04714384 0.32770565 -0.00083828
v 0.04684892 0.23057035 0.2327414
v 0.04944389 -0.21339116 0.24712221
v 0.0489413 0.1715129 0.27909744
v 0.04718313 0.13785359 0.29975137
v 0.04895517 0.10132301 0.31225324
v 0.05099215 0.03205521 0.32578284
v 0.04850879 -0.02891676 0.32539481
v 0.05249419 -0.03551938 0.32496274
v 0.04533777 0.24593626 -0.2175637
v 0.04801831 0.26220119 -0.1969337
v 0.04813286 0.32042259 -0.06764887
v 0.04653625 0.3272922 0.01807057
v 0.06528259 0.31396767 0.08335705
v 0.04690182 0.31542182 0.08973043
v 0.04834234 0.30222651 0.12812105
v 0.07464576 0.23091827 0.22434393
v 0.06288125 0.24847955 0.2101317
v 0.04717541 0.23360094 0.22881624
v 0.04869664 -0.13285512 0.30017483
v 0.0486672 -0.08725127 0.3157272
v 0.04770882 0.08447992 0.31738088
v 0.04753203 -0.04600787 0.32477379
v 0.04860969 -0.26071408 -0.19971795
v 0.06422437 -0.26989323 -0.1811721
v 0.04625401 -0.27032965 -0.18644767
v 0.04409796 0.29975364 -0.13647944
v 0.04559717 0.32594264 -0.03645327
v 0.04855779 0.28125036 0.16882701
v 0.04644705 0.26485145 0.19327947
v 0.06129208 0.26559186 0.18898953
v 0.04644705 0.26485145 0.19327947
v 0.04655498 0.24744944 0.21484849
v 0.04616993 -0.23175359 0.23084109
v 0.04988215 -0.24611238 0.21481919
v 0.04013036 0.21731012 0.24605849
v 0.04065607 0.20320168 0.25781012
v 0.04116338 0.18736877 0.26972628
v 0.04313044 0.1556401 0.29250789
v 0.04006449 0.11226533 0.30899784
v 0.03824194 0.10783052 0.31030044
v 0.04877479 0.05283311 0.3235369
v 0.04322132 0.06884752 -0.32121
v 0.04048387 0.0831219 -0.31799749
v 0.06143335 0.0866122 -0.31349224
v 0.05678264 -0.08524308 -0.31427419
v 0.03337196 -0.07617143 -0.31949767
v 0.04008907 -0.07246446 -0.318939
v 0.04227011 0.1840637 -0.27077031
v 0.03985025 0.21779239 -0.24626668
v 0.03483374 0.32898331 -0.01779282
v 0.04472765 0.32508639 0.04390979
v 0.05466625 -0.32495973 0.0297121
v 0.06696285 -0.31993556 0.051812
v 0.03864757 -0.32678849 0.0356755
v 0.03544965 0.32430869 0.05641951
v 0.0364766 0.31923693 0.08062111
v 0.04690182 0.31542182 0.08973043
v 0.0414429 0.3107872 0.10720664
v 0.0423737 0.29617932 0.14325909
v 0.03972606 -0.25708959 0.2045753
v 0.05158562 -0.26743013 0.18935308
v 0.04655498 0.24744944 0.21484849
v 0.04812877 -0.10607464 0.31010452
v 0.04735555 -0.06184253 0.32204664
v 0.04225009 0.13106923 -0.3021307
v 0.04709223 0.14575462 -0.29457051
v 0.06037325 0.13725992 -0.29632315
v 0.04451872 0.1810156 -0.27332991
v 0.04124173 0.27604607 -0.17863245
v 0.02978035 0.28857806 -0.1607182
v 0.03599204 0.29421687 -0.14944293
v 0.04015452 0.31468049 -0.09536821
v 0.04649021 -0.17137992 0.27928415
v 0.03869633 -0.17636856 0.2764782
v 0.03472017 0.16289407 0.28703466
v 0.03466979 0.01581341 0.32898891
v 0.0364453 -0.00158111 0.32916132
v 0.0324469 -0.01604777 0.32881024
v 0.03527006 -0.03208814 0.3278929
v 0.0337684 0.23207299 -0.23378497
v 0.03613132 0.26371381 -0.19728245
v 0.02784695 0.32631803 -0.04894635
v 0.03239175 0.32913643 0.01837876
v 0.0364766 0.31923693 0.08062111
v 0.02910098 0.28894931 0.15908144
v 0.03237981 0.27633661 0.17894001
v 0.027765 -0.26733908 0.19445793
v 0.02511475 -0.24344118 0.22216508
v 0.0285993 -0.19535767 0.26440892
v 0.02500224 -0.15557723 0.29084975
v 0.02896379 0.157989 0.29414147
v 0.02873275 -0.14405634 0.29702747
v 0.03355304 -0.08221695 0.31886342
v 0.03456045 0.07881802 0.32008049
v 0.02975472 0.03283564 0.32800022
v 0.02269359 -0.02224902 0.32893923
v 0.04467614 0.20256035 -0.25793543
v 0.02882398 0.19877785 -0.26350066
v 0.05046682 -0.23260474 -0.23054619
v 0.05032774 -0.24786672 -0.21490957
v 0.03232463 -0.24395618 -0.22204152
v 0.03298548 0.24734597 -0.21786745
v 0.03272323 0.32219535 -0.06839392
v 0.03059113 0.3298322 -0.00235798
v 0.02516706 0.32891759 0.03021748
v 0.02402988 0.3043375 0.12888581
v 0.02829008 0.26490572 0.19565214
v 0.02384471 0.24941792 0.21569976
v 0.04655498 0.24744944 0.21484849
v 0.02384471 0.24941792 0.21569976
v 0.03031654 0.23415674 0.23062377
v 0.02772984 0.23150648 0.23421082
v 0.02444252 -0.21238309 0.25163147
v 0.03132436 -0.22898249 0.23590331
v 0.01970411 0.1616521 0.29329655
v 0.03234098 0.13572992 0.30265808
v 0.03101793 -0.1318883 0.30247688
v 0.02700777 -0.1089149 0.31134897
v 0.02501304 0.09699184 0.31600931
v 0.03347982 0.05075411 0.3252961
v 0.03449073 -0.05298999 0.32562986
v 0.02233602 -0.02518236 0.32965815
v 0.02492922 -0.00121384 -0.32876065
v 0.04057308 0.00242036 -0.32750192
v 0.03355016 -0.01529583 -0.32829076
v 0.03138985 -0.15597963 -0.29339698
v 0.04553116 -0.15452316 -0.28912979
v 0.02809643 -0.16067573 -0.29034656
v 0.02073219 0.27682856 -0.18097341
v 0.02898644 0.30324832 -0.131447
v 0.02878689 0.31282839 -0.1058104
v 0.02081492 0.32892361 -0.03328541
v 0.04496336 -0.31612933 0.08803128
v 0.03084382 -0.31802982 0.08668243
v 0.0518763 -0.31983298 0.06743439
v 0.04862635 -0.28975573 0.15718125
v 0.02833339 -0.29771543 0.14836708
v 0.05334771 -0.2963047 0.14222468
v 0.05533973 -0.27822992 0.17350546
v 0.03346235 -0.27479079 0.18428105
v 0.02501338 -0.28613457 0.16994072
v 0.02599992 0.1046498 0.3131963
v 0.01905611 0.25532824 -0.20986293
v 0.01856975 0.31941047 -0.08515648
v 0.03544965 0.32430869 0.05641951
v 0.01914725 0.32471848 0.06170367
v 0.01685251 0.25696069 0.20687692
v 0.01618824 0.20162079 0.26169625
v 0.02138411 0.18416044 0.27439132
v 0.02008139 -0.17612401 0.27821922
v 0.01552327 0.16647363 0.28681129
v 0.019003 -0.04357778 0.32850978
v 0.0179279 0.00301143 0.33052194
v 0.01627039 0.20390911 -0.26080266
v 0.01309989 0.2406037 -0.22690164
v 0.01375841 0.29663536 -0.14762928
v 0.01148039 0.32516694 -0.06073348
v 0.01565111 0.33026564 -0.02071992
v 0.01674233 0.31857058 0.08886705
v 0.01693552 -0.31086713 0.11657543
v 0.01527967 -0.3187879 0.08883011
v 0.04150881 -0.30937773 0.11325322
v 0.01534193 0.31036645 0.11441945
v 0.01790529 0.29809234 0.14302626
v 0.01632051 -0.22860147 0.2377554
v 0.01967368 0.14003575 0.30246869
v 0.01998207 0.08456412 0.31957829
v 0.01882419 -0.0903263 0.31769487
v 0.01952585 0.06225342 0.32388693
v 0.02083868 -0.06294771 0.32491133
v 0.0196653 0.013921 0.32994208
v 0.01464668 0.2229695 -0.24426794
v 0.01218497 0.2716493 -0.18914424
v 0.01253322 0.33112308 -0.00272779
v 0.0135207 0.33085579 0.01133875
v 0.00425484 0.32949358 0.03306451
v 0.01914725 0.32471848 0.06170367
v 0.01681796 -0.2755022 0.1861971
v 0.03132436 -0.22898249 0.23590331
v 0.01632051 -0.22860147 0.2377554
v 0.01086392 0.230681 0.23627058
v 0.01891466 0.2170482 0.24833596
v 0.00698964 0.16489358 0.29109392
v 0.01756384 0.11403055 0.31038445
v 0.02256614 0.1731281 -0.28062657
v 0.0154828 0.17495458 -0.27916631
v 0.02795732 0.17851722 -0.27621505
v 0.01311858 0.19068648 -0.27075195
v 0.02109764 0.28642413 -0.16507475
v -7.981E-05 0.27312738 0.18586393
v -0.0032003 0.2401115 0.22663926
v 0.01236183 -0.19606623 0.26491612
v 0.00363837 -0.13439219 0.30235562
v 0.00142398 0.13652681 0.30442965
v -5.573E-05 0.05758281 0.32465431
v 0.00230893 -0.00127298 0.33067653
v 0.00666002 -0.01159283 -0.32916787
v 0.01185823 -0.00353413 -0.3292354
v 0.01211535 0.30458099 -0.13101095
v 0.00626572 0.31321254 -0.10792575
v 0.00195491 0.32902789 -0.03720811
v 0.00015802 0.28947884 0.15999405
v -0.00035004 0.28147885 0.17329185
v 0.00025403 0.26234004 0.20078015
v 0.01632051 -0.22860147 0.2377554
v 0.00012748 -0.24493472 0.22210664
v 0.02511475 -0.24344118 0.22216508
v -0.00134821 -0.22707196 0.23985243
v -0.00024052 0.15441644 0.29777321
v 0.00149125 -0.11071393 0.31155375
v -0.00535847 0.10717342 0.3122938
v 3.633E-05 0.10417763 0.31404993
v 2.231E-05 0.0875532 0.31916857
v -0.00032954 -0.06537092 0.32518709
v 0.01247609 -0.04049785 -0.32680365
v 0.02934967 -0.05978177 -0.32293761
v 0.00485297 -0.05733091 -0.32397205
v 0.00270057 0.32398456 0.06773755
v 0.01681796 -0.2755022 0.1861971
v 0.01016538 -0.27562714 0.18580863
v 0.00102359 -0.2835601 0.17708236
v 0.01787645 -0.25808349 0.20679943
v -0.00396495 0.2340163 0.23220006
v 0.00022211 0.21717224 0.24872039
v 0.00188409 0.18416218 0.27525038
v 0.00104825 -0.18317935 0.27428836
v -0.0002114 -0.14781336 0.29605779
v -0.00273106 0.02044049 0.32956317
v 8.738E-05 -0.04217464 0.32943162
v -0.00426951 0.20953313 -0.25662711
v -0.00702884 0.24762268 -0.21952844
v -0.00444396 0.28958988 -0.16099082
v -0.00349922 0.30495614 -0.13074954
v -0.00700245 0.31871131 -0.08989317
v 0.00425484 0.32949358 0.03306451
v 0.0002614 0.32865658 0.03706965
v -0.00638161 0.31622741 0.09827004
v -0.00169619 0.3057898 0.12747945
v -0.00337736 0.20152348 0.2621097
v -0.00027185 -0.16505167 0.28609768
v -0.00098462 0.11450784 0.31066573
v -0.0013136 -0.01644238 0.32976297
v -0.000561 -0.02146761 0.33069173
v -0.00075299 0.22717103 -0.2408497
v -0.01511069 0.27851421 -0.17836444
v -0.00565961 0.29691023 -0.1476351
v -0.00672929 0.3239021 -0.06751613
v -0.00812977 0.33078629 -0.01724933
v -0.00351095 0.33127475 0.00176799
v -0.00843312 0.33078581 0.01518646
v -0.01013025 0.32813534 0.0419309
v -0.00991981 0.32011029 0.0837916
v -0.00427952 0.31228471 0.110371
v -0.00939852 0.29808283 0.14385858
v 0.01431673 -0.30140722 0.14397429
v -0.0020553 -0.30103806 0.14748172
v 0.0016942 -0.30778202 0.12955116
v -0.00036965 -0.27983958 0.18113454
v -0.00400866 0.24963942 0.21640213
v -0.00161047 -0.25863984 0.2071162
v -0.00400866 0.24963942 0.21640213
v -0.00134821 -0.22707196 0.23985243
v -0.00077397 -0.20896256 0.25525296
v -0.01021092 -0.19270112 0.26738155
v -0.01075267 0.16964532 0.28534669
v -0.00553685 0.16581619 0.29124707
v -0.00206359 -0.08884495 0.31867638
v 0.00135174 0.25831309 -0.20682676
v -0.01012096 0.27041587 -0.19026573
v -0.00777473 0.22939718 0.23736846
v -0.02255858 0.30991074 -0.11567266
v -0.01715987 0.32750401 -0.04556456
v -0.01852309 -0.24114379 0.22534145
v -0.01596255 -0.21589397 0.2488483
v -0.02760155 -0.20062384 0.26062
v -0.01883782 0.17241864 0.28245112
v -0.02392676 -0.15495141 0.29154962
v -0.02630739 0.10338834 0.31359041
v -0.02028733 -0.0041892 0.32962009
v -0.01620998 0.22364561 -0.24347703
v -0.02500075 0.23070893 -0.23605418
v -0.02209009 0.25596902 -0.20846574
v -0.00843312 0.33078581 0.01518646
v -0.01796601 0.3236151 0.06665734
v -0.01782168 0.30627361 0.12515751
v -0.02893893 0.28921974 0.15860106
v -0.02829748 0.26573125 0.19521227
v -0.0222392 0.25732031 0.20652066
v -0.01872314 -0.25840697 0.2065789
v -0.02693841 0.23037903 0.23489246
v -0.02193602 0.21229316 0.2517736
v -0.01769378 0.18961897 0.27028954
v -0.01545032 0.15701999 0.29559928
v -0.01906357 -0.14026989 0.2993041
v -0.01748371 0.14401434 0.30113947
v -0.01247858 0.12715918 0.30689546
v -0.02052671 -0.10954372 0.31141636
v -0.0283987 0.09368118 0.31660268
v -0.03098026 0.08268747 0.31910208
v -0.02666673 0.01483761 0.32923448
v -0.02256329 -0.01119829 0.32881746
v -0.01418077 -0.0207605 0.33026186
v -0.01849021 -0.03949555 0.32930154
v -0.0178904 -0.06412701 0.32502601
v -0.0212296 0.33028439 0.00476254
v -0.01596255 -0.21589397 0.2488483
v -0.01958812 -0.22788928 0.23803733
v -0.00086713 0.16393515 -0.28705275
v -0.02536388 0.16838984 -0.28383332
v -0.0131465 0.16844334 -0.28304377
v -0.03151951 0.28807172 -0.16115192
v -0.02968304 0.31845021 -0.08637289
v -0.02806363 0.32259715 -0.06858991
v -0.02429977 0.32876277 -0.03079
v -0.03129449 0.32928818 -0.00807415
v -0.03186006 0.32516119 0.05322175
v -0.03016319 0.31078869 0.1102219
v -0.03381432 0.27634206 0.17904632
v -0.03824211 0.25251809 0.21104743
v -0.03043896 -0.17910859 0.27613938
v -0.02479669 0.16906914 0.2865122
v -0.03257164 0.11290292 0.30971292
v -0.02965122 -0.08805311 0.31782001
v -0.03055744 0.05707437 0.32366464
v -0.03261318 0.03591803 0.32661396
v -0.03519242 0.24170272 -0.22345825
v -0.03171276 0.26146483 -0.20047659
v -0.03088587 0.2980589 -0.14273809
v -0.03072336 0.30479333 -0.12753531
v -0.03824211 0.25251809 0.21104743
v -0.02950525 0.2382042 0.22735144
v -0.02825584 0.16150998 0.29127452
v -0.02730053 0.13185433 0.30443233
v -0.03721086 -0.01242494 0.32838893
v -0.02841966 0.17346111 -0.27935761
v -0.03051962 0.20625088 -0.25753376
v -0.03417012 0.22091715 -0.24392676
v -0.03148077 0.32828468 0.02990234
v -0.03148077 0.32828468 0.02990234
v -0.03333887 0.31702736 0.08876129
v -0.04329742 0.30132946 0.13213773
v -0.0330719 0.14720447 0.29781842
v -0.03458046 -0.05211187 0.32589358
v -0.03296699 -0.03168859 0.32870668
v -0.04394819 0.31346267 -0.09873517
v -0.03707561 0.32545102 -0.04763637
v -0.0411328 0.32699677 -0.02807527
v -0.04203463 0.32094765 0.0681577
v -0.04373219 0.2951746 0.14533496
v -0.0454574 -0.21146238 0.2497735
v -0.02760155 -0.20062384 0.26062
v -0.03404728 0.17196143 0.28131747
v -0.03693238 -0.13441305 0.30075896
v -0.04667019 0.10774003 0.30952039
v -0.03612189 -0.10218514 0.3127723
v -0.04393732 -0.07419591 0.32002053
v -0.03651891 0.00128768 0.32815334
v -0.04873643 0.26836574 -0.18786138
v -0.03960684 0.32833704 -0.00552989
v -0.04216117 -0.24126983 0.22196567
v -0.04392852 -0.25659639 0.20498174
v -0.03546952 0.23200169 0.23268491
v -0.04805363 -0.22471736 0.2372915
v -0.04457716 0.21289872 0.247568
v -0.03783676 0.19789861 0.26137075
v -0.04664212 -0.16055314 0.28636983
v -0.04780103 0.32059118 -0.06717724
v -0.04526135 0.32749385 0.01228533
v -0.04810854 0.16717695 0.28297475
v -0.04547209 0.02889331 0.32622963
v -0.04976205 -0.00361524 0.32564309
v -0.04803846 0.01107851 0.32681185
v -0.04411095 0.21767426 -0.24519776
v -0.04795658 0.23497097 -0.22832592
v -0.04884635 0.25140148 -0.20991318
v -0.04694316 0.28649446 -0.16047414
v -0.05191283 0.30164909 -0.12930673
v -0.05197566 0.30729821 -0.11426967
v -0.05462364 0.32429397 0.03757157
v -0.04896039 0.31444553 0.09098674
v -0.05559886 0.30660772 0.1138678
v -0.05190985 0.28809884 0.15649427
v -0.0568167 0.27429888 0.17866088
v -0.05204769 0.15774269 0.28828266
v -0.04905723 0.14683965 0.29478338
v -0.04815811 -0.14279112 0.2957578
v -0.04683807 0.12898415 0.30259636
v -0.04953363 -0.10252171 0.31112728
v -0.05121505 -0.13128193 0.30049109
v -0.04933525 0.07990141 0.31786838
v -0.04820241 -0.04859505 0.32464164
v -0.04796045 0.29581776 -0.14309008
v -0.05127468 0.31660187 -0.08288289
v -0.05851686 0.32170728 -0.05010758
v -0.05254345 0.32442772 -0.03644265
v -0.04526135 0.32749385 0.01228533
v -0.06042722 0.32467338 0.02209244
v -0.02730132 -0.31994471 0.08228498
v -0.04926912 -0.31566551 0.08935961
v -0.0365101 -0.32406425 0.05768496
v -0.05015596 0.26354232 0.19520472
v -0.04997203 0.24650091 0.21535091
v -0.05796737 0.20137915 0.25452021
v -0.05184408 0.19014902 0.26476073
v -0.04752347 -0.17761259 0.27548596
v -0.04880647 0.09916642 0.31297833
v -0.04825857 0.04947526 0.32329804
v -0.05514571 -0.00692528 0.32565996
v -0.04974608 -0.02940966 0.32658133
v -0.05674817 0.00618123 0.32515264
v -0.04489781 0.18101691 -0.27275991
v -0.04442835 0.17610358 -0.27736729
v -0.05802889 0.18628374 -0.26641187
v -0.0652895 0.24423163 -0.21403337
v -0.06454584 0.27643657 -0.17125952
v -0.06335577 0.2890276 -0.15075739
v -0.06668676 0.30731246 -0.10637585
v -0.06369689 0.32026714 0.05268799
v -0.06684282 0.31540185 0.0740686
v -0.0646572 0.29828998 0.1314778
v -0.05102019 -0.26291555 0.19556895
v -0.06358228 -0.26510054 0.18911555
v -0.05632475 -0.27671993 0.17518322
v -0.05690947 0.27002487 0.18479191
v -0.06270679 0.25195864 0.20619784
v -0.04997203 0.24650091 0.21535091
v -0.06655363 -0.24944216 0.20757239
v -0.06243816 0.23302437 0.22632335
v -0.06175305 0.22097662 0.23776592
v -0.06516454 -0.17287324 0.27550387
v -0.06828708 0.12803198 0.29831439
v -0.06304883 0.26253209 -0.19223328
v -0.06576204 0.30915633 0.09993652
v -0.06826822 0.28756079 0.15245035
v -0.06720169 -0.23076636 0.22707257
v -0.06404159 -0.21554312 0.24273197
v -0.07344276 0.18117855 0.26583028
v -0.06668084 -0.19557205 0.25858402
v -0.04752347 -0.17761259 0.27548596
v -0.06516454 -0.17287324 0.27550387
v -0.04676327 -0.19219479 0.26500201
v -0.06205118 0.17359877 0.27486977
v -0.06924539 0.15834078 0.28322709
v -0.0676785 0.14241381 0.29224658
v -0.06593946 -0.14960572 0.2891694
v -0.07410699 -0.13193886 0.29612663
v -0.06848981 0.11396586 0.30375856
v -0.07304113 0.10721143 0.30496654
v -0.07057777 0.10150398 0.30816948
v -0.06226156 0.09583988 0.31176731
v -0.06739271 -0.0913161 0.31124356
v -0.0654876 -0.04690932 0.32173958
v -0.06525607 -0.06746952 0.3178778
v -0.06771001 0.03317243 0.32245851
v -0.0709468 0.02311042 0.32234141
v -0.05375382 0.16748919 -0.28178257
v -0.07477956 0.17671947 -0.27129564
v -0.07423335 0.31135929 -0.08518831
v -0.06940416 0.31627139 -0.06827049
v -0.06331577 0.32402173 -0.02183096
v -0.06740996 0.32398766 -0.00202456
v -0.06243816 0.23302437 0.22632335
v -0.07008835 -0.11917783 0.30183023
v -0.06574731 0.07439226 0.31619546
v -0.06449708 0.05170135 0.32051468
v -0.07309982 0.00588279 0.3213914
v -0.06415888 -0.02543608 0.32416084
v -0.06398619 0.2250503 -0.23397848
v -0.0711072 0.29712546 -0.13050701
v -0.06042722 0.32467338 0.02209244
v -0.0763126 0.2046144 0.24783941
v -0.08001909 0.0864853 0.31035554
v -0.06870885 0.31979656 -0.0505643
v -0.07644087 0.32030183 -0.0346855
v -0.07728797 0.28996113 0.14327121
v -0.07298459 0.27194121 0.17587829
v -0.07722476 0.26029861 0.19075373
v -0.07201919 0.12268536 -0.30048189
v -0.07920273 0.13980442 -0.29154682
v -0.05351161 0.14103329 -0.29636165
v -0.06866955 0.18626216 -0.2650528
v -0.07900619 0.19625865 -0.25200349
v -0.08365613 0.22929764 -0.22287145
v -0.07656604 0.23727171 -0.21752012
v -0.0841336 0.24774729 -0.20294395
v -0.0804863 0.25760078 -0.1922694
v -0.0802674 0.27203748 -0.17185622
v -0.07969315 0.28576109 -0.14876573
v -0.08065771 0.3205201 -0.02134548
v -0.08134741 0.32095182 -0.00214098
v -0.06740996 0.32398766 -0.00202456
v -0.08064522 0.32052511 0.01656132
v -0.07772934 0.3186056 0.04466024
v -0.08362307 0.30346692 0.10636057
v -0.05521966 -0.29976189 0.13422476
v -0.08058824 -0.29957002 0.11932746
v -0.06007417 -0.30841628 0.10737661
v -0.08282752 0.24631304 0.20528316
v -0.08419792 0.22488678 0.22709461
v -0.07971499 -0.20670089 0.24604215
v -0.08144853 -0.22125427 0.23246951
v -0.07868298 0.18677691 0.26080927
v -0.07843237 -0.19170964 0.25855598
v -0.0759408 0.14278205 0.28965881
v -0.07970393 -0.14045206 0.29061815
v -0.08689573 0.01195817 0.31806663
v -0.08385578 -0.00754805 0.31995043
v -0.08318796 0.30018771 -0.11374537
v -0.08032526 0.30644086 -0.09775503
v -0.08565149 0.29426739 0.12894706
v -0.08189837 0.28190807 0.15612727
v -0.08419792 0.22488678 0.22709461
v -0.0777427 0.21591625 0.2376999
v -0.07983956 -0.15666296 0.28190267
v -0.08405528 -0.1115597 0.30118248
v -0.08152841 -0.07962795 0.31090465
v -0.08561468 0.06156688 0.31419516
v -0.0799454 -0.05735767 0.31645185
v -0.08396336 -0.02084224 0.31986922
v -0.08455011 -0.04138175 0.31795427
v -0.09163935 0.2830008 -0.1472773
v -0.08721412 0.29294106 -0.12918295
v -0.07762035 0.31480068 -0.06726544
v -0.08134741 0.32095182 -0.00214098
v -0.08733799 0.30855072 0.08483375
v -0.08256622 -0.24315488 0.20896901
v -0.08805985 0.15750359 0.27706417
v -0.09494831 0.11247785 0.29694203
v -0.09692256 0.18211399 -0.26044184
v -0.06856833 0.20232297 -0.2506988
v -0.09149041 0.21045487 -0.236149
v -0.07701791 0.21375062 -0.23921357
v -0.09243973 0.2734383 -0.1630861
v -0.09507225 0.31345186 -0.05076926
v -0.09735146 0.30938792 0.06963773
v -0.09467055 0.18813424 0.25481567
v -0.09618451 -0.19556516 0.24985741
v -0.09041293 0.16898365 0.2695553
v -0.07892031 -0.17062289 0.27349862
v -0.09694068 -0.1786413 0.26235291
v -0.09283762 0.14291161 0.28352442
v -0.09420182 0.09871425 0.30260298
v -0.10107669 -0.09766625 0.29998308
v -0.09499612 0.04472105 0.31429729
v -0.09903678 0.01273536 0.31512511
v -0.08573563 0.19429964 -0.25284669
v -0.09659923 0.20272882 -0.23971531
v -0.09644777 0.2366143 -0.20949377
v -0.0964225 0.26090688 -0.18039449
v -0.0920104 0.29893121 -0.11140525
v -0.09631473 0.30702195 -0.08115684
v -0.09998886 0.31485757 -0.02775999
v -0.08330743 -0.2707538 0.17394869
v -0.10036092 -0.27256915 0.1619893
v -0.07772537 -0.2843312 0.15440746
v -0.09427752 0.27372992 0.1631346
v -0.09440032 0.26142716 0.18103854
v -0.09448229 0.20423178 0.24181192
v -0.09949144 -0.20987774 0.23650771
v -0.07983956 -0.15666296 0.28190267
v -0.09674259 -0.16301139 0.27296981
v -0.09839047 -0.14909956 0.28051654
v -0.09849365 -0.11770292 0.29483825
v -0.09692026 -0.07522801 0.30737013
v -0.10081135 -0.05973345 0.30973503
v -0.09964442 0.02565643 0.31442204
v -0.096642 0.24799278 -0.19666676
v -0.09351876 0.29256901 -0.12680584
v -0.09862796 0.30960655 -0.06671685
v -0.09998886 0.31485757 -0.02775999
v -0.10661611 0.31386882 -0.00216091
v -0.08065771 0.3205201 -0.02134548
v -0.09723428 0.31609938 0.01541133
v -0.09992891 0.31367072 0.0365573
v -0.10207552 0.31075528 0.05406133
v -0.09849614 0.29663548 0.11322411
v -0.10677531 0.28126499 0.14180097
v -0.09823517 -0.24422862 0.20120376
v -0.09794806 -0.25669965 0.1863068
v -0.08114666 -0.25647295 0.19393711
v -0.09765805 -0.22383749 0.22379503
v -0.09839047 -0.14909956 0.28051654
v -0.10502815 0.11261502 0.29377192
v -0.09576174 -0.13196379 0.28982475
v -0.09972791 0.07662556 0.30717045
v -0.10317676 0.19851802 -0.24279152
v -0.10889082 0.29891118 -0.0963994
v -0.10594371 0.30454084 0.08004574
v -0.10402898 0.29903746 0.10124202
v -0.10174074 0.15642139 0.27340719
v -0.10064849 0.13830411 0.28364465
v -0.1092077 0.01950228 0.31120542
v -0.10195209 -0.02354013 0.31438616
v -0.09753785 0.27071381 -0.16553034
v -0.10952491 0.28660738 0.12816697
v -0.11600094 0.27325752 0.1502552
v -0.11043349 0.20545396 0.23365791
v -0.10650153 0.10025515 0.29776934
v -0.10530356 0.04565116 0.3109155
v -0.1134196 -0.03752705 0.30927566
v -0.10445015 -0.00226833 0.31427729
v -0.11773708 0.20552589 -0.22909585
v -0.10161091 0.22031361 -0.2234547
v -0.11062918 0.27107811 -0.15716279
v -0.11049654 0.27991456 -0.14160883
v -0.1135141 0.30502445 -0.06619643
v -0.11498095 0.26590794 0.16273691
v -0.11325868 0.25421712 0.17998621
v -0.11471803 0.18984362 0.24492112
v -0.11231524 -0.19505662 0.24397659
v -0.1084581 0.17391643 0.25943461
v -0.11662517 -0.16982293 0.26105314
v -0.09576174 -0.13196379 0.28982475
v -0.11507802 -0.12571262 0.28546557
v -0.11538962 -0.14645833 0.27554822
v -0.11507802 -0.12571262 0.28546557
v -0.11910833 0.08145968 0.29887295
v -0.1099075 -0.09377137 0.29757047
v -0.11398729 0.24607091 -0.19043611
v -0.11242883 0.26049441 -0.17230482
v -0.11254191 0.28658721 -0.12589453
v -0.09862796 0.30960655 -0.06671685
v -0.11387691 0.30864921 -0.04413003
v -0.09507225 0.31345186 -0.05076926
v -0.11555384 0.31030819 0.01529795
v -0.11759593 0.29884365 0.08460046
v -0.09303341 0.2296413 0.21819746
v -0.11902278 0.21563287 0.21963005
v -0.11043349 0.20545396 0.23365791
v -0.11607189 -0.10555189 0.29209787
v -0.11516428 0.06267139 0.30458727
v -0.11689699 0.04255529 0.30730584
v -0.12317715 -0.0123333 0.3080937
v -0.12416296 0.22792064 -0.20539905
v -0.1216336 0.28856134 -0.11269347
v -0.12292512 0.2980665 -0.08159877
v -0.12582034 0.30674821 -0.01744822
v -0.11873088 0.30719745 0.03872793
v -0.11936419 0.30445269 0.05641058
v -0.11824519 0.28969875 0.11231899
v -0.12458379 -0.23626041 0.1967085
v -0.1130861 -0.25537351 0.17938624
v -0.1259867 0.23263876 0.19752692
v -0.11611532 -0.22814074 0.21080558
v -0.11417252 -0.20896253 0.23105007
v -0.11855683 0.14183027 0.27496958
v -0.12065294 0.12809636 0.28115135
v -0.122192 -0.05931201 0.30224094
v -0.12024166 0.01300894 0.3088764
v -0.124608 0.20049907 -0.23199672
v -0.12398502 0.29963833 0.07018961
v -0.12356549 0.09506151 0.29302147
v -0.12743647 0.26273322 -0.15789364
v -0.12823094 0.27034935 -0.14457041
v -0.11062918 0.27107811 -0.15716279
v -0.11049654 0.27991456 -0.14160883
v -0.1216336 0.28856134 -0.11269347
v -0.12941843 0.29100299 -0.09665794
v -0.10889082 0.29891118 -0.0963994
v -0.12292512 0.2980665 -0.08159877
v -0.12986289 0.29882511 -0.0662964
v -0.1135141 0.30502445 -0.06619643
v -0.12624778 0.30676407 0.00493985
v -0.12871337 0.27734244 0.13088873
v -0.12672099 0.26291531 0.15908164
v -0.13211478 0.2013305 0.22595225
v -0.12723726 0.16250712 0.25855619
v -0.12537971 0.11133719 0.28634149
v -0.12533066 -0.12668106 0.28074822
v -0.12903379 -0.07744377 0.29485977
v -0.13617611 0.20769693 -0.21822998
v -0.11242883 0.26049441 -0.17230482
v -0.11254191 0.28658721 -0.12589453
v -0.12937027 0.27945137 -0.1261315
v -0.13011684 0.30240235 -0.04502987
v -0.13274398 0.30281809 0.02517307
v -0.13581435 0.29782361 0.05350615
v -0.13211478 0.2013305 0.22595225
v -0.12890311 -0.20652077 0.22605507
v -0.12956226 -0.18878646 0.24091414
v -0.12533066 -0.12668106 0.28074822
v -0.12838981 0.24504516 -0.18259694
v -0.12838981 0.24504516 -0.18259694
v -0.13931809 0.26552239 0.14367418
v -0.13204761 0.24678198 0.17719914
v -0.14334105 0.19096498 0.2284164
v -0.12929071 -0.16481298 0.25851125
v -0.1380209 0.14210075 0.26571205
v -0.11607189 -0.10555189 0.29209787
v -0.13463536 -0.11855154 0.27902377
v -0.1370686 0.05564339 0.2969071
v -0.13504989 -0.03486652 0.3014017
v -0.14046286 0.23265606 -0.18924923
v -0.13207996 0.29602483 0.07028101
v -0.1431998 0.28239781 0.09948079
v -0.13657966 0.28046507 0.11422357
v -0.14546792 0.27331468 0.12066863
v -0.1382966 0.21467531 0.20927152
v -0.14238732 0.17370999 0.2426333
v -0.14144753 -0.14463101 0.26399875
v -0.13726801 0.12601386 0.27457699
v -0.13555557 -0.10082254 0.28513053
v -0.13555557 -0.10082254 0.28513053
v -0.14272611 0.08007267 0.28857383
v -0.14394581 -0.06010094 0.2928302
v -0.13531993 0.0324185 0.30117834
v -0.1386195 0.01803297 0.30107862
v -0.13867918 0.00231866 0.30177549
v -0.13846202 -0.01439708 0.30161479
v -0.14185728 0.24410608 -0.17302524
v -0.14305483 0.25871384 -0.15006003
v -0.1424996 0.27204388 -0.12734686
v -0.14214122 0.27941158 -0.11168686
v -0.14254643 0.28944245 -0.08116695
v -0.1421299 0.29731864 -0.04378628
v -0.14334559 0.29907045 -0.01920663
v -0.14874545 0.29651648 0.01507011
v -0.15160908 0.29347214 0.03471815
v -0.1439373 0.22903907 0.19030505
v -0.1426744 -0.20630251 0.21796326
v -0.1305393 -0.22516358 0.20588784
v -0.14355001 -0.19090773 0.23141539
v -0.14707944 -0.13325854 0.26597184
v -0.1423801 0.09985313 0.28273013
v -0.1280145 0.18234701 -0.24666238
v -0.13039353 0.16852373 -0.25602254
v -0.14388984 0.18327259 -0.23696962
v -0.14388984 0.18327259 -0.23696962
v -0.14565243 0.19755822 -0.22309202
v -0.1280145 0.18234701 -0.24666238
v -0.14613999 0.29438365 0.04370173
v -0.15619031 0.28097996 0.0819267
v -0.14709714 0.24585423 0.1671664
v -0.14316854 -0.22152509 0.20125569
v -0.14070956 -0.23431741 0.18779211
v -0.14589502 -0.17677674 0.24102491
v -0.14543582 0.15543798 0.25347382
v -0.14235184 -0.16406411 0.25201374
v -0.14344983 -0.087136 0.28563198
v -0.14718048 -0.04508409 0.29427844
v -0.14169817 0.16678014 -0.25080627
v -0.14537518 0.28292263 -0.09750325
v -0.14568925 0.29144588 -0.06640936
v -0.1464058 0.29809454 0.00216616
v -0.15218896 0.28830937 0.06088495
v -0.15089461 0.25645113 0.14744784
v -0.15308404 0.06556378 0.28674641
v -0.14767487 0.08690439 -0.28382376
v -0.15848623 0.10354059 -0.27226835
v -0.14191896 0.11431988 -0.27769294
v -0.14491048 0.15161887 -0.25835818
v -0.16062927 0.15434115 -0.24686755
v -0.15320803 0.20871632 0.20534883
v -0.15354705 0.12490032 0.26654598
v -0.15753715 -0.10144497 0.27348164
v -0.15668374 0.03390957 0.29067066
v -0.1584769 -0.02216049 0.2914764
v -0.15698247 0.16712162 -0.24080747
v -0.14046286 0.23265606 -0.18924923
v -0.15697753 0.23269379 -0.17464291
v -0.15896153 0.26273677 -0.12589443
v -0.15823554 0.27332631 -0.1036307
v -0.15868472 0.28034121 -0.0814218
v -0.15897873 0.28599724 -0.05799822
v -0.15870501 0.29007274 -0.03157052
v -0.159978 0.29106101 -0.00340025
v -0.15885268 0.26187789 0.12797777
v -0.15786427 -0.22304533 0.18724403
v -0.15945385 -0.20707101 0.20458181
v -0.14334105 0.19096498 0.2284164
v -0.15877408 -0.15951258 0.24483116
v -0.16201136 0.13915478 0.25395307
v -0.15643585 -0.11626156 0.26842171
v -0.1587467 0.10072138 0.27352995
v -0.14344983 -0.087136 0.28563198
v -0.15839165 0.00022976 0.2922847
v -0.15914485 0.2197185 -0.189256
v -0.16005474 0.2891959 0.02928128
v -0.16384973 0.23891915 0.16113496
v -0.16410375 0.18804263 0.21671985
v -0.15965731 -0.19119449 0.22031367
v -0.16540471 0.17310224 0.22833434
v -0.16475618 0.15626658 0.2412737
v -0.16351539 -0.14562738 0.24961592
v -0.16017655 0.07625362 0.28022861
v -0.16300084 -0.07550289 0.27871773
v -0.14388984 0.18327259 -0.23696962
v -0.16169627 0.18455525 -0.22399633
v -0.14565243 0.19755822 -0.22309202
v -0.1602851 0.24565294 -0.1525393
v -0.17180102 0.26672339 0.0968406
v -0.16062586 -0.17690217 0.23155737
v -0.1691335 -0.12497033 0.25675189
v -0.16300084 -0.07550289 0.27871773
v -0.16516677 -0.05829456 0.28220075
v -0.16696022 -0.04414981 0.28432658
v -0.17637713 0.20847067 -0.18668333
v -0.17460725 0.28251719 0.01127658
v -0.17196155 0.28027773 0.04494342
v -0.17159379 0.27555194 0.06877819
v -0.16944551 0.26192534 0.11262396
v -0.17069253 0.2515558 0.13244125
v -0.16299765 0.22945757 0.17455697
v -0.16561714 0.20125616 0.20311078
v -0.16770403 0.11144184 0.26408407
v -0.16877355 0.03677028 0.2834717
v -0.16929166 0.0177287 0.28526106
v -0.17002101 -0.00040959 0.28571981
v -0.17282379 0.19651997 -0.20360954
v -0.15735418 0.20627248 -0.20613056
v -0.17642641 0.22287928 -0.16800296
v -0.17337635 0.25985667 -0.11118715
v -0.17276171 0.2712273 -0.08139299
v -0.17838056 0.27762029 -0.03552633
v -0.17226237 0.27118826 0.08257373
v -0.1531433 -0.2663002 0.12727462
v -0.17683986 -0.25615996 0.11517226
v -0.15901721 -0.2690196 0.11345107
v -0.17634191 0.2393214 0.14580636
v -0.16393888 0.21761431 0.18739332
v -0.17430612 -0.16483787 0.23030396
v -0.17832762 0.12528488 0.25050262
v -0.17281611 -0.10580989 0.26264164
v -0.17333762 0.05428183 0.27742052
v -0.16331974 0.06233818 -0.28179997
v -0.17746317 0.06864535 -0.27128264
v -0.16615218 0.09344297 -0.27119574
v -0.17486276 0.24249612 -0.14063422
v -0.18177138 0.25955179 -0.09711071
v -0.17472735 0.27588132 -0.05862506
v -0.18130819 0.27801335 0.00540818
v -0.17528839 -0.20682006 0.19068179
v -0.17323759 -0.2215832 0.17414121
v -0.17832631 0.2031239 0.19005537
v -0.18256685 -0.15172829 0.23233418
v -0.17757876 0.09493968 0.26394457
v -0.16516677 -0.05829456 0.28220075
v -0.1761287 -0.06591916 0.27336568
v -0.17329901 -0.02566234 0.28261724
v -0.18169338 0.27738476 -0.01640699
v -0.17799793 0.27906165 0.02562009
v -0.17969491 0.27426389 0.05123359
v -0.17800863 0.21730323 0.17464603
v -0.17700753 -0.17636047 0.2194175
v -0.17649479 -0.19117486 0.20638406
v -0.18513221 0.14135531 0.23611441
v -0.18006355 -0.1321332 0.2457172
v -0.1817508 0.11129569 0.25465158
v -0.17631122 0.07919814 0.269521
v -0.18849267 0.26209286 -0.07393457
v -0.19035245 0.25131789 0.10222159
v -0.18423897 0.22070162 0.16347794
v -0.17931685 0.18856987 0.20354292
v -0.18486711 0.17087066 0.21462822
v -0.16540471 0.17310224 0.22833434
v -0.16475618 0.15626658 0.2412737
v -0.1874726 -0.11819932 0.24711873
v -0.18755934 0.04192134 0.27019984
v -0.16696022 -0.04414981 0.28432658
v -0.18472183 -0.04458192 0.27238289
v -0.18158941 0.00303077 0.27803892
v -0.17357324 0.18371017 -0.21526065
v -0.18829989 0.18220426 -0.20347103
v -0.18252082 0.24548946 -0.12579437
v -0.19108471 0.24562523 -0.11218546
v -0.18786965 0.26827645 -0.05038244
v -0.18766151 0.26078963 0.08211692
v -0.17492534 -0.26973802 0.08305259
v -0.1946878 -0.25531504 0.08190678
v -0.18319431 -0.26774809 0.06869888
v -0.19179158 -0.17785221 0.20453367
v -0.18839195 0.15491293 0.22406024
v -0.18990836 -0.08219995 0.25867274
v -0.18762822 0.07544829 0.26277921
v -0.18455289 0.01979806 0.27502355
v -0.1931892 -0.01394803 0.26955989
v -0.19329338 -0.02974819 0.26831162
v -0.17329901 -0.02566234 0.28261724
v -0.19329338 -0.02974819 0.26831162
v -0.19366112 0.19170557 -0.18840779
v -0.1915535 0.21870556 -0.15671414
v -0.19988388 0.21915746 -0.14556935
v -0.19146276 0.27031535 -0.01862103
v -0.1912668 0.27135378 0.00724698
v -0.19322465 0.26835445 0.03132868
v -0.19188738 0.26267883 0.06573964
v -0.19090924 0.23800978 0.12827101
v -0.19271262 0.22495946 0.14657383
v -0.19193824 0.188719 0.19170205
v -0.19206028 -0.09795785 0.25172719
v -0.19276202 0.20531176 -0.17324513
v -0.19921103 0.26364115 -0.02656176
v -0.19626345 0.20102011 0.17412487
v -0.19673197 -0.1506111 0.2212822
v -0.1894262 -0.16360807 0.21864302
v -0.19589671 -0.13243099 0.23305774
v -0.20114559 0.11079415 0.23952895
v -0.19919012 0.09523804 0.2477005
v -0.19729672 0.00157122 0.26664388
v -0.20456806 0.24360238 -0.0903549
v -0.20036808 0.26001024 0.05018562
v -0.20562135 0.17065635 0.19506888
v -0.20124294 0.12528069 0.23173581
v -0.20312729 0.08161421 0.24920462
v -0.19801658 0.06581818 0.25736725
v -0.20214902 -0.06253073 0.25484842
v -0.20042522 0.01803054 0.26319921
v -0.18869701 0.16409791 -0.2182508
v -0.20378338 0.16610174 -0.2020843
v -0.20543787 0.23358868 -0.11156942
v -0.20999096 0.24714826 -0.0655923
v -0.20094664 0.25872007 -0.04826069
v -0.20643196 0.2597723 -0.00311026
v -0.20764084 0.25844896 0.02037619
v -0.20556103 0.2466438 0.08238184
v -0.20975503 0.22052163 0.12901443
v -0.20973828 0.20117362 0.15768653
v -0.20402555 -0.16418393 0.20396957
v -0.20446539 0.15891816 0.20608798
v -0.18839195 0.15491293 0.22406024
v -0.20304002 -0.11520449 0.23543859
v -0.20950934 -0.04363841 0.25296387
v -0.18701334 0.14613912 -0.23200403
v -0.20037059 0.13305794 -0.22723392
v -0.2000204 0.1551799 -0.21421683
v -0.20603076 0.19368196 -0.17219494
v -0.20984271 0.20171115 -0.1573589
v -0.21223581 0.2348008 0.09739693
v -0.20316748 0.23589329 0.1121804
v -0.19151737 -0.23722477 0.12896666
v -0.20707631 -0.22565693 0.12525155
v -0.19168454 -0.24488783 0.11427402
v -0.21370931 0.17994097 0.17748436
v -0.20502613 -0.15107697 0.21309072
v -0.20547163 -0.08817997 0.24433403
v -0.20932564 0.24962731 -0.05678399
v -0.20660946 0.25724936 0.03850634
v -0.21415423 0.24626853 0.05996006
v -0.21590303 0.20409283 0.14502203
v -0.20909825 -0.17512523 0.18857715
v -0.2060509 -0.19184382 0.17501184
v -0.19289172 -0.19278751 0.18849263
v -0.21129556 -0.12023481 0.22560257
v -0.20909356 -0.1349005 0.21957104
v -0.21226792 0.05441801 0.24849446
v -0.21179417 0.03394846 0.25228363
v -0.21680917 0.2056978 -0.14143424
v -0.21815091 0.24676223 -0.03380916
v -0.21259636 0.09543566 0.23589328
v -0.22356398 0.00396736 0.24442306
v -0.19729672 0.00157122 0.26664388
v -0.22150232 -0.01259415 0.24597299
v -0.1931892 -0.01394803 0.26955989
v -0.20492022 0.2261336 -0.12675194
v -0.21961725 0.21409248 -0.12303369
v -0.22358964 0.22050256 -0.10293953
v -0.22141969 0.22751054 -0.0918081
v -0.21697362 0.23751535 -0.07530809
v -0.21801531 0.24276914 -0.05402509
v -0.21987575 0.24772282 -0.01513151
v -0.22051404 0.24800228 0.00491385
v -0.22051547 0.24511553 0.03786942
v -0.22149496 0.23758523 0.06607485
v -0.22198412 0.21801226 0.11238901
v -0.20576414 -0.2050963 0.15907834
v -0.21992069 -0.20264757 0.14200911
v -0.20438059 -0.21865927 0.14097013
v -0.22086389 0.18532531 0.16284926
v -0.22177659 0.15631452 0.19030082
v -0.22037104 0.14054236 0.20371646
v -0.20466079 0.14034915 0.21916193
v -0.20124294 0.12528069 0.23173581
v -0.22243701 0.11060691 0.21954128
v -0.20114559 0.11079415 0.23952895
v -0.22301657 -0.09201827 0.22683543
v -0.22210072 0.07505447 0.23423521
v -0.22113006 -0.02790788 0.24505648
v -0.21877947 -0.06388479 0.24002135
v -0.22150232 -0.01259415 0.24597299
v -0.2211456 0.11658578 -0.21726882
v -0.22832578 0.12562136 -0.20469236
v -0.21331282 0.14347361 -0.20743337
v -0.20501582 0.17988819 -0.18829741
v -0.21934099 0.16400068 -0.18559481
v -0.21567421 0.18269731 -0.17248295
v -0.2201547 0.23374988 0.08124524
v -0.20427823 -0.23971079 0.10174974
v -0.22332266 -0.22066437 0.1037026
v -0.21535608 -0.23598258 0.08393294
v -0.21969463 -0.19057103 0.15846945
v -0.22849168 -0.1275091 0.20435081
v -0.21839149 -0.1499985 0.2001199
v -0.21259636 0.09543566 0.23589328
v -0.22394305 0.18866259 -0.15370278
v -0.2246802 0.24349603 0.01916418
v -0.22963917 0.20143452 0.12722073
v -0.2268555 -0.15803552 0.18295418
v -0.21540497 -0.15750727 0.19679382
v -0.21226792 0.05441801 0.24849446
v -0.22619584 0.04405479 0.23768747
v -0.21179417 0.03394846 0.25228363
v -0.21331282 0.14347361 -0.20743337
v -0.23390639 0.14806917 -0.18136671
v -0.21956711 0.15111019 -0.19444279
v -0.23313929 0.19488485 -0.12972794
v -0.23021162 0.21985963 0.09045471
v -0.23338419 0.18477748 0.14556289
v -0.22945677 -0.16634706 0.17024991
v -0.22210072 0.07505447 0.23423521
v -0.229038 -0.04362393 0.23491092
v -0.22344491 0.0185892 0.24357298
v -0.22803068 0.0777581 -0.22706497
v -0.23962423 0.09511337 -0.20786048
v -0.22326316 0.09954417 -0.22306111
v -0.22666997 0.16076145 -0.17749828
v -0.22925821 0.215067 -0.1004824
v -0.23421143 0.22000089 -0.07808391
v -0.22327223 0.22620511 -0.08843288
v -0.23443833 0.22690047 -0.05556367
v -0.23570457 0.23110417 -0.02746659
v -0.23264769 0.23237443 0.04311399
v -0.2340824 -0.19626264 0.1269422
v -0.23221909 -0.20737983 0.11100502
v -0.21963751 -0.21074888 0.12984049
v -0.22614792 0.12540491 0.2077703
v -0.23729397 0.10864026 0.20488992
v -0.23750259 -0.09200503 0.21219091
v -0.23880064 -0.06483715 0.22028151
v -0.23575974 0.23312353 -0.00503095
v -0.2399224 0.21806952 0.06735022
v -0.23462313 0.17230992 0.15905681
v -0.22616826 0.16977996 0.17303762
v -0.2372783 0.15431979 0.1734425
v -0.22974196 0.09437659 0.21981218
v -0.24725962 0.07392038 -0.20706889
v -0.24346504 0.15391593 -0.16307043
v -0.24194784 0.17002895 -0.14751156
v -0.23722158 0.19812284 -0.11495706
v -0.24427883 0.19599377 -0.10530508
v -0.23578164 0.23259737 0.01876409
v -0.24312966 0.2032166 0.09521934
v -0.23664518 0.20221733 0.11226071
v -0.24819945 0.18746398 0.11483471
v -0.24208415 -0.19510511 0.11195698
v -0.2325699 -0.18558945 0.14465255
v -0.24084295 -0.18474472 0.13094783
v -0.24006519 -0.16606601 0.15670578
v -0.23697613 -0.17897925 0.14481576
v -0.24113645 -0.11834223 0.19506983
v -0.23859429 -0.13499999 0.18734439
v -0.24922583 0.11487399 -0.18691747
v -0.23797913 0.13374878 -0.18834415
v -0.23393431 0.17569916 -0.15124322
v -0.24833976 0.17748703 -0.12856862
v -0.23753205 0.18703197 -0.1315951
v -0.24385776 0.18668833 -0.12260772
v -0.24623954 0.16946343 0.14442343
v -0.24736173 0.15551578 0.15798804
v -0.25048289 -0.13239087 0.17379031
v -0.24107166 -0.14824137 0.17329662
v -0.24392992 0.12443262 0.18777835
v -0.2444979 0.09533897 0.20292532
v -0.24053274 -0.03102378 0.22545971
v -0.24322364 -0.04890198 0.21950309
v -0.24982128 0.18790561 -0.10986426
v -0.25281784 0.21161652 -0.03476007
v -0.25085789 0.2159313 -0.01923042
v -0.24918011 0.21788141 0.01949095
v -0.24479668 0.21918887 0.04354151
v -0.24550501 -0.18151924 0.12824883
v -0.24942657 0.07949548 0.20342526
v -0.24283797 0.06389124 0.21600977
v -0.25261387 0.04835957 0.20845304
v -0.23665166 0.05211372 0.22571212
v -0.24309431 0.03342127 0.22222383
v -0.25106505 0.19830017 -0.08434829
v -0.24651276 0.2131339 -0.05889517
v -0.25671971 0.20519526 0.04287132
v -0.25590679 -0.13913043 0.16045967
v -0.24736173 0.15551578 0.15798804
v -0.25560299 0.14015038 0.15954879
v -0.2372783 0.15431979 0.1734425
v -0.24486417 0.14112477 0.17442626
v -0.25213873 -0.03093428 0.21261257
v -0.25339425 0.1887642 -0.09914056
v -0.25628448 0.18942948 -0.08826157
v -0.25605193 0.198679 0.06820526
v -0.24635911 -0.19435777 0.1054889
v -0.25638837 -0.19323722 0.08224434
v -0.23896332 -0.21087335 0.08814483
v -0.26186231 0.17899261 0.09727518
v -0.25654832 -0.17773272 0.11193923
v -0.24178205 0.18646313 0.12908895
v -0.25528833 0.17020972 0.12731227
v -0.25394893 -0.1589205 0.1434879
v -0.25762513 -0.165123 0.12903109
v -0.25540093 0.06288551 0.201205
v -0.25903243 -0.05406218 0.19979727
v -0.2536287 -0.06707781 0.20265792
v -0.25816625 0.02580386 0.20545551
v -0.24925126 0.00657698 0.21785396
v -0.24151722 0.01739844 0.22559482
v -0.25537765 -0.19988669 0.0688441
v -0.25624779 -0.20441781 0.05147008
v -0.24569885 -0.21031713 0.07130616
v -0.25452888 0.09903006 0.18845876
v -0.26467139 0.1755733 -0.09743788
v -0.26168171 0.202434 -0.02181608
v -0.26204312 0.20324463 -0.00349524
v -0.25020224 0.21758911 0.00169258
v -0.2612668 0.20322743 0.02012271
v -0.25683665 0.15496792 0.14315756
v -0.26520088 0.00519652 0.19816007
v -0.26657623 0.1796246 -0.08192462
v -0.26735944 0.18251735 -0.06995849
v -0.27309784 0.18473051 -0.03480776
v -0.26757804 0.17903049 0.078414
v -0.25668564 0.19037823 0.08662143
v -0.27219129 -0.16265619 0.0997183
v -0.25668794 -0.1848847 0.09898115
v -0.26876223 -0.1538669 0.12166087
v -0.26781926 -0.13947505 0.14033969
v -0.26976883 0.04115488 0.18716288
v -0.25827652 0.13774103 -0.15680984
v -0.26999536 0.1323701 -0.14219038
v -0.2656481 0.14918879 -0.1334019
v -0.27430186 0.18546958 -0.01840486
v -0.26264384 0.16966705 0.11243725
v -0.2676352 0.1564983 0.12084727
v -0.27125269 0.0955267 0.16589595
v -0.27210912 0.07931291 0.1722388
v -0.26058659 0.08017784 0.1885884
v -0.27354169 -0.01882078 0.18622407
v -0.26183754 -0.01308007 0.20240501
v -0.26549426 0.16591926 -0.1126793
v -0.27982855 0.15392818 -0.09564002
v -0.2767038 0.17167255 -0.06484642
v -0.26585275 0.19106402 0.05037383
v -0.27724943 0.17174248 0.05975956
v -0.2676352 0.1564983 0.12084727
v -0.27341408 0.14005566 0.12820508
v -0.26565036 0.14043207 0.14268175
v -0.27286041 0.00756149 0.18728228
v -0.27656844 0.13832238 -0.12389361
v -0.27317411 0.12531768 0.14280935
v -0.27613345 0.06302261 0.17193319
v -0.27867004 0.04203143 0.17382948
v -0.26758039 -0.06022894 0.18696517
v -0.27433985 -0.04298175 0.18157117
v -0.27551666 -0.06583627 0.17354633
v -0.28474763 0.11694761 -0.12732562
v -0.28037399 0.15763454 0.08429901
v -0.28155753 0.124614 0.12666874
v -0.28151014 0.07951719 0.15714814
v -0.28519422 0.09611656 -0.14205903
v -0.28474763 0.11694761 -0.12732562
v -0.27760226 0.11401533 -0.14366063
v -0.2860634 0.05740434 0.15792297
v -0.2816208 -0.03034686 0.17258355
v -0.28540188 -0.05225499 0.1619852
v -0.28203329 -0.00995524 0.17375691
v -0.29027653 0.02804112 0.15759827
v -0.28759751 0.1072869 0.12893961
v -0.29298523 0.09383304 0.12666798
v -0.2860156 0.09295111 0.14211465
v -0.29323992 0.04827433 0.14768006
v -0.2945447 0.09137558 -0.12538247
v -0.28986612 0.12121511 -0.11154123
v -0.29044423 0.13091026 0.09691609
v -0.29851636 0.10923792 0.09756335
v -0.28888991 0.12178664 0.1123608
v -0.29828358 0.09641594 0.1107789
v -0.29286855 -0.08467381 0.13396603
v -0.30005747 -0.09036057 0.11251096
v -0.28675443 -0.11269079 0.127222
v -0.2979739 -0.06971257 -0.12501903
v -0.30300567 -0.0734543 -0.11154161
v -0.30403668 -0.07022879 -0.10895083
v -0.30103356 0.12869658 0.05828358
v -0.30335125 0.11512443 0.07245132
v -0.2933028 0.13488969 0.08094808
v -0.30251592 0.13569164 0.01794486
v -0.31098995 0.11419567 0.01950427
v -0.30038854 0.13679327 0.03974351
v -0.30568615 -0.08871447 0.09716045
v -0.31031603 -0.09058307 0.079482
v -0.30175111 -0.10885941 0.0903981
v -0.30553982 0.05276677 0.11796961
v -0.30661368 0.03303492 0.12206624
v -0.29994279 0.05630718 0.13103122
v -0.30444935 0.10725963 -0.08166445
v -0.31120285 0.09324002 -0.06973316
v -0.30634597 0.11383528 -0.06445186
v -0.32141694 0.08073498 -0.00321506
v -0.31858152 0.0907053 0.01725131
v -0.31690565 0.09780461 -0.0027661
v -0.31593505 0.03400387 0.09156881
v -0.32312879 0.00593668 0.06919702
v -0.31686774 0.01589376 0.09307013
v -0.32928592 0.03292572 -0.01882302
v -0.32970318 0.03275804 0.00571118
v -0.32715124 0.05133672 -0.00264724
v -0.32551354 0.06070467 0.01038181
v 0.23669828 0.16727637 -0.15972476
v 0.22375037 0.02228887 -0.24347219
v 0.21928644 -0.21407221 -0.12497883
v 0.21566607 0.01177437 -0.2516391
v 0.21935412 0.13806148 -0.20620295
v 0.21009347 -0.2119098 -0.14209715
v 0.21457992 -0.22681683 -0.11045657
v 0.19631243 -0.02092308 -0.26642418
v 0.19429305 -0.22785273 -0.14012304
v 0.19463268 -0.24403353 -0.11082204
v 0.20212741 -0.25688538 -0.05468607
v 0.19853646 0.04005218 -0.2623606
v 0.20429255 0.06118796 -0.25343135
v 0.19866131 -0.13498819 -0.22818287
v 0.19935438 -0.23250987 -0.12492836
v 0.19406466 0.05263182 -0.26228476
v 0.19510469 -0.26839226 -0.00082368
v 0.18880749 -0.12532985 -0.24013466
v 0.19463268 -0.24403353 -0.11082204
v 0.18924573 -0.26769227 -0.0488186
v 0.18850681 -0.24042922 0.12792306
v 0.18551242 0.13438374 -0.23953989
v 0.18456441 -0.13943401 -0.23687443
v 0.18461652 -0.16418764 -0.22039802
v 0.18184613 -0.22631581 -0.15886565
v 0.18432473 -0.26682037 -0.06686944
v 0.18065962 -0.00284071 -0.27885282
v 0.17755732 -0.09355318 -0.2635822
v 0.18146713 -0.24717884 -0.12520932
v 0.17550942 -0.24427047 -0.13851292
v 0.18399312 -0.27595642 -0.00068823
v 0.18373105 -0.27530959 0.01840491
v 0.17260477 -0.27429605 0.07228734
v 0.17899203 -0.02848023 -0.27780917
v 0.17832686 -0.05029336 -0.27486238
v 0.18551242 0.13438374 -0.23953989
v 0.16789778 -0.26393223 -0.10941187
v 0.16928867 -0.27947372 -0.05406806
v 0.1669741 0.01420838 -0.28734761
v 0.16410635 0.12843588 -0.25805965
v 0.15924752 -0.13897185 -0.25366193
v 0.16745855 -0.17926219 -0.22163714
v 0.16414902 -0.20816074 -0.19790575
v 0.17135981 -0.21343996 -0.18597396
v 0.16941799 -0.22615136 -0.17289981
v 0.17175287 -0.26893201 -0.08784844
v 0.16673401 -0.00895005 -0.28736997
v 0.16187035 -0.07520247 -0.27968788
v 0.16259275 -0.09540486 -0.27224106
v 0.17007793 -0.19301276 -0.20758836
v 0.16017652 -0.24367975 -0.15783638
v 0.16774569 -0.28343856 -0.03549311
v 0.16533922 -0.03749247 -0.28516537
v 0.16382152 -0.06237909 -0.28158727
v 0.16089076 -0.11287333 -0.26307514
v 0.15662211 -0.00470269 -0.29308268
v 0.15656702 0.05863761 -0.28675732
v 0.15631947 -0.12231147 -0.26258677
v 0.15362789 -0.20146358 -0.21222787
v 0.15636003 -0.2827881 -0.07024886
v 0.15643021 -0.29073596 0.03855745
v 0.15661828 -0.28840631 0.05349971
v 0.15858063 -0.26239574 0.12748399
v 0.15814528 -0.24360698 0.1590167
v 0.15272939 0.08610702 -0.28124166
v 0.14742091 -0.23166873 -0.18583111
v 0.15517703 -0.27428108 -0.10012461
v 0.14512728 -0.2964319 -0.02925779
v 0.15534957 -0.2833249 0.07886194
v 0.15160133 -0.02348057 -0.29429007
v 0.14842682 0.04114192 -0.29343015
v 0.15373132 0.03198248 -0.29274797
v 0.14689815 -0.0489103 -0.29318216
v 0.14744888 -0.09306605 -0.28151786
v 0.14742091 -0.23166873 -0.18583111
v 0.16941799 -0.22615136 -0.17289981
v 0.14501053 -0.24324101 -0.17307988
v 0.1499003 -0.29517406 -0.01791168
v 0.14981522 -0.2589246 0.14377914
v 0.15065904 0.04618552 -0.29222769
v 0.14219488 -0.06756429 -0.29189143
v 0.15246198 -0.21396305 -0.20089301
v 0.14239797 -0.28462645 -0.0883306
v 0.14018603 -0.13710795 -0.26553118
v 0.14185035 -0.27173442 -0.12552777
v 0.14185669 -0.29728249 0.04683404
v 0.14278626 -0.28677899 0.09057149
v 0.14566971 0.00889379 -0.29816052
v 0.14058675 -0.03755585 -0.29738954
v 0.14101166 0.10547856 -0.2810891
v 0.13892505 -0.27255666 0.13043919
v 0.13581431 0.02102903 -0.3018252
v 0.13489577 0.05831141 -0.29774439
v 0.12908125 -0.08575975 -0.29250124
v 0.13363104 -0.15305719 -0.26091257
v 0.13696468 -0.16788842 -0.24994253
v 0.13367712 -0.20074016 -0.22611684
v 0.13605276 0.19773331 -0.22713344
v 0.15246198 -0.21396305 -0.20089301
v 0.12855774 -0.22927555 -0.20158835
v 0.13891271 -0.30153242 -0.00174033
v 0.1322341 -0.03104931 -0.30210602
v 0.13223234 -0.0504423 -0.29914925
v 0.13201897 -0.09471565 -0.28775001
v 0.13367712 -0.20074016 -0.22611684
v 0.15362789 -0.20146358 -0.21222787
v 0.13966979 -0.21788369 -0.20553845
v 0.12716337 -0.2586346 -0.16476636
v 0.1292723 -0.26737386 -0.14748803
v 0.12297499 0.00201651 -0.30796796
v 0.12615983 -0.07416923 -0.29697073
v 0.12523228 -0.23975892 -0.19238472
v 0.12728809 -0.27547672 -0.13205071
v 0.12415681 -0.2841216 -0.11329238
v 0.115793 -0.29423538 -0.09401131
v 0.1206053 -0.29736513 -0.07849199
v 0.12725595 -0.3057982 -0.01494647
v 0.12608856 -0.30444011 0.04510924
v 0.12085241 -0.28901234 0.11347396
v 0.12788419 -0.27679652 0.13300718
v 0.13002679 -0.26398733 0.1539838
v 0.12029054 0.0153962 -0.30841839
v 0.11814872 0.1172761 -0.28750426
v 0.11994343 -0.10384131 -0.28742447
v 0.12219667 -0.18335162 -0.24676885
v 0.11891407 -0.24851802 -0.18578272
v 0.12159705 -0.3059465 -0.03411924
v 0.12435623 -0.30713093 0.02119584
v 0.11654682 0.05470358 -0.3058466
v 0.12401333 -0.06502744 -0.29957664
v 0.1210516 0.08983935 -0.29572615
v 0.1195849 -0.13465683 -0.2765446
v 0.11413432 -0.168144 -0.26113871
v 0.12012361 -0.20550416 -0.22954884
v 0.12012361 -0.20550416 -0.22954884
v 0.11758766 -0.01243048 -0.30969861
v 0.11719991 -0.0357465 -0.3078557
v 0.11873953 0.07416335 -0.30077279
v 0.11358514 -0.09570204 -0.29433897
v 0.11201645 -0.15012962 -0.27237773
v 0.11346848 -0.27084392 -0.1537804
v 0.10914028 -0.27611828 0.14936875
v 0.11653139 -0.23255207 -0.20545068
v 0.11249508 -0.26122811 -0.17096639
v 0.10585112 -0.28469446 -0.13026744
v 0.1107823 -0.30946082 0.0477582
v 0.11079205 -0.3046501 0.07349338
v 0.1068056 -0.28508529 0.13461129
v 0.10117964 0.01136845 -0.3151525
v 0.12029054 0.0153962 -0.30841839
v 0.12297499 0.00201651 -0.30796796
v 0.10812801 0.02548607 -0.31151342
v 0.1210516 0.08983935 -0.29572615
v 0.11873953 0.07416335 -0.30077279
v 0.10808349 0.09811606 -0.298134
v 0.12219667 -0.18335162 -0.24676885
v 0.10120867 -0.19662045 -0.24601005
v 0.10444947 -0.24272285 -0.20079964
v 0.10861482 -0.31224704 0.02709653
v 0.11654682 0.05470358 -0.3058466
v 0.112395 0.03202725 -0.31016663
v 0.09387352 0.04169892 -0.31526491
v 0.10316414 -0.06371041 -0.30773318
v 0.11200617 -0.07830787 -0.30070829
v 0.10085296 -0.09381176 -0.29949522
v 0.10200033 0.1309901 -0.28782856
v 0.09649282 -0.13717751 -0.28481603
v 0.09642031 -0.18600842 -0.25585634
v 0.09628422 -0.30012715 -0.09897337
v 0.10077202 -0.30670622 -0.07099179
v 0.09608594 -0.31680599 0.00785434
v 0.10206054 -0.28982359 0.1277308
v 0.09691288 -0.0105059 -0.31683153
v 0.11758766 -0.01243048 -0.30969861
v 0.10812801 0.02548607 -0.31151342
v 0.11719991 -0.0357465 -0.3078557
v 0.0970396 -0.02874844 -0.31544709
v 0.10149582 -0.04464011 -0.31189632
v 0.10149582 -0.04464011 -0.31189632
v 0.09615061 0.05786423 -0.31177369
v 0.1004773 -0.1256332 -0.28835839
v 0.10120867 -0.19662045 -0.24601005
v 0.09729185 -0.22762653 -0.21987036
v 0.09342185 -0.2671729 -0.17266937
v 0.09250285 -0.29309246 -0.12159749
v 0.09813379 -0.29561797 0.11692905
v 0.11200617 -0.07830787 -0.30070829
v 0.11358514 -0.09570204 -0.29433897
v 0.10085296 -0.09381176 -0.29949522
v 0.09037909 0.11338826 -0.29861051
v 0.09791843 0.18371101 -0.25820056
v 0.09662081 -0.21432179 -0.232797
v 0.09691427 -0.30985788 0.06816933
v 0.09776853 -0.30403244 0.09156368
v 0.10316414 -0.06371041 -0.30773318
v 0.09091926 -0.08722344 -0.30517367
v 0.09106443 -0.09975374 -0.30176482
v 0.08957402 -0.1546682 -0.27827632
v 0.08263408 -0.28145492 -0.15358847
v 0.09150287 -0.28429037 -0.14257839
v 0.08521563 -0.31774965 0.03770759
v 0.09389751 -0.31365064 0.0516776
v 0.09567959 -0.28770968 0.13695967
v 0.09062416 -0.27551547 0.16223361
v 0.08743349 0.02428547 -0.31839809
v 0.08997417 0.01939842 -0.31751251
v 0.08266265 -0.04311141 -0.31755719
v 0.08677456 -0.06736396 -0.31166536
v 0.08807509 0.14231475 -0.28689748
v 0.08593272 -0.1686496 -0.27117169
v 0.08285858 -0.30171776 0.11164125
v 0.08267295 -0.08813964 -0.30705887
v 0.08342166 -0.12060168 -0.29650572
v 0.07961805 -0.24231514 -0.2119996
v 0.0843268 -0.30712327 -0.08833892
v 0.08098643 -0.31363592 -0.06608542
v 0.07970855 -0.32055527 0.01971203
v 0.0826882 -0.28574017 0.14906417
v 0.08010752 -0.2740165 0.1699668
v 0.07316364 -0.02925699 -0.32167566
v 0.09037909 0.11338826 -0.29861051
v 0.08267295 -0.08813964 -0.30705887
v 0.07330994 0.12692724 -0.29796612
v 0.07945304 -0.14324236 -0.28730434
v 0.09649282 -0.13717751 -0.28481603
v 0.08957402 -0.1546682 -0.27827632
v 0.09642031 -0.18600842 -0.25585634
v 0.07715733 -0.29784098 -0.12307996
v 0.06996723 -0.3210324 -0.03692402
v 0.07811797 -0.32139999 -0.00121267
v 0.07921518 -0.31315482 0.07304219
v 0.07860293 -0.29384008 0.1346916
v 0.07157078 0.20974621 -0.24501239
v 0.06945581 -0.30904293 0.09791572
v 0.07419112 0.0131481 -0.32148665
v 0.0697429 -0.01638283 -0.32326534
v 0.06945421 0.03558346 -0.32222819
v 0.069939 -0.05861424 -0.31753278
v 0.09106443 -0.09975374 -0.30176482
v 0.07440153 -0.0920043 -0.30893674
v 0.07203437 -0.10814161 -0.30489436
v 0.07048651 0.10666759 -0.30583307
v 0.08342166 -0.12060168 -0.29650572
v 0.06404886 -0.13965489 -0.2932004
v 0.07183091 -0.1829015 -0.26581779
v 0.08593272 -0.1686496 -0.27117169
v 0.07154238 -0.30426356 -0.1092075
v 0.06660365 -0.319754 -0.05182435
v 0.06932451 0.12688495 -0.29879758
v 0.06864101 -0.15564102 -0.2835649
v 0.08593272 -0.1686496 -0.27117169
v 0.06691532 -0.16955699 -0.27578357
v 0.07183091 -0.1829015 -0.26581779
v 0.06801131 -0.29380554 -0.1374176
v 0.0631296 -0.31388578 -0.08415814
v 0.0617661 0.01798288 -0.32470918
v 0.06290445 0.06144485 -0.31947052
v 0.0568677 -0.04953395 -0.32192618
v 0.05729372 -0.07260817 -0.3167403
v 0.06045891 -0.07886813 -0.31434384
v 0.06932451 0.12688495 -0.29879758
v 0.06606977 -0.13037135 -0.29761511
v 0.06568451 -0.25159487 -0.20623058
v 0.06130641 -0.3144908 0.08311231
v 0.06207215 -0.30553806 0.1141323
v 0.05301018 -0.30247384 0.12755737
v 0.05409965 -0.1998423 -0.25791943
v 0.04665003 -0.29726532 -0.14073527
v 0.05928003 -0.31870744 -0.06574795
v 0.05391198 -0.32583228 -0.01866104
v 0.05065591 -0.32698941 0.00466627
v 0.05997272 -0.22082977 -0.23914671
v 0.04908296 -0.28753886 -0.15669957
v 0.05298452 -0.30273002 -0.12567557
v 0.04865552 0.04370517 -0.32497516
v 0.042217 0.02554372 -0.327849
v 0.05316545 -0.02948895 -0.32533598
v 0.05029986 0.11334234 -0.30748054
v 0.04844511 -0.09508331 -0.31330103
v 0.04564696 -0.13006327 -0.30249375
v 0.0433876 -0.14877184 -0.29478669
v 0.04974802 -0.18738215 -0.26768476
v 0.05015422 0.19226936 -0.26447648
v 0.04816957 -0.30897498 -0.11097641
v 0.04810648 -0.1123115 -0.30828199
v 0.04391143 0.16523091 -0.28393877
v 0.04974802 -0.18738215 -0.26768476
v 0.05092555 -0.31653982 -0.08271898
v 0.03984137 -0.04508585 -0.32489493
v 0.05029986 0.11334234 -0.30748054
v 0.04009368 -0.31416261 -0.09805356
v 0.04659782 -0.3217895 -0.06141526
v 0.03521824 -0.32739827 -0.03507783
v 0.0407939 -0.32432243 0.05101351
v 0.03912335 0.00609888 -0.32808083
v 0.03264077 -0.02448174 -0.32793915
v 0.03011055 -0.16456957 -0.28620875
v 0.04219577 -0.21563539 -0.24766262
v 0.03773225 -0.28223509 -0.16772988
v 0.0317799 -0.32926092 -0.01755547
v 0.03393431 0.03648733 -0.3278394
v 0.03121323 -0.11011657 -0.31103924
v 0.02530567 -0.13426369 -0.30388886
v 0.03029307 0.1508617 -0.29378644
v 0.03169791 -0.20165135 -0.26043975
v 0.02474494 -0.21978439 -0.24652532
v 0.02823248 -0.25711456 -0.20790642
v 0.03197726 -0.26657119 -0.19489679
v 0.03100277 -0.27684745 -0.17869239
v 0.03363099 -0.29689679 -0.14524902
v 0.03220929 -0.3047632 -0.12864032
v 0.0325543 -0.31892845 -0.08292145
v 0.03123545 -0.32968631 0.00550664
v 0.02436199 -0.3296476 0.02236386
v 0.03095493 -0.30523893 0.12951715
v 0.02289603 -0.09614421 -0.31573224
v 0.02940582 0.09341174 -0.31615552
v 0.02871563 0.11935637 -0.30773783
v 0.04225009 0.13106923 -0.3021307
v 0.03119089 0.18603224 -0.27204013
v 0.01983497 -0.18318623 -0.27533367
v 0.02585044 -0.29102099 -0.15695885
v 0.02940404 -0.31115681 -0.11159527
v 0.02999876 -0.32415041 -0.05928959
v 0.0245542 -0.32298449 0.06701916
v 0.04616993 -0.23175359 0.23084109
v 0.02602927 0.05316046 -0.32609183
v 0.01983497 -0.18318623 -0.27533367
v 0.0132487 0.01037142 -0.33040741
v 0.01044624 0.06938987 -0.32397497
v 0.01003976 0.0987642 -0.31584033
v 0.02512964 0.13599724 -0.30139339
v 0.02512964 0.13599724 -0.30139339
v 0.0159973 -0.15846124 -0.29450506
v 0.01787645 -0.25808349 0.20679943
v 0.01212547 0.02753525 -0.33032233
v 0.01841849 -0.06745069 -0.32146844
v 0.01409381 -0.08000483 -0.31978145
v 0.01624691 -0.23231262 -0.2354771
v 0.01760285 -0.24789822 -0.21933648
v 0.00928436 -0.26890934 -0.19396819
v 0.01495579 -0.29872814 -0.1452634
v 0.01599042 -0.30560347 -0.13013281
v 0.01989891 -0.31858382 -0.0885912
v 0.01777878 -0.33085784 0.00022059
v 0.01978316 -0.32773304 0.04136577
v 0.01428533 -0.29445547 0.15849735
v 0.00562429 0.15867831 -0.29040697
v 0.01526761 -0.16778226 -0.28613725
v 0.01455014 0.17912379 -0.27797201
v 0.01366884 -0.20135427 -0.26256233
v 0.00446378 -0.2763781 -0.1825235
v 0.0024597 -0.28151992 -0.17358735
v 0.00815793 -0.28856608 -0.16336469
v 0.01527472 -0.32610956 -0.05456734
v 0.01739739 -0.32979956 -0.02647706
v 0.01019325 0.04391994 -0.32883856
v 0.01013407 0.08100648 -0.32098845
v 0.00805601 0.12520888 -0.30660585
v 0.00457364 -0.12102551 -0.30915523
v 0.00329543 -0.14403662 -0.30163953
v 0.00197192 -0.31221056 -0.11232602
v 0.00202412 -0.3237198 0.06903777
v 0.00069891 -0.28847072 0.17042437
v 0.027765 -0.26733908 0.19445793
v 0.00187094 -0.02467884 -0.32837841
v 0.00336248 -0.06932718 -0.32175517
v 0.00608712 0.14532188 -0.2974323
v 0.00608712 0.14532188 -0.2974323
v 0.00488465 -0.22822528 -0.23988503
v -0.00397712 -0.26030782 -0.20590539
v -0.00566984 -0.31634679 -0.09862929
v 0.00102359 -0.2835601 0.17708236
v 0.01016538 -0.27562714 0.18580863
v 0.00890466 0.03797508 -0.32922447
v 0.00866958 0.02220297 -0.33036974
v 0.0082874 0.05804547 -0.3260715
v 0.00778775 0.07849997 -0.32145953
v -0.00240865 -0.08655285 -0.31846574
v -0.00097233 -0.21560089 -0.25141057
v -0.00139363 -0.24788108 -0.21991159
v 0.00162928 0.00958807 -0.3309803
v 0.00544814 0.12525155 -0.30624321
v -0.00428215 -0.15745026 -0.29560685
v -0.00434712 -0.16427495 -0.29104537
v 8.353E-05 -0.16921 -0.28548226
v -0.00083788 -0.18311314 -0.27630481
v -0.00185385 0.19476829 -0.26842105
v -0.00117286 -0.2032723 -0.26153031
v -0.00103004 -0.28555632 -0.16808259
v -0.00220044 -0.32689658 -0.0529623
v -0.00737615 -0.32074952 -0.08196514
v -3.232E-05 -0.33028013 -0.02566066
v -0.0025445 -0.33133602 0.0031387
v -0.00312011 -0.32972151 0.02936977
v -0.000238 0.03631806 -0.32990074
v 0.00101793 -0.01111518 -0.32974324
v -0.01572985 -0.06128129 -0.32239202
v 4.85E-05 0.09721218 -0.31644225
v -0.00373515 0.16978161 -0.28329185
v -0.00083788 -0.18311314 -0.27630481
v -0.00863339 0.17545888 -0.28074238
v -0.00614113 -0.23338346 -0.23478203
v -0.00733331 -0.29918 -0.14539486
v -0.00702313 -0.30638286 -0.1292301
v -0.00298583 -0.32716724 0.04930201
v -0.00178535 -0.31884363 0.09135775
v -0.00181887 -0.29526249 0.15926102
v -0.01205795 0.0170305 -0.33109894
v -0.00814157 -0.02611449 -0.32745463
v -0.02003938 -0.04713743 -0.32478863
v -0.00873381 0.12225738 -0.30782965
v -0.01614992 0.15234281 -0.29396811
v -0.00807128 -0.23804812 -0.22979367
v -0.01498818 0.05120695 -0.32761869
v -0.01485888 -0.00950952 -0.33024359
v -0.0167574 0.06953985 -0.32378787
v -0.01407779 0.09511144 -0.31709465
v -0.01873345 -0.06684557 -0.3215788
v -0.01891642 -0.09965366 -0.31461981
v -0.01573595 -0.12242921 -0.30818245
v -0.01676546 0.13454919 -0.30255923
v -0.02010481 -0.1844409 -0.27446005
v -0.02025708 0.19107053 -0.27030343
v -0.01807466 -0.22393514 -0.24258597
v -0.01122616 -0.24657151 -0.22195826
v -0.01304306 -0.29323992 -0.15546244
v -0.01355514 -0.31185541 -0.11218596
v -0.01579121 -0.33039013 0.01812916
v -0.01822552 -0.32771862 0.04396388
v -0.01778711 -0.32351169 0.06830637
v -0.01862232 -0.31599346 0.09948514
v -0.01374182 0.03575194 -0.32989785
v -0.01833443 -0.08457509 -0.3183068
v -0.01518419 -0.14037114 -0.30217776
v -0.01676546 0.13454919 -0.30255923
v -0.0193548 -0.16767327 -0.28547704
v -0.0177038 -0.19782622 -0.26489648
v -0.00117286 -0.2032723 -0.26153031
v -0.0177038 -0.19782622 -0.26489648
v -0.02085565 -0.21500547 -0.25072369
v -0.01747175 -0.27570415 -0.18279406
v -0.02211698 -0.28761634 -0.16330908
v -0.01868841 -0.32498649 -0.06103188
v -0.01598438 -0.30672532 0.13022868
v -0.0020553 -0.30103806 0.14748172
v -0.00181887 -0.29526249 0.15926102
v -0.01820781 -0.2930069 0.16124803
v 0.00069891 -0.28847072 0.17042437
v -0.02133559 -0.28351849 0.17480132
v -0.01680086 -0.02688767 -0.32782
v -0.02006564 -0.26897207 -0.19333646
v -0.01884769 -0.32871038 -0.03668807
v -0.01385275 -0.33056113 -0.01570204
v -0.01579171 -0.33091411 0.00146153
v -0.02226042 -0.29939705 0.14782229
v -0.02226042 -0.29939705 0.14782229
v -0.0231861 -0.03876228 -0.32508668
v -0.03382435 -0.15757477 -0.29152301
v -0.02649183 0.1794768 -0.27723792
v -0.02844733 -0.25492576 -0.21160868
v -0.02813042 -0.28151503 -0.17032455
v -0.02687577 -0.27827385 0.18089706
v -0.0283771 0.01004411 -0.33022192
v -0.03128005 -0.01380514 -0.32899159
v -0.03158382 -0.14752939 -0.29705215
v -0.02441547 -0.21630223 -0.24887584
v -0.0308379 -0.26115581 -0.2033475
v -0.03231875 -0.27715576 -0.17829527
v -0.03250692 -0.32871121 -0.02923561
v -0.0307863 -0.33000994 -0.00136719
v -0.03237111 -0.30736232 0.12377023
v -0.03302433 0.0315555 -0.32877594
v -0.03768122 -0.05940695 -0.32103953
v -0.03620289 -0.08112002 -0.31759465
v -0.03376298 0.11353153 -0.3099404
v -0.03249773 0.14330295 -0.29774299
v -0.03366584 -0.20204206 -0.25961858
v -0.03269503 -0.2295972 -0.23693714
v -0.02954903 -0.24375665 -0.22384909
v -0.03136752 -0.29855415 -0.14332689
v -0.03288464 -0.30620116 -0.12528609
v -0.03453225 -0.32439813 -0.0589214
v -0.03162909 -0.32938346 0.01880839
v -0.03470182 -0.28722274 0.16627127
v -0.03611054 0.05660226 -0.32483798
v -0.03337257 -0.03750335 -0.32562667
v -0.04308809 0.08582627 -0.31740704
v -0.03693812 -0.10870571 -0.31059137
v -0.04268366 0.12945533 -0.30301347
v -0.03249773 0.14330295 -0.29774299
v -0.03616891 -0.13216084 -0.30283985
v -0.0423779 0.15552101 -0.29052714
v -0.03472031 -0.16445063 -0.2856591
v -0.04361625 -0.26909205 -0.18943013
v -0.03620627 -0.29170477 -0.154745
v -0.03398042 -0.31767845 -0.08931167
v -0.03362407 -0.32766142 0.03535011
v -0.03506415 -0.31565309 0.09593244
v -0.03366584 -0.20204206 -0.25961858
v -0.04748726 -0.29220003 0.15326637
v -0.04743198 -0.03224127 -0.32546669
v -0.04201741 -0.05464166 -0.3208369
v -0.04619494 -0.1844558 -0.27028507
v -0.04421519 0.18897395 -0.26832816
v -0.04120821 -0.19325022 -0.26464978
v -0.03942058 -0.20133048 -0.25955865
v -0.04743529 -0.21248162 -0.24986659
v -0.0484303 -0.27727658 -0.17336924
v -0.04987703 -0.32720196 0.01613345
v -0.04676327 -0.19219479 0.26500201
v -0.04882823 0.00614748 -0.32752201
v -0.05053379 -0.01625565 -0.32663447
v -0.04833249 0.04398881 -0.32502678
v -0.05064172 0.10961347 -0.30914617
v -0.05171724 -0.08731658 -0.31423679
v -0.0500479 -0.13595344 -0.29899651
v -0.0423779 0.15552101 -0.29052714
v -0.04626326 0.20344929 -0.25680614
v -0.03942058 -0.20133048 -0.25955865
v -0.050409 -0.23297645 -0.23091172
v -0.05335816 -0.24466079 -0.21859318
v -0.04824553 -0.25562948 -0.20714308
v -0.04794407 -0.29985908 -0.13575827
v -0.04846015 -0.30595428 -0.12074271
v -0.04841696 -0.31620762 -0.08870176
v -0.05051685 -0.32714176 -0.0166242
v -0.0499302 -0.32761467 0.00144473
v -0.05158572 -0.32417691 0.04458565
v -0.05760803 0.02410648 -0.32535511
v -0.0493129 0.07005127 -0.32017589
v -0.04843219 -0.05098372 -0.32161841
v -0.05462889 -0.06247298 -0.31768918
v -0.05031201 -0.11503021 -0.30671501
v -0.06039984 -0.16565685 -0.27910554
v -0.05016501 -0.28218207 -0.16578615
v -0.05165705 -0.29132745 -0.15109102
v -0.05085998 -0.32032105 -0.0699672
v -0.05115355 -0.32526144 -0.03892393
v -0.04927206 -0.30707726 0.11766961
v -0.05521966 -0.29976189 0.13422476
v -0.06038737 -0.28426254 0.16221873
v -0.05731479 -0.15011753 -0.29031414
v -0.05027767 -0.18391849 -0.26948208
v -0.05910398 0.19314978 -0.26158494
v -0.05033927 -0.32016763 0.06867012
v -0.06750813 0.00846038 -0.32405281
v -0.0616418 -0.03544306 -0.32313067
v -0.06196242 -0.19755754 -0.25832802
v -0.04743529 -0.21248162 -0.24986659
v -0.06081519 -0.21207355 -0.24741019
v -0.06234087 -0.26243946 -0.1934901
v -0.06433269 -0.32118556 -0.05166887
v -0.06974772 0.04011934 -0.32128787
v -0.06310626 0.06348266 -0.31899339
v -0.06278126 -0.05706683 -0.31845576
v -0.06976897 -0.08006775 -0.31188926
v -0.06628019 0.09698258 -0.31020117
v -0.06438288 -0.09803503 -0.30915251
v -0.06576701 -0.13035478 -0.29778785
v -0.06438655 0.15384027 -0.28802878
v -0.06438655 0.15384027 -0.28802878
v -0.06081519 -0.21207355 -0.24741019
v -0.07069577 -0.25445193 -0.20181392
v -0.0650095 -0.29403263 -0.13990983
v -0.063884 -0.30039874 -0.1269381
v -0.06725036 -0.3071368 -0.10548716
v -0.06680935 -0.32461342 0.00659184
v -0.063737 -0.32357639 0.03152293
v -0.06384689 -0.29232764 0.14611286
v -0.07334817 -0.01328686 -0.32260281
v -0.06992798 -0.15930271 -0.28042373
v -0.06548379 -0.16554613 -0.27750319
v -0.07141322 -0.2265467 -0.23161533
v -0.07530389 -0.26495531 -0.18246096
v -0.06709129 -0.27273828 -0.17506745
v -0.06741055 -0.28393218 -0.15676206
v -0.0645924 -0.31428066 -0.08377048
v -0.07649308 -0.32067308 -0.03516593
v -0.06742463 -0.32382163 -0.02106504
v -0.06664956 -0.32029286 0.05170929
v -0.06466044 -0.3158319 0.07676099
v -0.07287557 -0.11380848 -0.3022545
v -0.0758647 -0.18058169 -0.26651776
v -0.07769424 -0.24218802 -0.2138927
v -0.07890161 -0.25965178 -0.19044559
v -0.07418427 -0.29131517 -0.13967942
v -0.06902047 -0.31681675 -0.06883063
v -0.08055384 0.08739035 -0.30964822
v -0.08016954 -0.06846345 -0.3124328
v -0.07496028 -0.07345197 -0.31142995
v -0.07742251 -0.13455203 -0.29243422
v -0.07961686 0.16163792 -0.28017747
v -0.08868968 0.02128641 -0.31845516
v -0.0808679 -0.03182646 -0.31949279
v -0.08236302 0.06499407 -0.31425536
v -0.07957106 -0.05083573 -0.31696272
v -0.08442629 0.10521346 -0.30339867
v -0.08048082 -0.19468419 -0.25557858
v -0.0810432 -0.21175569 -0.24154212
v -0.08303033 -0.28305426 -0.15109374
v -0.08102518 -0.29477924 -0.12870187
v -0.08183663 -0.31695408 -0.05201361
v -0.08401257 -0.32062697 -0.00145233
v -0.08294445 -0.32030746 0.01860497
v -0.08072792 -0.31609216 0.0582166
v -0.0812013 -0.30663401 0.09709546
v -0.0842438 -0.30959794 0.08325924
v -0.08505038 -0.10088255 -0.30302295
v -0.08365871 -0.1429534 -0.28592247
v -0.08702239 -0.16274375 -0.27419966
v -0.0810432 -0.21175569 -0.24154212
v -0.08311917 -0.26397875 -0.18163043
v -0.08721502 -0.29921669 -0.11242803
v -0.08490705 -0.30463734 -0.09797868
v -0.08898653 -0.31240571 -0.06462479
v -0.08364017 -0.31839091 0.0373146
v -0.07889104 -0.29143816 0.13982536
v -0.09072586 -0.11784145 -0.29535198
v -0.07961686 0.16163792 -0.28017747
v -0.0944889 -0.26804087 -0.17081635
v -0.09778054 -0.31595534 -0.02167024
v -0.08058824 -0.29957002 0.11932746
v -0.09472191 0.00653028 -0.31739166
v -0.09535356 0.04586078 -0.31406868
v -0.09355769 -0.04758986 -0.31413063
v -0.09674832 -0.08446702 -0.30302778
v -0.08992337 -0.14107037 -0.28408521
v -0.09400908 0.16767132 -0.27207804
v -0.08848864 -0.30851674 -0.08062483
v -0.09727161 -0.29145938 0.12707922
v -0.09501742 -0.06570546 -0.30992821
v -0.10331178 0.12122522 -0.29210034
v -0.09480901 0.13669308 -0.28851378
v -0.09701179 0.15568979 -0.2785047
v -0.09400908 0.16767132 -0.27207804
v -0.09452288 -0.18066862 -0.26083261
v -0.09466112 -0.2120285 -0.23647381
v -0.09466112 -0.2120285 -0.23647381
v -0.09777689 -0.22680166 -0.22192891
v -0.09328884 -0.24091296 -0.20889451
v -0.09838765 -0.24550441 -0.20065898
v -0.09750953 -0.28468531 -0.13962334
v -0.0967577 -0.31377202 -0.04506243
v -0.09924608 -0.31553096 0.02062309
v -0.10144466 -0.29893747 0.10369845
v -0.09763713 -0.28476799 0.14150052
v -0.09971251 -0.02409157 -0.31507483
v -0.10445843 -0.07751425 -0.30377212
v -0.10431692 -0.11934504 -0.28944415
v -0.09854837 -0.19589116 -0.2482041
v -0.09500244 -0.25258365 -0.192366
v -0.10664332 -0.26894021 -0.16266361
v -0.09787846 -0.29105681 -0.12513541
v -0.10796914 -0.30920085 0.052818
v -0.09847025 0.08127578 -0.30618683
v -0.10722285 0.06659383 -0.30683869
v -0.10984977 0.10072716 -0.29668474
v -0.1036111 -0.10304117 -0.29574317
v -0.10751957 -0.30663827 0.06676494
v -0.11293393 -0.30059963 0.08490346
v -0.10144466 -0.29893747 0.10369845
v -0.10976472 -0.04634952 -0.30934975
v -0.10441086 -0.08802629 -0.29954848
v -0.1049006 -0.12417788 -0.28615874
v -0.10903157 0.13931683 -0.28231919
v -0.10936987 -0.14411332 -0.27606222
v -0.11138505 -0.16182105 -0.26610979
v -0.10929822 -0.29643121 -0.09935066
v -0.10623825 -0.30302915 -0.08097745
v -0.11191445 -0.3122291 -0.00131144
v -0.10935611 -0.31153297 0.03086053
v -0.11041746 -0.00067364 -0.31250015
v -0.11199433 0.02367242 -0.31117672
v -0.11251488 0.04471546 -0.30884093
v -0.11052877 -0.06155841 -0.30624101
v -0.11317712 0.1515885 -0.27448049
v -0.11427309 0.17058477 -0.26250637
v -0.11427309 0.17058477 -0.26250637
v -0.1086965 -0.18066324 -0.25523725
v -0.11229108 -0.20064713 -0.23835036
v -0.09777689 -0.22680166 -0.22192891
v -0.10893846 -0.22674185 -0.21639356
v -0.11429502 -0.27810991 0.14180982
v -0.11143707 0.18728082 -0.2502242
v -0.12029746 -0.2301452 -0.20586042
v -0.11588214 -0.23809941 -0.19820467
v -0.10829193 -0.24864893 -0.19116098
v -0.11203111 -0.25814041 -0.17609704
v -0.12097819 -0.28725654 -0.11319523
v -0.11412489 -0.30419624 -0.06478681
v -0.12425642 -0.3034327 -0.0510309
v -0.12506142 -0.30555335 -0.03435158
v -0.12540123 -0.28435564 0.11897384
v -0.12025158 -0.02820727 -0.3076598
v -0.12348101 0.07776088 -0.29789156
v -0.12028286 -0.09515389 -0.29076597
v -0.11860022 -0.11376608 -0.28412241
v -0.12350449 -0.1672392 -0.25755444
v -0.12194632 -0.21246062 -0.22294226
v -0.10893846 -0.22674185 -0.21639356
v -0.12234426 -0.27406642 -0.14228529
v -0.12613998 -0.28052086 -0.12542994
v -0.11293393 -0.30059963 0.08490346
v -0.11688305 -0.29379672 0.10259732
v -0.12704258 -0.01441403 -0.30597532
v -0.13061255 -0.1008625 -0.28326187
v -0.12986152 -0.12836629 -0.27400509
v -0.13007209 -0.30570716 0.01799008
v -0.11635283 -0.26645321 0.16095115
v -0.12725541 0.02944564 -0.30494243
v -0.12447318 0.00774852 -0.30726632
v -0.12457804 0.04774754 -0.30384484
v -0.12271298 -0.05343165 -0.30339459
v -0.13264868 -0.07296078 -0.29502007
v -0.12565999 -0.08433579 -0.29419541
v -0.1291571 0.10701117 -0.28662202
v -0.13023622 0.12602907 -0.27902624
v -0.12769876 0.1479362 -0.26982668
v -0.12758343 -0.15014912 -0.26526695
v -0.133202 -0.17790256 -0.24544635
v -0.12194632 -0.21246062 -0.22294226
v -0.12771596 -0.24484491 -0.18417017
v -0.13283981 -0.25125718 -0.17206982
v -0.1286478 -0.29304579 -0.08666193
v -0.12995058 -0.29732499 -0.06824263
v -0.13044487 -0.30489126 -0.02183978
v -0.1280535 -0.30464935 0.03687164
v -0.12951834 -0.30196351 0.05147792
v -0.12894985 -0.29903209 0.0672994
v -0.13114774 0.061404 -0.29850379
v -0.1322346 -0.09537738 -0.28654492
v -0.13120764 -0.19615355 -0.23221043
v -0.13272227 -0.26030278 -0.1582869
v -0.12894985 -0.29903209 0.0672994
v -0.13337211 -0.29418311 0.07872929
v -0.127684 -0.29086381 0.09802211
v -0.13111635 -0.27780956 0.12760097
v -0.13297769 -0.26803374 0.14520836
v -0.13017713 -0.25173131 0.1730094
v -0.13590392 -0.22666807 -0.19788335
v -0.13195828 -0.23308435 -0.19464949
v -0.13248654 -0.30510101 -0.00064632
v -0.14122871 0.02168074 -0.29948092
v -0.14235498 0.00083171 -0.2996847
v -0.14158344 -0.03064196 -0.29821914
v -0.13971229 0.07976578 -0.29005197
v -0.13290328 -0.22339 -0.20469788
v -0.13690202 -0.26940668 -0.13825046
v -0.14109892 0.04281174 -0.2973648
v -0.14275411 -0.05235413 -0.29453865
v -0.14285725 -0.09793272 -0.28049114
v -0.14343011 -0.10116006 -0.27730796
v -0.1409868 0.13407202 -0.26978776
v -0.1411529 -0.15264577 -0.25686857
v -0.14273241 -0.16391064 -0.24943207
v -0.14990486 -0.2006965 -0.21592997
v -0.14990486 -0.2006965 -0.21592997
v -0.14729956 -0.23343936 -0.18389943
v -0.14217791 -0.27792907 -0.11336069
v -0.13945088 -0.29945505 -0.03395768
v -0.14706045 -0.08715463 -0.28340587
v -0.14320853 -0.1308718 -0.26618075
v -0.15581885 -0.20655815 -0.20543914
v -0.14231093 -0.28373921 -0.09633392
v -0.14984585 -0.2841731 -0.08275322
v -0.14470305 -0.2940689 -0.05216705
v -0.14591868 -0.29700661 0.03509149
v -0.14615385 -0.28301266 0.09568918
v -0.14554664 -0.27680776 0.11303922
v -0.1463822 -0.25887778 0.14771348
v -0.15199789 -0.02039462 -0.2940706
v -0.15428551 0.05624186 -0.2882674
v -0.14957684 -0.18276212 -0.23168762
v -0.12416296 0.22792064 -0.20539905
v -0.13617611 0.20769693 -0.21822998
v -0.15426499 -0.24681526 -0.15964332
v -0.14902294 -0.26017147 -0.14313868
v -0.14892563 -0.26958984 -0.12468174
v -0.14899337 -0.28887635 -0.06616046
v -0.14443666 -0.29861003 -0.01823968
v -0.15339211 -0.29502457 0.00227884
v -0.14651333 -0.29828146 0.01888093
v -0.14591868 -0.29700661 0.03509149
v -0.12951834 -0.30196351 0.05147792
v -0.14598975 -0.29330975 0.05749165
v -0.15543137 -0.06015113 -0.28656435
v -0.1571757 0.12785611 -0.26316673
v -0.15305318 -0.13765559 -0.25715554
v -0.16071503 -0.21004084 -0.19766705
v -0.13195828 -0.23308435 -0.19464949
v -0.14729956 -0.23343936 -0.18389943
v -0.15450297 -0.28294384 0.08106451
v -0.15448879 -0.23712267 0.17199358
v -0.16294594 0.03259794 -0.28732401
v -0.16520603 -0.03046943 -0.28607693
v -0.15712875 -0.07684935 -0.28138402
v -0.15519246 -0.10002135 -0.27188545
v -0.15580115 -0.11125594 -0.26637933
v -0.16177252 0.14207615 -0.25320807
v -0.15960358 -0.1550512 -0.24404034
v -0.15979092 -0.16515468 -0.23760313
v -0.16012219 -0.20848638 -0.19924715
v -0.13590392 -0.22666807 -0.19788335
v -0.15846568 -0.23471929 -0.17249909
v -0.15464363 -0.27239546 -0.11013502
v -0.157831 -0.29085979 -0.02698544
v -0.16005968 -0.24218087 0.15921469
v -0.1627979 0.01272488 -0.28882733
v -0.16741078 -0.00822708 -0.28646839
v -0.16370422 -0.09116936 -0.27199349
v -0.16012219 -0.20848638 -0.19924715
v -0.15857293 -0.28686965 -0.05049808
v -0.16238792 -0.28908426 0.02153365
v -0.16075087 -0.28597915 0.05290686
v -0.16107902 -0.28360331 0.06394384
v -0.16525485 -0.10430181 -0.26460803
v -0.16355357 -0.12028325 -0.25741833
v -0.16169627 0.18455525 -0.22399633
v -0.16545069 -0.18410584 -0.21875985
v -0.16540869 -0.23878787 -0.16003853
v -0.16119738 -0.25861487 -0.13225275
v -0.16913247 -0.26837218 -0.09753014
v -0.16238792 -0.28908426 0.02153365
v -0.16651514 -0.28466356 0.03827112
v -0.1603002 -0.25412917 0.14058957
v -0.17018548 -0.06646743 -0.27633023
v -0.17091158 -0.09447678 -0.26529971
v -0.171839 -0.14006405 -0.24282186
v -0.17032741 -0.15024081 -0.23906153
v -0.17372017 0.16478112 -0.23025531
v -0.15581885 -0.20655815 -0.20543914
v -0.16923465 -0.21583723 -0.18485266
v -0.17105703 -0.24617468 -0.14220273
v -0.17581241 -0.25806445 -0.11303464
v -0.17303653 -0.27047935 -0.08329587
v -0.17115657 -0.27585942 -0.06639887
v -0.1692069 -0.26876894 0.09779637
v -0.17094235 -0.04573507 -0.28028288
v -0.17416106 0.10980131 -0.25966719
v -0.17397414 0.12219016 -0.25406456
v -0.17823693 0.12514062 -0.25002521
v -0.17362994 -0.12224043 -0.25114015
v -0.16923465 -0.21583723 -0.18485266
v -0.17414173 -0.2516644 0.12792787
v -0.17922357 -0.24016082 0.14044642
v -0.17878233 0.04799477 -0.2749559
v -0.17711158 -0.07485155 -0.2691716
v -0.17668155 -0.16868773 -0.22168832
v -0.17920928 -0.18509275 -0.20592402
v -0.17885269 -0.21888885 -0.17196713
v -0.18389617 -0.2704432 -0.05413128
v -0.17401062 -0.28008801 -0.03512568
v -0.17349477 -0.28238267 -0.01627729
v -0.1857975 -0.27487063 0.00145099
v -0.17631541 -0.2772626 0.04615486
v -0.17975488 0.01157289 -0.27854559
v -0.19230269 -0.08170176 -0.25559726
v -0.18194634 -0.09394847 -0.25824985
v -0.17938118 -0.17759915 -0.21193019
v -0.18225899 -0.22731793 -0.1574406
v -0.17945886 -0.24865045 -0.1271497
v -0.18606117 -0.25598514 0.099741
v -0.1899801 0.03648099 -0.2692059
v -0.19207004 -0.03080813 -0.26851207
v -0.19023286 -0.04964571 -0.26657817
v -0.18814395 -0.08885035 -0.25530815
v -0.17783567 -0.15790319 -0.22801684
v -0.17372017 0.16478112 -0.23025531
v -0.18964721 -0.19206358 -0.19050591
v -0.18806735 -0.23385285 -0.14067538
v -0.18983606 -0.27110118 0.01992335
v -0.189648 -0.22054717 0.15728197
v -0.18713741 -0.0147017 -0.2734592
v -0.18795057 0.08426041 -0.25944799
v -0.18715012 -0.11785645 -0.24485439
v -0.18847834 0.128601 -0.24049608
v -0.18306594 -0.14632246 -0.23230027
v -0.18834154 -0.15737793 -0.22092356
v -0.17885269 -0.21888885 -0.17196713
v -0.18544389 -0.25715604 -0.09735032
v -0.19247413 -0.26841643 -0.03301986
v -0.19136329 -0.27095848 -0.01656145
v -0.1857975 -0.27487063 0.00145099
v -0.19030002 -0.20710163 0.17478049
v -0.19517784 0.02332643 -0.26699069
v -0.19967732 -0.06502055 -0.25544918
v -0.19181402 0.11800765 -0.24227129
v -0.18869701 0.16409791 -0.2182508
v -0.19794419 -0.19859549 -0.17500807
v -0.18865402 -0.24952452 -0.11043399
v -0.19373739 -0.25879765 -0.07173327
v -0.19387037 -0.26328397 0.05241181
v -0.19843398 0.00348567 -0.2657184
v -0.20027104 0.05319862 -0.25871888
v -0.19748288 0.09646998 -0.24767247
v -0.20131011 -0.08628099 -0.2468738
v -0.19934709 -0.10053433 -0.2434146
v -0.19296931 -0.13967091 -0.22895442
v -0.20011462 -0.16321462 -0.20621477
v -0.19634271 -0.23575017 -0.12510985
v -0.20422532 -0.25943378 0.03092117
v -0.20481771 0.0693709 -0.25109646
v -0.19794419 -0.19859549 -0.17500807
v -0.20679873 -0.20356092 -0.15828851
v -0.20132424 -0.23714653 -0.11342165
v -0.20276752 -0.24510871 -0.09129964
v -0.20409341 -0.01276201 -0.26085439
v -0.20603174 -0.11779565 -0.23049535
v -0.20245004 0.12211721 -0.23143943
v -0.2000204 0.1551799 -0.21421683
v -0.20513456 -0.2558738 -0.04967902
v -0.19136329 -0.27095848 -0.01656145
v -0.20830366 -0.25873464 0.00051523
v -0.20676294 0.02492701 -0.25788924
v -0.20593077 -0.08059474 -0.24441558
v -0.20963922 -0.17126067 -0.18946257
v -0.2095937 -0.17962441 -0.18154795
v -0.19247413 -0.26841643 -0.03301986
v -0.20859893 -0.25757015 -0.02057387
v -0.2079481 -0.25845101 0.01300459
v -0.21738665 -0.2441396 0.05164662
v -0.20466079 0.14034915 0.21916193
v -0.20874003 -0.04669131 -0.25257933
v -0.21155189 0.08559942 -0.2400091
v -0.2133774 0.10558139 -0.22968449
v -0.20975384 0.14687915 -0.20971726
v -0.20778349 -0.14039512 -0.21607186
v -0.20936075 -0.18973671 -0.1714986
v -0.21907136 -0.20317407 -0.14151309
v -0.21631944 -0.24203052 -0.0652066
v -0.21621664 -0.24961339 -0.0334474
v -0.20859893 -0.25757015 -0.02057387
v -0.21130627 -0.03191731 -0.25290054
v -0.21736145 -0.09361551 -0.23098683
v -0.20975384 0.14687915 -0.20971726
v -0.20936075 -0.18973671 -0.1714986
v -0.22081387 -0.22647086 -0.09567477
v -0.21888599 0.02863488 -0.24710223
v -0.21455605 0.0048565 -0.2525048
v -0.21952382 -0.01477233 -0.24746463
v -0.21826932 0.04426173 -0.24533664
v -0.21938172 -0.06171988 -0.2389024
v -0.21982162 -0.07836352 -0.2337988
v -0.21802551 -0.12203473 -0.21749443
v -0.21921015 -0.13958764 -0.20580277
v -0.22406687 -0.15409268 -0.18953514
v -0.22220255 -0.21007083 -0.12547112
v -0.22003749 -0.21930121 -0.11241078
v -0.21753579 -0.23554142 -0.08088993
v -0.22090772 -0.24628095 0.02476604
v -0.22220048 -0.24250382 0.03938342
v -0.22080715 -0.17519173 0.17383306
v -0.20466079 0.14034915 0.21916193
v -0.22092542 0.06310541 -0.2387494
v -0.21920659 -0.0743047 -0.2342878
v -0.22187722 -0.24133663 -0.04898935
v -0.22039111 -0.24753752 -0.01921551
v -0.21621664 -0.24961339 -0.0334474
v -0.22431383 -0.24467632 0.00524767
v -0.22344491 0.0185892 0.24357298
v -0.22435088 0.00831634 -0.24351905
v -0.2267264 -0.02030693 -0.24029765
v -0.22599772 -0.04482377 -0.23705101
v -0.23220567 -0.06109542 -0.22653811
v -0.22440811 -0.10287233 -0.22041814
v -0.22333674 -0.17069314 -0.17465524
v -0.22795929 -0.18114379 -0.15684144
v -0.22795929 -0.18114379 -0.15684144
v -0.22669624 -0.22893383 0.07224704
v -0.22037104 0.14054236 0.20371646
v -0.23404391 -0.07000892 -0.22115229
v -0.23251314 -0.08577735 -0.2190672
v -0.22941743 -0.12818199 -0.20216158
v -0.22533034 0.17136472 -0.1702531
v -0.23174562 -0.22684084 -0.06627895
v -0.2360772 0.04896955 -0.22691527
v -0.23496343 0.02650864 -0.23160371
v -0.23540927 0.10777373 -0.20717207
v -0.23399954 -0.11214868 -0.20592561
v -0.23797913 0.13374878 -0.18834415
v -0.22832578 0.12562136 -0.20469236
v -0.23292963 -0.13812961 -0.19157684
v -0.23127866 0.18198313 -0.14956966
v -0.23763891 -0.20052288 -0.11257283
v -0.23374878 -0.23030271 -0.04636586
v -0.23483734 -0.23363596 -0.01785061
v -0.2343349 -0.22320741 0.06853738
v -0.23463607 0.14095868 0.18770508
v -0.23450193 -0.07425684 -0.22029904
v -0.24078935 -0.08922808 -0.20853961
v -0.23478673 -0.16419192 -0.16629601
v -0.23810035 -0.18241458 -0.14038521
v -0.24105392 -0.18832579 -0.12667881
v -0.23513563 0.20043118 -0.11621708
v -0.23854375 -0.20681991 -0.09787928
v -0.23797354 -0.2160091 -0.07771474
v -0.23374878 -0.23030271 -0.04636586
v -0.22187722 -0.24133663 -0.04898935
v -0.24023965 -0.22868215 0.00461621
v -0.23921582 -0.22640468 0.03695685
v -0.24098091 -0.22143182 0.05182868
v -0.23463607 0.14095868 0.18770508
v -0.23606925 0.07885026 0.21899611
v -0.24151462 0.00985201 -0.22591321
v -0.24177964 -0.00385105 -0.22578235
v -0.24164742 -0.0211918 -0.22473653
v -0.24501656 -0.03876036 -0.21845965
v -0.24018522 0.06107728 -0.21941477
v -0.24203847 -0.1196539 -0.19227311
v -0.24049495 -0.14741254 -0.17443173
v -0.24822801 -0.21885441 0.02483524
v -0.22356398 0.00396736 0.24442306
v -0.24448331 -0.01383593 0.2228903
v -0.25056186 0.13075331 -0.17415032
v -0.24553423 -0.1568414 -0.15811315
v -0.23810035 -0.18241458 -0.14038521
v -0.23174562 -0.22684084 -0.06627895
v -0.24368033 -0.21728015 -0.05453322
v -0.24431604 -0.22039296 -0.0382506
v -0.25190142 0.0271351 -0.2129283
v -0.24918269 -0.07446001 -0.20326154
v -0.24753185 -0.06750961 -0.20625076
v -0.24880764 0.08755688 -0.20006064
v -0.25270444 -0.09002917 -0.19336645
v -0.24937552 -0.12998891 -0.1754737
v -0.24368033 -0.21728015 -0.05453322
v -0.24555573 -0.22187911 -0.01955656
v -0.25085747 -0.09850593 0.1937754
v -0.24741633 -0.08513327 0.20366114
v -0.25250381 -0.05255913 -0.206184
v -0.25382727 0.09999096 -0.18908222
v -0.23810035 -0.18241458 -0.14038521
v -0.24105392 -0.18832579 -0.12667881
v -0.25396392 -0.17111222 -0.12681656
v -0.25074789 -0.18568553 -0.1108957
v -0.25907278 -0.19308412 -0.07122729
v -0.23854375 -0.20681991 -0.09787928
v -0.23797354 -0.2160091 -0.07771474
v -0.25263086 -0.2151684 0.00230365
v -0.25578696 -0.20816267 0.03816288
v -0.25725672 -0.10668375 0.18126255
v -0.25406182 -0.00015475 -0.21203101
v -0.25674239 -0.02696928 -0.20695558
v -0.25845116 0.04632188 -0.20168483
v -0.25675371 -0.11017549 -0.17762664
v -0.24922583 0.11487399 -0.18691747
v -0.25366816 -0.1432036 -0.15819363
v -0.25427017 0.15813875 -0.14288761
v -0.25356185 -0.15979369 -0.14153624
v -0.25366816 -0.1432036 -0.15819363
v -0.24553423 -0.1568414 -0.15811315
v -0.25074789 -0.18568553 -0.1108957
v -0.25951865 -0.18225256 -0.09574198
v -0.2552503 -0.20621599 -0.04382674
v -0.26200062 -0.20390356 -0.00130522
v -0.25935301 -0.20653391 0.02106555
v -0.25297511 0.12618273 0.17432068
v -0.25788173 -0.1193339 0.17262763
v -0.26911205 -0.06124112 -0.18139257
v -0.26047018 -0.06704791 -0.18977304
v -0.2611405 -0.07294086 -0.18845633
v -0.26208737 0.08602799 -0.18395907
v -0.25530955 0.20113374 -0.06345733
v -0.25991932 0.19879708 -0.05238844
v -0.26049563 -0.20366161 -0.02227564
v -0.25683665 0.15496792 0.14315756
v -0.26019305 0.11176513 0.17331618
v -0.26501736 -0.07949499 0.18367304
v -0.26266184 0.02939546 -0.19947405
v -0.26522884 0.06250352 -0.18825419
v -0.26608679 -0.04784817 -0.19016357
v -0.26079631 0.08260897 -0.18619597
v -0.26211426 0.10614607 -0.17436245
v -0.26152122 -0.12583147 -0.15966368
v -0.26529461 -0.13681212 -0.14400792
v -0.26144111 -0.15893845 -0.12760229
v -0.2612879 0.16173971 -0.12661333
v -0.26324421 -0.1687042 -0.11030178
v -0.26847735 -0.18779817 -0.04745562
v -0.26709378 0.12097972 0.15675786
v -0.26455352 0.01229757 -0.1988177
v -0.26564929 -0.00259623 -0.1976693
v -0.26345852 -0.01902502 -0.19942491
v -0.26640874 -0.09037149 -0.1742963
v -0.26211426 0.10614607 -0.17436245
v -0.2676304 0.11537414 -0.1599509
v -0.2690019 -0.10994158 -0.15856437
v -0.26152122 -0.12583147 -0.15966368
v -0.26568025 -0.18030833 -0.08154512
v -0.26726669 -0.1967684 0.01368281
v -0.26566985 0.06460794 0.18683724
v -0.26493382 -0.03200357 0.19664779
v -0.27030554 -0.03071282 -0.18845358
v -0.2734496 0.07726236 -0.1700979
v -0.27205116 -0.06742824 -0.17400458
v -0.27136078 0.08404647 -0.17154014
v -0.2690019 -0.10994158 -0.15856437
v -0.27024627 -0.14357309 -0.12713863
v -0.2709558 -0.17879303 -0.06603121
v -0.27472848 0.18590975 0.00669477
v -0.27052075 0.18903527 0.03221048
v -0.26932186 -0.19081938 0.03709724
v -0.27065617 -0.18520373 0.05180774
v -0.27019808 -0.179666 0.06960561
v -0.27137798 -0.17219824 0.08324238
v -0.26899675 -0.11453728 0.15913436
v -0.27153462 -0.10157771 0.16329603
v -0.26955307 0.04085296 -0.18836628
v -0.27742714 0.05603183 -0.17289929
v -0.2726416 -0.07516491 -0.17151782
v -0.27652535 0.09549855 -0.15792821
v -0.2676304 0.11537414 -0.1599509
v -0.2773428 -0.11288428 -0.1416077
v -0.27530849 -0.14599523 -0.11310585
v -0.27378047 -0.16611111 -0.08587322
v -0.27957615 0.16088547 -0.08259234
v -0.27557001 0.17660324 -0.05175984
v -0.27487347 -0.18488796 -0.01602003
v -0.27927798 -0.18013936 0.00130233
v -0.27513948 -0.18491976 0.02406485
v -0.27581 0.15728821 0.09914686
v -0.27646029 0.01623204 -0.18234345
v -0.27522099 -0.008039 -0.18442005
v -0.27765158 -0.08793014 -0.15774049
v -0.27760226 0.11401533 -0.14366063
v -0.27703893 0.14810999 -0.11142229
v -0.27938202 -0.14902394 -0.09839752
v -0.28002691 -0.16424194 -0.06717514
v -0.28006449 -0.17063344 -0.04790716
v -0.27634773 -0.13524419 0.12761612
v -0.27598742 -0.1183087 0.14402053
v -0.27798688 0.10885315 0.14654155
v -0.28143913 -0.08204097 0.15737095
v -0.28205594 0.03514096 -0.17136163
v -0.28431684 -0.04686926 -0.16379783
v -0.28372598 0.07377858 -0.15454452
v -0.28172547 -0.06824226 -0.15874866
v -0.2676304 0.11537414 -0.1599509
v -0.27652535 0.09549855 -0.15792821
v -0.27765158 -0.08793014 -0.15774049
v -0.28219646 -0.12640569 -0.11920512
v -0.28050089 0.16964982 -0.05205933
v -0.28443071 0.16936009 0.02367294
v -0.28031996 0.17299746 0.03842425
v -0.28448862 -0.16832051 0.03726146
v -0.28276312 -0.16114731 0.06799129
v -0.28510228 -0.16307582 0.05235519
v -0.27929041 0.14066538 0.11400823
v -0.2839528 -0.14034311 0.10320316
v -0.27929041 0.14066538 0.11400823
v -0.28485793 -0.13110505 0.11292371
v -0.2828415 -0.10011297 0.14435238
v -0.28497756 0.0170934 -0.16918008
v -0.28355765 -0.0089374 -0.17177401
v -0.28791657 -0.02971849 -0.16225047
v -0.28461304 -0.05920164 -0.1584862
v -0.28172547 -0.06824226 -0.15874866
v -0.2726416 -0.07516491 -0.17151782
v -0.28562796 0.0778278 -0.15060093
v -0.28483784 -0.08749045 -0.14457287
v -0.28819871 -0.10065312 -0.12872444
v -0.2829729 -0.15222521 -0.08137793
v -0.28695095 0.16469353 -0.02573465
v -0.2857964 0.1674874 -0.01732953
v -0.28669798 -0.1468607 0.08433192
v -0.27581 0.15728821 0.09914686
v -0.28252715 0.00810259 0.17255406
v -0.28717628 0.05368311 -0.15783612
v -0.28461304 -0.05920164 -0.1584862
v -0.29070845 -0.0688625 -0.14142869
v -0.28726453 -0.0732909 -0.14722638
v -0.28562796 0.0778278 -0.15060093
v -0.28372598 0.07377858 -0.15454452
v -0.29058295 0.07216152 -0.1423898
v -0.28986612 0.12121511 -0.11154123
v -0.28877631 0.1362199 -0.0964909
v -0.28671631 0.15536769 -0.06615958
v -0.29080498 -0.14991499 -0.05349735
v -0.28719047 -0.16210049 -0.03414085
v -0.28859499 -0.16490154 -0.00161019
v -0.28785893 0.16522674 0.00580196
v -0.28931838 -0.16336173 0.02049518
v -0.29208973 0.15225071 0.04278592
v -0.28662768 0.15355137 0.06868155
v -0.28037399 0.15763454 0.08429901
v -0.29101852 -0.02151717 0.15791628
v -0.29151949 0.0088686 -0.15861656
v -0.29175916 -0.00934179 -0.15803242
v -0.29070023 0.03231831 -0.15726945
v -0.29332712 -0.05995577 -0.14197265
v -0.2948173 -0.07387225 -0.13148649
v -0.29189712 -0.10938086 -0.1119941
v -0.29073915 -0.12424845 -0.09867325
v -0.2925019 -0.12989466 -0.08491784
v -0.29079428 0.14089891 -0.08210283
v -0.29164439 -0.14306 -0.06542981
v -0.29283589 0.15073873 -0.04673382
v -0.29052386 -0.14724225 0.0690468
v -0.2933028 0.13488969 0.08094808
v -0.29209092 -0.12507308 0.10061297
v -0.29196426 -0.11379205 0.11306062
v -0.29107001 0.07999212 0.13941154
v -0.29137665 0.0659356 0.14518806
v -0.29304159 -0.06448003 0.14374924
v -0.29355326 -0.05104097 0.14732036
v -0.29459611 0.05433311 -0.14358686
v -0.28717628 0.05368311 -0.15783612
v -0.29070023 0.03231831 -0.15726945
v -0.29823631 0.03523964 -0.14196788
v -0.28791657 -0.02971849 -0.16225047
v -0.28431684 -0.04686926 -0.16379783
v -0.29655236 -0.0382551 -0.14446776
v -0.29814896 0.06732368 -0.12943558
v -0.29770026 0.07644195 -0.12650932
v -0.29738474 0.13635476 -0.06283408
v -0.29363525 -0.15054387 -0.03226785
v -0.29629153 -0.15050657 -0.00161772
v -0.29536384 0.15228345 -0.00274042
v -0.2945447 0.15226789 0.02083932
v -0.29817343 -0.14741929 0.01930437
v -0.29570231 -0.14701176 0.04441004
v -0.28662768 0.15355137 0.06868155
v -0.29208973 0.15225071 0.04278592
v -0.29631728 0.14019795 0.05502791
v -0.29708543 -0.03472911 0.14447904
v -0.2923291 0.00367984 0.15620318
v -0.29935518 0.00566287 -0.14370471
v -0.29151949 0.0088686 -0.15861656
v -0.29175916 -0.00934179 -0.15803242
v -0.29893619 -0.0180776 -0.14343351
v -0.2996535 0.07279591 -0.1216362
v -0.30171287 -0.06155624 -0.12228962
v -0.29902107 -0.08706114 -0.11250753
v -0.29877287 0.09357018 -0.1128699
v -0.29868901 0.11412558 -0.09405857
v -0.30086648 -0.09746769 -0.09821789
v -0.29868901 0.11412558 -0.09405857
v -0.29900157 0.12341169 -0.08049626
v -0.30106115 -0.12752599 -0.05138936
v -0.30042851 0.13840879 -0.03645275
v -0.29960278 -0.13800958 -0.03163097
v -0.29852727 0.14514585 -0.02122689
v -0.2945447 0.15226789 0.02083932
v -0.30193475 -0.13082068 0.05502142
v -0.3004047 -0.12279165 0.07700689
v -0.29892614 0.08005632 0.12134805
v -0.29914677 -0.06757377 0.12906405
v -0.29906851 0.0339129 0.13947967
v -0.30003619 0.01076941 0.14104143
v -0.29955178 -0.01137052 0.14237396
v -0.30292147 0.04682022 -0.12773649
v -0.303415 -0.03757197 -0.12942249
v -0.30249059 0.09979893 -0.09637112
v -0.30110833 -0.11637809 -0.07266094
v -0.29536384 0.15228345 -0.00274042
v -0.29852727 0.14514585 -0.02122689
v -0.30209917 0.13888839 -0.00094291
v -0.30538771 -0.13022617 -0.00171675
v -0.30641535 -0.12608111 0.04042203
v -0.30287808 -0.07251242 0.11693441
v -0.30211824 -0.04974788 0.12922722
v -0.30510458 0.02227632 -0.12862852
v -0.30612132 -0.00614345 -0.12800445
v -0.30468306 0.0653901 -0.11351033
v -0.30621505 0.08337193 -0.09755005
v -0.30608973 0.07798214 -0.09966367
v -0.30963761 0.06708101 -0.09788796
v -0.30677846 -0.09259182 -0.08246882
v -0.29900157 0.12341169 -0.08049626
v -0.29738474 0.13635476 -0.06283408
v -0.30645755 0.11916549 -0.05245623
v -0.30042851 0.13840879 -0.03645275
v -0.30526108 0.12963805 -0.02887966
v -0.30686346 -0.11847639 -0.03633276
v -0.30910394 -0.11679955 -0.02151947
v -0.30562323 0.12986307 -0.0031876
v -0.30496058 -0.13229407 0.02132918
v -0.30747789 0.11273348 0.05496467
v -0.30438802 0.10282995 0.08448511
v -0.30454674 0.08833948 0.09857886
v -0.30406305 0.07301354 0.11158665
v -0.30652443 0.01895005 0.12535115
v -0.30503052 -0.02738485 0.12776566
v -0.30615366 -0.00249026 0.12773855
v -0.30997595 0.02138961 -0.11629901
v -0.30962262 -0.03682238 -0.11267027
v -0.31186861 -0.00616472 -0.1122077
v -0.31164077 0.04569574 -0.1039028
v -0.31061777 -0.05752239 -0.09921569
v -0.31031132 -0.07192216 -0.08822156
v -0.30813617 -0.07526472 -0.09482226
v -0.30985048 0.08252824 -0.08315977
v -0.30985424 -0.09671105 -0.0641759
v -0.31166098 -0.10216278 -0.04445184
v -0.3113063 0.10914442 -0.04171931
v -0.30890307 0.12042069 -0.01945101
v -0.31085953 0.115008 -0.01925577
v -0.30929103 0.12065932 -0.00080189
v -0.312269 -0.11295416 0.00771312
v -0.31142864 -0.11522023 0.02545256
v -0.30991346 0.11278084 0.03782897
v -0.30878741 -0.11608599 0.05102126
v -0.3084453 -0.10765735 0.0667344
v -0.31122711 0.09386713 0.06640863
v -0.30963466 0.07773446 0.08902868
v -0.30915743 -0.07746435 0.09409085
v -0.3074353 -0.06399861 0.10746158
v -0.30970895 -0.07810611 0.08921616
v -0.30968842 0.05719314 0.10235841
v -0.30788124 -0.03837996 0.11735662
v -0.30964839 -0.01441596 0.11703358
v -0.31623739 -0.03613303 -0.09160053
v -0.31505662 -0.05654745 -0.08437818
v -0.31503555 0.06108331 -0.08263159
v -0.312648 -0.08027775 -0.07209271
v -0.3119354 0.09013078 -0.06516151
v -0.31508094 0.08444308 -0.05863475
v -0.31201088 0.09924164 -0.05303819
v -0.31164756 0.10717627 -0.03844903
v -0.31234026 -0.1102175 0.03877674
v -0.31430885 0.09522984 0.04679077
v -0.31341171 -0.09890542 0.05484113
v -0.31186759 -0.09019703 0.06949846
v -0.31455621 0.06274012 0.08069468
v -0.31265554 -0.04923405 0.09778425
v -0.31741026 -0.0625807 0.07184206
v -0.31582513 -0.02234415 0.09664471
v -0.31183982 0.02007654 0.10955765
v -0.31522226 0.00119 0.10104779
v -0.31580213 0.00078118 -0.10003445
v -0.31577218 -0.0212901 -0.09764603
v -0.31628579 0.02507851 -0.09561062
v -0.31845918 -0.06011675 -0.06616902
v -0.31814361 0.06426705 -0.06607852
v -0.31631926 -0.07775427 -0.05411435
v -0.31606448 -0.08432674 -0.04915441
v -0.31887013 0.08590943 -0.0298168
v -0.31858838 -0.08532418 -0.02488525
v -0.31746525 -0.08954278 -0.02889441
v -0.31772029 -0.09519217 -0.00375793
v -0.31764367 -0.09589889 0.01984388
v -0.31548834 -0.09306371 0.04412327
v -0.31704786 -0.09205497 0.0337541
v -0.31599596 -0.09662072 0.03959078
v -0.31715283 -0.08187766 0.05230419
v -0.31795132 0.07723708 0.05234997
v -0.31543508 0.07718051 0.06556714
v -0.31780368 -0.03986822 0.08341219
v -0.31989899 -0.01142439 -0.08447091
v -0.32102364 0.03630153 -0.07391433
v -0.31985846 0.01990406 -0.08389679
v -0.3205055 -0.04173164 -0.07127881
v -0.32142526 0.05567576 -0.05809364
v -0.32119876 -0.06129776 -0.05021705
v -0.32137269 0.07251444 -0.03549192
v -0.32154131 -0.06796993 -0.03664284
v -0.32450426 -0.0607192 -0.02219693
v -0.32137874 -0.07922186 -0.001787
v -0.31841868 -0.09080977 0.00655728
v -0.32106838 -0.0797314 0.01504907
v -0.32409564 -0.06331331 0.02445618
v -0.32169008 0.07316998 0.03132203
v -0.32380056 -0.05798767 0.0388855
v -0.32166252 -0.05912531 0.05267853
v -0.3231743 0.05337776 0.04720144
v -0.31924441 0.05023227 0.06910993
v -0.31973597 -0.01675682 0.08267886
v -0.32322145 0.00173729 -0.07154895
v -0.32614446 0.01734861 -0.05557597
v -0.32364553 -0.01909048 -0.06608935
v -0.32681483 -0.01985937 -0.05013986
v -0.32469115 -0.0411883 -0.04968036
v -0.32744715 0.03315516 -0.03962219
v -0.3254025 0.05145851 -0.0348121
v -0.32686064 -0.04116477 -0.0336467
v -0.32426727 0.06531603 -0.01853216
v -0.32572401 -0.05898668 0.00293089
v -0.32567763 -0.03144989 0.05225586
v -0.32474592 0.03262616 0.05361862
v -0.32683426 0.01749114 0.04822046
v -0.32323641 -0.02254781 0.06718053
v -0.3272405 0.00238015 -0.05116944
v -0.33006701 0.01735873 -0.02679707
v -0.3293736 -0.03174175 -0.01742182
v -0.32993105 -0.03203771 0.00120695
v -0.32940325 -0.03102013 0.02161372
v -0.32849985 0.03230188 0.02824075
v -0.32786271 -0.03094805 0.03693518
v -0.32713005 -0.00472648 0.05021642
v -0.32986054 0.00215472 0.03045088
v -0.33065513 0.00366706 -0.02490463
v -0.32930374 -0.01508407 -0.03327527
v -0.33067039 -0.01548612 -0.01818907
v -0.33102962 0.01633172 -0.0014613
v -0.33119509 -0.01486951 0.00288625
v -0.33011505 0.01773154 0.02162691
v -0.33007351 -0.01323327 0.02647123
v -0.3315157 0.00264066 0.00289069
vt 0.69301 0.79903
vt 0.68424 0.7808
vt 0.69587 0.78484
vt 0.68004 0.78953
vt 0.67649 0.80399
vt 0.66315 0.79168
vt 0.7014 0.7752
vt 0.68779 0.77102
vt 0.69905 0.76628
vt 0.71017 0.77882
vt 0.67392 0.76625
vt 0.71453 0.79199
vt 0.70604 0.78913
vt 0.66813 0.77393
vt 0.71097 0.80408
vt 0.7016 0.80223
vt 0.66397 0.78342
vt 0.70542 0.81556
vt 0.69369 0.81317
vt 0.6604 0.80276
vt 0.64777 0.79097
vt 0.68373 0.82215
vt 0.6695 0.81316
vt 0.69487 0.82459
vt 0.65343 0.81698
vt 0.70053 0.7541
vt 0.71614 0.75996
vt 0.68766 0.75738
vt 0.71925 0.77163
vt 0.67497 0.75516
vt 0.72329 0.78342
vt 0.66173 0.75959
vt 0.7276 0.79565
vt 0.65246 0.76432
vt 0.65085 0.77535
vt 0.72355 0.81062
vt 0.64218 0.77435
vt 0.97903 0.84869
vt 0.9669 0.83337
vt 0.97422 0.83069
vt 0.9649 0.82071
vt 0.64192 0.80201
vt 0.95352 0.81946
vt 0.66899 0.82485
vt 0.95714 0.83472
vt 0.96616 0.80941
vt 0.95292 0.80891
vt 0.95143 0.79757
vt 0.96162 0.79522
vt 0.95536 0.78289
vt 0.65572 0.82903
vt 0.72693 0.75318
vt 0.71547 0.74932
vt 0.69962 0.74349
vt 0.68513 0.7418
vt 0.67284 0.7435
vt 0.67635 0.73331
vt 0.7267 0.76424
vt 0.66273 0.74361
vt 0.73463 0.7714
vt 0.65386 0.74456
vt 0.73386 0.78759
vt 0.65079 0.75412
vt 0.7372 0.79822
vt 0.63956 0.76336
vt 0.73424 0.81295
vt 0.6383 0.78557
vt 0.63637 0.7782
vt 0.62444 0.78022
vt 0.63145 0.7676
vt 0.97637 0.85921
vt 0.9649 0.84849
vt 0.63174 0.79473
vt 0.62892 0.79222
vt 0.94987 0.84622
vt 0.6276 0.80507
vt 0.63736 0.81028
vt 0.94136 0.83908
vt 0.64083 0.82239
vt 0.94441 0.82914
vt 0.93674 0.81305
vt 0.94482 0.79595
vt 0.94232 0.78447
vt 0.94636 0.77366
vt 0.9586 0.76696
vt 0.70693 0.7353
vt 0.69275 0.73109
vt 0.73411 0.7455
vt 0.72065 0.74214
vt 0.68136 0.72535
vt 0.73596 0.75768
vt 0.66355 0.72834
vt 0.74664 0.76897
vt 0.74365 0.782
vt 0.65447 0.73379
vt 0.64204 0.75052
vt 0.73914 0.79937
vt 0.74585 0.78495
vt 0.75191 0.78662
vt 0.74378 0.7994
vt 0.63585 0.74948
vt 0.74047 0.8108
vt 0.74973 0.81342
vt 0.73755 0.81471
vt 0.97404 0.87512
vt 0.96472 0.862
vt 0.97785 0.86639
vt 0.73741 0.82501
vt 0.73503 0.82903
vt 0.96104 0.85928
vt 0.61881 0.79012
vt 0.61471 0.77702
vt 0.94271 0.85468
vt 0.61906 0.80162
vt 0.62317 0.8146
vt 0.93155 0.84494
vt 0.96168 0.74802
vt 0.96418 0.73487
vt 0.9727 0.74072
vt 0.62669 0.81654
vt 0.93246 0.83073
vt 0.94661 0.75254
vt 0.96075 0.7519
vt 0.93643 0.78179
vt 0.94152 0.76149
vt 0.93003 0.79763
vt 0.9283 0.80795
vt 0.93501 0.77341
vt 0.92607 0.78481
vt 0.71865 0.72992
vt 0.70496 0.72472
vt 0.6876 0.71843
vt 0.72827 0.73477
vt 0.67244 0.72036
vt 0.74411 0.75787
vt 0.7567 0.77317
vt 0.74915 0.76885
vt 0.64519 0.73772
vt 0.76077 0.79996
vt 0.621 0.76375
vt 0.621 0.75068
vt 0.96411 0.87226
vt 0.60974 0.76451
vt 0.95693 0.86197
vt 0.60979 0.78621
vt 0.94486 0.85779
vt 0.60385 0.79801
vt 0.61087 0.80822
vt 0.95067 0.74253
vt 0.92589 0.8222
vt 0.92585 0.77626
vt 0.71512 0.71736
vt 0.73775 0.73059
vt 0.74903 0.75588
vt 0.74585 0.74184
vt 0.66232 0.71594
vt 0.6511 0.723
vt 0.76187 0.76349
vt 0.75148 0.75803
vt 0.64657 0.72731
vt 0.7653 0.78119
vt 0.6339 0.73407
vt 0.62261 0.74
vt 0.76452 0.81788
vt 0.9674 0.88896
vt 0.95452 0.87956
vt 0.94105 0.87098
vt 0.59858 0.77909
vt 0.60323 0.77374
vt 0.5946 0.78921
vt 0.93349 0.85608
vt 0.39889 0.03465
vt 0.39547 0.04429
vt 0.38662 0.03897
vt 0.92558 0.85142
vt 0.95413 0.73101
vt 0.97148 0.72509
vt 0.94389 0.74786
vt 0.92025 0.83296
vt 0.94168 0.74197
vt 0.91508 0.82346
vt 0.93063 0.75734
vt 0.93075 0.74753
vt 0.91845 0.80628
vt 0.92456 0.76615
vt 0.91348 0.79171
vt 0.91653 0.77638
vt 0.72808 0.72327
vt 0.69863 0.71186
vt 0.68967 0.70732
vt 0.67737 0.70648
vt 0.75001 0.72742
vt 0.75306 0.73596
vt 0.66901 0.7028
vt 0.65064 0.70949
vt 0.76172 0.75489
vt 0.75356 0.74625
vt 0.64798 0.72044
vt 0.62637 0.72679
vt 0.77383 0.80324
vt 0.77549 0.78885
vt 0.60768 0.74252
vt 0.60197 0.75646
vt 0.95157 0.8883
vt 0.9376 0.88189
vt 0.92916 0.8669
vt 0.92374 0.85314
vt 0.95521 0.71848
vt 0.40527 0.05189
vt 0.91641 0.84512
vt 0.94368 0.72824
vt 0.93387 0.73661
vt 0.90902 0.83732
vt 0.9085 0.81056
vt 0.91985 0.75175
vt 0.91332 0.76006
vt 0.73115 0.71355
vt 0.72428 0.70739
vt 0.7089 0.70519
vt 0.74337 0.71596
vt 0.65942 0.70426
vt 0.76092 0.74162
vt 0.77569 0.75673
vt 0.64712 0.71021
vt 0.7781 0.76695
vt 0.63507 0.7165
vt 0.78105 0.7782
vt 0.97938 0.90106
vt 0.9622 0.89831
vt 0.58773 0.76646
vt 0.38644 0.05124
vt 0.91898 0.86504
vt 0.42046 0.05459
vt 0.40832 0.06255
vt 0.42223 0.06578
vt 0.92242 0.73684
vt 0.90358 0.82244
vt 0.9172 0.75688
vt 0.89938 0.80391
vt 0.90365 0.78593
vt 0.90609 0.7705
vt 0.69107 0.69673
vt 0.68301 0.69432
vt 0.75649 0.73173
vt 0.66178 0.69508
vt 0.77574 0.74557
vt 0.78865 0.79033
vt 0.61802 0.72406
vt 0.78932 0.80143
vt 0.60613 0.72871
vt 0.97744 0.9165
vt 0.9676 0.91309
vt 0.5982 0.73785
vt 0.59228 0.7521
vt 0.95518 0.90235
vt 0.93945 0.89681
vt 0.37926 0.03086
vt 0.37051 0.04901
vt 0.36335 0.0361
vt 0.92368 0.8773
vt 0.39332 0.05966
vt 0.9132 0.85308
vt 0.90717 0.84819
vt 0.92431 0.72668
vt 0.93425 0.72276
vt 0.89879 0.83734
vt 0.90715 0.74798
vt 0.90976 0.74001
vt 0.89539 0.77262
vt 0.73813 0.70436
vt 0.72134 0.69637
vt 0.70421 0.69405
vt 0.75736 0.71643
vt 0.76827 0.73347
vt 0.76039 0.71835
vt 0.67635 0.68759
vt 0.65204 0.69645
vt 0.64671 0.70128
vt 0.63707 0.70434
vt 0.62219 0.7159
vt 0.79204 0.78141
vt 0.92839 0.89007
vt 0.37857 0.05986
vt 0.91352 0.87686
vt 0.9074 0.86682
vt 0.39931 0.06933
vt 0.4099 0.07327
vt 0.90272 0.85114
vt 0.89776 0.84667
vt 0.89316 0.8241
vt 0.91436 0.72887
vt 0.88908 0.80712
vt 0.89205 0.79168
vt 0.89777 0.76117
vt 0.89954 0.75386
vt 0.69771 0.6871
vt 0.75452 0.7072
vt 0.66576 0.68459
vt 0.78048 0.73935
vt 0.78712 0.74956
vt 0.79281 0.7603
vt 0.7926 0.77055
vt 0.6233 0.71231
vt 0.61142 0.71387
vt 0.60056 0.7264
vt 0.58929 0.7424
vt 0.9525 0.91364
vt 0.94179 0.90888
vt 0.35157 0.02656
vt 0.35012 0.04348
vt 0.34141 0.02633
vt 0.91928 0.88688
vt 0.38087 0.07084
vt 0.39088 0.07541
vt 0.8998 0.8644
vt 0.42134 0.07889
vt 0.92474 0.71428
vt 0.89939 0.74357
vt 0.73225 0.6904
vt 0.74441 0.69588
vt 0.7119 0.68385
vt 0.68846 0.68141
vt 0.78309 0.72888
vt 0.77007 0.72094
vt 0.65629 0.67973
vt 0.64855 0.69107
vt 0.63394 0.69093
vt 0.62707 0.69738
vt 0.61986 0.70415
vt 0.99528 0.92452
vt 0.98113 0.93156
vt 0.98798 0.91878
vt 0.96433 0.92286
vt 0.58275 0.72956
vt 0.59434 0.71969
vt 0.34105 0.03557
vt 0.92997 0.90815
vt 0.9233 0.90353
vt 0.91544 0.89663
vt 0.35675 0.06131
vt 0.90024 0.88403
vt 0.39944 0.08147
vt 0.8914 0.85223
vt 0.88612 0.84464
vt 0.88225 0.83665
vt 0.91269 0.71417
vt 0.88219 0.81857
vt 0.87686 0.80793
vt 0.87946 0.79253
vt 0.88401 0.775
vt 0.88622 0.75928
vt 0.72095 0.68004
vt 0.76423 0.70549
vt 0.76093 0.70318
vt 0.79352 0.7409
vt 0.79844 0.7512
vt 0.63844 0.6813
vt 0.80535 0.77206
vt 0.80382 0.78275
vt 0.60345 0.70462
vt 0.99034 0.9352
vt 0.94325 0.92223
vt 0.32711 0.02923
vt 0.34852 0.0517
vt 0.37034 0.0695
vt 0.90823 0.88993
vt 0.39463 0.09558
vt 0.40827 0.08985
vt 0.42835 0.08912
vt 0.90121 0.72145
vt 0.90022 0.73055
vt 0.87916 0.82888
vt 0.88822 0.75023
vt 0.87211 0.78075
vt 0.74487 0.68643
vt 0.73172 0.67983
vt 0.71201 0.6714
vt 0.75301 0.68898
vt 0.70242 0.66945
vt 0.69096 0.67201
vt 0.68177 0.67012
vt 0.67112 0.67053
vt 0.77738 0.71145
vt 0.66222 0.67069
vt 0.6519 0.6722
vt 0.80688 0.76219
vt 0.6224 0.6878
vt 0.98528 0.94378
vt 0.97169 0.93735
vt 0.95748 0.93083
vt 0.5846 0.71688
vt 0.32902 0.04158
vt 0.33936 0.05174
vt 0.38211 0.08293
vt 0.8928 0.87871
vt 0.88675 0.86864
vt 0.41655 0.0956
vt 0.87925 0.85877
vt 0.88116 0.84679
vt 0.87753 0.84276
vt 0.88803 0.7345
vt 0.87223 0.76387
vt 0.87665 0.75328
vt 0.79367 0.72589
vt 0.60779 0.69301
vt 0.99959 0.94017
vt 0.59033 0.70148
vt 0.92625 0.92181
vt 0.33949 0.06625
vt 0.35306 0.06672
vt 0.90941 0.90605
vt 0.90334 0.89852
vt 0.37093 0.07896
vt 0.42749 0.10449
vt 0.44087 0.09489
vt 0.87033 0.81911
vt 0.88904 0.73924
vt 0.88396 0.74143
vt 0.865 0.80286
vt 0.76363 0.69145
vt 0.76662 0.69235
vt 0.79201 0.71471
vt 0.8034 0.73187
vt 0.63916 0.67033
vt 0.80871 0.74281
vt 0.6287 0.67344
vt 0.81352 0.75442
vt 0.9262 0.52794
vt 0.91658 0.52503
vt 0.92319 0.51478
vt 0.9355 0.52504
vt 0.99285 0.95195
vt 0.9791 0.95257
vt 0.5749 0.71223
vt 0.96387 0.94309
vt 0.31521 0.0244
vt 0.30871 0.03336
vt 0.94589 0.93372
vt 0.31405 0.04231
vt 0.91262 0.91915
vt 0.35812 0.07845
vt 0.89417 0.89778
vt 0.38161 0.09531
vt 0.41487 0.10802
vt 0.86752 0.84097
vt 0.86564 0.83091
vt 0.88868 0.72399
vt 0.89 0.70973
vt 0.87473 0.74598
vt 0.75025 0.67678
vt 0.74217 0.67091
vt 0.72322 0.66229
vt 0.68542 0.66103
vt 0.61533 0.67662
vt 0.59981 0.68494
vt 0.57873 0.70221
vt 0.96493 0.9472
vt 0.94694 0.93689
vt 0.32397 0.05055
vt 0.3316 0.05995
vt 0.92668 0.92692
vt 0.34495 0.07484
vt 0.37064 0.09121
vt 0.88622 0.89163
vt 0.87996 0.88263
vt 0.87449 0.87293
vt 0.40096 0.10402
vt 0.86854 0.85645
vt 0.86133 0.84289
vt 0.43683 0.11095
vt 0.87391 0.73424
vt 0.85837 0.82289
vt 0.85594 0.79053
vt 0.8616 0.77703
vt 0.865 0.74957
vt 0.73289 0.66164
vt 0.76646 0.67922
vt 0.69622 0.65617
vt 0.67671 0.65583
vt 0.78128 0.69046
vt 0.66554 0.65613
vt 0.79052 0.69826
vt 0.65895 0.65735
vt 0.64818 0.66201
vt 0.80262 0.71747
vt 0.81114 0.72991
vt 0.82092 0.74149
vt 0.90208 0.52304
vt 0.91181 0.51658
vt 0.61935 0.66762
vt 0.98704 0.9588
vt 0.31576 0.0611
vt 0.3491 0.08346
vt 0.89455 0.91808
vt 0.89367 0.90817
vt 0.85723 0.83927
vt 0.8769 0.71269
vt 0.86676 0.73926
vt 0.87743 0.72376
vt 0.71082 0.6572
vt 0.76142 0.67179
vt 0.76764 0.68504
vt 0.6335 0.66208
vt 0.60457 0.6694
vt 0.9306 0.50286
vt 0.93166 0.51189
vt 0.58597 0.68519
vt 0.97865 0.95586
vt 0.30001 0.04501
vt 0.29933 0.02793
vt 0.94862 0.94739
vt 0.94126 0.94003
vt 0.93055 0.93278
vt 0.91875 0.92477
vt 0.90475 0.9221
vt 0.36132 0.09039
vt 0.87995 0.90288
vt 0.87475 0.89119
vt 0.86904 0.88186
vt 0.3844 0.10716
vt 0.86201 0.86879
vt 0.42261 0.12078
vt 0.85565 0.83245
vt 0.86672 0.73274
vt 0.84966 0.80866
vt 0.85976 0.76055
vt 0.84804 0.77516
vt 0.74148 0.65953
vt 0.7538 0.66022
vt 0.76976 0.67447
vt 0.68955 0.64842
vt 0.66889 0.64452
vt 0.80205 0.7045
vt 0.65788 0.65078
vt 0.81202 0.71167
vt 0.63675 0.65413
vt 0.91653 0.50491
vt 0.59264 0.67165
vt 0.92868 0.5004
vt 0.93836 0.49834
vt 0.96117 0.96055
vt 0.28798 0.0392
vt 0.28083 0.03023
vt 0.57466 0.68415
vt 0.30691 0.05158
vt 0.9342 0.94503
vt 0.92014 0.93444
vt 0.32452 0.07053
vt 0.40651 0.11791
vt 0.39651 0.11603
vt 0.85792 0.85427
vt 0.43327 0.12639
vt 0.86716 0.71683
vt 0.86428 0.72442
vt 0.84719 0.82485
vt 0.84465 0.79362
vt 0.85204 0.74516
vt 0.70841 0.64551
vt 0.78366 0.68069
vt 0.81842 0.72296
vt 0.62489 0.65289
vt 0.90666 0.50759
vt 0.60865 0.66144
vt 0.92167 0.50106
vt 0.9308 0.48778
vt 0.97598 0.96848
vt 0.94334 0.95783
vt 0.33314 0.08045
vt 0.91085 0.93374
vt 0.89304 0.92044
vt 0.36302 0.10132
vt 0.36978 0.10616
vt 0.84942 0.85068
vt 0.84116 0.83603
vt 0.87864 0.69909
vt 0.85272 0.73559
vt 0.84771 0.76075
vt 0.72927 0.64617
vt 0.76925 0.67028
vt 0.69499 0.63927
vt 0.79973 0.68864
vt 0.80995 0.69676
vt 0.65184 0.64745
vt 0.6418 0.6464
vt 0.88592 0.53178
vt 0.89247 0.51692
vt 0.91002 0.50228
vt 0.91526 0.50158
vt 0.57989 0.67118
vt 0.96665 0.97258
vt 0.91533 0.94597
vt 0.8987 0.92896
vt 0.34062 0.09291
vt 0.34794 0.10331
vt 0.87696 0.91469
vt 0.36496 0.10883
vt 0.85717 0.88126
vt 0.85204 0.86763
vt 0.40827 0.13026
vt 0.83939 0.83685
vt 0.86522 0.70348
vt 0.85262 0.72943
vt 0.83512 0.80605
vt 0.7595 0.65236
vt 0.71991 0.64414
vt 0.77241 0.66625
vt 0.66344 0.64159
vt 0.8792 0.52523
vt 0.89381 0.51252
vt 0.59948 0.65629
vt 0.90145 0.50703
vt 0.92008 0.48695
vt 0.93379 0.47779
vt 0.27246 0.04019
vt 0.95169 0.96695
vt 0.28831 0.05558
vt 0.92404 0.955
vt 0.90445 0.93791
vt 0.32443 0.08934
vt 0.89006 0.92541
vt 0.86949 0.90469
vt 0.8602 0.89357
vt 0.38313 0.12273
vt 0.84464 0.86174
vt 0.84147 0.83944
vt 0.83742 0.82
vt 0.7426 0.64844
vt 0.77244 0.66012
vt 0.71233 0.63564
vt 0.785 0.664
vt 0.67985 0.6415
vt 0.80685 0.68524
vt 0.66173 0.62953
vt 0.82208 0.70296
vt 0.64945 0.63382
vt 0.87985 0.52154
vt 0.58756 0.6578
vt 0.26809 0.02417
vt 0.26341 0.03437
vt 0.93924 0.97488
vt 0.93062 0.96475
vt 0.30061 0.071
vt 0.29825 0.05879
vt 0.31135 0.07855
vt 0.89337 0.93708
vt 0.87977 0.9176
vt 0.37342 0.11732
vt 0.41934 0.13575
vt 0.8377 0.85069
vt 0.44333 0.13657
vt 0.43395 0.14122
vt 0.83395 0.82859
vt 0.85261 0.71384
vt 0.8488 0.72566
vt 0.8319 0.78489
vt 0.83014 0.77428
vt 0.83583 0.75673
vt 0.83982 0.74227
vt 0.70497 0.631
vt 0.77571 0.65755
vt 0.79659 0.67339
vt 0.67203 0.6288
vt 0.66745 0.62964
vt 0.63608 0.6343
vt 0.62927 0.63826
vt 0.61519 0.65449
vt 0.61598 0.64234
vt 0.91763 0.4782
vt 0.93016 0.46604
vt 0.94738 0.4692
vt 0.91656 0.96115
vt 0.90642 0.95256
vt 0.89924 0.94565
vt 0.33298 0.10422
vt 0.33798 0.10523
vt 0.3859 0.13247
vt 0.84044 0.87445
vt 0.8331 0.83817
vt 0.8522 0.69866
vt 0.83923 0.73273
vt 0.73729 0.6322
vt 0.72392 0.63323
vt 0.69605 0.62916
vt 0.81794 0.68153
vt 0.86569 0.53386
vt 0.86491 0.53052
vt 0.87801 0.51594
vt 0.89393 0.49793
vt 0.88313 0.49998
vt 0.90338 0.48405
vt 0.94834 0.45427
vt 0.28398 0.06824
vt 0.88443 0.93715
vt 0.87219 0.92843
vt 0.36048 0.12268
vt 0.8621 0.91281
vt 0.8584 0.90697
vt 0.8442 0.88492
vt 0.82853 0.84699
vt 0.44476 0.15071
vt 0.82358 0.82004
vt 0.82363 0.80199
vt 0.68378 0.62868
vt 0.86102 0.52337
vt 0.57354 0.6572
vt 0.57 0.66665
vt 0.3065 0.08845
vt 0.29812 0.08121
vt 0.32071 0.10286
vt 0.3104 0.09547
vt 0.89196 0.95773
vt 0.88591 0.94943
vt 0.86708 0.91637
vt 0.34584 0.12217
vt 0.37235 0.13065
vt 0.85053 0.89124
vt 0.3949 0.14238
vt 0.40378 0.14706
vt 0.82801 0.86322
vt 0.4371 0.15417
vt 0.82729 0.83584
vt 0.83342 0.72541
vt 0.82067 0.7659
vt 0.77048 0.64259
vt 0.77583 0.64471
vt 0.81277 0.67529
vt 0.80529 0.66918
vt 0.63509 0.62518
vt 0.64828 0.62116
vt 0.62299 0.62687
vt 0.88963 0.48688
vt 0.57716 0.6479
vt 0.90696 0.47226
vt 0.91445 0.46607
vt 0.26631 0.05573
vt 0.25567 0.0455
vt 0.27847 0.04945
vt 0.93343 0.45274
vt 0.9206 0.97686
vt 0.90785 0.97044
vt 0.89994 0.96127
vt 0.85328 0.91641
vt 0.35858 0.12868
vt 0.84842 0.90848
vt 0.38369 0.13864
vt 0.83326 0.88177
vt 0.82289 0.83725
vt 0.84013 0.70667
vt 0.83911 0.71758
vt 0.47951 0.76111
vt 0.48849 0.75843
vt 0.49168 0.77085
vt 0.47403 0.77853
vt 0.47144 0.76409
vt 0.4796 0.77065
vt 0.81681 0.78683
vt 0.46152 0.78692
vt 0.44396 0.78293
vt 0.45523 0.77501
vt 0.46104 0.76614
vt 0.76234 0.6365
vt 0.70009 0.61334
vt 0.78563 0.64811
vt 0.7973 0.66021
vt 0.68845 0.61742
vt 0.679 0.61563
vt 0.67133 0.61703
vt 0.6569 0.62412
vt 0.85219 0.52531
vt 0.85122 0.53829
vt 0.86394 0.51333
vt 0.87285 0.50376
vt 0.60532 0.63548
vt 0.86579 0.93883
vt 0.83887 0.89546
vt 0.82733 0.87455
vt 0.41999 0.15181
vt 0.40844 0.15827
vt 0.42902 0.16302
vt 0.8377 0.69176
vt 0.77802 0.64401
vt 0.6666 0.61543
vt 0.87934 0.48781
vt 0.89646 0.47999
vt 0.25381 0.03103
vt 0.24525 0.04191
vt 0.92039 0.45258
vt 0.88017 0.95626
vt 0.87519 0.94707
vt 0.85436 0.92229
vt 0.84457 0.91326
vt 0.36848 0.1437
vt 0.81948 0.85963
vt 0.81533 0.84512
vt 0.44463 0.16718
vt 0.81226 0.83128
vt 0.81102 0.81691
vt 0.81144 0.6677
vt 0.81032 0.67011
vt 0.8214 0.67252
vt 0.81953 0.67731
vt 0.84422 0.52554
vt 0.84543 0.53612
vt 0.90274 0.46004
vt 0.93605 0.43558
vt 0.95696 0.43739
vt 0.28774 0.08562
vt 0.2935 0.09555
vt 0.3291 0.12689
vt 0.85643 0.92902
vt 0.37928 0.15099
vt 0.83531 0.90638
vt 0.38971 0.15138
vt 0.41631 0.17168
vt 0.48253 0.7447
vt 0.49557 0.75007
vt 0.47103 0.75226
vt 0.80821 0.80165
vt 0.46474 0.75651
vt 0.42618 0.79473
vt 0.42906 0.77289
vt 0.80892 0.65416
vt 0.79878 0.64559
vt 0.83336 0.5331
vt 0.84153 0.54194
vt 0.83663 0.54081
vt 0.65645 0.61458
vt 0.65223 0.60803
vt 0.63669 0.61209
vt 0.8412 0.52075
vt 0.86165 0.50008
vt 0.87261 0.48651
vt 0.88466 0.47502
vt 0.89179 0.47102
vt 0.94971 0.42547
vt 0.91433 0.98931
vt 0.90524 0.98375
vt 0.89577 0.97453
vt 0.35294 0.13902
vt 0.337 0.13508
vt 0.84198 0.91568
vt 0.82604 0.89188
vt 0.39793 0.15723
vt 0.81081 0.83547
vt 0.82131 0.83558
vt 0.50185 0.73628
vt 0.40923 0.79795
vt 0.41676 0.7822
vt 0.43718 0.77101
vt 0.44549 0.76454
vt 0.72718 0.62124
vt 0.71815 0.6205
vt 0.71987 0.60748
vt 0.8531 0.50887
vt 0.61125 0.61857
vt 0.59944 0.62211
vt 0.88164 0.97004
vt 0.86484 0.95009
vt 0.86114 0.9439
vt 0.84312 0.9263
vt 0.81299 0.87289
vt 0.8066 0.8383
vt 0.67489 0.60425
vt 0.67917 0.60312
vt 0.8302 0.6639
vt 0.81934 0.66089
vt 0.84131 0.50839
vt 0.61716 0.61025
vt 0.84995 0.49987
vt 0.85623 0.49191
vt 0.24831 0.0551
vt 0.91141 0.45164
vt 0.92013 0.44243
vt 0.84783 0.93933
vt 0.35529 0.15013
vt 0.36927 0.16065
vt 0.39284 0.16912
vt 0.81718 0.8846
vt 0.80996 0.85947
vt 0.48946 0.72854
vt 0.8016 0.82781
vt 0.44855 0.75179
vt 0.70857 0.61706
vt 0.70493 0.59659
vt 0.86479 0.48088
vt 0.88895 0.45793
vt 0.23665 0.0563
vt 0.27247 0.07473
vt 0.27813 0.08021
vt 0.26289 0.08272
vt 0.86869 0.95975
vt 0.82898 0.9122
vt 0.41175 0.17149
vt 0.40422 0.17029
vt 0.43014 0.17677
vt 0.80057 0.83549
vt 0.48104 0.73294
vt 0.79715 0.81638
vt 0.45807 0.74531
vt 0.46179 0.73575
vt 0.40895 0.77695
vt 0.8229 0.52526
vt 0.8272 0.53278
vt 0.62889 0.60296
vt 0.87836 0.46356
vt 0.89571 0.44953
vt 0.90103 0.43881
vt 0.92527 0.42398
vt 0.93568 0.41718
vt 0.94672 0.41147
vt 0.95901 0.42012
vt 0.89435 0.99239
vt 0.8878 0.98283
vt 0.31082 0.10622
vt 0.29434 0.12277
vt 0.29661 0.10335
vt 0.31543 0.11505
vt 0.87105 0.97053
vt 0.31636 0.1302
vt 0.32316 0.13797
vt 0.84923 0.95381
vt 0.83192 0.92555
vt 0.82766 0.91535
vt 0.81876 0.90403
vt 0.79678 0.84353
vt 0.50021 0.72044
vt 0.47037 0.73339
vt 0.46207 0.74244
vt 0.3907 0.79825
vt 0.39926 0.78527
vt 0.42672 0.76406
vt 0.43685 0.75522
vt 0.76345 0.61072
vt 0.76299 0.62324
vt 0.75185 0.61889
vt 0.69175 0.60444
vt 0.81732 0.64204
vt 0.80831 0.63741
vt 0.82702 0.52361
vt 0.83358 0.4993
vt 0.84415 0.48937
vt 0.60136 0.60866
vt 0.91021 0.43305
vt 0.95637 0.4062
vt 0.83637 0.93861
vt 0.35428 0.16235
vt 0.38059 0.16448
vt 0.8054 0.8824
vt 0.4078 0.18079
vt 0.80053 0.62846
vt 0.78687 0.63399
vt 0.792 0.61583
vt 0.67878 0.59328
vt 0.68255 0.59098
vt 0.82324 0.51633
vt 0.83298 0.51017
vt 0.85075 0.47961
vt 0.91396 0.42367
vt 0.88142 0.99407
vt 0.87544 0.98199
vt 0.85891 0.95989
vt 0.81566 0.91349
vt 0.8074 0.89429
vt 0.79717 0.87066
vt 0.42205 0.18816
vt 0.50907 0.7063
vt 0.50892 0.72029
vt 0.79476 0.85592
vt 0.78837 0.83569
vt 0.49295 0.71276
vt 0.48096 0.71949
vt 0.78726 0.82666
vt 0.78741 0.81585
vt 0.38535 0.78979
vt 0.82144 0.62475
vt 0.86838 0.4594
vt 0.87647 0.45412
vt 0.89083 0.43824
vt 0.26908 0.08878
vt 0.26087 0.09929
vt 0.85778 0.97209
vt 0.33654 0.15641
vt 0.82952 0.93786
vt 0.45393 0.73337
vt 0.3915 0.7797
vt 0.44874 0.73829
vt 0.41414 0.75993
vt 0.42907 0.75103
vt 0.44017 0.74335
vt 0.77904 0.6061
vt 0.77895 0.61431
vt 0.77295 0.60142
vt 0.78 0.62441
vt 0.78097 0.61146
vt 0.81789 0.51178
vt 0.82298 0.50279
vt 0.83367 0.49289
vt 0.88322 0.44456
vt 0.93747 0.40148
vt 0.94794 0.39975
vt 0.96027 0.39335
vt 0.83787 0.95044
vt 0.81763 0.9254
vt 0.37339 0.17453
vt 0.36171 0.16937
vt 0.8084 0.90755
vt 0.39671 0.18286
vt 0.387 0.1791
vt 0.46662 0.719
vt 0.40243 0.76999
vt 0.81232 0.52668
vt 0.81722 0.50656
vt 0.8509 0.46279
vt 0.89906 0.42467
vt 0.92257 0.40874
vt 0.87905 0.99958
vt 0.86485 0.98284
vt 0.84492 0.97136
vt 0.77832 0.84052
vt 0.77444 0.82865
vt 0.78142 0.60484
vt 0.797 0.52317
vt 0.79605 0.53477
vt 0.83623 0.47982
vt 0.86596 0.45138
vt 0.87186 0.44114
vt 0.2203 0.04212
vt 0.22598 0.04984
vt 0.21116 0.05781
vt 0.84065 0.96487
vt 0.32678 0.14766
vt 0.31957 0.15343
vt 0.31372 0.14403
vt 0.81922 0.93206
vt 0.81505 0.91688
vt 0.37702 0.18684
vt 0.79379 0.8924
vt 0.40756 0.19582
vt 0.38938 0.19195
vt 0.41853 0.19765
vt 0.78277 0.85248
vt 0.37666 0.77874
vt 0.45721 0.72075
vt 0.44198 0.73012
vt 0.41431 0.7495
vt 0.42335 0.74256
vt 0.43193 0.73709
vt 0.82208 0.48624
vt 0.86001 0.4542
vt 0.2112 0.03833
vt 0.20546 0.04874
vt 0.1951 0.03738
vt 0.88459 0.42868
vt 0.26862 0.11202
vt 0.26364 0.11578
vt 0.8609 0.99215
vt 0.8302 0.95936
vt 0.82603 0.95102
vt 0.81713 0.94107
vt 0.80419 0.91826
vt 0.3655 0.1838
vt 0.35621 0.17836
vt 0.79811 0.91716
vt 0.42522 0.20303
vt 0.77639 0.8362
vt 0.47884 0.7072
vt 0.37631 0.79582
vt 0.36782 0.78565
vt 0.44364 0.71977
vt 0.38934 0.76917
vt 0.81147 0.50164
vt 0.83789 0.46418
vt 0.87517 0.43291
vt 0.90884 0.41231
vt 0.92524 0.39673
vt 0.94042 0.39055
vt 0.94846 0.38968
vt 0.95612 0.38894
vt 0.84662 0.98381
vt 0.30964 0.15125
vt 0.79246 0.90793
vt 0.78636 0.88966
vt 0.78799 0.87055
vt 0.48413 0.69785
vt 0.49785 0.69648
vt 0.40146 0.75697
vt 0.78847 0.54254
vt 0.77896 0.5321
vt 0.80645 0.51242
vt 0.89493 0.41647
vt 0.27736 0.12334
vt 0.26591 0.13048
vt 0.30962 0.16359
vt 0.78017 0.87885
vt 0.44133 0.7211
vt 0.43333 0.72274
vt 0.65382 0.58907
vt 0.64495 0.5786
vt 0.65769 0.57284
vt 0.83143 0.46732
vt 0.86039 0.44331
vt 0.19385 0.05688
vt 0.9112 0.39959
vt 0.93842 0.38799
vt 0.83128 0.97321
vt 0.80674 0.93597
vt 0.37271 0.19601
vt 0.39789 0.20718
vt 0.3863 0.20169
vt 0.41058 0.21138
vt 0.77582 0.86573
vt 0.49009 0.68843
vt 0.76569 0.83102
vt 0.46599 0.70232
vt 0.47435 0.69661
vt 0.37021 0.76876
vt 0.45471 0.71045
vt 0.379 0.76427
vt 0.38763 0.75482
vt 0.403 0.74529
vt 0.41373 0.73755
vt 0.42307 0.73038
vt 0.68651 0.57836
vt 0.68787 0.56841
vt 0.69339 0.56412
vt 0.79239 0.51117
vt 0.6299 0.5768
vt 0.63848 0.56794
vt 0.86432 0.43023
vt 0.92494 0.38643
vt 0.9537 0.37159
vt 0.96941 0.37398
vt 0.96702 0.364
vt 0.81017 0.94864
vt 0.79958 0.92071
vt 0.77176 0.85099
vt 0.76458 0.837
vt 0.36135 0.779
vt 0.76404 0.5904
vt 0.74834 0.57925
vt 0.75366 0.57547
vt 0.80678 0.49047
vt 0.81093 0.49314
vt 0.82297 0.46646
vt 0.84328 0.4524
vt 0.85208 0.4425
vt 0.8779 0.41696
vt 0.8965 0.4068
vt 0.92645 0.38493
vt 0.8524 0.99744
vt 0.82394 0.96827
vt 0.81796 0.95987
vt 0.79927 0.93168
vt 0.36253 0.19757
vt 0.75659 0.84212
vt 0.88539 0.40976
vt 0.93925 0.378
vt 0.33565 0.17744
vt 0.35372 0.18587
vt 0.34034 0.19296
vt 0.77829 0.90625
vt 0.76629 0.87539
vt 0.50375 0.68053
vt 0.48174 0.67952
vt 0.75849 0.85194
vt 0.35505 0.76618
vt 0.44757 0.70176
vt 0.42581 0.7155
vt 0.40509 0.7304
vt 0.77035 0.52092
vt 0.78099 0.52262
vt 0.80607 0.48486
vt 0.8395 0.44625
vt 0.85276 0.43325
vt 0.86952 0.4198
vt 0.89456 0.3987
vt 0.91546 0.38482
vt 0.83166 0.98828
vt 0.79912 0.94644
vt 0.79866 0.9403
vt 0.34599 0.19942
vt 0.78213 0.9171
vt 0.37358 0.2073
vt 0.77114 0.89166
vt 0.76143 0.8614
vt 0.45736 0.69485
vt 0.37437 0.75169
vt 0.43037 0.71122
vt 0.38554 0.7453
vt 0.39466 0.73692
vt 0.81837 0.58826
vt 0.8222 0.60701
vt 0.8063 0.593
vt 0.78035 0.51235
vt 0.79425 0.49679
vt 0.79596 0.48534
vt 0.22809 0.09622
vt 0.23279 0.10273
vt 0.22096 0.10291
vt 0.94055 0.36628
vt 0.95953 0.35162
vt 0.83755 0.99851
vt 0.80262 0.9585
vt 0.7889 0.9226
vt 0.77985 0.92218
vt 0.38376 0.21377
vt 0.50671 0.66573
vt 0.51596 0.67506
vt 0.49438 0.67254
vt 0.4698 0.68536
vt 0.75426 0.83777
vt 0.36372 0.7587
vt 0.43255 0.70889
vt 0.41635 0.72215
vt 0.80278 0.48331
vt 0.82897 0.45264
vt 0.87577 0.40958
vt 0.90497 0.38309
vt 0.92449 0.37437
vt 0.94981 0.35606
vt 0.97011 0.34892
vt 0.28566 0.14815
vt 0.29021 0.16015
vt 0.27886 0.15565
vt 0.81692 0.9811
vt 0.81032 0.96845
vt 0.78725 0.93587
vt 0.35751 0.20541
vt 0.39804 0.22043
vt 0.75183 0.83061
vt 0.80881 0.47276
vt 0.81752 0.47392
vt 0.80854 0.47568
vt 0.81656 0.45631
vt 0.84043 0.43489
vt 0.90983 0.38229
vt 0.78607 0.56572
vt 0.78586 0.58202
vt 0.78329 0.5778
vt 0.69291 0.55749
vt 0.67932 0.56043
vt 0.69465 0.54534
vt 0.769 0.50271
vt 0.78345 0.50041
vt 0.79156 0.47658
vt 0.80177 0.47798
vt 0.85269 0.42012
vt 0.86291 0.41372
vt 0.8794 0.39999
vt 0.89346 0.38966
vt 0.93927 0.35687
vt 0.77355 0.92793
vt 0.37275 0.21669
vt 0.76571 0.9018
vt 0.49978 0.6583
vt 0.48775 0.66462
vt 0.74861 0.86072
vt 0.74752 0.84345
vt 0.34367 0.76155
vt 0.34448 0.75998
vt 0.34944 0.7716
vt 0.45431 0.68536
vt 0.35099 0.75719
vt 0.3736 0.7403
vt 0.38374 0.7325
vt 0.41077 0.70584
vt 0.81135 0.45945
vt 0.82973 0.43799
vt 0.88461 0.39286
vt 0.91764 0.3713
vt 0.92805 0.36332
vt 0.29629 0.16695
vt 0.28905 0.17373
vt 0.82374 0.99945
vt 0.80366 0.97616
vt 0.78595 0.94604
vt 0.35972 0.21731
vt 0.77113 0.92059
vt 0.75835 0.88366
vt 0.74978 0.87472
vt 0.31254 0.78018
vt 0.32532 0.77496
vt 0.3288 0.78776
vt 0.47592 0.67012
vt 0.74667 0.8524
vt 0.34121 0.76756
vt 0.36094 0.74948
vt 0.42131 0.70398
vt 0.42214 0.69975
vt 0.42974 0.6916
vt 0.39367 0.72088
vt 0.40149 0.71222
vt 0.8068 0.46876
vt 0.84222 0.41995
vt 0.86881 0.40104
vt 0.80729 0.98707
vt 0.79656 0.96651
vt 0.76484 0.91606
vt 0.39759 0.23065
vt 0.38199 0.22859
vt 0.4666 0.67795
vt 0.44282 0.69121
vt 0.78925 0.47319
vt 0.81295 0.44169
vt 0.85826 0.40176
vt 0.89382 0.37903
vt 0.94174 0.34313
vt 0.9508 0.33746
vt 0.95967 0.33248
vt 0.97252 0.33484
vt 0.33239 0.19694
vt 0.3336 0.20528
vt 0.32438 0.19582
vt 0.78598 0.96141
vt 0.77113 0.93748
vt 0.75658 0.90778
vt 0.48696 0.65454
vt 0.45439 0.67305
vt 0.7678 0.49086
vt 0.78014 0.47422
vt 0.78589 0.4881
vt 0.83163 0.42219
vt 0.85127 0.40971
vt 0.8722 0.38916
vt 0.90702 0.36747
vt 0.9149 0.36131
vt 0.92397 0.3552
vt 0.80939 0.99918
vt 0.34892 0.2059
vt 0.34642 0.2152
vt 0.7753 0.94672
vt 0.3747 0.22865
vt 0.75023 0.89209
vt 0.47819 0.65931
vt 0.468 0.66443
vt 0.33519 0.75718
vt 0.43906 0.6829
vt 0.34694 0.74262
vt 0.3601 0.73828
vt 0.41495 0.69714
vt 0.87963 0.37689
vt 0.88977 0.37722
vt 0.77683 0.95474
vt 0.75404 0.93168
vt 0.39329 0.24033
vt 0.30633 0.79112
vt 0.29621 0.78508
vt 0.32039 0.76554
vt 0.3325 0.77014
vt 0.3375 0.74519
vt 0.36901 0.73214
vt 0.38247 0.72233
vt 0.78278 0.47113
vt 0.79621 0.46223
vt 0.80212 0.45155
vt 0.81848 0.42974
vt 0.22191 0.11449
vt 0.2244 0.12808
vt 0.21484 0.12447
vt 0.89001 0.36699
vt 0.23527 0.12814
vt 0.24386 0.1344
vt 0.22603 0.14117
vt 0.9299 0.34258
vt 0.97586 0.32036
vt 0.79648 0.98356
vt 0.78988 0.97422
vt 0.33255 0.22134
vt 0.33661 0.74892
vt 0.62808 0.01731
vt 0.62185 0.02946
vt 0.61998 0.01173
vt 0.85993 0.38806
vt 0.91199 0.35179
vt 0.7539 0.93449
vt 0.35623 0.23551
vt 0.29889 0.76926
vt 0.44359 0.66743
vt 0.37072 0.71585
vt 0.38187 0.71013
vt 0.39949 0.69677
vt 0.6422 0.0311
vt 0.80417 0.43872
vt 0.81218 0.42674
vt 0.83449 0.40929
vt 0.84293 0.39666
vt 0.85336 0.39137
vt 0.90047 0.36011
vt 0.91644 0.34166
vt 0.96019 0.31584
vt 0.76291 0.94764
vt 0.75014 0.92292
vt 0.37937 0.24717
vt 0.28235 0.79491
vt 0.27809 0.783
vt 0.48489 0.6407
vt 0.49549 0.64852
vt 0.46583 0.65287
vt 0.31965 0.7494
vt 0.36056 0.72352
vt 0.40797 0.69068
vt 0.40864 0.68729
vt 0.41775 0.68332
vt 0.79375 0.44386
vt 0.14507 0.05725
vt 0.15551 0.05567
vt 0.14296 0.06803
vt 0.87463 0.37515
vt 0.93958 0.32914
vt 0.79266 0.99958
vt 0.78859 0.98876
vt 0.77913 0.97404
vt 0.7711 0.95995
vt 0.36908 0.24205
vt 0.26638 0.79099
vt 0.47566 0.64689
vt 0.30612 0.75585
vt 0.31372 0.7585
vt 0.3388 0.73455
vt 0.43134 0.67602
vt 0.34795 0.72699
vt 0.94838 0.316
vt 0.59598 0.56411
vt 0.58567 0.56862
vt 0.59552 0.5802
vt 0.57923 0.57782
vt 0.49893 0.63318
vt 0.45485 0.65904
vt 0.33119 0.74498
vt 0.3874 0.69707
vt 0.77138 0.46733
vt 0.10693 0.0352
vt 0.11123 0.02418
vt 0.12267 0.04026
vt 0.86287 0.37745
vt 0.32886 0.73533
vt 0.7535 0.49186
vt 0.74979 0.48381
vt 0.76466 0.47987
vt 0.76093 0.46591
vt 0.81497 0.42016
vt 0.81575 0.40985
vt 0.83024 0.40475
vt 0.8858 0.3574
vt 0.89623 0.34861
vt 0.92467 0.3267
vt 0.56185 0.587
vt 0.55355 0.59711
vt 0.56202 0.6003
vt 0.77005 0.97525
vt 0.75401 0.95115
vt 0.34713 0.2415
vt 0.34513 0.22906
vt 0.48681 0.61875
vt 0.28445 0.76598
vt 0.47094 0.63864
vt 0.3065 0.75193
vt 0.33072 0.73347
vt 0.43073 0.66607
vt 0.40099 0.68563
vt 0.37541 0.70133
vt 0.39125 0.6889
vt 0.75686 0.47448
vt 0.79638 0.43154
vt 0.86376 0.37627
vt 0.87324 0.36427
vt 0.56869 0.57889
vt 0.57377 0.58779
vt 0.76209 0.96699
vt 0.33243 0.23646
vt 0.32535 0.22367
vt 0.48043 0.62809
vt 0.45095 0.65027
vt 0.32452 0.73573
vt 0.43906 0.6576
vt 0.41395 0.67413
vt 0.35143 0.71715
vt 0.36253 0.71142
vt 0.78974 0.45254
vt 0.77618 0.4507
vt 0.78141 0.43889
vt 0.84949 0.37987
vt 0.93683 0.31623
vt 0.35484 0.24977
vt 0.25822 0.79621
vt 0.26106 0.78056
vt 0.36298 0.2608
vt 0.2717 0.77497
vt 0.29734 0.74836
vt 0.45885 0.63869
vt 0.68758 0.04819
vt 0.67906 0.04923
vt 0.68236 0.03427
vt 0.76072 0.46386
vt 0.8206 0.40062
vt 0.83893 0.38353
vt 0.89651 0.33638
vt 0.2483 0.77857
vt 0.49792 0.61167
vt 0.28835 0.75234
vt 0.30773 0.73714
vt 0.32774 0.72459
vt 0.36295 0.70109
vt 0.39177 0.67912
vt 0.39631 0.67881
vt 0.78765 0.42693
vt 0.80003 0.41732
vt 0.86411 0.36184
vt 0.90593 0.32914
vt 0.59943 0.55298
vt 0.58867 0.54674
vt 0.57078 0.56541
vt 0.25544 0.79637
vt 0.23892 0.79825
vt 0.2458 0.78062
vt 0.4455 0.64338
vt 0.42103 0.65934
vt 0.33597 0.71781
vt 0.39975 0.67279
vt 0.12993 0.07584
vt 0.14553 0.0782
vt 0.13579 0.08413
vt 0.82963 0.38727
vt 0.87829 0.34876
vt 0.55005 0.58578
vt 0.53566 0.59788
vt 0.54404 0.60309
vt 0.75253 0.96986
vt 0.23497 0.78762
vt 0.34746 0.25604
vt 0.33607 0.2475
vt 0.25584 0.76802
vt 0.26567 0.76166
vt 0.27613 0.75481
vt 0.29664 0.74166
vt 0.319 0.72412
vt 0.32068 0.7216
vt 0.35207 0.70718
vt 0.64024 0.05569
vt 0.63105 0.05723
vt 0.62852 0.0435
vt 0.73759 0.05105
vt 0.73033 0.06556
vt 0.72842 0.06112
vt 0.75138 0.46117
vt 0.76815 0.44158
vt 0.88355 0.33635
vt 0.91887 0.31877
vt 0.23492 0.17345
vt 0.24959 0.17631
vt 0.23138 0.18292
vt 0.92224 0.30912
vt 0.9362 0.30095
vt 0.94523 0.30348
vt 0.57802 0.55222
vt 0.56079 0.56984
vt 0.32448 0.24894
vt 0.31784 0.23643
vt 0.74345 0.95423
vt 0.43075 0.65255
vt 0.40758 0.66736
vt 0.72448 0.49027
vt 0.73403 0.48436
vt 0.73692 0.49435
vt 0.75064 0.46396
vt 0.80726 0.40507
vt 0.81229 0.39125
vt 0.82026 0.38909
vt 0.84796 0.36871
vt 0.46786 0.62773
vt 0.46837 0.62155
vt 0.28915 0.74081
vt 0.36538 0.68737
vt 0.37436 0.68235
vt 0.38004 0.67549
vt 0.38878 0.67141
vt 0.77372 0.43082
vt 0.79552 0.41182
vt 0.86578 0.34465
vt 0.90087 0.3216
vt 0.58848 0.53746
vt 0.54718 0.57135
vt 0.53791 0.58319
vt 0.31258 0.25144
vt 0.33288 0.26429
vt 0.47716 0.60835
vt 0.45048 0.62261
vt 0.2912 0.73472
vt 0.44491 0.62898
vt 0.41323 0.6535
vt 0.3345 0.7091
vt 0.35551 0.69076
vt 0.37979 0.66859
vt 0.76206 0.45207
vt 0.75237 0.44789
vt 0.11316 0.05581
vt 0.12232 0.06608
vt 0.1108 0.07027
vt 0.78289 0.42123
vt 0.85819 0.35455
vt 0.88966 0.32841
vt 0.90435 0.31339
vt 0.56025 0.55418
vt 0.52686 0.59018
vt 0.51319 0.59926
vt 0.52288 0.61023
vt 0.22627 0.77528
vt 0.24015 0.77104
vt 0.2416 0.76799
vt 0.48739 0.5987
vt 0.5024 0.59472
vt 0.28635 0.7312
vt 0.30425 0.72844
vt 0.4388 0.63466
vt 0.42497 0.64086
vt 0.32218 0.7107
vt 0.34802 0.69878
vt 0.39874 0.66397
vt 0.3811 0.66736
vt 0.68356 0.06835
vt 0.68169 0.05848
vt 0.69241 0.06336
vt 0.78248 0.07145
vt 0.78387 0.06202
vt 0.78588 0.07381
vt 0.79846 0.39655
vt 0.82652 0.37805
vt 0.83884 0.36741
vt 0.87078 0.33518
vt 0.25801 0.20021
vt 0.2519 0.20627
vt 0.25094 0.18911
vt 0.29582 0.22521
vt 0.28271 0.23196
vt 0.28909 0.21706
vt 0.3086 0.2282
vt 0.30732 0.244
vt 0.29449 0.2425
vt 0.31853 0.71399
vt 0.78209 0.41044
vt 0.84494 0.35429
vt 0.5992 0.52578
vt 0.5896 0.52057
vt 0.51556 0.59085
vt 0.25902 0.74729
vt 0.27198 0.74252
vt 0.46156 0.61176
vt 0.28099 0.732
vt 0.3889 0.65951
vt 0.36599 0.67478
vt 0.74942 0.43983
vt 0.76986 0.41714
vt 0.81286 0.37797
vt 0.85399 0.34126
vt 0.875 0.3278
vt 0.57607 0.53207
vt 0.26127 0.22479
vt 0.24689 0.21441
vt 0.26915 0.21162
vt 0.5635 0.54334
vt 0.55068 0.55815
vt 0.49639 0.58671
vt 0.298 0.72336
vt 0.32682 0.70378
vt 0.41242 0.64329
vt 0.33773 0.69582
vt 0.3991 0.65382
vt 0.36131 0.67933
vt 0.75973 0.42825
vt 0.79083 0.39664
vt 0.88273 0.31932
vt 0.89021 0.31444
vt 0.898 0.30118
vt 0.91895 0.29831
vt 0.30234 0.25385
vt 0.34632 0.26652
vt 0.34285 0.2759
vt 0.23673 0.75802
vt 0.24923 0.75594
vt 0.28015 0.72614
vt 0.3108 0.71314
vt 0.73612 0.45904
vt 0.73399 0.4548
vt 0.7416 0.45828
vt 0.74081 0.44568
vt 0.80678 0.38929
vt 0.52052 0.57138
vt 0.22446 0.75507
vt 0.47181 0.59928
vt 0.43087 0.61958
vt 0.29396 0.7128
vt 0.33352 0.68453
vt 0.36288 0.66566
vt 0.68945 0.07992
vt 0.68469 0.07651
vt 0.82045 0.36999
vt 0.82938 0.35768
vt 0.86174 0.32742
vt 0.53454 0.5583
vt 0.52729 0.56475
vt 0.51219 0.5795
vt 0.37854 0.28922
vt 0.37697 0.30815
vt 0.39107 0.29881
vt 0.48887 0.57766
vt 0.28399 0.7183
vt 0.41727 0.62721
vt 0.30671 0.69919
vt 0.31021 0.70073
vt 0.31873 0.69486
vt 0.39322 0.64247
vt 0.70721 0.07719
vt 0.71981 0.06742
vt 0.7173 0.0825
vt 0.57952 0.5159
vt 0.40295 0.33032
vt 0.3989 0.33277
vt 0.39737 0.34303
vt 0.39416 0.31386
vt 0.2287 0.75172
vt 0.24288 0.74576
vt 0.26566 0.73212
vt 0.45938 0.59862
vt 0.43716 0.61245
vt 0.35074 0.67054
vt 0.38191 0.65067
vt 0.74376 0.42765
vt 0.76608 0.40395
vt 0.79901 0.37575
vt 0.81458 0.36269
vt 0.83295 0.3441
vt 0.59568 0.50037
vt 0.59204 0.50049
vt 0.56166 0.52597
vt 0.55002 0.5417
vt 0.25257 0.73674
vt 0.4475 0.60549
vt 0.30447 0.70392
vt 0.36899 0.65873
vt 0.37169 0.65737
vt 0.75566 0.41912
vt 0.78561 0.37923
vt 0.80534 0.36912
vt 0.84377 0.33523
vt 0.86762 0.3146
vt 0.87885 0.30939
vt 0.88375 0.30145
vt 0.58515 0.49815
vt 0.56667 0.51773
vt 0.55699 0.53253
vt 0.53869 0.54606
vt 0.2747 0.2373
vt 0.27012 0.24728
vt 0.2619 0.23762
vt 0.39472 0.34014
vt 0.50098 0.58624
vt 0.38287 0.32065
vt 0.21648 0.75957
vt 0.36742 0.29393
vt 0.47604 0.58637
vt 0.46178 0.58833
vt 0.27053 0.71959
vt 0.27575 0.71996
vt 0.40462 0.63329
vt 0.77678 0.40084
vt 0.7812 0.38732
vt 0.23117 0.74718
vt 0.81435 0.3476
vt 0.85028 0.32142
vt 0.36458 0.31174
vt 0.47588 0.57456
vt 0.46124 0.57503
vt 0.26593 0.71663
vt 0.4333 0.59698
vt 0.30188 0.68733
vt 0.35677 0.65356
vt 0.74731 0.41403
vt 0.74822 0.40575
vt 0.76606 0.39145
vt 0.59758 0.48629
vt 0.57068 0.50627
vt 0.54415 0.53346
vt 0.52279 0.54453
vt 0.50315 0.56326
vt 0.49908 0.57212
vt 0.37308 0.32661
vt 0.22338 0.73733
vt 0.23847 0.73173
vt 0.25538 0.72421
vt 0.27742 0.71171
vt 0.42645 0.60545
vt 0.28375 0.706
vt 0.29418 0.70257
vt 0.40923 0.61633
vt 0.30617 0.68291
vt 0.31081 0.67786
vt 0.34548 0.65689
vt 0.35939 0.65001
vt 0.36684 0.6509
vt 0.37445 0.64242
vt 0.38675 0.63416
vt 0.87331 0.29918
vt 0.3539 0.29089
vt 0.35761 0.30152
vt 0.72059 0.45349
vt 0.71223 0.43956
vt 0.71787 0.44502
vt 0.78785 0.36375
vt 0.82563 0.33207
vt 0.83482 0.32553
vt 0.8546 0.31203
vt 0.86288 0.29934
vt 0.5702 0.49399
vt 0.54566 0.52118
vt 0.50979 0.55249
vt 0.20148 0.74208
vt 0.44599 0.58313
vt 0.26682 0.71182
vt 0.2947 0.68762
vt 0.39497 0.61957
vt 0.32359 0.66932
vt 0.33325 0.66112
vt 0.75146 0.3941
vt 0.76645 0.38309
vt 0.79759 0.35559
vt 0.80522 0.34898
vt 0.48922 0.56716
vt 0.21652 0.73962
vt 0.27024 0.70712
vt 0.28673 0.69685
vt 0.35513 0.64235
vt 0.71402 0.43511
vt 0.73128 0.41702
vt 0.73876 0.40681
vt 0.88165 0.28348
vt 0.58045 0.48312
vt 0.55392 0.50991
vt 0.52967 0.52567
vt 0.27656 0.69946
vt 0.37527 0.63
vt 0.36587 0.63791
vt 0.81377 0.33064
vt 0.84127 0.31266
vt 0.84906 0.30266
vt 0.55899 0.49666
vt 0.52308 0.53167
vt 0.3359 0.29951
vt 0.34027 0.2842
vt 0.26096 0.70864
vt 0.41715 0.59825
vt 0.29248 0.67885
vt 0.40011 0.61099
vt 0.38314 0.61731
vt 0.34868 0.64741
vt 0.76591 0.36937
vt 0.86072 0.29412
vt 0.35201 0.3214
vt 0.35861 0.33509
vt 0.21904 0.73347
vt 0.34094 0.3107
vt 0.22926 0.72021
vt 0.24247 0.71725
vt 0.42903 0.58221
vt 0.82738 0.31559
vt 0.86716 0.28381
vt 0.25907 0.69955
vt 0.33234 0.65241
vt 0.34655 0.63909
vt 0.34007 0.64507
vt 0.73311 0.40358
vt 0.74248 0.39162
vt 0.75328 0.38089
vt 0.78155 0.3567
vt 0.79543 0.34022
vt 0.8028 0.33361
vt 0.5661 0.47691
vt 0.54583 0.50434
vt 0.53261 0.51206
vt 0.51382 0.53348
vt 0.49998 0.54206
vt 0.26341 0.69399
vt 0.27084 0.69146
vt 0.41809 0.58884
vt 0.28134 0.68619
vt 0.39578 0.60384
vt 0.41063 0.59181
vt 0.30595 0.66788
vt 0.36899 0.62437
vt 0.79015 0.34817
vt 0.81833 0.32054
vt 0.83108 0.30332
vt 0.84023 0.30053
vt 0.5812 0.46865
vt 0.56968 0.46692
vt 0.22711 0.23189
vt 0.22166 0.24555
vt 0.21197 0.22589
vt 0.49352 0.55334
vt 0.2016 0.73278
vt 0.23216 0.70833
vt 0.24233 0.70687
vt 0.43932 0.57413
vt 0.2964 0.67476
vt 0.32134 0.65803
vt 0.34639 0.6353
vt 0.35913 0.63031
vt 0.33945 0.63903
vt 0.71153 0.42288
vt 0.70859 0.42607
vt 0.7096 0.41303
vt 0.74286 0.37646
vt 0.7677 0.35437
vt 0.77928 0.34497
vt 0.8002 0.32347
vt 0.55536 0.48036
vt 0.54481 0.48908
vt 0.52038 0.51638
vt 0.35819 0.34393
vt 0.35298 0.35173
vt 0.36273 0.36003
vt 0.4965 0.5451
vt 0.48083 0.55359
vt 0.48079 0.56424
vt 0.3436 0.33886
vt 0.20714 0.7197
vt 0.21673 0.7146
vt 0.43049 0.56608
vt 0.27394 0.67523
vt 0.75681 0.36558
vt 0.53416 0.50147
vt 0.50853 0.52463
vt 0.33422 0.32393
vt 0.32839 0.31067
vt 0.23964 0.69224
vt 0.31757 0.29765
vt 0.31861 0.27658
vt 0.30738 0.28155
vt 0.32604 0.28621
vt 0.24941 0.69506
vt 0.25628 0.68566
vt 0.26623 0.68063
vt 0.41613 0.57601
vt 0.40332 0.57888
vt 0.28147 0.6702
vt 0.28335 0.66559
vt 0.28742 0.66482
vt 0.29338 0.66698
vt 0.38396 0.59857
vt 0.36232 0.61612
vt 0.37258 0.60871
vt 0.32263 0.64287
vt 0.32636 0.6378
vt 0.70001 0.42578
vt 0.69736 0.40954
vt 0.80712 0.3108
vt 0.81751 0.30578
vt 0.84279 0.2891
vt 0.85075 0.27865
vt 0.46717 0.56456
vt 0.39771 0.58626
vt 0.30295 0.6579
vt 0.31465 0.65078
vt 0.33388 0.63064
vt 0.3523 0.6244
vt 0.73071 0.3887
vt 0.78614 0.33221
vt 0.86556 0.27193
vt 0.22259 0.70005
vt 0.29175 0.65497
vt 0.82648 0.29858
vt 0.83084 0.28804
vt 0.50885 0.51663
vt 0.49383 0.53392
vt 0.48329 0.53943
vt 0.60563 0.12947
vt 0.59406 0.13526
vt 0.59306 0.11847
vt 0.70539 0.40758
vt 0.7084 0.39541
vt 0.7273 0.3746
vt 0.73472 0.3741
vt 0.73977 0.36289
vt 0.74805 0.3585
vt 0.75973 0.34802
vt 0.77249 0.33696
vt 0.83551 0.2802
vt 0.84464 0.27163
vt 0.57571 0.45185
vt 0.56164 0.45589
vt 0.55185 0.47083
vt 0.52303 0.4971
vt 0.24164 0.26915
vt 0.22353 0.27548
vt 0.22605 0.25907
vt 0.47133 0.54448
vt 0.45549 0.55549
vt 0.31657 0.31168
vt 0.3227 0.32316
vt 0.23394 0.69169
vt 0.31 0.30062
vt 0.26277 0.67663
vt 0.40628 0.57202
vt 0.32605 0.62576
vt 0.33673 0.62056
vt 0.78881 0.31924
vt 0.79816 0.31344
vt 0.51175 0.50662
vt 0.50022 0.52074
vt 0.20369 0.70453
vt 0.21365 0.70403
vt 0.41577 0.56473
vt 0.38887 0.58151
vt 0.37313 0.59539
vt 0.30223 0.64364
vt 0.36251 0.60472
vt 0.3432 0.61586
vt 0.35304 0.60821
vt 0.76735 0.33105
vt 0.77902 0.32445
vt 0.81436 0.30141
vt 0.56855 0.44605
vt 0.53053 0.48572
vt 0.3328 0.34136
vt 0.24887 0.67588
vt 0.27223 0.65642
vt 0.69293 0.39373
vt 0.71556 0.39825
vt 0.71303 0.38025
vt 0.71957 0.38732
vt 0.75824 0.33852
vt 0.81456 0.28577
vt 0.53203 0.47466
vt 0.22634 0.68395
vt 0.30353 0.31213
vt 0.24084 0.6789
vt 0.29957 0.28693
vt 0.29502 0.30134
vt 0.25572 0.66817
vt 0.28005 0.65206
vt 0.37564 0.57731
vt 0.30717 0.63312
vt 0.32134 0.61983
vt 0.70453 0.39309
vt 0.7068 0.38103
vt 0.72861 0.36198
vt 0.74648 0.34576
vt 0.78587 0.31412
vt 0.79896 0.29857
vt 0.8236 0.27334
vt 0.34617 0.36695
vt 0.33911 0.37848
vt 0.35623 0.37933
vt 0.4905 0.51897
vt 0.48038 0.52752
vt 0.21483 0.69041
vt 0.30885 0.32381
vt 0.29228 0.27866
vt 0.28747 0.29138
vt 0.40516 0.55695
vt 0.38721 0.57071
vt 0.36555 0.58859
vt 0.35636 0.59253
vt 0.3148 0.62411
vt 0.7366 0.35456
vt 0.77729 0.32048
vt 0.805 0.29102
vt 0.56794 0.42515
vt 0.55522 0.4361
vt 0.57599 0.43613
vt 0.55354 0.44868
vt 0.54399 0.45797
vt 0.536 0.46549
vt 0.51279 0.49425
vt 0.49526 0.50398
vt 0.326 0.35029
vt 0.33218 0.36106
vt 0.34001 0.35218
vt 0.31639 0.33334
vt 0.27984 0.28394
vt 0.26826 0.65137
vt 0.39604 0.56613
vt 0.28944 0.64172
vt 0.70153 0.38014
vt 0.78525 0.29945
vt 0.52355 0.47609
vt 0.51542 0.48657
vt 0.24403 0.66849
vt 0.25539 0.66256
vt 0.31421 0.61692
vt 0.33808 0.60544
vt 0.75438 0.33752
vt 0.50044 0.49665
vt 0.48639 0.50415
vt 0.20618 0.68249
vt 0.27439 0.64636
vt 0.30288 0.62819
vt 0.34079 0.59411
vt 0.32676 0.61178
vt 0.70195 0.36637
vt 0.71619 0.36846
vt 0.75201 0.32768
vt 0.76075 0.31995
vt 0.79799 0.28363
vt 0.48022 0.51036
vt 0.47115 0.51926
vt 0.21588 0.67415
vt 0.29604 0.32022
vt 0.22982 0.67142
vt 0.28201 0.30633
vt 0.27229 0.27306
vt 0.26071 0.28069
vt 0.27102 0.29199
vt 0.38579 0.55722
vt 0.27935 0.63346
vt 0.37045 0.57365
vt 0.73056 0.34428
vt 0.74228 0.33489
vt 0.76811 0.31144
vt 0.58169 0.40374
vt 0.56581 0.4109
vt 0.57844 0.41419
vt 0.54405 0.44143
vt 0.51572 0.47356
vt 0.45694 0.54698
vt 0.44137 0.53676
vt 0.4358 0.54782
vt 0.37446 0.56516
vt 0.29055 0.629
vt 0.30002 0.62112
vt 0.32477 0.59826
vt 0.71485 0.34912
vt 0.7704 0.30108
vt 0.78572 0.28606
vt 0.55027 0.42076
vt 0.53355 0.45161
vt 0.52634 0.45977
vt 0.50336 0.48596
vt 0.31034 0.35817
vt 0.32468 0.36856
vt 0.45271 0.5227
vt 0.31015 0.34657
vt 0.30185 0.33092
vt 0.24581 0.65461
vt 0.25311 0.64873
vt 0.34838 0.58076
vt 0.3134 0.60896
vt 0.69625 0.36543
vt 0.51837 0.46437
vt 0.27034 0.63582
vt 0.58732 0.33282
vt 0.58428 0.34231
vt 0.59779 0.33894
vt 0.59476 0.35028
vt 0.58138 0.3665
vt 0.57256 0.37411
vt 0.5848 0.3813
vt 0.57234 0.38576
vt 0.56373 0.39233
vt 0.57314 0.39845
vt 0.54217 0.4321
vt 0.48934 0.49023
vt 0.47606 0.50392
vt 0.19845 0.66922
vt 0.22882 0.65742
vt 0.26065 0.64048
vt 0.38271 0.55044
vt 0.355 0.56933
vt 0.69804 0.35289
vt 0.59943 0.32686
vt 0.59006 0.36056
vt 0.57973 0.35486
vt 0.55699 0.40429
vt 0.53129 0.43956
vt 0.51885 0.45193
vt 0.42863 0.53457
vt 0.2943 0.33731
vt 0.2856 0.32562
vt 0.25679 0.28725
vt 0.72647 0.33441
vt 0.59096 0.31332
vt 0.47731 0.49181
vt 0.46247 0.5103
vt 0.20055 0.65923
vt 0.27421 0.31052
vt 0.23693 0.64449
vt 0.24914 0.27163
vt 0.24871 0.28926
vt 0.28537 0.61505
vt 0.33138 0.58318
vt 0.71455 0.3338
vt 0.51409 0.46122
vt 0.49586 0.47021
vt 0.49288 0.47954
vt 0.48513 0.47892
vt 0.43738 0.5234
vt 0.21371 0.65341
vt 0.25926 0.30651
vt 0.2471 0.6393
vt 0.23888 0.28153
vt 0.36468 0.55543
vt 0.27025 0.62052
vt 0.34054 0.56786
vt 0.29787 0.60782
vt 0.30376 0.6009
vt 0.31155 0.59517
vt 0.3199 0.58908
vt 0.58064 0.31593
vt 0.5759 0.3329
vt 0.57182 0.34933
vt 0.56854 0.35992
vt 0.56052 0.37881
vt 0.54979 0.40043
vt 0.54118 0.41311
vt 0.52639 0.42839
vt 0.51766 0.43682
vt 0.44723 0.51172
vt 0.28843 0.34538
vt 0.30247 0.3525
vt 0.28079 0.33521
vt 0.25134 0.30437
vt 0.25972 0.62756
vt 0.5623 0.17554
vt 0.57312 0.17432
vt 0.56118 0.18779
vt 0.67962 0.36208
vt 0.68852 0.35257
vt 0.68341 0.37369
vt 0.51707 0.44321
vt 0.49631 0.45704
vt 0.45995 0.49947
vt 0.29546 0.35752
vt 0.30257 0.3667
vt 0.27312 0.32766
vt 0.2247 0.64519
vt 0.26846 0.31787
vt 0.35451 0.55652
vt 0.33174 0.5721
vt 0.57411 0.18244
vt 0.5631 0.36774
vt 0.55451 0.3863
vt 0.53222 0.42289
vt 0.5071 0.44891
vt 0.46873 0.48889
vt 0.27338 0.60982
vt 0.62778 0.17754
vt 0.617 0.18647
vt 0.61045 0.17561
vt 0.58507 0.18225
vt 0.58252 0.19463
vt 0.43095 0.5152
vt 0.24028 0.63019
vt 0.23086 0.29594
vt 0.28823 0.59663
vt 0.31567 0.57461
vt 0.57322 0.19431
vt 0.58403 0.30338
vt 0.57086 0.30864
vt 0.56111 0.34402
vt 0.55668 0.35899
vt 0.55082 0.37244
vt 0.54421 0.38598
vt 0.5364 0.40059
vt 0.52653 0.41477
vt 0.47399 0.47687
vt 0.29023 0.36897
vt 0.28204 0.357
vt 0.41935 0.53105
vt 0.25975 0.32554
vt 0.22724 0.63045
vt 0.23903 0.30197
vt 0.2518 0.61899
vt 0.22842 0.28056
vt 0.30451 0.58331
vt 0.57141 0.2959
vt 0.51489 0.43084
vt 0.45331 0.4899
vt 0.41462 0.51629
vt 0.27446 0.34555
vt 0.2017 0.64059
vt 0.21421 0.63483
vt 0.25116 0.32121
vt 0.26453 0.60966
vt 0.3409 0.54946
vt 0.58628 0.25813
vt 0.57297 0.26355
vt 0.58411 0.27115
vt 0.56512 0.3242
vt 0.48098 0.45757
vt 0.26733 0.33689
vt 0.23874 0.31439
vt 0.21484 0.28849
vt 0.33122 0.55562
vt 0.32325 0.56058
vt 0.55926 0.29065
vt 0.51318 0.41634
vt 0.50232 0.43358
vt 0.4931 0.44484
vt 0.47511 0.46566
vt 0.46465 0.47408
vt 0.4457 0.49644
vt 0.42419 0.50894
vt 0.2414 0.61774
vt 0.28145 0.59083
vt 0.29097 0.58354
vt 0.29981 0.57627
vt 0.56354 0.27774
vt 0.57456 0.28216
vt 0.55675 0.30561
vt 0.54877 0.34796
vt 0.5421 0.36678
vt 0.52596 0.39059
vt 0.48693 0.45089
vt 0.3128 0.40903
vt 0.29816 0.4188
vt 0.31175 0.41859
vt 0.45389 0.47779
vt 0.43656 0.5021
vt 0.25633 0.33875
vt 0.22756 0.61648
vt 0.22758 0.30797
vt 0.27016 0.59445
vt 0.64268 0.18688
vt 0.63851 0.19742
vt 0.62326 0.19109
vt 0.55343 0.32686
vt 0.54022 0.35344
vt 0.53483 0.37927
vt 0.51114 0.41065
vt 0.2757 0.36822
vt 0.28344 0.37934
vt 0.42473 0.49737
vt 0.24696 0.33717
vt 0.24602 0.60642
vt 0.20446 0.28319
vt 0.20497 0.29377
vt 0.31104 0.56415
vt 0.5181 0.39938
vt 0.50602 0.42192
vt 0.49541 0.43342
vt 0.4356 0.49029
vt 0.26076 0.34757
vt 0.26791 0.35721
vt 0.2132 0.61794
vt 0.2383 0.3252
vt 0.23431 0.60968
vt 0.25534 0.60158
vt 0.53025 0.36463
vt 0.46722 0.45238
vt 0.43832 0.48256
vt 0.41383 0.50339
vt 0.40049 0.50639
vt 0.40371 0.52159
vt 0.3918 0.52839
vt 0.22865 0.32361
vt 0.26984 0.58158
vt 0.19581 0.27928
vt 0.19011 0.29222
vt 0.29275 0.57052
vt 0.56384 0.26644
vt 0.55228 0.27022
vt 0.54572 0.33418
vt 0.53736 0.33965
vt 0.52435 0.37845
vt 0.47796 0.4444
vt 0.30557 0.43938
vt 0.29052 0.44099
vt 0.3012 0.44898
vt 0.2559 0.3594
vt 0.20159 0.62045
vt 0.20905 0.3101
vt 0.25175 0.59361
vt 0.28278 0.57513
vt 0.2958 0.55631
vt 0.30364 0.54965
vt 0.18305 0.2778
vt 0.17871 0.29379
vt 0.54716 0.28108
vt 0.54478 0.30767
vt 0.53736 0.31226
vt 0.51282 0.39418
vt 0.5046 0.40752
vt 0.49496 0.41849
vt 0.48236 0.43518
vt 0.45385 0.46384
vt 0.44239 0.4713
vt 0.41336 0.49238
vt 0.21664 0.31804
vt 0.54615 0.29415
vt 0.51038 0.38669
vt 0.42273 0.48235
vt 0.24122 0.34656
vt 0.25009 0.34864
vt 0.23271 0.33646
vt 0.2237 0.59783
vt 0.23433 0.59366
vt 0.28581 0.55994
vt 0.52365 0.3476
vt 0.48342 0.42444
vt 0.3996 0.48805
vt 0.2142 0.60274
vt 0.24007 0.58646
vt 0.25158 0.58385
vt 0.19431 0.31166
vt 0.27571 0.56444
vt 0.55237 0.25492
vt 0.54012 0.26246
vt 0.52753 0.33352
vt 0.51412 0.36013
vt 0.51546 0.37405
vt 0.49856 0.39587
vt 0.48994 0.40712
vt 0.46651 0.437
vt 0.4403 0.45611
vt 0.42338 0.46903
vt 0.245 0.36009
vt 0.39106 0.49379
vt 0.38881 0.50951
vt 0.22163 0.33358
vt 0.18141 0.31083
vt 0.58703 0.21439
vt 0.5953 0.22363
vt 0.57935 0.22783
vt 0.53649 0.28853
vt 0.53199 0.29854
vt 0.45502 0.44089
vt 0.45387 0.45143
vt 0.28343 0.41064
vt 0.27202 0.41371
vt 0.28689 0.42018
vt 0.40662 0.47631
vt 0.23844 0.35306
vt 0.20695 0.32389
vt 0.51219 0.36544
vt 0.484 0.4163
vt 0.47054 0.42307
vt 0.42648 0.4606
vt 0.24823 0.37138
vt 0.25705 0.38085
vt 0.26243 0.3709
vt 0.22126 0.34207
vt 0.22922 0.34756
vt 0.25013 0.57068
vt 0.26137 0.56325
vt 0.52467 0.30703
vt 0.50012 0.37439
vt 0.22635 0.5852
vt 0.27046 0.5435
vt 0.15867 0.2885
vt 0.15943 0.31166
vt 0.16933 0.28929
vt 0.53074 0.32344
vt 0.51967 0.31884
vt 0.5131 0.33048
vt 0.51236 0.33873
vt 0.51164 0.35098
vt 0.50568 0.3631
vt 0.49355 0.38371
vt 0.48679 0.39378
vt 0.47501 0.40988
vt 0.46286 0.4226
vt 0.44039 0.44328
vt 0.2632 0.3916
vt 0.25671 0.40321
vt 0.2699 0.40341
vt 0.4112 0.46645
vt 0.38903 0.47866
vt 0.37766 0.48564
vt 0.3779 0.50002
vt 0.06962 0.28645
vt 0.07704 0.30394
vt 0.08036 0.28473
vt 0.20307 0.33896
vt 0.23276 0.57182
vt 0.16868 0.3154
vt 0.18961 0.32502
vt 0.27975 0.53785
vt 0.6057 0.23863
vt 0.5988 0.24731
vt 0.58665 0.23803
vt 0.53861 0.27506
vt 0.52667 0.26818
vt 0.52914 0.28289
vt 0.45703 0.4301
vt 0.27946 0.42863
vt 0.26334 0.42776
vt 0.27327 0.44006
vt 0.25138 0.39232
vt 0.21894 0.35905
vt 0.23317 0.36296
vt 0.08962 0.29384
vt 0.5208 0.29356
vt 0.47905 0.39896
vt 0.42636 0.44643
vt 0.23389 0.37531
vt 0.23776 0.36533
vt 0.1182 0.29412
vt 0.12214 0.30708
vt 0.13181 0.29556
vt 0.53113 0.24869
vt 0.51389 0.26201
vt 0.52592 0.25801
vt 0.51052 0.30661
vt 0.44529 0.42968
vt 0.41221 0.45294
vt 0.23677 0.38397
vt 0.10222 0.30189
vt 0.17521 0.32664
vt 0.13925 0.30745
vt 0.63122 0.23879
vt 0.61925 0.25212
vt 0.61713 0.2377
vt 0.51959 0.26996
vt 0.50828 0.32893
vt 0.50021 0.34102
vt 0.51006 0.33967
vt 0.49471 0.35447
vt 0.4862 0.36965
vt 0.46446 0.40681
vt 0.24846 0.41297
vt 0.25402 0.42312
vt 0.26043 0.41108
vt 0.06552 0.30917
vt 0.07573 0.31773
vt 0.19831 0.35056
vt 0.18374 0.3415
vt 0.47941 0.38158
vt 0.44872 0.41462
vt 0.40199 0.45844
vt 0.39927 0.46869
vt 0.38813 0.46373
vt 0.08735 0.30934
vt 0.63278 0.25649
vt 0.50508 0.27267
vt 0.50527 0.28711
vt 0.50473 0.31455
vt 0.49786 0.31764
vt 0.47138 0.39359
vt 0.43273 0.42568
vt 0.42907 0.43647
vt 0.41817 0.43211
vt 0.24482 0.42235
vt 0.24432 0.40143
vt 0.24081 0.4102
vt 0.23279 0.3933
vt 0.23971 0.40111
vt 0.21017 0.36527
vt 0.219 0.37165
vt 0.60502 0.26568
vt 0.59223 0.25918
vt 0.51177 0.28834
vt 0.49834 0.29871
vt 0.50691 0.3021
vt 0.50104 0.30569
vt 0.40143 0.44629
vt 0.39021 0.4518
vt 0.21366 0.38093
vt 0.2243 0.38182
vt 0.06277 0.32671
vt 0.08371 0.32358
vt 0.16467 0.3327
vt 0.1738 0.3401
vt 0.4946 0.31171
vt 0.47566 0.35701
vt 0.47266 0.36655
vt 0.46107 0.38735
vt 0.45519 0.40117
vt 0.23763 0.41199
vt 0.09354 0.32762
vt 0.10542 0.32122
vt 0.11327 0.33119
vt 0.11458 0.3159
vt 0.1251 0.32328
vt 0.48871 0.32793
vt 0.48668 0.34637
vt 0.44592 0.3948
vt 0.21488 0.39015
vt 0.03709 0.33914
vt 0.04777 0.34367
vt 0.04048 0.32712
vt 0.04959 0.33154
vt 0.1612 0.34291
vt 0.48976 0.31686
vt 0.48509 0.32211
vt 0.43527 0.40699
vt 0.24281 0.42648
vt 0.23816 0.44073
vt 0.25273 0.43747
vt 0.4156 0.41725
vt 0.23171 0.42212
vt 0.41535 0.44161
vt 0.40423 0.43414
vt 0.22452 0.40186
vt 0.22588 0.41118
vt 0.10318 0.33353
vt 0.17176 0.35575
vt 0.18029 0.35517
vt 0.12605 0.33838
vt 0.14013 0.33237
vt 0.13553 0.32374
vt 0.2412 0.44907
vt 0.24242 0.45974
vt 0.24962 0.44785
vt 0.0789 0.33419
vt 0.48037 0.31142
vt 0.46479 0.35925
vt 0.45879 0.36887
vt 0.4665 0.37787
vt 0.45114 0.38134
vt 0.03496 0.35087
vt 0.13663 0.34789
vt 0.47561 0.32037
vt 0.47213 0.32729
vt 0.45864 0.3451
vt 0.41985 0.40543
vt 0.42562 0.41503
vt 0.2191 0.42901
vt 0.23465 0.43028
vt 0.21677 0.41535
vt 0.21078 0.40311
vt 0.11344 0.34905
vt 0.49146 0.26757
vt 0.47959 0.27142
vt 0.48382 0.28323
vt 0.45283 0.35361
vt 0.40633 0.42368
vt 0.39589 0.42469
vt 0.07723 0.35232
vt 0.08816 0.35169
vt 0.09046 0.33915
vt 0.14809 0.36057
vt 0.14823 0.34786
vt 0.48215 0.30014
vt 0.46647 0.30232
vt 0.46302 0.32475
vt 0.4347 0.39336
vt 0.41968 0.39123
vt 0.03012 0.36696
vt 0.04267 0.36715
vt 0.04481 0.35639
vt 0.13306 0.3554
vt 0.47239 0.28237
vt 0.05478 0.36106
vt 0.09784 0.35558
vt 0.11051 0.35859
vt 0.17237 0.36571
vt 0.16112 0.36728
vt 0.17274 0.37554
vt 0.46289 0.27079
vt 0.40426 0.40083
vt 0.05264 0.37279
vt 0.08554 0.36259
vt 0.03338 0.55452
vt 0.02118 0.54269
vt 0.0205 0.55484
vt 0.09881 0.36679
vt 0.15201 0.37168
vt 0.16254 0.38164
vt 0.14053 0.36786
vt 0.11583 0.37256
vt 0.06406 0.37574
vt 0.07207 0.38042
vt 0.07501 0.37009
vt 0.10248 0.37558
vt 0.03926 0.54282
vt 0.02062 0.53116
vt 0.04382 0.39174
vt 0.05804 0.39626
vt 0.05225 0.38349
vt 0.06806 0.39036
vt 0.17624 0.40287
vt 0.17616 0.41633
vt 0.19168 0.40943
vt 0.14246 0.5575
vt 0.14545 0.5485
vt 0.14358 0.54659
vt 0.03958 0.41802
vt 0.05056 0.41148
vt 0.03857 0.40158
vt 0.02911 0.44288
vt 0.04382 0.44547
vt 0.03151 0.42855
vt 0.17301 0.42522
vt 0.17172 0.4357
vt 0.18384 0.43098
vt 0.09529 0.39412
vt 0.10734 0.39486
vt 0.0952 0.38512
vt 0.03465 0.51155
vt 0.04562 0.50507
vt 0.03268 0.49942
vt 0.06221 0.4645
vt 0.05863 0.45047
vt 0.05145 0.46191
vt 0.10238 0.41347
vt 0.11557 0.43086
vt 0.11302 0.41521
vt 0.08944 0.4798
vt 0.09235 0.46514
vt 0.08029 0.4679
vt 0.07624 0.45881
vt 0.82662 0.71841
vt 0.75308 0.64152
vt 0.58976 0.64568
vt 0.74934 0.63284
vt 0.84583 0.54285
vt 0.59548 0.63453
vt 0.24431 0.02788
vt 0.73529 0.6124
vt 0.5842 0.62553
vt 0.23339 0.04157
vt 0.2612 0.0663
vt 0.76961 0.62695
vt 0.77994 0.63736
vt 0.66237 0.60748
vt 0.57706 0.63363
vt 0.77777 0.62759
vt 0.28067 0.0942
vt 0.67067 0.59997
vt 0.56506 0.63565
vt 0.25725 0.07666
vt 0.34139 0.1447
vt 0.82656 0.65096
vt 0.66194 0.59687
vt 0.64373 0.59898
vt 0.58991 0.61206
vt 0.24726 0.07098
vt 0.7495 0.60412
vt 0.69447 0.59154
vt 0.56664 0.62275
vt 0.57214 0.61471
vt 0.27536 0.10024
vt 0.28372 0.10791
vt 0.30336 0.13386
vt 0.73466 0.59881
vt 0.72156 0.59551
vt 0.81464 0.53723
vt 0.22121 0.05956
vt 0.24574 0.08537
vt 0.7626 0.59793
vt 0.82926 0.63218
vt 0.66627 0.5783
vt 0.63482 0.58764
vt 0.61099 0.59046
vt 0.60487 0.59796
vt 0.59324 0.60026
vt 0.23243 0.06805
vt 0.74902 0.59325
vt 0.70926 0.58138
vt 0.69591 0.58078
vt 0.62302 0.59205
vt 0.57713 0.59933
vt 0.25293 0.09431
vt 0.73207 0.58792
vt 0.71697 0.58391
vt 0.68357 0.5799
vt 0.75372 0.5871
vt 0.79087 0.60226
vt 0.67807 0.57626
vt 0.61842 0.5805
vt 0.23315 0.08487
vt 0.27998 0.12967
vt 0.28689 0.13511
vt 0.32552 0.16018
vt 0.34461 0.17097
vt 0.80778 0.60835
vt 0.59208 0.58311
vt 0.21972 0.07135
vt 0.24568 0.10857
vt 0.2984 0.1449
vt 0.7434 0.58049
vt 0.78268 0.59215
vt 0.77605 0.59316
vt 0.72855 0.57371
vt 0.69998 0.5702
vt 0.17551 0.02846
vt 0.19105 0.02146
vt 0.18124 0.03829
vt 0.25253 0.11084
vt 0.3308 0.17016
vt 0.78511 0.59479
vt 0.71757 0.56837
vt 0.60754 0.58239
vt 0.2194 0.08387
vt 0.67034 0.56452
vt 0.20271 0.06638
vt 0.27732 0.13987
vt 0.29849 0.15522
vt 0.76425 0.58246
vt 0.73676 0.571
vt 0.77085 0.54073
vt 0.31784 0.17103
vt 0.77375 0.57858
vt 0.79616 0.58756
vt 0.70768 0.55793
vt 0.65983 0.56015
vt 0.64829 0.56341
vt 0.62199 0.5648
vt 0.81096 0.48529
vt 0.16878 0.01425
vt 0.15964 0.03044
vt 0.25472 0.12277
vt 0.74247 0.5662
vt 0.73013 0.56358
vt 0.70108 0.55952
vt 0.14708 0.00902
vt 0.16248 0.00501
vt 0.16139 0.01986
vt 0.1783 0.05407
vt 0.18741 0.06214
vt 0.76502 0.56573
vt 0.71583 0.55683
vt 0.16349 0.03885
vt 0.19371 0.071
vt 0.20086 0.08164
vt 0.20593 0.09487
vt 0.21455 0.09956
vt 0.24426 0.1231
vt 0.26992 0.14671
vt 0.30062 0.17391
vt 0.31434 0.17735
vt 0.32764 0.18359
vt 0.77392 0.56689
vt 0.76114 0.52642
vt 0.69588 0.55107
vt 0.63786 0.55395
vt 0.16454 0.04687
vt 0.23383 0.11799
vt 0.25864 0.13852
vt 0.79869 0.57446
vt 0.72209 0.55632
vt 0.75201 0.54285
vt 0.67463 0.54989
vt 0.65073 0.54699
vt 0.61955 0.55535
vt 0.14008 0.01575
vt 0.75706 0.55931
vt 0.74236 0.55516
vt 0.80972 0.58172
vt 0.70285 0.54663
vt 0.66435 0.54475
vt 0.17812 0.06747
vt 0.31574 0.19229
vt 0.15303 0.03556
vt 0.16948 0.05885
vt 0.18591 0.08303
vt 0.26493 0.15479
vt 0.27681 0.16425
vt 0.3062 0.18817
vt 0.67729 0.01853
vt 0.67504 0.005
vt 0.68394 0.00353
vt 0.78299 0.56145
vt 0.62517 0.00291
vt 0.63577 0.00502
vt 0.74735 0.53371
vt 0.12966 0.00042
vt 0.12275 0.0153
vt 0.15106 0.04591
vt 0.25488 0.14804
vt 0.64878 0.00703
vt 0.66373 0.0103
vt 0.65753 0.02299
vt 0.72641 0.54215
vt 0.71513 0.54676
vt 0.70543 0.53762
vt 0.75734 0.51322
vt 0.67526 0.53361
vt 0.6382 0.53575
vt 0.19599 0.10237
vt 0.20981 0.11249
vt 0.24152 0.14643
vt 0.30051 0.18799
vt 0.69133 0.02208
vt 0.69331 0.00769
vt 0.6681 0.0132
vt 0.70864 0.00849
vt 0.70315 0.02243
vt 0.71384 0.01969
vt 0.73917 0.54332
vt 0.64699 0.02102
vt 0.68316 0.53646
vt 0.62917 0.54004
vt 0.13751 0.0373
vt 0.16117 0.06808
vt 0.18452 0.09385
vt 0.29318 0.18596
vt 0.73732 0.01329
vt 0.74945 0.01243
vt 0.74703 0.02131
vt 0.74315 0.51891
vt 0.77981 0.48222
vt 0.12951 0.02845
vt 0.26883 0.16871
vt 0.2803 0.17691
vt 0.72668 0.01908
vt 0.74162 0.02815
vt 0.70244 0.53033
vt 0.66295 0.52919
vt 0.16605 0.08337
vt 0.17463 0.08439
vt 0.25036 0.16271
vt 0.26006 0.16398
vt 0.30296 0.19441
vt 0.31567 0.20611
vt 0.66873 0.02761
vt 0.6719 0.0259
vt 0.71178 0.03252
vt 0.72798 0.0304
vt 0.75441 0.50199
vt 0.65257 0.52732
vt 0.28443 0.19129
vt 0.74165 0.03381
vt 0.68848 0.52454
vt 0.13538 0.05264
vt 0.19588 0.11277
vt 0.20409 0.12379
vt 0.24026 0.15838
vt 0.30455 0.20517
vt 0.31619 0.21427
vt 0.70247 0.03845
vt 0.61006 0.02337
vt 0.71121 0.52499
vt 0.73925 0.50508
vt 0.77962 0.03903
vt 0.77761 0.02715
vt 0.78939 0.03278
vt 0.11419 0.01005
vt 0.17789 0.10081
vt 0.21217 0.14068
vt 0.23058 0.15106
vt 0.26419 0.17869
vt 0.29486 0.20187
vt 0.7798 0.4578
vt 0.27236 0.1925
vt 0.67564 0.03656
vt 0.6942 0.04034
vt 0.66143 0.03938
vt 0.72117 0.04138
vt 0.75044 0.02882
vt 0.74342 0.03974
vt 0.75398 0.0422
vt 0.61506 0.03704
vt 0.76399 0.0351
vt 0.77512 0.04911
vt 0.09795 0.01661
vt 0.09914 0.00286
vt 0.18182 0.10967
vt 0.20454 0.13619
vt 0.60121 0.03717
vt 0.78732 0.0469
vt 0.79944 0.03596
vt 0.79756 0.04877
vt 0.80855 0.04616
vt 0.16785 0.09843
vt 0.1894 0.1244
vt 0.67241 0.0447
vt 0.64493 0.0431
vt 0.71463 0.04961
vt 0.72947 0.05014
vt 0.73381 0.04829
vt 0.73701 0.50358
vt 0.76863 0.04733
vt 0.13317 0.06355
vt 0.26202 0.19073
vt 0.27759 0.20212
vt 0.28103 0.2116
vt 0.09673 0.03363
vt 0.15805 0.107
vt 0.19577 0.13378
vt 0.2137 0.15507
vt 0.22244 0.16561
vt 0.11157 0.04479
vt 0.1514 0.09792
vt 0.16734 0.11101
vt 0.65618 0.05265
vt 0.66744 0.05708
vt 0.70182 0.0514
vt 0.61081 0.05034
vt 0.74334 0.05691
vt 0.76617 0.06066
vt 0.77873 0.06331
vt 0.0878 0.02763
vt 0.75932 0.45991
vt 0.17197 0.11969
vt 0.75459 0.05804
vt 0.74213 0.47244
vt 0.80933 0.0611
vt 0.18528 0.13048
vt 0.71105 0.06031
vt 0.72063 0.50318
vt 0.17445 0.12884
vt 0.1927 0.1412
vt 0.19949 0.15683
vt 0.23912 0.18785
vt 0.67938 0.05934
vt 0.69803 0.06419
vt 0.78953 0.07269
vt 0.099 0.04803
vt 0.14145 0.09745
vt 0.20562 0.16527
vt 0.66058 0.0621
vt 0.75188 0.06864
vt 0.76711 0.07384
vt 0.72822 0.47452
vt 0.08577 0.04351
vt 0.09246 0.05759
vt 0.11721 0.08078
vt 0.12571 0.08629
vt 0.13343 0.0951
vt 0.15085 0.11076
vt 0.15791 0.11904
vt 0.17804 0.13849
vt 0.21529 0.17452
vt 0.21998 0.18411
vt 0.27343 0.22313
vt 0.74238 0.07311
vt 0.62438 0.06419
vt 0.60705 0.06446
vt 0.5988 0.05552
vt 0.74677 0.45577
vt 0.0696 0.03714
vt 0.14214 0.10851
vt 0.16436 0.12773
vt 0.18716 0.14933
vt 0.2402 0.20148
vt 0.51052 0.60134
vt 0.65014 0.0668
vt 0.80287 0.08064
vt 0.67625 0.07539
vt 0.63992 0.07641
vt 0.62101 0.07656
vt 0.59559 0.06677
vt 0.71835 0.48017
vt 0.78261 0.08134
vt 0.31841 0.26207
vt 0.66581 0.07581
vt 0.72419 0.07452
vt 0.73174 0.07778
vt 0.09581 0.0692
vt 0.10621 0.07886
vt 0.11681 0.09709
vt 0.14346 0.11905
vt 0.15084 0.12551
vt 0.17065 0.14163
vt 0.20782 0.17837
vt 0.22664 0.19358
vt 0.28313 0.24335
vt 0.72067 0.45936
vt 0.79043 0.08249
vt 0.73543 0.45241
vt 0.07642 0.05088
vt 0.12063 0.10511
vt 0.12422 0.1104
vt 0.13189 0.11325
vt 0.18345 0.15764
vt 0.19625 0.16801
vt 0.6558 0.07677
vt 0.63253 0.07654
vt 0.6033 0.07788
vt 0.75713 0.08593
vt 0.77187 0.08825
vt 0.15316 0.13928
vt 0.23239 0.21265
vt 0.28545 0.25572
vt 0.4063 0.31917
vt 0.69726 0.08321
vt 0.72466 0.08392
vt 0.58912 0.07929
vt 0.71398 0.46658
vt 0.08799 0.07153
vt 0.10473 0.09651
vt 0.15612 0.14838
vt 0.29013 0.25846
vt 0.30026 0.25803
vt 0.6594 0.07765
vt 0.66899 0.07801
vt 0.64698 0.07783
vt 0.63409 0.07804
vt 0.73501 0.08828
vt 0.0776 0.06621
vt 0.09762 0.0871
vt 0.67651 0.08257
vt 0.60321 0.07959
vt 0.7804 0.09397
vt 0.78547 0.09464
vt 0.79046 0.0924
vt 0.05925 0.04616
vt 0.73643 0.43689
vt 0.07021 0.05869
vt 0.12569 0.11484
vt 0.17728 0.16583
vt 0.16272 0.1561
vt 0.18981 0.17589
vt 0.20118 0.18843
vt 0.21242 0.1991
vt 0.66034 0.08328
vt 0.68898 0.08338
vt 0.719 0.09532
vt 0.62207 0.08289
vt 0.72251 0.44897
vt 0.8011 0.09434
vt 0.72322 0.44391
vt 0.08627 0.07986
vt 0.13437 0.12865
vt 0.142 0.13581
vt 0.22139 0.20701
vt 0.24144 0.22349
vt 0.27733 0.25227
vt 0.6718 0.09077
vt 0.69787 0.0894
vt 0.71023 0.09736
vt 0.60548 0.08875
vt 0.70753 0.45246
vt 0.08845 0.08384
vt 0.65112 0.09224
vt 0.68761 0.09302
vt 0.63977 0.09331
vt 0.62352 0.09178
vt 0.72225 0.09738
vt 0.74242 0.09916
vt 0.75691 0.09859
vt 0.59704 0.09419
vt 0.80059 0.1072
vt 0.72668 0.4303
vt 0.07528 0.07982
vt 0.09226 0.09047
vt 0.12706 0.12628
vt 0.14693 0.14595
vt 0.20252 0.20026
vt 0.21299 0.21178
vt 0.22429 0.22157
vt 0.23883 0.23499
vt 0.66054 0.09156
vt 0.7331 0.09797
vt 0.76844 0.09948
vt 0.69801 0.46121
vt 0.78796 0.10474
vt 0.81141 0.1074
vt 0.81726 0.0972
vt 0.05947 0.06356
vt 0.06843 0.07554
vt 0.11112 0.11452
vt 0.11917 0.12625
vt 0.16726 0.1696
vt 0.25531 0.24687
vt 0.4063 0.3651
vt 0.40245 0.35695
vt 0.39173 0.36037
vt 0.39984 0.34817
vt 0.38471 0.35139
vt 0.69803 0.09471
vt 0.10455 0.11031
vt 0.17767 0.17958
vt 0.18865 0.18586
vt 0.19527 0.19358
vt 0.26216 0.25808
vt 0.39374 0.37073
vt 0.70511 0.09901
vt 0.77933 0.11269
vt 0.71784 0.43329
vt 0.09075 0.10413
vt 0.11262 0.1251
vt 0.37892 0.34843
vt 0.67569 0.10078
vt 0.68979 0.10307
vt 0.7725 0.11032
vt 0.0678 0.07826
vt 0.09436 0.1097
vt 0.10691 0.12311
vt 0.17541 0.18851
vt 0.18809 0.19906
vt 0.24546 0.25234
vt 0.66281 0.10333
vt 0.71711 0.10862
vt 0.73028 0.1087
vt 0.61157 0.10455
vt 0.69561 0.44911
vt 0.05512 0.0744
vt 0.07248 0.09032
vt 0.08277 0.0974
vt 0.12529 0.13977
vt 0.13308 0.14849
vt 0.16178 0.17726
vt 0.19655 0.20761
vt 0.37959 0.36111
vt 0.64764 0.10519
vt 0.70392 0.10511
vt 0.62944 0.10984
vt 0.74727 0.11076
vt 0.60094 0.11083
vt 0.59111 0.10482
vt 0.76219 0.11193
vt 0.69792 0.4379
vt 0.78474 0.11421
vt 0.09608 0.1224
vt 0.11754 0.13645
vt 0.14875 0.16439
vt 0.20304 0.21529
vt 0.23056 0.24147
vt 0.81378 0.11865
vt 0.37595 0.37335
vt 0.70036 0.11339
vt 0.71413 0.1111
vt 0.79922 0.12434
vt 0.71614 0.41932
vt 0.80643 0.12242
vt 0.05223 0.07707
vt 0.05568 0.08783
vt 0.10206 0.13229
vt 0.18801 0.21476
vt 0.44928 0.56792
vt 0.67764 0.11325
vt 0.69082 0.11477
vt 0.65515 0.11265
vt 0.6142 0.11518
vt 0.73351 0.11852
vt 0.76411 0.12091
vt 0.58251 0.11205
vt 0.7238 0.41038
vt 0.81277 0.12243
vt 0.06778 0.1018
vt 0.07451 0.11062
vt 0.08405 0.11502
vt 0.12175 0.15016
vt 0.12855 0.15703
vt 0.14302 0.17078
vt 0.17351 0.20153
vt 0.18157 0.20871
vt 0.19994 0.22743
vt 0.66688 0.11839
vt 0.63926 0.11346
vt 0.71161 0.11479
vt 0.71848 0.11915
vt 0.75071 0.11942
vt 0.78476 0.13112
vt 0.1054 0.13685
vt 0.11254 0.14465
vt 0.15025 0.17967
vt 0.1636 0.19264
vt 0.23557 0.25822
vt 0.37695 0.38824
vt 0.36477 0.37016
vt 0.77346 0.12697
vt 0.79873 0.12703
vt 0.71315 0.40894
vt 0.21148 0.23712
vt 0.67597 0.12458
vt 0.7019 0.12207
vt 0.80826 0.1368
vt 0.82107 0.12972
vt 0.05029 0.09521
vt 0.08488 0.12815
vt 0.15253 0.19309
vt 0.6572 0.12581
vt 0.64319 0.12192
vt 0.71485 0.12377
vt 0.72864 0.12927
vt 0.6223 0.12469
vt 0.73968 0.12695
vt 0.75999 0.13031
vt 0.58403 0.12653
vt 0.68817 0.42702
vt 0.81992 0.1387
vt 0.07602 0.12728
vt 0.11198 0.15537
vt 0.11883 0.16076
vt 0.12722 0.17155
vt 0.17682 0.21848
vt 0.18911 0.22759
vt 0.36776 0.38205
vt 0.68863 0.12853
vt 0.7799 0.1365
vt 0.78462 0.13447
vt 0.05606 0.11004
vt 0.08413 0.139
vt 0.09248 0.13941
vt 0.10215 0.14846
vt 0.13824 0.17972
vt 0.15451 0.20531
vt 0.16452 0.20719
vt 0.19699 0.23764
vt 0.2094 0.24763
vt 0.74925 0.13338
vt 0.7948 0.14329
vt 0.06482 0.12345
vt 0.07819 0.13658
vt 0.10768 0.15927
vt 0.14295 0.18793
vt 0.62828 0.1334
vt 0.72126 0.135
vt 0.72457 0.13221
vt 0.76251 0.1382
vt 0.68679 0.41467
vt 0.66813 0.13747
vt 0.69937 0.13364
vt 0.64208 0.13395
vt 0.71063 0.13363
vt 0.61698 0.1366
vt 0.80517 0.14873
vt 0.04305 0.1073
vt 0.09769 0.15771
vt 0.10998 0.16715
vt 0.14476 0.20059
vt 0.16596 0.22296
vt 0.17526 0.23108
vt 0.19407 0.24733
vt 0.21228 0.26525
vt 0.20433 0.26044
vt 0.74091 0.14004
vt 0.76809 0.14326
vt 0.7816 0.14801
vt 0.81892 0.1526
vt 0.08093 0.14282
vt 0.11483 0.17698
vt 0.12261 0.18231
vt 0.13593 0.19837
vt 0.18331 0.23953
vt 0.35986 0.38948
vt 0.75142 0.14506
vt 0.5785 0.13754
vt 0.08147 0.15311
vt 0.151 0.22064
vt 0.36436 0.4037
vt 0.6767 0.14129
vt 0.65349 0.14173
vt 0.7084 0.14203
vt 0.73073 0.14646
vt 0.76688 0.14728
vt 0.68517 0.40317
vt 0.12889 0.19134
vt 0.35119 0.40154
vt 0.71917 0.14391
vt 0.60651 0.14984
vt 0.59622 0.14537
vt 0.58296 0.14869
vt 0.57402 0.14821
vt 0.79417 0.15572
vt 0.81872 0.16224
vt 0.0388 0.1161
vt 0.0478 0.12677
vt 0.05941 0.13268
vt 0.06174 0.13932
vt 0.09665 0.16919
vt 0.14115 0.21016
vt 0.16903 0.23974
vt 0.20689 0.27912
vt 0.34707 0.39189
vt 0.69451 0.14497
vt 0.72614 0.15061
vt 0.75226 0.15408
vt 0.80565 0.16137
vt 0.06848 0.1423
vt 0.0798 0.16226
vt 0.10369 0.17591
vt 0.17978 0.25858
vt 0.63196 0.14456
vt 0.64089 0.14964
vt 0.61965 0.15289
vt 0.74199 0.15211
vt 0.18651 0.26483
vt 0.19277 0.27629
vt 0.35409 0.41802
vt 0.70738 0.15202
vt 0.73277 0.15158
vt 0.75559 0.15523
vt 0.59436 0.15522
vt 0.76845 0.16033
vt 0.78039 0.16407
vt 0.11048 0.19226
vt 0.12053 0.19894
vt 0.15357 0.23606
vt 0.1691 0.24928
vt 0.68069 0.15114
vt 0.66643 0.15198
vt 0.65399 0.1525
vt 0.71637 0.15328
vt 0.58578 0.15941
vt 0.57179 0.16294
vt 0.6802 0.38917
vt 0.79394 0.1654
vt 0.80926 0.17217
vt 0.83096 0.16832
vt 0.04477 0.13472
vt 0.33579 0.39439
vt 0.69155 0.38176
vt 0.04488 0.14547
vt 0.05241 0.14785
vt 0.06203 0.14861
vt 0.06921 0.15795
vt 0.0981 0.19122
vt 0.12421 0.20944
vt 0.12568 0.21998
vt 0.13278 0.22766
vt 0.3342 0.41131
vt 0.69661 0.15794
vt 0.63385 0.16067
vt 0.73704 0.16252
vt 0.74889 0.16333
vt 0.78406 0.17323
vt 0.81902 0.18235
vt 0.83097 0.17654
vt 0.0827 0.17863
vt 0.0895 0.18798
vt 0.34986 0.43248
vt 0.34367 0.42102
vt 0.68848 0.16187
vt 0.74072 0.17012
vt 0.75801 0.17226
vt 0.15377 0.25353
vt 0.32876 0.38181
vt 0.66285 0.16172
vt 0.6756 0.15992
vt 0.65205 0.16028
vt 0.71137 0.16052
vt 0.72286 0.1681
vt 0.7299 0.1646
vt 0.61541 0.16621
vt 0.60303 0.1685
vt 0.58815 0.16916
vt 0.77228 0.17339
vt 0.7918 0.18214
vt 0.03118 0.13622
vt 0.0552 0.16059
vt 0.05993 0.16897
vt 0.107 0.20637
vt 0.11494 0.21506
vt 0.13582 0.23569
vt 0.16324 0.26142
vt 0.16931 0.2692
vt 0.17714 0.27648
vt 0.64374 0.16499
vt 0.73681 0.17016
vt 0.80581 0.18494
vt 0.06822 0.17561
vt 0.34152 0.44632
vt 0.33654 0.43902
vt 0.33706 0.42546
vt 0.32815 0.4063
vt 0.32224 0.39485
vt 0.31539 0.37561
vt 0.03954 0.15635
vt 0.04506 0.15679
vt 0.14429 0.24617
vt 0.66724 0.17073
vt 0.67942 0.1715
vt 0.6978 0.17176
vt 0.63238 0.17161
vt 0.03722 0.15131
vt 0.07704 0.18686
vt 0.65477 0.17095
vt 0.71055 0.1735
vt 0.73833 0.1775
vt 0.74077 0.17869
vt 0.59738 0.17699
vt 0.77401 0.18326
vt 0.7818 0.18629
vt 0.81019 0.20077
vt 0.01679 0.15159
vt 0.04293 0.16942
vt 0.08708 0.20051
vt 0.12586 0.23459
vt 0.73144 0.17893
vt 0.75961 0.18173
vt 0.0202 0.16003
vt 0.09531 0.2082
vt 0.09784 0.2177
vt 0.11488 0.22896
vt 0.15361 0.26998
vt 0.32451 0.42902
vt 0.32143 0.41755
vt 0.31203 0.39472
vt 0.69171 0.17829
vt 0.64653 0.1803
vt 0.79584 0.19551
vt 0.59674 0.29503
vt 0.58997 0.27882
vt 0.05445 0.18456
vt 0.06742 0.18998
vt 0.07755 0.1984
vt 0.10612 0.22473
vt 0.13039 0.24408
vt 0.135 0.25801
vt 0.14601 0.26234
vt 0.33282 0.46926
vt 0.34306 0.45711
vt 0.33047 0.45425
vt 0.71509 0.18239
vt 0.60109 0.18808
vt 0.76419 0.18971
vt 0.81885 0.21349
vt 0.83809 0.19893
vt 0.83838 0.21127
vt 0.32097 0.43933
vt 0.29826 0.37911
vt 0.66053 0.18543
vt 0.69752 0.18749
vt 0.72512 0.18478
vt 0.73994 0.18654
vt 0.74722 0.18849
vt 0.59119 0.19346
vt 0.77599 0.19721
vt 0.78312 0.1993
vt 0.02117 0.16526
vt 0.83286 0.19988
vt 0.04336 0.18024
vt 0.08176 0.20759
vt 0.1194 0.24668
vt 0.29838 0.38831
vt 0.67224 0.18513
vt 0.68447 0.18838
vt 0.73408 0.191
vt 0.81765 0.21255
vt 0.10819 0.23635
vt 0.13862 0.27218
vt 0.32004 0.45819
vt 0.31855 0.451
vt 0.74264 0.19405
vt 0.75317 0.19533
vt 0.55933 0.2022
vt 0.79764 0.20856
vt 0.04695 0.18948
vt 0.06629 0.20051
vt 0.07976 0.21999
vt 0.32126 0.47906
vt 0.31699 0.46809
vt 0.30396 0.40083
vt 0.7189 0.19306
vt 0.73638 0.19682
vt 0.76631 0.20428
vt 0.77303 0.20461
vt 0.57403 0.20734
vt 0.81551 0.20784
vt 0.82415 0.22289
vt 0.0543 0.20045
vt 0.06778 0.21606
vt 0.08448 0.22832
vt 0.09359 0.23521
vt 0.30741 0.42954
vt 0.70651 0.19223
vt 0.61244 0.19876
vt 0.60417 0.20027
vt 0.60209 0.20385
vt 0.75436 0.20263
vt 0.02671 0.17929
vt 0.29712 0.41031
vt 0.28971 0.40236
vt 0.65107 0.19721
vt 0.72407 0.19884
vt 0.7866 0.21376
vt 0.79941 0.22065
vt 0.02917 0.19018
vt 0.09191 0.24717
vt 0.10661 0.2511
vt 0.11556 0.2597
vt 0.11643 0.27489
vt 0.30893 0.46327
vt 0.67274 0.19698
vt 0.72857 0.21101
vt 0.73615 0.2048
vt 0.79363 0.21862
vt 0.03694 0.19867
vt 0.0577 0.21132
vt 0.29433 0.42927
vt 0.65781 0.20492
vt 0.69766 0.20663
vt 0.70889 0.20637
vt 0.7331 0.20898
vt 0.77885 0.21229
vt 0.56407 0.25057
vt 0.80563 0.23193
vt 0.04372 0.20924
vt 0.30004 0.48072
vt 0.27651 0.39187
vt 0.68815 0.2025
vt 0.6285 0.20651
vt 0.75153 0.21178
vt 0.59926 0.21256
vt 0.77064 0.21369
vt 0.77869 0.22033
vt 0.82778 0.23302
vt 0.06977 0.22787
vt 0.09664 0.26163
vt 0.10507 0.26901
vt 0.30371 0.49288
vt 0.27004 0.38021
vt 0.6656 0.20842
vt 0.71833 0.21482
vt 0.60619 0.21393
vt 0.57352 0.21994
vt 0.81209 0.24234
vt 0.06084 0.22341
vt 0.07715 0.2439
vt 0.29459 0.45975
vt 0.67735 0.21062
vt 0.64749 0.21349
vt 0.62034 0.21532
vt 0.73165 0.21856
vt 0.74058 0.21865
vt 0.7663 0.22008
vt 0.78369 0.23183
vt 0.04721 0.22046
vt 0.28822 0.47371
vt 0.63738 0.21825
vt 0.01223 0.1984
vt 0.01752 0.21054
vt 0.05026 0.22833
vt 0.06115 0.23935
vt 0.68696 0.21517
vt 0.75195 0.22645
vt 0.60286 0.22337
vt 0.5431 0.25191
vt 0.08056 0.26015
vt 0.2991 0.50485
vt 0.2857 0.49337
vt 0.66449 0.21732
vt 0.72824 0.2218
vt 0.79082 0.24317
vt 0.79757 0.24619
vt 0.29731 0.51586
vt 0.28469 0.50727
vt 0.28592 0.48525
vt 0.27583 0.46053
vt 0.20164 0.60569
vt 0.70729 0.22038
vt 0.62685 0.22547
vt 0.61355 0.22998
vt 0.58456 0.23505
vt 0.76742 0.23235
vt 0.00547 0.20587
vt 0.01917 0.2245
vt 0.06504 0.25867
vt 0.0806 0.27404
vt 0.09164 0.27638
vt 0.69841 0.22155
vt 0.7367 0.23223
vt 0.5346 0.24951
vt 0.806 0.25002
vt 0.04545 0.24666
vt 0.66207 0.22715
vt 0.67642 0.22321
vt 0.68816 0.22754
vt 0.65256 0.22735
vt 0.71675 0.23057
vt 0.72717 0.23258
vt 0.75533 0.23725
vt 0.76752 0.24207
vt 0.77866 0.25074
vt 0.02694 0.23351
vt 0.03648 0.23846
vt 0.05595 0.2519
vt 0.27492 0.47753
vt 0.27292 0.46824
vt 0.24398 0.38176
vt 0.05759 0.29187
vt 0.64083 0.23093
vt 0.72471 0.23217
vt 0.0691 0.26951
vt 0.27461 0.50581
vt 0.2769 0.51552
vt 0.27228 0.48982
vt 0.26299 0.54943
vt 0.67426 0.23129
vt 0.69153 0.23374
vt 0.70645 0.23457
vt 0.71671 0.24158
vt 0.74299 0.23959
vt 0.79181 0.25625
vt 0.80153 0.26607
vt 0.00041 0.22225
vt 0.26545 0.44743
vt 0.05487 0.30642
vt 0.7225 0.24456
vt 0.73233 0.24436
vt 0.76032 0.24882
vt 0.52083 0.27821
vt 0.05283 0.26656
vt 0.64916 0.24312
vt 0.66308 0.24092
vt 0.61097 0.25011
vt 0.74972 0.24988
vt 0.51018 0.2519
vt 0.518 0.24085
vt 0.76771 0.25468
vt 0.51424 0.29205
vt 0.02196 0.24776
vt 0.06127 0.2774
vt 0.26186 0.50406
vt 0.25977 0.44976
vt 0.37811 0.47163
vt 0.72514 0.24503
vt 0.73502 0.25259
vt 0.78817 0.26577
vt 0.00346 0.23509
vt 0.01009 0.24301
vt 0.50675 0.31507
vt 0.02985 0.25524
vt 0.0416 0.26452
vt 0.2593 0.52275
vt 0.2697 0.52535
vt 0.2582 0.4895
vt 0.25859 0.46935
vt 0.25601 0.46007
vt 0.0519 0.32052
vt 0.09684 0.31469
vt 0.67319 0.24642
vt 0.68157 0.24663
vt 0.69219 0.247
vt 0.70309 0.25111
vt 0.64139 0.24802
vt 0.75555 0.25932
vt 0.77564 0.26551
vt 0.25118 0.47651
vt 0.1486 0.30992
vt 0.15361 0.33197
vt 0.49869 0.25663
vt 0.78406 0.27502
vt 0.80463 0.2785
vt 0.25706 0.53622
vt 0.24797 0.52712
vt 0.25045 0.51644
vt 0.66238 0.25666
vt 0.72602 0.25916
vt 0.72156 0.25727
vt 0.62372 0.26009
vt 0.73644 0.26477
vt 0.76387 0.26993
vt 0.04885 0.27912
vt 0.25176 0.50439
vt 0.19718 0.36473
vt 0.19158 0.35632
vt 0.71203 0.25975
vt 0.61509 0.26715
vt 0.22177 0.58323
vt 0.22584 0.57391
vt 0.2121 0.57089
vt 0.01115 0.25582
vt 0.22824 0.53525
vt 0.24018 0.55565
vt 0.24726 0.54287
vt 0.24686 0.49016
vt 0.24386 0.46793
vt 0.19908 0.37417
vt 0.67928 0.25818
vt 0.69594 0.26156
vt 0.65013 0.26442
vt 0.75066 0.27315
vt 0.49874 0.24324
vt 0.77467 0.27946
vt 0.49474 0.28335
vt 0.20408 0.58009
vt 0.19249 0.59037
vt 0.20277 0.59242
vt 0.22313 0.56172
vt 0.21992 0.55046
vt 0.23873 0.51872
vt 0.23778 0.49162
vt 0.24108 0.47816
vt 0.05936 0.3369
vt 0.20495 0.38096
vt 0.71856 0.2786
vt 0.722 0.27071
vt 0.72581 0.27141
vt 0.62395 0.27365
vt 0.48086 0.33874
vt 0.47455 0.34283
vt 0.23699 0.50468
vt 0.39153 0.44033
vt 0.06837 0.3422
vt 0.18307 0.3701
vt 0.66073 0.26751
vt 0.63938 0.27346
vt 0.70956 0.27326
vt 0.62624 0.27211
vt 0.48586 0.24449
vt 0.76278 0.28322
vt 0.18728 0.57863
vt 0.20294 0.5696
vt 0.48732 0.29209
vt 0.20979 0.55862
vt 0.22435 0.51912
vt 0.05984 0.35208
vt 0.67145 0.26877
vt 0.68078 0.26984
vt 0.69108 0.26802
vt 0.73799 0.27989
vt 0.61016 0.27785
vt 0.48132 0.25537
vt 0.75229 0.28789
vt 0.17998 0.58919
vt 0.2183 0.54049
vt 0.23326 0.48203
vt 0.09951 0.34419
vt 0.158 0.35507
vt 0.69866 0.27613
vt 0.62897 0.28565
vt 0.72304 0.28343
vt 0.62465 0.28383
vt 0.16875 0.58639
vt 0.19181 0.56719
vt 0.21725 0.53007
vt 0.44429 0.36682
vt 0.43836 0.38209
vt 0.23085 0.46765
vt 0.22839 0.4586
vt 0.22666 0.44774
vt 0.22327 0.43928
vt 0.19888 0.38956
vt 0.19183 0.38584
vt 0.65324 0.27563
vt 0.64299 0.28636
vt 0.72826 0.28467
vt 0.61634 0.29264
vt 0.60311 0.28733
vt 0.17057 0.57389
vt 0.19337 0.55757
vt 0.20774 0.54156
vt 0.46438 0.3115
vt 0.46063 0.33329
vt 0.22306 0.49917
vt 0.2204 0.48824
vt 0.22543 0.47504
vt 0.40067 0.4103
vt 0.66879 0.2818
vt 0.68425 0.28035
vt 0.73781 0.29314
vt 0.47076 0.26199
vt 0.47114 0.29249
vt 0.1955 0.54789
vt 0.20666 0.52914
vt 0.21172 0.51761
vt 0.20572 0.41072
vt 0.19818 0.39945
vt 0.06585 0.36294
vt 0.17895 0.3879
vt 0.65645 0.28943
vt 0.70973 0.29423
vt 0.63047 0.29806
vt 0.72419 0.29538
vt 0.01654 0.56709
vt 0.03102 0.56642
vt 0.1535 0.5832
vt 0.17984 0.55941
vt 0.4564 0.33003
vt 0.42849 0.36936
vt 0.42637 0.3792
vt 0.2151 0.46616
vt 0.21374 0.44771
vt 0.21317 0.45699
vt 0.38679 0.41469
vt 0.20495 0.42575
vt 0.03982 0.37712
vt 0.20063 0.41937
vt 0.18721 0.39781
vt 0.66807 0.292
vt 0.68489 0.29019
vt 0.69855 0.29675
vt 0.71813 0.29689
vt 0.14014 0.5821
vt 0.14461 0.59276
vt 0.62759 0.30075
vt 0.15336 0.5732
vt 0.16241 0.56319
vt 0.19799 0.53701
vt 0.44289 0.34105
vt 0.44142 0.34657
vt 0.20643 0.43729
vt 0.0259 0.38278
vt 0.12995 0.36571
vt 0.64392 0.29822
vt 0.13391 0.58066
vt 0.14117 0.5691
vt 0.14384 0.57368
vt 0.04439 0.56214
vt 0.04648 0.56559
vt 0.04942 0.55669
vt 0.45657 0.28005
vt 0.45699 0.29392
vt 0.45383 0.31686
vt 0.1972 0.51899
vt 0.20629 0.50822
vt 0.20973 0.48876
vt 0.43174 0.35784
vt 0.2102 0.47561
vt 0.41197 0.37364
vt 0.40559 0.38961
vt 0.02324 0.39292
vt 0.14423 0.38023
vt 0.67329 0.3003
vt 0.68525 0.30075
vt 0.65789 0.30039
vt 0.1352 0.56829
vt 0.14481 0.56231
vt 0.16859 0.55259
vt 0.17873 0.54528
vt 0.18288 0.53691
vt 0.45271 0.30279
vt 0.19221 0.5258
vt 0.44285 0.32438
vt 0.20474 0.44623
vt 0.39065 0.39058
vt 0.19505 0.42625
vt 0.19011 0.41799
vt 0.08243 0.37486
vt 0.09173 0.37385
vt 0.16622 0.39473
vt 0.15917 0.39092
vt 0.06131 0.55866
vt 0.05967 0.56926
vt 0.07395 0.57054
vt 0.074 0.55903
vt 0.11414 0.58012
vt 0.12537 0.58323
vt 0.12096 0.56764
vt 0.05464 0.54763
vt 0.04904 0.54477
vt 0.44145 0.3101
vt 0.19859 0.50599
vt 0.20022 0.4876
vt 0.42676 0.34788
vt 0.41874 0.36097
vt 0.19964 0.47508
vt 0.20175 0.46052
vt 0.02363 0.4057
vt 0.02092 0.4234
vt 0.03123 0.4178
vt 0.14939 0.39069
vt 0.12958 0.37754
vt 0.09286 0.5629
vt 0.08916 0.57364
vt 0.10114 0.57492
vt 0.10809 0.56492
vt 0.05202 0.54185
vt 0.13729 0.55455
vt 0.15407 0.55055
vt 0.03957 0.53395
vt 0.02811 0.51938
vt 0.16133 0.54212
vt 0.44404 0.28505
vt 0.4424 0.29573
vt 0.18274 0.51553
vt 0.4315 0.32429
vt 0.19047 0.50444
vt 0.42939 0.33504
vt 0.01782 0.43798
vt 0.19265 0.45321
vt 0.19039 0.4399
vt 0.07963 0.38684
vt 0.16556 0.40412
vt 0.1095 0.38356
vt 0.12301 0.38636
vt 0.13581 0.38883
vt 0.0683 0.54801
vt 0.12158 0.55692
vt 0.03764 0.52216
vt 0.17458 0.52766
vt 0.01432 0.45356
vt 0.01675 0.46697
vt 0.02426 0.45464
vt 0.18736 0.48595
vt 0.18815 0.46122
vt 0.16652 0.41194
vt 0.15543 0.402
vt 0.08388 0.5508
vt 0.10191 0.55295
vt 0.05803 0.5368
vt 0.04837 0.52443
vt 0.05153 0.52644
vt 0.05895 0.52612
vt 0.15902 0.53148
vt 0.02359 0.50921
vt 0.01702 0.49595
vt 0.03069 0.49098
vt 0.01932 0.47811
vt 0.02674 0.47427
vt 0.17783 0.5055
vt 0.17772 0.49649
vt 0.03012 0.4575
vt 0.19031 0.47269
vt 0.04963 0.42317
vt 0.06015 0.40612
vt 0.07121 0.39989
vt 0.08238 0.3945
vt 0.11591 0.39506
vt 0.14256 0.40011
vt 0.12846 0.39675
vt 0.0858 0.54245
vt 0.12238 0.54552
vt 0.1034 0.54228
vt 0.07189 0.53196
vt 0.13618 0.53873
vt 0.14586 0.53313
vt 0.14749 0.53764
vt 0.05078 0.51502
vt 0.16259 0.52039
vt 0.16715 0.50882
vt 0.03891 0.48517
vt 0.03429 0.46939
vt 0.03798 0.47
vt 0.03672 0.45739
vt 0.17746 0.47894
vt 0.18026 0.4689
vt 0.04726 0.43409
vt 0.18323 0.45434
vt 0.18008 0.4446
vt 0.0632 0.41929
vt 0.07626 0.40786
vt 0.16615 0.4259
vt 0.16033 0.4166
vt 0.16593 0.42874
vt 0.09039 0.40308
vt 0.14722 0.40778
vt 0.13362 0.40492
vt 0.12357 0.53166
vt 0.13658 0.52908
vt 0.06471 0.51667
vt 0.15198 0.52372
vt 0.04813 0.5025
vt 0.05275 0.49884
vt 0.04385 0.49362
vt 0.04056 0.48331
vt 0.17849 0.46084
vt 0.05968 0.43139
vt 0.17358 0.45066
vt 0.17036 0.44136
vt 0.08406 0.41558
vt 0.15061 0.42068
vt 0.15479 0.43729
vt 0.13522 0.41819
vt 0.11295 0.4046
vt 0.12249 0.41249
vt 0.10027 0.5336
vt 0.11401 0.53415
vt 0.08572 0.52844
vt 0.14008 0.51805
vt 0.0647 0.5057
vt 0.1517 0.51242
vt 0.15596 0.50998
vt 0.05555 0.4804
vt 0.15835 0.49554
vt 0.16054 0.4983
vt 0.16585 0.48401
vt 0.1683 0.47041
vt 0.16913 0.45619
vt 0.16746 0.46207
vt 0.17065 0.45916
vt 0.16354 0.45046
vt 0.07155 0.43085
vt 0.07335 0.42266
vt 0.14337 0.42807
vt 0.10919 0.52475
vt 0.08122 0.51341
vt 0.09017 0.52136
vt 0.1286 0.51938
vt 0.07105 0.50152
vt 0.14199 0.50838
vt 0.06328 0.48552
vt 0.14706 0.50088
vt 0.14395 0.49158
vt 0.15663 0.48139
vt 0.16421 0.47762
vt 0.15847 0.47168
vt 0.14987 0.46468
vt 0.07132 0.44437
vt 0.14832 0.45584
vt 0.15053 0.44801
vt 0.0852 0.43754
vt 0.08989 0.42464
vt 0.13021 0.42575
vt 0.10247 0.51532
vt 0.09472 0.50382
vt 0.11547 0.51397
vt 0.11739 0.50422
vt 0.13006 0.50607
vt 0.08697 0.49237
vt 0.0764 0.48746
vt 0.13144 0.49643
vt 0.06986 0.47588
vt 0.14522 0.4767
vt 0.1347 0.44533
vt 0.0982 0.43656
vt 0.10631 0.4418
vt 0.13149 0.43559
vt 0.10411 0.50263
vt 0.09779 0.48629
vt 0.12744 0.48588
vt 0.12944 0.47499
vt 0.13098 0.46304
vt 0.0953 0.45179
vt 0.13264 0.45416
vt 0.11927 0.44342
vt 0.11299 0.45418
vt 0.10604 0.48662
vt 0.11619 0.49359
vt 0.11791 0.48466
vt 0.10117 0.47132
vt 0.11972 0.4722
vt 0.10299 0.45751
vt 0.12135 0.45827
vt 0.1096 0.47028
usemtl mat0
f 1/1 2/2 3/3
f 1/1 4/4 2/2
f 1/1 5/5 4/4
f 5/5 6/6 4/4
f 7/7 8/8 9/9
f 10/10 3/3 7/7
f 7/7 3/3 8/8
f 8/8 2/2 11/11
f 12/12 13/13 10/10
f 10/10 13/13 3/3
f 3/3 2/2 8/8
f 2/2 14/14 11/11
f 13/13 1/1 3/3
f 2/2 4/4 14/14
f 15/15 16/16 13/13
f 12/12 15/15 13/13
f 13/13 16/16 1/1
f 4/4 17/17 14/14
f 4/4 6/6 17/17
f 15/15 18/18 16/16
f 18/18 19/19 16/16
f 16/16 19/19 1/1
f 5/5 20/20 6/6
f 1/1 19/19 5/5
f 20/20 21/21 6/6
f 19/19 22/22 5/5
f 5/5 23/23 20/20
f 18/18 24/24 19/19
f 22/22 23/23 5/5
f 19/19 24/24 22/22
f 23/23 25/25 20/20
f 26/26 27/27 9/9
f 26/26 9/9 28/28
f 27/27 29/29 9/9
f 10/10 9/9 29/29
f 9/9 10/10 7/7
f 28/28 9/9 8/8
f 8/8 30/30 28/28
f 29/29 31/31 10/10
f 11/11 32/32 30/30
f 31/31 12/12 10/10
f 33/33 12/12 31/31
f 11/11 14/14 32/32
f 14/14 34/34 32/32
f 14/14 35/35 34/34
f 14/14 17/17 35/35
f 36/36 15/15 33/33
f 33/33 15/15 12/12
f 6/6 21/21 35/35
f 17/17 6/6 35/35
f 35/35 21/21 37/37
f 36/36 18/18 15/15
f 38/38 39/39 40/40
f 39/39 41/41 40/40
f 20/20 42/42 21/21
f 39/39 43/43 41/41
f 22/22 44/44 23/23
f 20/20 25/25 42/42
f 39/39 45/45 43/43
f 41/41 43/43 46/46
f 23/23 44/44 25/25
f 43/43 47/47 46/46
f 46/46 47/47 48/48
f 46/46 48/48 49/49
f 48/48 50/50 49/49
f 44/44 51/51 25/25
f 52/52 27/27 53/53
f 27/27 26/26 53/53
f 53/53 26/26 54/54
f 55/55 56/56 57/57
f 52/52 58/58 27/27
f 54/54 26/26 55/55
f 26/26 28/28 55/55
f 28/28 30/30 55/55
f 55/55 30/30 56/56
f 58/58 29/29 27/27
f 30/30 59/59 56/56
f 60/60 29/29 58/58
f 60/60 31/31 29/29
f 30/30 32/32 59/59
f 59/59 32/32 61/61
f 60/60 62/62 31/31
f 32/32 63/63 61/61
f 64/64 33/33 62/62
f 62/62 33/33 31/31
f 32/32 34/34 63/63
f 34/34 65/65 63/63
f 34/34 37/37 65/65
f 35/35 37/37 34/34
f 64/64 36/36 33/33
f 64/64 66/66 36/36
f 37/37 21/21 67/67
f 67/67 68/68 37/37
f 68/68 69/69 70/70
f 71/71 72/72 38/38
f 38/38 72/72 39/39
f 73/73 74/74 68/68
f 68/68 74/74 69/69
f 67/67 73/73 68/68
f 72/72 45/45 39/39
f 21/21 42/42 67/67
f 67/67 42/42 73/73
f 75/75 45/45 72/72
f 42/42 76/76 73/73
f 42/42 77/77 76/76
f 75/75 78/78 45/45
f 25/25 79/79 77/77
f 78/78 80/80 45/45
f 45/45 80/80 43/43
f 51/51 79/79 25/25
f 43/43 80/80 81/81
f 47/47 82/82 48/48
f 43/43 81/81 47/47
f 48/48 82/82 83/83
f 48/48 83/83 50/50
f 50/50 84/84 85/85
f 81/81 82/82 47/47
f 83/83 84/84 50/50
f 86/86 54/54 87/87
f 88/88 52/52 89/89
f 89/89 53/53 86/86
f 86/86 53/53 54/54
f 87/87 54/54 55/55
f 55/55 90/90 87/87
f 91/91 52/52 88/88
f 52/52 53/53 89/89
f 55/55 57/57 90/90
f 57/57 59/59 92/92
f 60/60 58/58 91/91
f 91/91 58/58 52/52
f 57/57 56/56 59/59
f 93/93 94/94 60/60
f 59/59 61/61 95/95
f 94/94 62/62 60/60
f 63/63 96/96 61/61
f 94/94 97/97 64/64
f 94/94 64/64 62/62
f 98/98 99/99 100/100
f 98/98 100/100 94/94
f 63/63 65/65 96/96
f 96/96 65/65 101/101
f 100/100 97/97 94/94
f 100/100 102/102 97/97
f 65/65 70/70 101/101
f 100/100 103/103 102/102
f 102/102 104/104 97/97
f 97/97 104/104 64/64
f 65/65 68/68 70/70
f 104/104 66/66 64/64
f 105/105 106/106 107/107
f 102/102 108/108 104/104
f 104/104 109/109 66/66
f 110/110 72/72 71/71
f 110/110 75/75 72/72
f 74/74 111/111 69/69
f 69/69 111/111 112/112
f 110/110 113/113 75/75
f 73/73 114/114 74/74
f 74/74 114/114 111/111
f 73/73 76/76 114/114
f 76/76 115/115 114/114
f 75/75 116/116 78/78
f 117/117 118/118 119/119
f 77/77 120/120 76/76
f 76/76 120/120 115/115
f 79/79 120/120 77/77
f 78/78 121/121 80/80
f 85/85 122/122 123/123
f 80/80 121/121 81/81
f 82/82 124/124 83/83
f 84/84 125/125 85/85
f 85/85 125/125 122/122
f 81/81 126/126 82/82
f 127/127 126/126 81/81
f 84/84 83/83 128/128
f 82/82 126/126 129/129
f 130/130 86/86 131/131
f 86/86 87/87 131/131
f 131/131 87/87 132/132
f 133/133 88/88 89/89
f 133/133 89/89 130/130
f 130/130 89/89 86/86
f 132/132 87/87 90/90
f 90/90 57/57 134/134
f 135/135 91/91 88/88
f 57/57 92/92 134/134
f 135/135 93/93 60/60
f 135/135 60/60 91/91
f 136/136 98/98 137/137
f 137/137 98/98 93/93
f 136/136 99/99 98/98
f 98/98 94/94 93/93
f 95/95 61/61 138/138
f 61/61 96/96 138/138
f 138/138 96/96 101/101
f 139/139 100/100 99/99
f 139/139 103/103 100/100
f 70/70 140/140 141/141
f 101/101 70/70 141/141
f 142/142 106/106 105/105
f 70/70 112/112 140/140
f 140/140 112/112 143/143
f 142/142 144/144 106/106
f 106/106 144/144 110/110
f 111/111 145/145 112/112
f 144/144 146/146 113/113
f 144/144 113/113 110/110
f 145/145 111/111 147/147
f 111/111 114/114 147/147
f 114/114 148/148 147/147
f 113/113 116/116 75/75
f 116/116 121/121 78/78
f 117/117 149/149 118/118
f 123/123 122/122 117/117
f 121/121 150/150 81/81
f 84/84 128/128 125/125
f 81/81 150/150 127/127
f 82/82 129/129 124/124
f 124/124 128/128 83/83
f 129/129 151/151 124/124
f 130/130 131/131 152/152
f 153/153 88/88 133/133
f 132/132 90/90 134/134
f 154/154 135/135 155/155
f 155/155 135/135 88/88
f 134/134 92/92 156/156
f 92/92 157/157 156/156
f 158/158 137/137 159/159
f 159/159 93/93 154/154
f 92/92 95/95 157/157
f 137/137 158/158 136/136
f 137/137 93/93 159/159
f 93/93 135/135 154/154
f 95/95 138/138 157/157
f 138/138 160/160 157/157
f 161/161 99/99 136/136
f 160/160 138/138 162/162
f 138/138 101/101 162/162
f 161/161 139/139 99/99
f 162/162 101/101 163/163
f 101/101 141/141 163/163
f 164/164 103/103 139/139
f 140/140 143/143 141/141
f 165/165 142/142 105/105
f 165/165 166/166 142/142
f 142/142 166/166 144/144
f 166/166 167/167 144/144
f 112/112 145/145 168/168
f 112/112 168/168 169/169
f 167/167 146/146 144/144
f 147/147 170/170 145/145
f 145/145 170/170 168/168
f 167/167 171/171 146/146
f 146/146 171/171 113/113
f 172/172 173/173 174/174
f 113/113 175/175 116/116
f 118/118 176/176 177/177
f 118/118 149/149 176/176
f 122/122 178/178 117/117
f 117/117 178/178 149/149
f 116/116 179/179 121/121
f 121/121 179/179 150/150
f 178/178 180/180 149/149
f 179/179 181/181 150/150
f 125/125 182/182 122/122
f 182/182 183/183 122/122
f 150/150 184/184 127/127
f 124/124 185/185 128/128
f 128/128 182/182 125/125
f 127/127 184/184 126/126
f 124/124 151/151 185/185
f 128/128 185/185 182/182
f 184/184 186/186 126/126
f 126/126 186/186 129/129
f 151/151 129/129 187/187
f 153/153 133/133 188/188
f 152/152 131/131 189/189
f 189/189 132/132 190/190
f 188/188 133/133 130/130
f 188/188 130/130 152/152
f 132/132 191/191 190/190
f 155/155 153/153 192/192
f 132/132 134/134 191/191
f 155/155 88/88 153/153
f 155/155 193/193 154/154
f 191/191 134/134 156/156
f 191/191 156/156 194/194
f 157/157 195/195 156/156
f 158/158 159/159 196/196
f 196/196 159/159 197/197
f 159/159 154/154 197/197
f 158/158 161/161 136/136
f 157/157 160/160 198/198
f 160/160 162/162 199/199
f 162/162 163/163 199/199
f 200/200 139/139 201/201
f 201/201 139/139 161/161
f 163/163 141/141 202/202
f 200/200 164/164 139/139
f 141/141 143/143 203/203
f 204/204 166/166 165/165
f 143/143 169/169 203/203
f 205/205 167/167 166/166
f 206/206 171/171 167/167
f 206/206 207/207 171/171
f 171/171 175/175 113/113
f 177/177 176/176 208/208
f 172/172 209/209 173/173
f 171/171 207/207 175/175
f 210/210 179/179 116/116
f 149/149 180/180 176/176
f 176/176 180/180 211/211
f 122/122 183/183 178/178
f 178/178 183/183 180/180
f 183/183 212/212 180/180
f 213/213 181/181 179/179
f 181/181 184/184 150/150
f 181/181 214/214 184/184
f 185/185 215/215 182/182
f 214/214 186/186 184/184
f 151/151 216/216 185/185
f 129/129 186/186 187/187
f 151/151 187/187 216/216
f 217/217 152/152 218/218
f 218/218 152/152 219/219
f 152/152 189/189 219/219
f 219/219 189/189 190/190
f 153/153 188/188 217/217
f 217/217 188/188 152/152
f 192/192 153/153 220/220
f 192/192 193/193 155/155
f 194/194 156/156 221/221
f 222/222 196/196 197/197
f 197/197 154/154 193/193
f 221/221 156/156 195/195
f 223/223 158/158 196/196
f 157/157 198/198 195/195
f 195/195 198/198 224/224
f 223/223 225/225 158/158
f 198/198 226/226 224/224
f 225/225 227/227 161/161
f 225/225 161/161 158/158
f 198/198 160/160 226/226
f 160/160 199/199 226/226
f 227/227 201/201 161/161
f 228/228 229/229 165/165
f 229/229 204/204 165/165
f 203/203 169/169 230/230
f 169/169 168/168 230/230
f 204/204 205/205 166/166
f 205/205 206/206 167/167
f 173/173 231/231 174/174
f 232/232 207/207 206/206
f 175/175 210/210 116/116
f 176/176 211/211 208/208
f 209/209 233/233 234/234
f 235/235 234/234 233/233
f 210/210 213/213 179/179
f 180/180 212/212 211/211
f 182/182 215/215 183/183
f 183/183 236/236 212/212
f 213/213 237/237 181/181
f 181/181 237/237 214/214
f 185/185 216/216 238/238
f 185/185 238/238 215/215
f 183/183 215/215 236/236
f 214/214 239/239 186/186
f 239/239 240/240 186/186
f 187/187 241/241 216/216
f 186/186 240/240 187/187
f 187/187 240/240 241/241
f 220/220 153/153 217/217
f 219/219 190/190 242/242
f 190/190 191/191 242/242
f 242/242 191/191 243/243
f 243/243 191/191 194/194
f 222/222 197/197 244/244
f 244/244 197/197 193/193
f 194/194 221/221 245/245
f 246/246 223/223 222/222
f 223/223 196/196 222/222
f 227/227 247/247 201/201
f 199/199 163/163 248/248
f 247/247 249/249 200/200
f 247/247 200/200 201/201
f 248/248 163/163 250/250
f 163/163 202/202 250/250
f 251/251 252/252 228/228
f 252/252 229/229 228/228
f 203/203 253/253 202/202
f 203/203 254/254 253/253
f 255/255 204/204 229/229
f 255/255 256/256 204/204
f 203/203 230/230 254/254
f 256/256 205/205 204/204
f 257/257 258/258 259/259
f 260/260 206/206 205/205
f 174/174 231/231 258/258
f 231/231 173/173 261/261
f 260/260 232/232 206/206
f 173/173 209/209 261/261
f 209/209 234/234 261/261
f 232/232 262/262 207/207
f 262/262 263/263 207/207
f 207/207 263/263 175/175
f 263/263 210/210 175/175
f 263/263 213/213 210/210
f 212/212 264/264 265/265
f 212/212 236/236 264/264
f 266/266 237/237 213/213
f 238/238 267/267 215/215
f 267/267 268/268 215/215
f 237/237 239/239 214/214
f 240/240 269/269 241/241
f 270/270 217/217 218/218
f 218/218 219/219 271/271
f 220/220 217/217 270/270
f 272/272 219/219 242/242
f 192/192 273/273 193/193
f 274/274 244/244 275/275
f 243/243 194/194 276/276
f 194/194 245/245 276/276
f 274/274 222/222 244/244
f 221/221 277/277 245/245
f 274/274 246/246 222/222
f 221/221 195/195 277/277
f 195/195 278/278 277/277
f 195/195 224/224 278/278
f 278/278 224/224 279/279
f 224/224 226/226 279/279
f 226/226 280/280 279/279
f 199/199 248/248 280/280
f 281/281 247/247 227/227
f 248/248 250/250 280/280
f 202/202 253/253 250/250
f 252/252 255/255 229/229
f 256/256 282/282 205/205
f 282/282 260/260 205/205
f 258/258 231/231 283/283
f 231/231 261/261 283/283
f 284/284 232/232 260/260
f 284/284 285/285 232/232
f 234/234 286/286 261/261
f 285/285 262/262 232/232
f 234/234 287/287 286/286
f 285/285 288/288 262/262
f 234/234 235/235 287/287
f 262/262 288/288 263/263
f 263/263 289/289 213/213
f 289/289 266/266 213/213
f 266/266 290/290 237/237
f 291/291 264/264 236/236
f 215/215 268/268 236/236
f 236/236 268/268 291/291
f 237/237 290/290 239/239
f 238/238 216/216 267/267
f 290/290 292/292 239/239
f 292/292 293/293 239/239
f 239/239 293/293 240/240
f 241/241 294/294 216/216
f 216/216 294/294 295/295
f 240/240 293/293 269/269
f 241/241 269/269 294/294
f 270/270 218/218 271/271
f 296/296 272/272 242/242
f 297/297 192/192 220/220
f 273/273 192/192 297/297
f 275/275 244/244 273/273
f 244/244 193/193 273/273
f 276/276 245/245 298/298
f 299/299 246/246 274/274
f 300/300 223/223 246/246
f 300/300 301/301 223/223
f 301/301 302/302 225/225
f 301/301 225/225 223/223
f 302/302 227/227 225/225
f 279/279 280/280 303/303
f 302/302 281/281 227/227
f 303/303 250/250 304/304
f 250/250 305/305 304/304
f 250/250 253/253 305/305
f 305/305 253/253 306/306
f 253/253 254/254 306/306
f 252/252 307/307 255/255
f 307/307 308/308 255/255
f 309/309 310/310 311/311
f 308/308 256/256 255/255
f 309/309 259/259 310/310
f 259/259 258/258 310/310
f 312/312 260/260 282/282
f 312/312 284/284 260/260
f 283/283 261/261 313/313
f 261/261 314/314 313/313
f 261/261 286/286 314/314
f 285/285 315/315 288/288
f 287/287 235/235 316/316
f 264/264 317/317 265/265
f 264/264 291/291 317/317
f 267/267 318/318 268/268
f 216/216 295/295 267/267
f 319/319 270/270 271/271
f 297/297 270/270 320/320
f 321/321 271/271 272/272
f 321/321 272/272 296/296
f 297/297 220/220 270/270
f 242/242 243/243 322/322
f 322/322 243/243 276/276
f 323/323 274/274 324/324
f 324/324 274/274 275/275
f 245/245 277/277 325/325
f 300/300 246/246 299/299
f 277/277 278/278 326/326
f 326/326 278/278 327/327
f 278/278 279/279 327/327
f 279/279 328/328 327/327
f 279/279 329/329 328/328
f 330/330 331/331 332/332
f 331/331 251/251 332/332
f 331/331 333/333 251/251
f 333/333 252/252 251/251
f 305/305 306/306 334/334
f 305/305 334/334 335/335
f 333/333 307/307 252/252
f 311/311 310/310 336/336
f 337/337 256/256 308/308
f 337/337 338/338 256/256
f 256/256 338/338 282/282
f 338/338 339/339 282/282
f 339/339 312/312 282/282
f 258/258 283/283 340/340
f 341/341 285/285 284/284
f 287/287 342/342 286/286
f 286/286 342/342 314/314
f 315/315 343/343 288/288
f 343/343 289/289 288/288
f 288/288 289/289 263/263
f 344/344 266/266 289/289
f 344/344 345/345 266/266
f 291/291 346/346 317/317
f 345/345 290/290 266/266
f 290/290 347/347 292/292
f 295/295 318/318 267/267
f 292/292 348/348 293/293
f 293/293 348/348 349/349
f 349/349 350/350 293/293
f 293/293 350/350 269/269
f 269/269 350/350 351/351
f 269/269 351/351 294/294
f 319/319 271/271 352/352
f 352/352 271/271 321/321
f 320/320 270/270 319/319
f 353/353 275/275 273/273
f 273/273 297/297 354/354
f 298/298 245/245 325/325
f 323/323 299/299 274/274
f 277/277 326/326 325/325
f 355/355 299/299 323/323
f 355/355 300/300 299/299
f 356/356 300/300 355/355
f 326/326 327/327 357/357
f 356/356 301/301 300/300
f 358/358 302/302 301/301
f 358/358 281/281 302/302
f 358/358 359/359 281/281
f 329/329 304/304 360/360
f 361/361 331/331 330/330
f 304/304 335/335 360/360
f 304/304 305/305 335/335
f 333/333 362/362 307/307
f 311/311 336/336 363/363
f 362/362 308/308 307/307
f 336/336 310/310 364/364
f 310/310 340/340 364/364
f 340/340 283/283 365/365
f 339/339 366/366 312/312
f 365/365 283/283 313/313
f 366/366 284/284 312/312
f 366/366 341/341 284/284
f 341/341 315/315 285/285
f 342/342 367/367 314/314
f 287/287 368/368 342/342
f 316/316 368/368 287/287
f 316/316 369/369 368/368
f 343/343 344/344 289/289
f 291/291 370/370 346/346
f 291/291 371/371 370/370
f 345/345 372/372 290/290
f 372/372 347/347 290/290
f 318/318 371/371 268/268
f 268/268 371/371 291/291
f 347/347 348/348 292/292
f 295/295 373/373 318/318
f 294/294 373/373 295/295
f 294/294 351/351 373/373
f 349/349 374/374 350/350
f 375/375 320/320 319/319
f 376/376 319/319 352/352
f 352/352 321/321 377/377
f 378/378 320/320 375/375
f 378/378 297/297 320/320
f 321/321 296/296 379/379
f 296/296 322/322 380/380
f 379/379 296/296 380/380
f 322/322 276/276 381/381
f 276/276 382/382 381/381
f 383/383 275/275 353/353
f 353/353 273/273 354/354
f 383/383 324/324 275/275
f 276/276 298/298 382/382
f 383/383 323/323 324/324
f 384/384 298/298 325/325
f 325/325 326/326 385/385
f 356/356 386/386 301/301
f 386/386 358/358 301/301
f 328/328 329/329 387/387
f 388/388 331/331 361/361
f 389/389 333/333 331/331
f 389/389 390/390 333/333
f 335/335 334/334 391/391
f 390/390 362/362 333/333
f 363/363 336/336 392/392
f 336/336 393/393 392/392
f 336/336 364/364 393/393
f 362/362 337/337 308/308
f 314/314 367/367 394/394
f 341/341 395/395 315/315
f 395/395 396/396 315/315
f 396/396 343/343 315/315
f 369/369 397/397 368/368
f 343/343 398/398 399/399
f 343/343 399/399 344/344
f 344/344 400/400 345/345
f 318/318 401/401 371/371
f 374/374 402/402 350/350
f 350/350 402/402 351/351
f 402/402 403/403 351/351
f 375/375 319/319 376/376
f 377/377 321/321 379/379
f 354/354 297/297 378/378
f 380/380 322/322 381/381
f 382/382 298/298 384/384
f 404/404 355/355 323/323
f 326/326 357/357 385/385
f 329/329 405/405 387/387
f 406/406 388/388 361/361
f 389/389 331/331 388/388
f 360/360 335/335 407/407
f 335/335 391/391 407/407
f 362/362 408/408 337/337
f 364/364 409/409 393/393
f 364/364 340/340 410/410
f 364/364 410/410 409/409
f 338/338 411/411 339/339
f 411/411 412/412 339/339
f 339/339 412/412 366/366
f 365/365 313/313 413/413
f 412/412 341/341 366/366
f 313/313 394/394 413/413
f 396/396 398/398 343/343
f 399/399 400/400 344/344
f 369/369 414/414 397/397
f 369/369 415/415 414/414
f 372/372 416/416 347/347
f 318/318 417/417 401/401
f 347/347 416/416 348/348
f 373/373 418/418 318/318
f 318/318 418/418 417/417
f 348/348 419/419 349/349
f 351/351 403/403 373/373
f 420/420 354/354 378/378
f 421/421 353/353 354/354
f 422/422 323/323 383/383
f 423/423 355/355 404/404
f 385/385 357/357 424/424
f 423/423 425/425 355/355
f 425/425 356/356 355/355
f 357/357 327/327 426/426
f 425/425 427/427 356/356
f 426/426 327/327 387/387
f 427/427 386/386 356/356
f 428/428 429/429 430/430
f 430/430 431/431 428/428
f 432/432 388/388 406/406
f 360/360 407/407 405/405
f 388/388 433/433 389/389
f 391/391 434/434 407/407
f 435/435 390/390 389/389
f 436/436 363/363 437/437
f 435/435 438/438 390/390
f 363/363 439/439 437/437
f 438/438 362/362 390/390
f 438/438 408/408 362/362
f 408/408 440/440 337/337
f 337/337 440/440 338/338
f 440/440 411/411 338/338
f 340/340 441/441 410/410
f 365/365 413/413 441/441
f 412/412 442/442 341/341
f 394/394 367/367 443/443
f 397/397 414/414 444/444
f 445/445 446/446 345/345
f 400/400 445/445 345/345
f 345/345 446/446 372/372
f 370/370 447/447 448/448
f 372/372 446/446 416/416
f 401/401 447/447 371/371
f 371/371 447/447 370/370
f 416/416 419/419 348/348
f 403/403 449/449 373/373
f 373/373 449/449 418/418
f 419/419 374/374 349/349
f 450/450 375/375 376/376
f 450/450 376/376 451/451
f 376/376 352/352 452/452
f 452/452 352/352 377/377
f 450/450 378/378 375/375
f 380/380 381/381 453/453
f 421/421 354/354 420/420
f 383/383 353/353 421/421
f 384/384 325/325 385/385
f 387/387 405/405 454/454
f 405/405 407/407 455/455
f 433/433 435/435 389/389
f 407/407 434/434 456/456
f 435/435 457/457 458/458
f 435/435 458/458 438/438
f 392/392 393/393 459/459
f 393/393 460/460 459/459
f 438/438 461/461 408/408
f 393/393 409/409 460/460
f 410/410 462/462 409/409
f 410/410 441/441 462/462
f 441/441 413/413 463/463
f 413/413 394/394 463/463
f 442/442 464/464 341/341
f 341/341 464/464 395/395
f 464/464 465/465 395/395
f 395/395 465/465 396/396
f 465/465 466/466 396/396
f 368/368 467/467 367/367
f 466/466 398/398 396/396
f 397/397 444/444 368/368
f 468/468 399/399 398/398
f 468/468 469/469 399/399
f 399/399 469/469 400/400
f 469/469 445/445 400/400
f 415/415 470/470 414/414
f 418/418 471/471 417/417
f 417/417 471/471 401/401
f 401/401 471/471 447/447
f 416/416 472/472 419/419
f 473/473 474/474 374/374
f 419/419 473/473 374/374
f 374/374 474/474 402/402
f 403/403 402/402 475/475
f 451/451 376/376 476/476
f 476/476 376/376 452/452
f 378/378 477/477 420/420
f 379/379 380/380 478/478
f 380/380 453/453 478/478
f 453/453 381/381 479/479
f 480/480 383/383 421/421
f 381/381 382/382 479/479
f 479/479 382/382 481/481
f 482/482 383/383 480/480
f 422/422 383/383 482/482
f 382/382 384/384 481/481
f 481/481 384/384 483/483
f 384/384 385/385 483/483
f 483/483 385/385 484/484
f 485/485 404/404 422/422
f 485/485 423/423 404/404
f 385/385 424/424 484/484
f 486/486 425/425 423/423
f 425/425 487/487 427/427
f 429/429 488/488 489/489
f 387/387 454/454 490/490
f 489/489 430/430 429/429
f 454/454 405/405 455/455
f 491/491 388/388 432/432
f 491/491 433/433 388/388
f 433/433 457/457 435/435
f 459/459 492/492 439/439
f 459/459 460/460 492/492
f 458/458 461/461 438/438
f 461/461 440/440 408/408
f 441/441 493/493 462/462
f 440/440 494/494 411/411
f 411/411 495/495 412/412
f 495/495 442/442 412/412
f 466/466 468/468 398/398
f 445/445 496/496 446/446
f 447/447 497/497 448/448
f 446/446 472/472 416/416
f 418/418 498/498 471/471
f 471/471 499/499 447/447
f 449/449 498/498 418/418
f 475/475 449/449 403/403
f 377/377 500/500 452/452
f 500/500 377/377 379/379
f 501/501 477/477 378/378
f 501/501 378/378 450/450
f 500/500 379/379 478/478
f 480/480 421/421 502/502
f 502/502 421/421 420/420
f 484/484 424/424 503/503
f 424/424 426/426 503/503
f 426/426 490/490 503/503
f 487/487 425/425 486/486
f 454/454 455/455 504/504
f 505/505 506/506 430/430
f 407/407 507/507 455/455
f 491/491 508/508 433/433
f 407/407 456/456 507/507
f 433/433 508/508 457/457
f 437/437 509/509 510/510
f 511/511 458/458 457/457
f 437/437 439/439 509/509
f 511/511 512/512 458/458
f 512/512 513/513 458/458
f 458/458 513/513 461/461
f 513/513 514/514 461/461
f 461/461 514/514 440/440
f 514/514 515/515 440/440
f 441/441 516/516 493/493
f 494/494 495/495 411/411
f 442/442 517/517 464/464
f 464/464 518/518 465/465
f 465/465 519/519 466/466
f 367/367 467/467 520/520
f 466/466 521/521 468/468
f 414/414 522/522 444/444
f 470/470 522/522 414/414
f 469/469 496/496 445/445
f 496/496 523/523 446/446
f 523/523 472/472 446/446
f 447/447 499/499 497/497
f 471/471 498/498 524/524
f 472/472 525/525 419/419
f 525/525 473/473 419/419
f 474/474 526/526 402/402
f 402/402 526/526 475/475
f 449/449 475/475 498/498
f 474/474 527/527 526/526
f 528/528 451/451 476/476
f 529/529 450/450 451/451
f 530/530 502/502 477/477
f 502/502 420/420 477/477
f 478/478 453/453 531/531
f 531/531 453/453 479/479
f 479/479 481/481 532/532
f 533/533 422/422 482/482
f 533/533 485/485 422/422
f 483/483 484/484 534/534
f 535/535 486/486 485/485
f 536/536 484/484 503/503
f 454/454 504/504 490/490
f 537/537 430/430 489/489
f 504/504 455/455 538/538
f 537/537 539/539 505/505
f 455/455 507/507 538/538
f 505/505 539/539 540/540
f 508/508 541/541 457/457
f 510/510 542/542 543/543
f 507/507 456/456 544/544
f 457/457 541/541 511/511
f 439/439 545/545 509/509
f 511/511 546/546 512/512
f 492/492 545/545 439/439
f 546/546 513/513 512/512
f 546/546 547/547 513/513
f 460/460 548/548 492/492
f 547/547 514/514 513/513
f 440/440 515/515 494/494
f 495/495 517/517 442/442
f 518/518 519/519 465/465
f 549/549 550/550 467/467
f 522/522 549/549 444/444
f 468/468 551/551 469/469
f 470/470 552/552 522/522
f 499/499 553/553 497/497
f 471/471 554/554 499/499
f 499/499 554/554 553/553
f 472/472 555/555 525/525
f 524/524 554/554 471/471
f 556/556 527/527 473/473
f 473/473 527/527 474/474
f 526/526 557/557 475/475
f 500/500 478/478 558/558
f 480/480 502/502 530/530
f 482/482 480/480 559/559
f 535/535 485/485 533/533
f 535/535 560/560 486/486
f 560/560 487/487 486/486
f 503/503 490/490 561/561
f 488/488 562/562 489/489
f 490/490 504/504 563/563
f 489/489 562/562 537/537
f 537/537 564/564 539/539
f 539/539 565/565 540/540
f 566/566 541/541 508/508
f 510/510 509/509 542/542
f 511/511 541/541 567/567
f 567/567 546/546 511/511
f 409/409 462/462 568/568
f 547/547 569/569 514/514
f 569/569 515/515 514/514
f 462/462 493/493 568/568
f 515/515 570/570 494/494
f 516/516 463/463 571/571
f 463/463 572/572 571/571
f 517/517 518/518 464/464
f 443/443 520/520 572/572
f 519/519 521/521 466/466
f 521/521 551/551 468/468
f 551/551 573/573 469/469
f 496/496 574/574 523/523
f 497/497 575/575 448/448
f 523/523 555/555 472/472
f 525/525 556/556 473/473
f 475/475 557/557 498/498
f 557/557 576/576 498/498
f 527/527 577/577 526/526
f 476/476 452/452 578/578
f 501/501 579/579 477/477
f 558/558 478/478 580/580
f 478/478 531/531 580/580
f 559/559 480/480 530/530
f 581/581 582/582 533/533
f 581/581 533/533 482/482
f 583/583 536/536 584/584
f 585/585 586/586 488/488
f 586/586 562/562 488/488
f 562/562 587/587 537/537
f 537/537 587/587 588/588
f 537/537 588/588 564/564
f 538/538 507/507 589/589
f 564/564 565/565 539/539
f 507/507 544/544 589/589
f 566/566 590/590 541/541
f 591/591 547/547 546/546
f 591/591 569/569 547/547
f 592/592 515/515 569/569
f 568/568 493/493 593/593
f 592/592 570/570 515/515
f 493/493 594/594 593/593
f 495/495 595/595 517/517
f 571/571 572/572 596/596
f 597/597 521/521 519/519
f 521/521 598/598 551/551
f 522/522 599/599 549/549
f 496/496 600/600 574/574
f 497/497 601/601 575/575
f 524/524 602/602 554/554
f 498/498 602/602 524/524
f 498/498 576/576 602/602
f 525/525 603/603 556/556
f 526/526 577/577 557/557
f 604/604 501/501 529/529
f 500/500 558/558 605/605
f 530/530 579/579 606/606
f 481/481 607/607 532/532
f 481/481 483/483 607/607
f 607/607 483/483 534/534
f 535/535 533/533 582/582
f 608/608 586/586 585/585
f 609/609 562/562 586/586
f 504/504 610/610 563/563
f 611/611 587/587 562/562
f 504/504 538/538 610/610
f 588/588 612/612 564/564
f 612/612 565/565 564/564
f 612/612 613/613 565/565
f 543/543 542/542 614/614
f 615/615 541/541 590/590
f 509/509 616/616 542/542
f 615/615 567/567 541/541
f 567/567 617/617 546/546
f 617/617 591/591 546/546
f 618/618 592/592 569/569
f 593/593 619/619 568/568
f 620/620 570/570 592/592
f 516/516 571/571 594/594
f 494/494 595/595 495/495
f 621/621 518/518 517/517
f 621/621 622/622 518/518
f 622/622 519/519 518/518
f 520/520 550/550 623/623
f 622/622 597/597 519/519
f 597/597 598/598 521/521
f 598/598 624/624 551/551
f 624/624 573/573 551/551
f 573/573 625/625 469/469
f 469/469 625/625 496/496
f 496/496 625/625 600/600
f 523/523 574/574 555/555
f 497/497 553/553 601/601
f 555/555 626/626 525/525
f 627/627 529/529 528/528
f 627/627 476/476 578/578
f 628/628 501/501 604/604
f 605/605 558/558 629/629
f 579/579 501/501 628/628
f 630/630 559/559 530/530
f 630/630 530/530 606/606
f 531/531 631/631 580/580
f 581/581 632/632 582/582
f 607/607 534/534 633/633
f 633/633 534/534 583/583
f 582/582 634/634 535/535
f 583/583 584/584 635/635
f 584/584 536/536 561/561
f 608/608 636/636 586/586
f 586/586 636/636 609/609
f 538/538 589/589 637/637
f 587/587 612/612 588/588
f 638/638 543/543 639/639
f 567/567 615/615 640/640
f 641/641 617/617 567/567
f 492/492 642/642 643/643
f 492/492 644/644 642/642
f 568/568 619/619 644/644
f 618/618 569/569 591/591
f 618/618 645/645 592/592
f 570/570 646/646 494/494
f 494/494 646/646 595/595
f 571/571 596/596 594/594
f 517/517 595/595 621/621
f 572/572 647/647 596/596
f 549/549 599/599 550/550
f 522/522 648/648 599/599
f 624/624 649/649 573/573
f 573/573 649/649 625/625
f 650/650 651/651 552/552
f 574/574 652/652 555/555
f 555/555 652/652 626/626
f 554/554 653/653 553/553
f 553/553 653/653 601/601
f 602/602 654/654 554/554
f 525/525 626/626 603/603
f 556/556 655/655 527/527
f 527/527 655/655 656/656
f 656/656 657/657 577/577
f 527/527 656/656 577/577
f 577/577 657/657 557/557
f 657/657 658/658 557/557
f 558/558 580/580 659/659
f 660/660 630/630 606/606
f 661/661 559/559 630/630
f 661/661 581/581 559/559
f 631/631 532/532 662/662
f 532/532 607/607 663/663
f 633/633 583/583 635/635
f 664/664 584/584 665/665
f 584/584 561/561 665/665
f 561/561 666/666 667/667
f 668/668 613/613 612/612
f 613/613 669/669 670/670
f 640/640 641/641 567/567
f 671/671 672/672 617/617
f 617/617 672/672 591/591
f 673/673 618/618 591/591
f 591/591 672/672 673/673
f 673/673 645/645 618/618
f 593/593 674/674 619/619
f 593/593 675/675 674/674
f 645/645 620/620 592/592
f 593/593 594/594 675/675
f 620/620 646/646 570/570
f 550/550 676/676 623/623
f 597/597 677/677 598/598
f 552/552 651/651 648/648
f 678/678 600/600 625/625
f 653/653 679/679 601/601
f 654/654 653/653 554/554
f 556/556 603/603 655/655
f 557/557 658/658 576/576
f 658/658 680/680 576/576
f 627/627 578/578 681/681
f 681/681 578/578 682/682
f 682/682 578/578 605/605
f 606/606 628/628 660/660
f 659/659 580/580 683/683
f 663/663 607/607 633/633
f 632/632 684/684 582/582
f 582/582 684/684 634/634
f 635/635 584/584 664/664
f 685/685 686/686 608/608
f 561/561 667/667 665/665
f 687/687 609/609 636/636
f 688/688 609/609 689/689
f 688/688 611/611 609/609
f 688/688 690/690 611/611
f 690/690 587/587 611/611
f 690/690 612/612 587/587
f 668/668 669/669 613/613
f 691/691 670/670 669/669
f 643/643 692/692 616/616
f 643/643 642/642 692/692
f 645/645 693/693 620/620
f 693/693 694/694 646/646
f 620/620 693/693 646/646
f 594/594 596/596 695/695
f 696/696 621/621 595/595
f 596/596 647/647 695/695
f 621/621 697/697 622/622
f 550/550 599/599 676/676
f 597/597 698/698 677/677
f 598/598 677/677 624/624
f 649/649 699/699 625/625
f 625/625 699/699 678/678
f 650/650 700/700 651/651
f 652/652 701/701 626/626
f 626/626 701/701 603/603
f 576/576 680/680 602/602
f 603/603 702/702 655/655
f 703/703 631/631 662/662
f 686/686 704/704 687/687
f 687/687 636/636 686/686
f 689/689 609/609 687/687
f 589/589 705/705 637/637
f 690/690 668/668 612/612
f 589/589 706/706 705/705
f 671/671 617/617 641/641
f 644/644 707/707 708/708
f 619/619 709/709 710/710
f 672/672 711/711 673/673
f 673/673 712/712 693/693
f 673/673 693/693 645/645
f 694/694 713/713 646/646
f 594/594 695/695 714/714
f 713/713 595/595 646/646
f 595/595 713/713 696/696
f 696/696 697/697 621/621
f 647/647 676/676 715/715
f 716/716 597/597 622/622
f 716/716 698/698 597/597
f 599/599 717/717 676/676
f 718/718 717/717 599/599
f 599/599 648/648 718/718
f 624/624 719/719 649/649
f 651/651 700/700 720/720
f 600/600 721/721 574/574
f 602/602 722/722 654/654
f 656/656 723/723 657/657
f 724/724 725/725 628/628
f 726/726 632/632 727/727
f 726/726 684/684 632/632
f 635/635 728/728 729/729
f 664/664 665/665 730/730
f 688/688 731/731 690/690
f 637/637 705/705 732/732
f 733/733 734/734 668/668
f 734/734 669/669 668/668
f 614/614 735/735 736/736
f 614/614 737/737 735/735
f 669/669 738/738 691/691
f 737/737 616/616 692/692
f 640/640 739/739 641/641
f 641/641 739/739 671/671
f 740/740 741/741 672/672
f 671/671 740/740 672/672
f 711/711 672/672 741/741
f 711/711 712/712 673/673
f 696/696 713/713 742/742
f 695/695 715/715 743/743
f 697/697 744/744 622/622
f 744/744 716/716 622/622
f 676/676 745/745 715/715
f 717/717 745/745 676/676
f 698/698 746/746 677/677
f 677/677 719/719 624/624
f 747/747 721/721 678/678
f 574/574 721/721 652/652
f 653/653 748/748 679/679
f 652/652 721/721 701/701
f 749/749 748/748 653/653
f 654/654 749/749 653/653
f 701/701 702/702 603/603
f 750/750 751/751 752/752
f 753/753 754/754 755/755
f 702/702 756/756 655/655
f 655/655 756/756 656/656
f 757/757 758/758 759/759
f 759/759 760/760 757/757
f 757/757 760/760 753/753
f 724/724 604/604 761/761
f 659/659 683/683 762/762
f 763/763 764/764 630/630
f 660/660 628/628 725/725
f 683/683 703/703 765/765
f 703/703 662/662 766/766
f 662/662 663/663 767/767
f 768/768 635/635 729/729
f 769/769 686/686 770/770
f 769/769 704/704 686/686
f 771/771 687/687 704/704
f 771/771 772/772 687/687
f 730/730 667/667 773/773
f 772/772 689/689 687/687
f 689/689 731/731 688/688
f 693/693 774/774 694/694
f 716/716 775/775 698/698
f 677/677 776/776 719/719
f 648/648 777/777 718/718
f 777/777 778/778 718/718
f 719/719 699/699 649/649
f 651/651 720/720 777/777
f 720/720 779/779 777/777
f 699/699 747/747 678/678
f 748/748 780/780 679/679
f 760/760 754/754 753/753
f 660/660 725/725 781/781
f 766/766 662/662 767/767
f 663/663 633/633 782/782
f 689/689 783/783 731/731
f 690/690 784/784 733/733
f 785/785 736/736 786/786
f 734/734 787/787 669/669
f 669/669 787/787 738/738
f 739/739 740/740 671/671
f 711/711 788/788 712/712
f 712/712 789/789 693/693
f 695/695 743/743 714/714
f 694/694 790/790 713/713
f 696/696 742/742 791/791
f 696/696 791/791 744/744
f 696/696 744/744 697/697
f 715/715 745/745 792/792
f 744/744 775/775 716/716
f 677/677 746/746 776/776
f 719/719 793/793 699/699
f 794/794 747/747 699/699
f 700/700 795/795 720/720
f 721/721 796/796 701/701
f 701/701 797/797 702/702
f 755/755 754/754 750/750
f 798/798 799/799 764/764
f 798/798 800/800 799/799
f 800/800 801/801 799/799
f 802/802 769/769 803/803
f 769/769 771/771 704/704
f 733/733 804/804 734/734
f 738/738 805/805 691/691
f 805/805 806/806 691/691
f 807/807 708/708 808/808
f 789/789 774/774 693/693
f 674/674 714/714 809/809
f 774/774 810/810 694/694
f 810/810 790/790 694/694
f 790/790 742/742 713/713
f 745/745 811/811 792/792
f 744/744 812/812 775/775
f 745/745 813/813 811/811
f 698/698 775/775 746/746
f 718/718 778/778 717/717
f 779/779 814/814 777/777
f 699/699 793/793 794/794
f 795/795 779/779 720/720
f 796/796 797/797 701/701
f 815/815 816/816 751/751
f 754/754 817/817 750/750
f 702/702 818/818 756/756
f 760/760 819/819 754/754
f 656/656 756/756 723/723
f 820/820 821/821 758/758
f 822/822 764/764 823/823
f 824/824 825/825 826/826
f 827/827 729/729 828/828
f 829/829 729/729 728/728
f 830/830 769/769 802/802
f 831/831 772/772 771/771
f 832/832 783/783 772/772
f 833/833 784/784 731/731
f 834/834 733/733 784/784
f 734/734 804/804 787/787
f 805/805 738/738 787/787
f 806/806 805/805 835/835
f 836/836 740/740 739/739
f 836/836 837/837 740/740
f 837/837 838/838 740/740
f 838/838 741/741 740/740
f 838/838 711/711 741/741
f 712/712 788/788 789/789
f 714/714 743/743 839/839
f 714/714 839/839 840/840
f 743/743 792/792 839/839
f 742/742 841/841 791/791
f 775/775 842/842 746/746
f 717/717 778/778 843/843
f 747/747 844/844 845/845
f 845/845 796/796 721/721
f 845/845 844/844 796/796
f 815/815 846/846 816/816
f 750/750 817/817 751/751
f 817/817 815/815 751/751
f 797/797 818/818 702/702
f 754/754 819/819 817/817
f 847/847 848/848 820/820
f 849/849 850/850 758/758
f 758/758 850/850 759/759
f 759/759 850/850 760/760
f 851/851 852/852 853/853
f 802/802 803/803 824/824
f 830/830 854/854 769/769
f 832/832 772/772 831/831
f 855/855 773/773 856/856
f 783/783 833/833 731/731
f 834/834 784/784 833/833
f 838/838 857/857 711/711
f 711/711 857/857 788/788
f 789/789 858/858 774/774
f 774/774 859/859 810/810
f 790/790 860/860 742/742
f 742/742 860/860 841/841
f 746/746 842/842 776/776
f 776/776 861/861 719/719
f 719/719 861/861 793/793
f 777/777 814/814 778/778
f 794/794 862/862 747/747
f 747/747 862/862 844/844
f 848/848 821/821 820/820
f 758/758 821/821 849/849
f 767/767 863/863 864/864
f 865/865 800/800 866/866
f 867/867 854/854 830/830
f 829/829 730/730 868/868
f 869/869 831/831 854/854
f 831/831 870/870 832/832
f 832/832 833/833 783/783
f 736/736 871/871 786/786
f 804/804 872/872 787/787
f 872/872 873/873 787/787
f 873/873 805/805 787/787
f 858/858 789/789 788/788
f 859/859 774/774 858/858
f 859/859 874/874 810/810
f 810/810 860/860 790/790
f 839/839 792/792 875/875
f 744/744 791/791 812/812
f 792/792 811/811 876/876
f 812/812 842/842 775/775
f 843/843 877/877 813/813
f 842/842 878/878 776/776
f 793/793 861/861 879/879
f 793/793 879/879 794/794
f 815/815 880/880 846/846
f 796/796 881/881 797/797
f 850/850 882/882 760/760
f 760/760 882/882 819/819
f 853/853 883/883 884/884
f 870/870 885/885 832/832
f 833/833 886/886 834/834
f 886/886 804/804 834/834
f 786/786 871/871 887/887
f 888/888 889/889 890/890
f 857/857 891/891 788/788
f 891/891 858/858 788/788
f 874/874 860/860 810/810
f 792/792 876/876 875/875
f 791/791 892/892 812/812
f 878/878 861/861 776/776
f 778/778 893/893 894/894
f 779/779 895/895 814/814
f 779/779 795/795 895/895
f 862/862 896/896 844/844
f 815/815 897/897 880/880
f 898/898 818/818 797/797
f 819/819 899/899 817/817
f 817/817 900/900 815/815
f 847/847 901/901 848/848
f 902/902 824/824 903/903
f 829/829 868/868 904/904
f 832/832 885/885 905/905
f 833/833 832/832 905/905
f 905/905 886/886 833/833
f 886/886 906/906 804/804
f 906/906 872/872 804/804
f 872/872 907/907 873/873
f 805/805 873/873 908/908
f 908/908 909/909 805/805
f 909/909 835/835 805/805
f 835/835 910/910 911/911
f 837/837 912/912 838/838
f 912/912 913/913 838/838
f 913/913 857/857 838/838
f 914/914 915/915 916/916
f 914/914 917/917 915/915
f 857/857 918/918 891/891
f 917/917 809/809 919/919
f 809/809 920/920 919/919
f 858/858 921/921 859/859
f 860/860 922/922 841/841
f 841/841 923/923 791/791
f 791/791 923/923 892/892
f 812/812 924/924 842/842
f 794/794 879/879 925/925
f 794/794 925/925 862/862
f 880/880 926/926 846/846
f 844/844 896/896 796/796
f 796/796 896/896 881/881
f 881/881 898/898 797/797
f 815/815 927/927 897/897
f 899/899 928/928 817/817
f 817/817 928/928 900/900
f 900/900 927/927 815/815
f 929/929 930/930 847/847
f 930/930 901/901 847/847
f 882/882 899/899 819/819
f 849/849 821/821 931/931
f 849/849 931/931 850/850
f 850/850 932/932 882/882
f 933/933 934/934 935/935
f 884/884 762/762 936/936
f 937/937 822/822 938/938
f 902/902 939/939 824/824
f 867/867 940/940 869/869
f 869/869 941/941 870/870
f 855/855 856/856 942/942
f 873/873 907/907 943/943
f 835/835 909/909 910/910
f 910/910 944/944 911/911
f 891/891 918/918 858/858
f 874/874 945/945 860/860
f 922/922 923/923 841/841
f 876/876 946/946 875/875
f 812/812 892/892 924/924
f 811/811 947/947 876/876
f 924/924 878/878 842/842
f 878/878 948/948 861/861
f 893/893 949/949 894/894
f 848/848 931/931 821/821
f 931/931 932/932 850/850
f 950/950 951/951 952/952
f 864/864 863/863 953/953
f 954/954 864/864 953/953
f 902/902 955/955 939/939
f 955/955 956/956 939/939
f 940/940 941/941 869/869
f 870/870 941/941 957/957
f 906/906 907/907 872/872
f 873/873 943/943 958/958
f 873/873 958/958 908/908
f 959/959 857/857 913/913
f 857/857 960/960 918/918
f 961/961 858/858 918/918
f 961/961 921/921 858/858
f 859/859 921/921 874/874
f 892/892 923/923 962/962
f 924/924 963/963 878/878
f 861/861 948/948 964/964
f 964/964 879/879 861/861
f 895/895 965/965 814/814
f 926/926 966/966 967/967
f 879/879 968/968 925/925
f 862/862 925/925 896/896
f 925/925 969/969 896/896
f 880/880 970/970 926/926
f 897/897 971/971 880/880
f 896/896 972/972 881/881
f 881/881 972/972 898/898
f 972/972 973/973 898/898
f 929/929 974/974 930/930
f 848/848 901/901 931/931
f 938/938 975/975 937/937
f 885/885 976/976 905/905
f 905/905 977/977 886/886
f 906/906 978/978 907/907
f 979/979 980/980 890/890
f 912/912 959/959 913/913
f 959/959 960/960 857/857
f 918/918 981/981 961/961
f 875/875 946/946 982/982
f 945/945 983/983 922/922
f 860/860 945/945 922/922
f 962/962 924/924 892/892
f 878/878 963/963 948/948
f 814/814 949/949 893/893
f 964/964 968/968 879/879
f 880/880 971/971 970/970
f 899/899 984/984 928/928
f 974/974 985/985 930/930
f 928/928 984/984 900/900
f 882/882 986/986 899/899
f 901/901 987/987 931/931
f 988/988 989/989 932/932
f 932/932 989/989 882/882
f 990/990 991/991 992/992
f 993/993 991/991 994/994
f 902/902 995/995 955/955
f 996/996 956/956 955/955
f 997/997 941/941 940/940
f 998/998 906/906 886/886
f 998/998 978/978 906/906
f 909/909 999/999 910/910
f 910/910 1000/1000 944/944
f 1000/1000 1001/1001 944/944
f 921/921 1002/1002 874/874
f 874/874 1002/1002 945/945
f 922/922 1003/1003 923/923
f 1004/1004 1005/1005 876/876
f 962/962 1006/1006 924/924
f 877/877 1007/1007 1008/1008
f 814/814 965/965 949/949
f 926/926 970/970 966/966
f 896/896 969/969 972/972
f 1009/1009 971/971 897/897
f 927/927 1009/1009 897/897
f 930/930 985/985 1010/1010
f 930/930 1010/1010 901/901
f 901/901 1010/1010 987/987
f 882/882 989/989 986/986
f 931/931 987/987 988/988
f 931/931 988/988 932/932
f 994/994 991/991 990/990
f 975/975 938/938 950/950
f 1011/1011 995/995 902/902
f 995/995 1012/1012 955/955
f 940/940 956/956 996/996
f 885/885 1013/1013 976/976
f 977/977 998/998 886/886
f 907/907 1014/1014 943/943
f 908/908 1015/1015 909/909
f 959/959 1016/1016 960/960
f 960/960 1017/1017 918/918
f 981/981 1018/1018 961/961
f 1018/1018 921/921 961/961
f 924/924 1006/1006 963/963
f 925/925 1019/1019 969/969
f 969/969 1020/1020 972/972
f 900/900 1009/1009 927/927
f 986/986 984/984 899/899
f 994/994 990/990 1021/1021
f 1022/1022 1011/1011 1023/1023
f 1024/1024 941/941 997/997
f 941/941 1024/1024 957/957
f 957/957 1013/1013 885/885
f 1025/1025 977/977 976/976
f 977/977 1026/1026 998/998
f 1027/1027 1028/1028 1029/1029
f 1014/1014 958/958 943/943
f 908/908 958/958 1015/1015
f 909/909 1015/1015 999/999
f 910/910 999/999 1000/1000
f 918/918 1017/1017 981/981
f 921/921 1018/1018 1030/1030
f 1031/1031 1032/1032 1033/1033
f 1030/1030 1002/1002 921/921
f 1002/1002 983/983 945/945
f 983/983 1034/1034 922/922
f 922/922 1034/1034 1003/1003
f 1003/1003 1035/1035 923/923
f 1035/1035 962/962 923/923
f 1008/1008 1036/1036 1004/1004
f 1007/1007 1036/1036 1008/1008
f 948/948 963/963 1037/1037
f 949/949 1038/1038 1007/1007
f 1007/1007 1038/1038 1039/1039
f 948/948 1037/1037 964/964
f 965/965 1040/1040 1038/1038
f 965/965 1038/1038 949/949
f 964/964 1041/1041 968/968
f 925/925 968/968 1041/1041
f 1041/1041 1019/1019 925/925
f 974/974 1042/1042 985/985
f 900/900 1043/1043 1009/1009
f 989/989 1044/1044 986/986
f 987/987 1045/1045 988/988
f 1046/1046 1047/1047 988/988
f 988/988 1047/1047 989/989
f 940/940 1048/1048 997/997
f 976/976 1049/1049 1025/1025
f 1050/1050 1051/1051 1052/1052
f 1025/1025 1026/1026 977/977
f 978/978 998/998 1053/1053
f 978/978 1014/1014 907/907
f 980/980 1054/1054 1055/1055
f 1016/1016 1017/1017 960/960
f 1016/1016 1056/1056 1017/1017
f 1030/1030 1057/1057 1002/1002
f 1002/1002 1058/1058 983/983
f 1059/1059 1034/1034 983/983
f 1035/1035 1060/1060 962/962
f 1004/1004 1061/1061 1062/1062
f 962/962 1063/1063 1006/1006
f 1007/1007 1039/1039 1036/1036
f 965/965 1064/1064 1040/1040
f 1019/1019 1065/1065 969/969
f 971/971 1066/1066 970/970
f 1009/1009 1066/1066 971/971
f 1067/1067 1042/1042 974/974
f 1067/1067 1068/1068 1042/1042
f 984/984 1069/1069 900/900
f 985/985 1070/1070 1010/1010
f 986/986 1044/1044 984/984
f 989/989 1047/1047 1044/1044
f 988/988 1045/1045 1046/1046
f 995/995 1071/1071 1012/1012
f 1072/1072 957/957 1024/1024
f 1026/1026 1073/1073 998/998
f 998/998 1073/1073 1053/1053
f 978/978 1053/1053 1014/1014
f 1014/1014 1074/1074 958/958
f 958/958 1074/1074 1015/1015
f 1015/1015 1075/1075 999/999
f 999/999 1076/1076 1000/1000
f 1076/1076 1077/1077 1001/1001
f 1000/1000 1076/1076 1001/1001
f 1001/1001 1077/1077 1078/1078
f 1017/1017 1079/1079 981/981
f 981/981 1079/1079 1018/1018
f 1032/1032 1080/1080 1033/1033
f 1058/1058 1059/1059 983/983
f 1003/1003 1060/1060 1035/1035
f 962/962 1060/1060 1063/1063
f 1006/1006 1081/1081 963/963
f 1081/1081 1037/1037 963/963
f 1037/1037 1082/1082 964/964
f 964/964 1082/1082 1083/1083
f 964/964 1083/1083 1041/1041
f 970/970 1084/1084 1085/1085
f 970/970 1066/1066 1084/1084
f 969/969 1065/1065 1020/1020
f 1042/1042 1070/1070 985/985
f 1069/1069 1043/1043 900/900
f 1070/1070 1086/1086 1010/1010
f 1010/1010 1086/1086 987/987
f 987/987 1086/1086 1045/1045
f 1087/1087 1088/1088 1023/1023
f 1071/1071 995/995 1089/1089
f 997/997 1048/1048 1024/1024
f 1072/1072 1013/1013 957/957
f 1014/1014 1090/1090 1074/1074
f 1091/1091 1092/1092 1054/1054
f 1056/1056 1079/1079 1017/1017
f 1032/1032 1093/1093 1080/1080
f 1002/1002 1057/1057 1058/1058
f 1083/1083 1082/1082 1094/1094
f 984/984 1044/1044 1095/1095
f 984/984 1095/1095 1069/1069
f 1047/1047 1096/1096 1044/1044
f 1097/1097 1098/1098 1099/1099
f 1024/1024 1100/1100 1072/1072
f 1025/1025 1101/1101 1026/1026
f 1051/1051 1029/1029 1102/1102
f 1014/1014 1053/1053 1090/1090
f 1074/1074 1103/1103 1015/1015
f 1015/1015 1103/1103 1075/1075
f 1075/1075 1076/1076 999/999
f 1076/1076 1104/1104 1077/1077
f 1030/1030 1105/1105 1057/1057
f 1059/1059 1106/1106 1034/1034
f 1034/1034 1106/1106 1003/1003
f 1003/1003 1106/1106 1060/1060
f 1006/1006 1063/1063 1081/1081
f 1107/1107 1036/1036 1039/1039
f 1108/1108 1109/1109 1039/1039
f 1038/1038 1108/1108 1039/1039
f 1040/1040 1110/1110 1038/1038
f 1083/1083 1111/1111 1041/1041
f 1084/1084 1112/1112 1085/1085
f 1065/1065 1113/1113 1020/1020
f 1009/1009 1114/1114 1066/1066
f 1066/1066 1114/1114 1115/1115
f 1068/1068 1116/1116 1042/1042
f 1043/1043 1117/1117 1009/1009
f 1042/1042 1118/1118 1070/1070
f 1070/1070 1119/1119 1086/1086
f 1086/1086 1120/1120 1045/1045
f 1045/1045 1120/1120 1121/1121
f 1045/1045 1121/1121 1046/1046
f 1046/1046 1121/1121 1122/1122
f 1046/1046 1122/1122 1047/1047
f 1123/1123 1124/1124 1125/1125
f 1071/1071 1089/1089 1126/1126
f 1098/1098 1127/1127 1128/1128
f 1048/1048 1100/1100 1024/1024
f 1049/1049 1101/1101 1025/1025
f 1026/1026 1129/1129 1073/1073
f 1075/1075 1130/1130 1076/1076
f 1078/1078 1131/1131 1132/1132
f 1131/1131 1133/1133 1132/1132
f 1018/1018 1105/1105 1030/1030
f 1058/1058 1134/1134 1059/1059
f 1060/1060 1135/1135 1063/1063
f 1036/1036 1107/1107 1061/1061
f 1109/1109 1107/1107 1039/1039
f 1094/1094 1111/1111 1083/1083
f 1041/1041 1111/1111 1136/1136
f 1041/1041 1136/1136 1019/1019
f 1019/1019 1137/1137 1065/1065
f 1115/1115 1084/1084 1066/1066
f 1065/1065 1137/1137 1113/1113
f 1068/1068 1138/1138 1116/1116
f 1009/1009 1117/1117 1114/1114
f 1042/1042 1116/1116 1118/1118
f 1069/1069 1117/1117 1043/1043
f 1070/1070 1118/1118 1119/1119
f 1086/1086 1119/1119 1120/1120
f 1122/1122 1096/1096 1047/1047
f 1139/1139 1140/1140 1141/1141
f 1071/1071 1142/1142 1143/1143
f 1048/1048 1144/1144 1100/1100
f 1013/1013 1072/1072 1145/1145
f 1013/1013 1145/1145 1049/1049
f 1049/1049 1145/1145 1146/1146
f 1146/1146 1101/1101 1049/1049
f 1073/1073 1147/1147 1053/1053
f 1090/1090 1148/1148 1074/1074
f 1074/1074 1148/1148 1103/1103
f 1130/1130 1149/1149 1076/1076
f 1076/1076 1149/1149 1104/1104
f 1077/1077 1131/1131 1078/1078
f 1056/1056 1150/1150 1079/1079
f 1079/1079 1105/1105 1018/1018
f 1105/1105 1151/1151 1057/1057
f 1151/1151 1152/1152 1057/1057
f 1057/1057 1152/1152 1058/1058
f 1134/1134 1106/1106 1059/1059
f 1060/1060 1106/1106 1153/1153
f 1153/1153 1135/1135 1060/1060
f 1107/1107 1154/1154 1061/1061
f 1019/1019 1155/1155 1137/1137
f 1044/1044 1096/1096 1095/1095
f 1101/1101 1129/1129 1026/1026
f 1090/1090 1147/1147 1156/1156
f 1149/1149 1157/1157 1104/1104
f 1104/1104 1157/1157 1077/1077
f 1157/1157 1131/1131 1077/1077
f 1152/1152 1134/1134 1058/1058
f 1158/1158 1159/1159 1160/1160
f 1081/1081 1161/1161 1037/1037
f 1037/1037 1161/1161 1082/1082
f 1094/1094 1162/1162 1111/1111
f 1085/1085 1112/1112 1163/1163
f 1084/1084 1164/1164 1112/1112
f 1136/1136 1165/1165 1155/1155
f 1136/1136 1155/1155 1019/1019
f 1138/1138 1166/1166 1116/1116
f 1069/1069 1167/1167 1117/1117
f 1122/1122 1168/1168 1096/1096
f 1120/1120 1169/1169 1121/1121
f 1088/1088 1170/1170 1171/1171
f 1142/1142 1172/1172 1143/1143
f 1145/1145 1173/1173 1146/1146
f 1101/1101 1174/1174 1129/1129
f 1073/1073 1175/1175 1147/1147
f 1156/1156 1148/1148 1090/1090
f 1148/1148 1176/1176 1103/1103
f 1103/1103 1177/1177 1075/1075
f 1178/1178 1105/1105 1079/1079
f 1134/1134 1179/1179 1106/1106
f 1106/1106 1180/1180 1153/1153
f 1154/1154 1181/1181 1159/1159
f 1182/1182 1161/1161 1081/1081
f 1109/1109 1183/1183 1107/1107
f 1108/1108 1183/1183 1109/1109
f 1184/1184 1094/1094 1082/1082
f 1111/1111 1185/1185 1136/1136
f 1185/1185 1165/1165 1136/1136
f 1084/1084 1115/1115 1164/1164
f 1167/1167 1186/1186 1117/1117
f 1117/1117 1186/1186 1114/1114
f 1118/1118 1187/1187 1119/1119
f 1096/1096 1188/1188 1095/1095
f 1095/1095 1188/1188 1069/1069
f 1119/1119 1189/1189 1120/1120
f 1120/1120 1189/1189 1190/1190
f 1120/1120 1190/1190 1169/1169
f 1121/1121 1169/1169 1122/1122
f 1191/1191 1192/1192 1193/1193
f 1194/1194 1171/1171 1170/1170
f 1195/1195 1196/1196 1142/1142
f 1100/1100 1144/1144 1072/1072
f 1146/1146 1174/1174 1101/1101
f 1197/1197 1198/1198 1199/1199
f 1177/1177 1130/1130 1075/1075
f 1200/1200 1131/1131 1157/1157
f 1131/1131 1201/1201 1133/1133
f 1202/1202 1079/1079 1150/1150
f 1202/1202 1178/1178 1079/1079
f 1152/1152 1203/1203 1134/1134
f 1179/1179 1180/1180 1106/1106
f 1159/1159 1181/1181 1160/1160
f 1135/1135 1153/1153 1204/1204
f 1135/1135 1204/1204 1063/1063
f 1063/1063 1204/1204 1205/1205
f 1107/1107 1183/1183 1154/1154
f 1108/1108 1206/1206 1183/1183
f 1163/1163 1207/1207 1208/1208
f 1094/1094 1184/1184 1162/1162
f 1112/1112 1209/1209 1163/1163
f 1111/1111 1162/1162 1185/1185
f 1115/1115 1210/1210 1164/1164
f 1137/1137 1211/1211 1113/1113
f 1116/1116 1212/1212 1187/1187
f 1116/1116 1187/1187 1118/1118
f 1069/1069 1213/1213 1167/1167
f 1168/1168 1188/1188 1096/1096
f 1188/1188 1213/1213 1069/1069
f 1169/1169 1214/1214 1122/1122
f 1122/1122 1214/1214 1168/1168
f 1142/1142 1215/1215 1172/1172
f 1216/1216 1072/1072 1144/1144
f 1216/1216 1173/1173 1072/1072
f 1072/1072 1173/1173 1145/1145
f 1147/1147 1217/1217 1156/1156
f 1156/1156 1176/1176 1148/1148
f 1103/1103 1218/1218 1177/1177
f 1177/1177 1149/1149 1130/1130
f 1149/1149 1219/1219 1157/1157
f 1200/1200 1220/1220 1131/1131
f 1131/1131 1220/1220 1201/1201
f 1133/1133 1201/1201 1221/1221
f 1222/1222 1223/1223 1224/1224
f 1178/1178 1225/1225 1105/1105
f 1105/1105 1225/1225 1151/1151
f 1151/1151 1226/1226 1152/1152
f 1226/1226 1203/1203 1152/1152
f 1134/1134 1203/1203 1179/1179
f 1180/1180 1227/1227 1153/1153
f 1227/1227 1204/1204 1153/1153
f 1183/1183 1228/1228 1154/1154
f 1205/1205 1182/1182 1063/1063
f 1063/1063 1182/1182 1081/1081
f 1082/1082 1161/1161 1184/1184
f 1108/1108 1229/1229 1206/1206
f 1163/1163 1209/1209 1207/1207
f 1155/1155 1211/1211 1137/1137
f 1114/1114 1210/1210 1115/1115
f 1113/1113 1211/1211 1230/1230
f 1186/1186 1210/1210 1114/1114
f 1166/1166 1212/1212 1116/1116
f 1119/1119 1187/1187 1189/1189
f 1142/1142 1196/1196 1215/1215
f 1231/1231 1232/1232 1233/1233
f 1144/1144 1234/1234 1216/1216
f 1173/1173 1235/1235 1146/1146
f 1176/1176 1218/1218 1103/1103
f 1177/1177 1236/1236 1149/1149
f 1149/1149 1236/1236 1219/1219
f 1157/1157 1219/1219 1200/1200
f 1225/1225 1226/1226 1151/1151
f 1237/1237 1238/1238 1239/1239
f 1240/1240 1241/1241 1242/1242
f 1243/1243 1244/1244 1194/1194
f 1215/1215 1245/1245 1246/1246
f 1215/1215 1246/1246 1172/1172
f 1174/1174 1247/1247 1129/1129
f 1248/1248 1175/1175 1129/1129
f 1175/1175 1248/1248 1147/1147
f 1147/1147 1248/1248 1217/1217
f 1217/1217 1249/1249 1156/1156
f 1176/1176 1250/1250 1218/1218
f 1218/1218 1236/1236 1177/1177
f 1200/1200 1251/1251 1220/1220
f 1204/1204 1252/1252 1205/1205
f 1206/1206 1253/1253 1183/1183
f 1161/1161 1254/1254 1184/1184
f 1209/1209 1255/1255 1207/1207
f 1164/1164 1256/1256 1209/1209
f 1185/1185 1257/1257 1165/1165
f 1155/1155 1165/1165 1258/1258
f 1259/1259 1260/1260 1166/1166
f 1261/1261 1259/1259 1166/1166
f 1186/1186 1262/1262 1210/1210
f 1166/1166 1263/1263 1212/1212
f 1167/1167 1262/1262 1186/1186
f 1187/1187 1264/1264 1189/1189
f 1189/1189 1265/1265 1190/1190
f 1214/1214 1266/1266 1168/1168
f 1232/1232 1267/1267 1234/1234
f 1216/1216 1268/1268 1173/1173
f 1268/1268 1235/1235 1173/1173
f 1247/1247 1248/1248 1129/1129
f 1249/1249 1269/1269 1176/1176
f 1269/1269 1250/1250 1176/1176
f 1236/1236 1270/1270 1219/1219
f 1270/1270 1271/1271 1219/1219
f 1223/1223 1272/1272 1273/1273
f 1202/1202 1274/1274 1178/1178
f 1225/1225 1275/1275 1226/1226
f 1179/1179 1276/1276 1180/1180
f 1180/1180 1276/1276 1227/1227
f 1204/1204 1227/1227 1252/1252
f 1183/1183 1277/1277 1228/1228
f 1182/1182 1205/1205 1278/1278
f 1253/1253 1277/1277 1183/1183
f 1182/1182 1278/1278 1161/1161
f 1184/1184 1279/1279 1162/1162
f 1279/1279 1280/1280 1162/1162
f 1162/1162 1280/1280 1185/1185
f 1281/1281 1282/1282 1283/1283
f 1210/1210 1284/1284 1164/1164
f 1165/1165 1285/1285 1258/1258
f 1155/1155 1258/1258 1211/1211
f 1261/1261 1286/1286 1259/1259
f 1212/1212 1287/1287 1187/1187
f 1168/1168 1288/1288 1188/1188
f 1188/1188 1288/1288 1289/1289
f 1188/1188 1289/1289 1213/1213
f 1213/1213 1290/1290 1167/1167
f 1264/1264 1265/1265 1189/1189
f 1266/1266 1288/1288 1168/1168
f 1190/1190 1291/1291 1169/1169
f 1169/1169 1292/1292 1214/1214
f 1246/1246 1293/1293 1231/1231
f 1232/1232 1293/1293 1267/1267
f 1294/1294 1247/1247 1174/1174
f 1248/1248 1295/1295 1217/1217
f 1217/1217 1295/1295 1249/1249
f 1219/1219 1271/1271 1200/1200
f 1200/1200 1271/1271 1251/1251
f 1178/1178 1274/1274 1225/1225
f 1225/1225 1296/1296 1275/1275
f 1226/1226 1297/1297 1203/1203
f 1278/1278 1298/1298 1161/1161
f 1161/1161 1298/1298 1254/1254
f 1254/1254 1279/1279 1184/1184
f 1229/1229 1299/1299 1300/1300
f 1256/1256 1255/1255 1209/1209
f 1164/1164 1284/1284 1256/1256
f 1210/1210 1301/1301 1284/1284
f 1165/1165 1257/1257 1285/1285
f 1210/1210 1262/1262 1301/1301
f 1260/1260 1263/1263 1166/1166
f 1263/1263 1287/1287 1212/1212
f 1167/1167 1302/1302 1262/1262
f 1167/1167 1290/1290 1302/1302
f 1287/1287 1264/1264 1187/1187
f 1213/1213 1289/1289 1290/1290
f 1190/1190 1265/1265 1291/1291
f 1291/1291 1292/1292 1169/1169
f 1292/1292 1266/1266 1214/1214
f 1245/1245 1303/1303 1246/1246
f 1234/1234 1304/1304 1216/1216
f 1294/1294 1174/1174 1235/1235
f 1248/1248 1305/1305 1295/1295
f 1250/1250 1306/1306 1218/1218
f 1218/1218 1306/1306 1236/1236
f 1251/1251 1307/1307 1220/1220
f 1220/1220 1308/1308 1201/1201
f 1201/1201 1309/1309 1221/1221
f 1221/1221 1309/1309 1310/1310
f 1226/1226 1275/1275 1297/1297
f 1311/1311 1312/1312 1313/1313
f 1203/1203 1314/1314 1179/1179
f 1179/1179 1314/1314 1276/1276
f 1227/1227 1315/1315 1252/1252
f 1298/1298 1316/1316 1254/1254
f 1256/1256 1317/1317 1255/1255
f 1262/1262 1318/1318 1301/1301
f 1319/1319 1244/1244 1243/1243
f 1320/1320 1245/1245 1196/1196
f 1320/1320 1196/1196 1321/1321
f 1235/1235 1268/1268 1322/1322
f 1235/1235 1322/1322 1294/1294
f 1248/1248 1323/1323 1305/1305
f 1249/1249 1324/1324 1269/1269
f 1269/1269 1306/1306 1250/1250
f 1236/1236 1325/1325 1270/1270
f 1270/1270 1325/1325 1326/1326
f 1270/1270 1326/1326 1327/1327
f 1270/1270 1327/1327 1271/1271
f 1220/1220 1307/1307 1308/1308
f 1274/1274 1328/1328 1225/1225
f 1203/1203 1297/1297 1314/1314
f 1312/1312 1329/1329 1330/1330
f 1276/1276 1331/1331 1227/1227
f 1277/1277 1330/1330 1329/1329
f 1206/1206 1332/1332 1253/1253
f 1254/1254 1333/1333 1279/1279
f 1256/1256 1334/1334 1317/1317
f 1284/1284 1334/1334 1256/1256
f 1301/1301 1335/1335 1284/1284
f 1286/1286 1336/1336 1259/1259
f 1302/1302 1337/1337 1262/1262
f 1263/1263 1338/1338 1287/1287
f 1287/1287 1339/1339 1264/1264
f 1288/1288 1340/1340 1289/1289
f 1295/1295 1324/1324 1249/1249
f 1269/1269 1341/1341 1306/1306
f 1306/1306 1342/1342 1236/1236
f 1327/1327 1251/1251 1271/1271
f 1308/1308 1309/1309 1201/1201
f 1225/1225 1328/1328 1296/1296
f 1314/1314 1343/1343 1276/1276
f 1343/1343 1331/1331 1276/1276
f 1227/1227 1331/1331 1315/1315
f 1252/1252 1344/1344 1205/1205
f 1205/1205 1344/1344 1278/1278
f 1206/1206 1300/1300 1332/1332
f 1345/1345 1300/1300 1299/1299
f 1346/1346 1347/1347 1281/1281
f 1284/1284 1335/1335 1334/1334
f 1281/1281 1348/1348 1282/1282
f 1349/1349 1282/1282 1348/1348
f 1349/1349 1336/1336 1286/1286
f 1318/1318 1335/1335 1301/1301
f 1260/1260 1350/1350 1263/1263
f 1337/1337 1318/1318 1262/1262
f 1302/1302 1290/1290 1337/1337
f 1339/1339 1351/1351 1264/1264
f 1264/1264 1351/1351 1265/1265
f 1265/1265 1351/1351 1352/1352
f 1265/1265 1352/1352 1291/1291
f 1245/1245 1353/1353 1303/1303
f 1354/1354 1355/1355 1267/1267
f 1355/1355 1304/1304 1267/1267
f 1304/1304 1356/1356 1268/1268
f 1247/1247 1294/1294 1323/1323
f 1357/1357 1358/1358 1359/1359
f 1342/1342 1360/1360 1236/1236
f 1236/1236 1360/1360 1325/1325
f 1361/1361 1362/1362 1363/1363
f 1327/1327 1364/1364 1251/1251
f 1309/1309 1365/1365 1310/1310
f 1296/1296 1366/1366 1275/1275
f 1275/1275 1366/1366 1297/1297
f 1366/1366 1367/1367 1297/1297
f 1312/1312 1330/1330 1368/1368
f 1254/1254 1316/1316 1333/1333
f 1348/1348 1336/1336 1349/1349
f 1369/1369 1350/1350 1260/1260
f 1259/1259 1369/1369 1260/1260
f 1350/1350 1338/1338 1263/1263
f 1287/1287 1338/1338 1339/1339
f 1266/1266 1340/1340 1288/1288
f 1370/1370 1371/1371 1372/1372
f 1268/1268 1356/1356 1322/1322
f 1295/1295 1373/1373 1324/1324
f 1269/1269 1324/1324 1341/1341
f 1326/1326 1374/1374 1327/1327
f 1251/1251 1364/1364 1307/1307
f 1367/1367 1314/1314 1297/1297
f 1252/1252 1375/1375 1344/1344
f 1277/1277 1332/1332 1376/1376
f 1278/1278 1344/1344 1298/1298
f 1347/1347 1377/1377 1281/1281
f 1281/1281 1377/1377 1348/1348
f 1336/1336 1369/1369 1259/1259
f 1337/1337 1378/1378 1318/1318
f 1351/1351 1379/1379 1352/1352
f 1352/1352 1380/1380 1291/1291
f 1292/1292 1381/1381 1266/1266
f 1382/1382 1371/1371 1370/1370
f 1304/1304 1355/1355 1383/1383
f 1304/1304 1384/1384 1356/1356
f 1322/1322 1385/1385 1294/1294
f 1294/1294 1385/1385 1323/1323
f 1323/1323 1386/1386 1305/1305
f 1295/1295 1387/1387 1373/1373
f 1341/1341 1342/1342 1306/1306
f 1325/1325 1388/1388 1326/1326
f 1327/1327 1374/1374 1389/1389
f 1309/1309 1390/1390 1365/1365
f 1331/1331 1391/1391 1315/1315
f 1315/1315 1375/1375 1252/1252
f 1344/1344 1392/1392 1298/1298
f 1298/1298 1392/1392 1316/1316
f 1300/1300 1393/1393 1332/1332
f 1394/1394 1395/1395 1347/1347
f 1345/1345 1393/1393 1300/1300
f 1317/1317 1396/1396 1397/1397
f 1398/1398 1334/1334 1335/1335
f 1348/1348 1399/1399 1336/1336
f 1339/1339 1400/1400 1351/1351
f 1351/1351 1400/1400 1379/1379
f 1266/1266 1401/1401 1340/1340
f 1340/1340 1402/1402 1403/1403
f 1340/1340 1403/1403 1289/1289
f 1352/1352 1379/1379 1380/1380
f 1291/1291 1380/1380 1292/1292
f 1355/1355 1404/1404 1383/1383
f 1405/1405 1406/1406 1407/1407
f 1385/1385 1386/1386 1323/1323
f 1305/1305 1387/1387 1295/1295
f 1341/1341 1408/1408 1342/1342
f 1360/1360 1388/1388 1325/1325
f 1388/1388 1374/1374 1326/1326
f 1327/1327 1389/1389 1364/1364
f 1307/1307 1409/1409 1308/1308
f 1328/1328 1410/1410 1296/1296
f 1410/1410 1366/1366 1296/1296
f 1366/1366 1411/1411 1367/1367
f 1367/1367 1412/1412 1314/1314
f 1314/1314 1413/1413 1343/1343
f 1414/1414 1376/1376 1332/1332
f 1415/1415 1395/1395 1394/1394
f 1395/1395 1377/1377 1347/1347
f 1416/1416 1396/1396 1317/1317
f 1334/1334 1416/1416 1317/1317
f 1348/1348 1417/1417 1418/1418
f 1350/1350 1419/1419 1338/1338
f 1337/1337 1420/1420 1378/1378
f 1339/1339 1338/1338 1421/1421
f 1290/1290 1420/1420 1337/1337
f 1339/1339 1421/1421 1400/1400
f 1401/1401 1402/1402 1340/1340
f 1381/1381 1401/1401 1266/1266
f 1320/1320 1353/1353 1245/1245
f 1364/1364 1409/1409 1307/1307
f 1308/1308 1422/1422 1309/1309
f 1422/1422 1390/1390 1309/1309
f 1423/1423 1424/1424 1425/1425
f 1425/1425 1424/1424 1426/1426
f 1366/1366 1410/1410 1411/1411
f 1411/1411 1412/1412 1367/1367
f 1412/1412 1413/1413 1314/1314
f 1343/1343 1413/1413 1331/1331
f 1331/1331 1413/1413 1391/1391
f 1391/1391 1375/1375 1315/1315
f 1393/1393 1414/1414 1332/1332
f 1396/1396 1427/1427 1397/1397
f 1348/1348 1377/1377 1417/1417
f 1398/1398 1416/1416 1334/1334
f 1348/1348 1418/1418 1399/1399
f 1428/1428 1398/1398 1335/1335
f 1336/1336 1399/1399 1429/1429
f 1336/1336 1429/1429 1369/1369
f 1378/1378 1428/1428 1318/1318
f 1318/1318 1428/1428 1335/1335
f 1419/1419 1421/1421 1338/1338
f 1380/1380 1430/1430 1292/1292
f 1292/1292 1430/1430 1381/1381
f 1320/1320 1431/1431 1353/1353
f 1432/1432 1433/1433 1434/1434
f 1386/1386 1387/1387 1305/1305
f 1324/1324 1435/1435 1341/1341
f 1435/1435 1408/1408 1341/1341
f 1342/1342 1408/1408 1360/1360
f 1308/1308 1409/1409 1422/1422
f 1429/1429 1436/1436 1369/1369
f 1369/1369 1436/1436 1350/1350
f 1437/1437 1438/1438 1439/1439
f 1320/1320 1440/1440 1431/1431
f 1441/1441 1442/1442 1322/1322
f 1322/1322 1442/1442 1385/1385
f 1385/1385 1442/1442 1443/1443
f 1385/1385 1443/1443 1386/1386
f 1360/1360 1444/1444 1388/1388
f 1388/1388 1445/1445 1374/1374
f 1364/1364 1446/1446 1409/1409
f 1447/1447 1448/1448 1449/1449
f 1412/1412 1450/1450 1413/1413
f 1413/1413 1451/1451 1391/1391
f 1376/1376 1452/1452 1453/1453
f 1396/1396 1454/1454 1427/1427
f 1395/1395 1455/1455 1377/1377
f 1416/1416 1456/1456 1396/1396
f 1417/1417 1457/1457 1418/1418
f 1418/1418 1457/1457 1399/1399
f 1350/1350 1458/1458 1419/1419
f 1420/1420 1459/1459 1378/1378
f 1381/1381 1460/1460 1401/1401
f 1379/1379 1461/1461 1380/1380
f 1462/1462 1460/1460 1381/1381
f 1439/1439 1463/1463 1440/1440
f 1404/1404 1464/1464 1383/1383
f 1383/1383 1464/1464 1384/1384
f 1384/1384 1441/1441 1356/1356
f 1435/1435 1465/1465 1408/1408
f 1408/1408 1466/1466 1360/1360
f 1444/1444 1445/1445 1388/1388
f 1389/1389 1446/1446 1364/1364
f 1467/1467 1447/1447 1468/1468
f 1468/1468 1447/1447 1449/1449
f 1450/1450 1469/1469 1413/1413
f 1413/1413 1469/1469 1451/1451
f 1470/1470 1471/1471 1368/1368
f 1452/1452 1470/1470 1453/1453
f 1451/1451 1375/1375 1391/1391
f 1472/1472 1454/1454 1396/1396
f 1456/1456 1472/1472 1396/1396
f 1398/1398 1456/1456 1416/1416
f 1428/1428 1473/1473 1398/1398
f 1429/1429 1474/1474 1436/1436
f 1459/1459 1475/1475 1378/1378
f 1403/1403 1476/1476 1420/1420
f 1476/1476 1459/1459 1420/1420
f 1400/1400 1421/1421 1477/1477
f 1401/1401 1460/1460 1402/1402
f 1402/1402 1476/1476 1403/1403
f 1400/1400 1477/1477 1478/1478
f 1400/1400 1478/1478 1379/1379
f 1478/1478 1461/1461 1379/1379
f 1380/1380 1461/1461 1430/1430
f 1430/1430 1462/1462 1381/1381
f 1479/1479 1480/1480 1481/1481
f 1387/1387 1482/1482 1373/1373
f 1373/1373 1482/1482 1435/1435
f 1465/1465 1466/1466 1408/1408
f 1360/1360 1466/1466 1444/1444
f 1445/1445 1389/1389 1374/1374
f 1409/1409 1483/1483 1422/1422
f 1426/1426 1467/1467 1468/1468
f 1376/1376 1484/1484 1452/1452
f 1485/1485 1486/1486 1415/1415
f 1415/1415 1486/1486 1395/1395
f 1487/1487 1484/1484 1414/1414
f 1395/1395 1486/1486 1488/1488
f 1393/1393 1487/1487 1414/1414
f 1395/1395 1488/1488 1455/1455
f 1377/1377 1455/1455 1489/1489
f 1377/1377 1489/1489 1417/1417
f 1473/1473 1490/1490 1398/1398
f 1429/1429 1399/1399 1474/1474
f 1436/1436 1458/1458 1350/1350
f 1491/1491 1492/1492 1493/1493
f 1440/1440 1494/1494 1431/1431
f 1442/1442 1495/1495 1443/1443
f 1386/1386 1496/1496 1387/1387
f 1387/1387 1496/1496 1482/1482
f 1435/1435 1482/1482 1465/1465
f 1445/1445 1497/1497 1389/1389
f 1446/1446 1483/1483 1409/1409
f 1485/1485 1498/1498 1486/1486
f 1454/1454 1499/1499 1427/1427
f 1455/1455 1500/1500 1489/1489
f 1457/1457 1501/1501 1399/1399
f 1458/1458 1502/1502 1419/1419
f 1478/1478 1503/1503 1461/1461
f 1504/1504 1505/1505 1460/1460
f 1460/1460 1505/1505 1402/1402
f 1404/1404 1506/1506 1464/1464
f 1464/1464 1507/1507 1384/1384
f 1384/1384 1507/1507 1441/1441
f 1465/1465 1508/1508 1466/1466
f 1497/1497 1509/1509 1389/1389
f 1510/1510 1511/1511 1423/1423
f 1423/1423 1511/1511 1424/1424
f 1426/1426 1512/1512 1467/1467
f 1513/1513 1514/1514 1515/1515
f 1513/1513 1515/1515 1498/1498
f 1513/1513 1498/1498 1485/1485
f 1399/1399 1501/1501 1474/1474
f 1475/1475 1516/1516 1473/1473
f 1459/1459 1517/1517 1475/1475
f 1502/1502 1518/1518 1419/1419
f 1419/1419 1518/1518 1421/1421
f 1421/1421 1518/1518 1477/1477
f 1462/1462 1504/1504 1460/1460
f 1505/1505 1519/1519 1402/1402
f 1402/1402 1519/1519 1476/1476
f 1507/1507 1442/1442 1441/1441
f 1520/1520 1521/1521 1522/1522
f 1523/1523 1496/1496 1386/1386
f 1465/1465 1482/1482 1508/1508
f 1466/1466 1524/1524 1444/1444
f 1389/1389 1509/1509 1446/1446
f 1424/1424 1512/1512 1426/1426
f 1447/1447 1525/1525 1448/1448
f 1525/1525 1526/1526 1448/1448
f 1448/1448 1526/1526 1527/1527
f 1469/1469 1528/1528 1451/1451
f 1514/1514 1529/1529 1515/1515
f 1452/1452 1530/1530 1531/1531
f 1486/1486 1532/1532 1533/1533
f 1486/1486 1533/1533 1488/1488
f 1533/1533 1534/1534 1488/1488
f 1488/1488 1534/1534 1455/1455
f 1455/1455 1534/1534 1500/1500
f 1417/1417 1489/1489 1535/1535
f 1417/1417 1535/1535 1457/1457
f 1473/1473 1516/1516 1490/1490
f 1536/1536 1537/1537 1436/1436
f 1474/1474 1536/1536 1436/1436
f 1436/1436 1537/1537 1458/1458
f 1476/1476 1517/1517 1459/1459
f 1477/1477 1538/1538 1478/1478
f 1478/1478 1538/1538 1503/1503
f 1539/1539 1540/1540 1541/1541
f 1542/1542 1543/1543 1544/1544
f 1440/1440 1545/1545 1494/1494
f 1546/1546 1481/1481 1480/1480
f 1495/1495 1523/1523 1443/1443
f 1466/1466 1508/1508 1524/1524
f 1444/1444 1524/1524 1445/1445
f 1445/1445 1524/1524 1547/1547
f 1445/1445 1547/1547 1497/1497
f 1509/1509 1548/1548 1446/1446
f 1549/1549 1550/1550 1551/1551
f 1552/1552 1553/1553 1483/1483
f 1553/1553 1554/1554 1422/1422
f 1483/1483 1553/1553 1422/1422
f 1511/1511 1555/1555 1424/1424
f 1424/1424 1555/1555 1512/1512
f 1512/1512 1556/1556 1467/1467
f 1556/1556 1525/1525 1447/1447
f 1467/1467 1556/1556 1447/1447
f 1470/1470 1557/1557 1558/1558
f 1528/1528 1559/1559 1451/1451
f 1484/1484 1487/1487 1530/1530
f 1498/1498 1532/1532 1486/1486
f 1457/1457 1535/1535 1501/1501
f 1501/1501 1536/1536 1474/1474
f 1475/1475 1560/1560 1516/1516
f 1458/1458 1537/1537 1502/1502
f 1517/1517 1560/1560 1475/1475
f 1518/1518 1538/1538 1477/1477
f 1519/1519 1561/1561 1476/1476
f 1562/1562 1563/1563 1564/1564
f 1565/1565 1545/1545 1440/1440
f 1442/1442 1507/1507 1566/1566
f 1442/1442 1567/1567 1495/1495
f 1495/1495 1568/1568 1523/1523
f 1482/1482 1569/1569 1508/1508
f 1446/1446 1548/1548 1483/1483
f 1548/1548 1552/1552 1483/1483
f 1570/1570 1571/1571 1472/1472
f 1500/1500 1572/1572 1489/1489
f 1503/1503 1573/1573 1461/1461
f 1573/1573 1574/1574 1461/1461
f 1461/1461 1574/1574 1430/1430
f 1430/1430 1574/1574 1462/1462
f 1574/1574 1575/1575 1462/1462
f 1462/1462 1575/1575 1504/1504
f 1504/1504 1576/1576 1505/1505
f 1481/1481 1577/1577 1506/1506
f 1507/1507 1506/1506 1578/1578
f 1507/1507 1578/1578 1566/1566
f 1442/1442 1566/1566 1567/1567
f 1495/1495 1567/1567 1568/1568
f 1496/1496 1569/1569 1482/1482
f 1508/1508 1579/1579 1524/1524
f 1509/1509 1580/1580 1548/1548
f 1511/1511 1581/1581 1555/1555
f 1556/1556 1582/1582 1525/1525
f 1525/1525 1583/1583 1526/1526
f 1557/1557 1584/1584 1558/1558
f 1530/1530 1585/1585 1531/1531
f 1472/1472 1586/1586 1454/1454
f 1490/1490 1587/1587 1570/1570
f 1489/1489 1572/1572 1535/1535
f 1535/1535 1588/1588 1501/1501
f 1516/1516 1589/1589 1490/1490
f 1590/1590 1560/1560 1517/1517
f 1518/1518 1591/1591 1538/1538
f 1538/1538 1592/1592 1503/1503
f 1503/1503 1592/1592 1573/1573
f 1575/1575 1593/1593 1504/1504
f 1505/1505 1576/1576 1519/1519
f 1594/1594 1595/1595 1546/1546
f 1596/1596 1597/1597 1598/1598
f 1506/1506 1599/1599 1578/1578
f 1569/1569 1600/1600 1508/1508
f 1508/1508 1600/1600 1579/1579
f 1547/1547 1601/1601 1497/1497
f 1497/1497 1601/1601 1580/1580
f 1497/1497 1580/1580 1509/1509
f 1580/1580 1602/1602 1548/1548
f 1602/1602 1552/1552 1548/1548
f 1512/1512 1603/1603 1556/1556
f 1583/1583 1604/1604 1526/1526
f 1526/1526 1605/1605 1606/1606
f 1607/1607 1608/1608 1529/1529
f 1529/1529 1608/1608 1515/1515
f 1515/1515 1609/1609 1498/1498
f 1498/1498 1609/1609 1532/1532
f 1610/1610 1611/1611 1499/1499
f 1454/1454 1610/1610 1499/1499
f 1586/1586 1610/1610 1454/1454
f 1571/1571 1586/1586 1472/1472
f 1570/1570 1587/1587 1571/1571
f 1572/1572 1612/1612 1535/1535
f 1588/1588 1613/1613 1501/1501
f 1516/1516 1614/1614 1589/1589
f 1501/1501 1613/1613 1536/1536
f 1615/1615 1614/1614 1516/1516
f 1560/1560 1615/1615 1516/1516
f 1502/1502 1616/1616 1518/1518
f 1590/1590 1615/1615 1560/1560
f 1518/1518 1616/1616 1591/1591
f 1538/1538 1591/1591 1617/1617
f 1519/1519 1618/1618 1561/1561
f 1618/1618 1590/1590 1561/1561
f 1561/1561 1590/1590 1517/1517
f 1617/1617 1592/1592 1538/1538
f 1504/1504 1619/1619 1576/1576
f 1519/1519 1576/1576 1618/1618
f 1620/1620 1621/1621 1622/1622
f 1623/1623 1624/1624 1625/1625
f 1578/1578 1626/1626 1566/1566
f 1566/1566 1626/1626 1567/1567
f 1568/1568 1627/1627 1523/1523
f 1627/1627 1628/1628 1496/1496
f 1496/1496 1628/1628 1569/1569
f 1524/1524 1579/1579 1629/1629
f 1630/1630 1631/1631 1632/1632
f 1555/1555 1603/1603 1512/1512
f 1633/1633 1634/1634 1635/1635
f 1582/1582 1583/1583 1525/1525
f 1636/1636 1637/1637 1638/1638
f 1604/1604 1605/1605 1526/1526
f 1531/1531 1585/1585 1557/1557
f 1534/1534 1572/1572 1500/1500
f 1589/1589 1587/1587 1490/1490
f 1537/1537 1639/1639 1502/1502
f 1639/1639 1616/1616 1502/1502
f 1504/1504 1593/1593 1619/1619
f 1599/1599 1640/1640 1578/1578
f 1523/1523 1627/1627 1496/1496
f 1628/1628 1641/1641 1569/1569
f 1569/1569 1641/1641 1600/1600
f 1629/1629 1547/1547 1524/1524
f 1642/1642 1643/1643 1581/1581
f 1604/1604 1644/1644 1605/1605
f 1515/1515 1608/1608 1609/1609
f 1533/1533 1645/1645 1534/1534
f 1534/1534 1645/1645 1646/1646
f 1571/1571 1647/1647 1586/1586
f 1534/1534 1648/1648 1572/1572
f 1612/1612 1588/1588 1535/1535
f 1576/1576 1649/1649 1618/1618
f 1573/1573 1650/1650 1574/1574
f 1651/1651 1546/1546 1595/1595
f 1577/1577 1652/1652 1599/1599
f 1568/1568 1653/1653 1627/1627
f 1600/1600 1654/1654 1579/1579
f 1629/1629 1655/1655 1547/1547
f 1581/1581 1656/1656 1555/1555
f 1657/1657 1658/1658 1659/1659
f 1555/1555 1660/1660 1603/1603
f 1603/1603 1661/1661 1556/1556
f 1556/1556 1661/1661 1582/1582
f 1610/1610 1662/1662 1611/1611
f 1534/1534 1646/1646 1648/1648
f 1587/1587 1647/1647 1571/1571
f 1588/1588 1663/1663 1613/1613
f 1613/1613 1663/1663 1536/1536
f 1616/1616 1664/1664 1591/1591
f 1665/1665 1615/1615 1590/1590
f 1591/1591 1666/1666 1617/1617
f 1618/1618 1667/1667 1590/1590
f 1667/1667 1665/1665 1590/1590
f 1573/1573 1668/1668 1650/1650
f 1574/1574 1650/1650 1575/1575
f 1619/1619 1649/1649 1576/1576
f 1577/1577 1669/1669 1652/1652
f 1640/1640 1670/1670 1578/1578
f 1600/1600 1641/1641 1654/1654
f 1671/1671 1672/1672 1601/1601
f 1601/1601 1672/1672 1580/1580
f 1672/1672 1602/1602 1580/1580
f 1673/1673 1674/1674 1602/1602
f 1602/1602 1674/1674 1552/1552
f 1643/1643 1656/1656 1581/1581
f 1656/1656 1660/1660 1555/1555
f 1584/1584 1675/1675 1637/1637
f 1676/1676 1677/1677 1585/1585
f 1609/1609 1678/1678 1679/1679
f 1609/1609 1679/1679 1532/1532
f 1679/1679 1645/1645 1532/1532
f 1532/1532 1645/1645 1533/1533
f 1648/1648 1680/1680 1572/1572
f 1572/1572 1680/1680 1612/1612
f 1663/1663 1681/1681 1536/1536
f 1536/1536 1681/1681 1537/1537
f 1664/1664 1666/1666 1591/1591
f 1617/1617 1666/1666 1592/1592
f 1618/1618 1649/1649 1667/1667
f 1592/1592 1668/1668 1573/1573
f 1575/1575 1650/1650 1593/1593
f 1682/1682 1683/1683 1684/1684
f 1595/1595 1685/1685 1651/1651
f 1567/1567 1686/1686 1653/1653
f 1567/1567 1653/1653 1568/1568
f 1547/1547 1655/1655 1671/1671
f 1547/1547 1671/1671 1601/1601
f 1583/1583 1687/1687 1604/1604
f 1607/1607 1688/1688 1608/1608
f 1586/1586 1689/1689 1610/1610
f 1647/1647 1689/1689 1586/1586
f 1614/1614 1690/1690 1589/1589
f 1663/1663 1691/1691 1681/1681
f 1666/1666 1692/1692 1592/1592
f 1650/1650 1693/1693 1593/1593
f 1694/1694 1695/1695 1620/1620
f 1626/1626 1670/1670 1686/1686
f 1627/1627 1696/1696 1628/1628
f 1628/1628 1696/1696 1697/1697
f 1628/1628 1697/1697 1641/1641
f 1579/1579 1698/1698 1629/1629
f 1661/1661 1699/1699 1582/1582
f 1699/1699 1700/1700 1582/1582
f 1582/1582 1700/1700 1583/1583
f 1583/1583 1700/1700 1687/1687
f 1604/1604 1687/1687 1701/1701
f 1702/1702 1703/1703 1704/1704
f 1609/1609 1608/1608 1678/1678
f 1610/1610 1705/1705 1662/1662
f 1612/1612 1706/1706 1588/1588
f 1588/1588 1706/1706 1663/1663
f 1707/1707 1690/1690 1614/1614
f 1615/1615 1707/1707 1614/1614
f 1681/1681 1708/1708 1537/1537
f 1537/1537 1708/1708 1639/1639
f 1639/1639 1709/1709 1616/1616
f 1665/1665 1707/1707 1615/1615
f 1664/1664 1710/1710 1666/1666
f 1711/1711 1665/1665 1667/1667
f 1712/1712 1713/1713 1714/1714
f 1654/1654 1698/1698 1579/1579
f 1672/1672 1673/1673 1602/1602
f 1643/1643 1715/1715 1656/1656
f 1716/1716 1717/1717 1718/1718
f 1604/1604 1701/1701 1644/1644
f 1704/1704 1703/1703 1719/1719
f 1608/1608 1720/1720 1678/1678
f 1678/1678 1721/1721 1679/1679
f 1721/1721 1645/1645 1679/1679
f 1646/1646 1645/1645 1722/1722
f 1647/1647 1723/1723 1689/1689
f 1646/1646 1722/1722 1648/1648
f 1589/1589 1724/1724 1587/1587
f 1690/1690 1724/1724 1589/1589
f 1663/1663 1706/1706 1691/1691
f 1616/1616 1710/1710 1664/1664
f 1592/1592 1725/1725 1668/1668
f 1619/1619 1726/1726 1649/1649
f 1651/1651 1727/1727 1669/1669
f 1652/1652 1728/1728 1640/1640
f 1686/1686 1729/1729 1653/1653
f 1653/1653 1730/1730 1696/1696
f 1696/1696 1730/1730 1697/1697
f 1697/1697 1731/1731 1641/1641
f 1629/1629 1698/1698 1655/1655
f 1732/1732 1733/1733 1643/1643
f 1656/1656 1734/1734 1660/1660
f 1660/1660 1735/1735 1603/1603
f 1603/1603 1735/1735 1661/1661
f 1608/1608 1688/1688 1720/1720
f 1645/1645 1721/1721 1736/1736
f 1587/1587 1737/1737 1647/1647
f 1691/1691 1738/1738 1681/1681
f 1639/1639 1708/1708 1709/1709
f 1616/1616 1709/1709 1710/1710
f 1739/1739 1619/1619 1593/1593
f 1649/1649 1711/1711 1667/1667
f 1668/1668 1725/1725 1650/1650
f 1619/1619 1740/1740 1726/1726
f 1649/1649 1726/1726 1711/1711
f 1669/1669 1727/1727 1741/1741
f 1670/1670 1742/1742 1729/1729
f 1670/1670 1729/1729 1686/1686
f 1653/1653 1743/1743 1730/1730
f 1731/1731 1744/1744 1641/1641
f 1641/1641 1744/1744 1654/1654
f 1698/1698 1745/1745 1655/1655
f 1655/1655 1745/1745 1671/1671
f 1671/1671 1745/1745 1746/1746
f 1671/1671 1746/1746 1672/1672
f 1672/1672 1747/1747 1673/1673
f 1733/1733 1748/1748 1643/1643
f 1715/1715 1749/1749 1656/1656
f 1656/1656 1749/1749 1734/1734
f 1734/1734 1750/1750 1660/1660
f 1750/1750 1735/1735 1660/1660
f 1661/1661 1735/1735 1751/1751
f 1752/1752 1753/1753 1754/1754
f 1751/1751 1699/1699 1661/1661
f 1717/1717 1755/1755 1718/1718
f 1644/1644 1701/1701 1605/1605
f 1605/1605 1701/1701 1756/1756
f 1703/1703 1757/1757 1719/1719
f 1758/1758 1688/1688 1607/1607
f 1702/1702 1759/1759 1703/1703
f 1610/1610 1760/1760 1705/1705
f 1689/1689 1760/1760 1610/1610
f 1689/1689 1761/1761 1760/1760
f 1689/1689 1723/1723 1761/1761
f 1645/1645 1736/1736 1722/1722
f 1647/1647 1737/1737 1723/1723
f 1648/1648 1762/1762 1763/1763
f 1648/1648 1763/1763 1680/1680
f 1587/1587 1724/1724 1737/1737
f 1680/1680 1763/1763 1612/1612
f 1681/1681 1738/1738 1708/1708
f 1710/1710 1692/1692 1666/1666
f 1711/1711 1764/1764 1665/1665
f 1692/1692 1725/1725 1592/1592
f 1693/1693 1739/1739 1593/1593
f 1739/1739 1740/1740 1619/1619
f 1741/1741 1728/1728 1652/1652
f 1765/1765 1766/1766 1670/1670
f 1670/1670 1766/1766 1742/1742
f 1746/1746 1747/1747 1672/1672
f 1748/1748 1715/1715 1643/1643
f 1678/1678 1767/1767 1721/1721
f 1722/1722 1762/1762 1648/1648
f 1763/1763 1706/1706 1612/1612
f 1725/1725 1693/1693 1650/1650
f 1730/1730 1768/1768 1697/1697
f 1744/1744 1769/1769 1654/1654
f 1654/1654 1769/1769 1698/1698
f 1759/1759 1770/1770 1703/1703
f 1720/1720 1767/1767 1678/1678
f 1760/1760 1771/1771 1705/1705
f 1761/1761 1772/1772 1760/1760
f 1722/1722 1773/1773 1762/1762
f 1724/1724 1774/1774 1737/1737
f 1709/1709 1775/1775 1710/1710
f 1739/1739 1693/1693 1776/1776
f 1777/1777 1778/1778 1741/1741
f 1765/1765 1779/1779 1766/1766
f 1768/1768 1731/1731 1697/1697
f 1698/1698 1769/1769 1745/1745
f 1732/1732 1780/1780 1733/1733
f 1733/1733 1780/1780 1748/1748
f 1748/1748 1781/1781 1715/1715
f 1715/1715 1781/1781 1749/1749
f 1750/1750 1782/1782 1735/1735
f 1735/1735 1782/1782 1751/1751
f 1699/1699 1783/1783 1700/1700
f 1687/1687 1784/1784 1701/1701
f 1701/1701 1785/1785 1756/1756
f 1703/1703 1770/1770 1786/1786
f 1703/1703 1786/1786 1757/1757
f 1688/1688 1787/1787 1720/1720
f 1767/1767 1788/1788 1721/1721
f 1736/1736 1789/1789 1722/1722
f 1722/1722 1789/1789 1773/1773
f 1763/1763 1790/1790 1706/1706
f 1690/1690 1791/1791 1724/1724
f 1706/1706 1792/1792 1691/1691
f 1691/1691 1792/1792 1793/1793
f 1691/1691 1793/1793 1738/1738
f 1707/1707 1794/1794 1690/1690
f 1795/1795 1796/1796 1710/1710
f 1710/1710 1796/1796 1692/1692
f 1725/1725 1797/1797 1693/1693
f 1797/1797 1776/1776 1693/1693
f 1739/1739 1798/1798 1740/1740
f 1740/1740 1799/1799 1800/1800
f 1740/1740 1800/1800 1726/1726
f 1726/1726 1800/1800 1801/1801
f 1726/1726 1801/1801 1711/1711
f 1728/1728 1779/1779 1765/1765
f 1746/1746 1745/1745 1802/1802
f 1746/1746 1802/1802 1747/1747
f 1751/1751 1783/1783 1699/1699
f 1757/1757 1786/1786 1755/1755
f 1701/1701 1784/1784 1785/1785
f 1803/1803 1804/1804 1759/1759
f 1788/1788 1736/1736 1721/1721
f 1760/1760 1772/1772 1771/1771
f 1724/1724 1791/1791 1774/1774
f 1706/1706 1790/1790 1792/1792
f 1794/1794 1791/1791 1690/1690
f 1708/1708 1775/1775 1709/1709
f 1775/1775 1795/1795 1710/1710
f 1711/1711 1801/1801 1764/1764
f 1805/1805 1806/1806 1807/1807
f 1729/1729 1808/1808 1743/1743
f 1731/1731 1809/1809 1744/1744
f 1809/1809 1810/1810 1744/1744
f 1769/1769 1811/1811 1745/1745
f 1811/1811 1812/1812 1745/1745
f 1812/1812 1802/1802 1745/1745
f 1748/1748 1813/1813 1781/1781
f 1734/1734 1814/1814 1750/1750
f 1750/1750 1814/1814 1782/1782
f 1783/1783 1815/1815 1700/1700
f 1700/1700 1815/1815 1687/1687
f 1758/1758 1816/1816 1688/1688
f 1767/1767 1787/1787 1788/1788
f 1723/1723 1817/1817 1761/1761
f 1737/1737 1817/1817 1723/1723
f 1773/1773 1818/1818 1762/1762
f 1762/1762 1818/1818 1763/1763
f 1793/1793 1819/1819 1738/1738
f 1738/1738 1819/1819 1708/1708
f 1764/1764 1820/1820 1794/1794
f 1801/1801 1820/1820 1764/1764
f 1692/1692 1821/1821 1822/1822
f 1822/1822 1725/1725 1692/1692
f 1725/1725 1822/1822 1797/1797
f 1778/1778 1823/1823 1728/1728
f 1779/1779 1824/1824 1766/1766
f 1824/1824 1742/1742 1766/1766
f 1808/1808 1825/1825 1743/1743
f 1730/1730 1826/1826 1768/1768
f 1744/1744 1810/1810 1769/1769
f 1815/1815 1784/1784 1687/1687
f 1785/1785 1827/1827 1756/1756
f 1816/1816 1828/1828 1688/1688
f 1788/1788 1789/1789 1736/1736
f 1774/1774 1817/1817 1737/1737
f 1818/1818 1829/1829 1763/1763
f 1763/1763 1829/1829 1790/1790
f 1792/1792 1830/1830 1793/1793
f 1830/1830 1819/1819 1793/1793
f 1796/1796 1821/1821 1692/1692
f 1831/1831 1740/1740 1798/1798
f 1740/1740 1831/1831 1799/1799
f 1806/1806 1832/1832 1807/1807
f 1833/1833 1834/1834 1777/1777
f 1728/1728 1823/1823 1779/1779
f 1747/1747 1802/1802 1835/1835
f 1780/1780 1836/1836 1748/1748
f 1748/1748 1836/1836 1813/1813
f 1749/1749 1837/1837 1734/1734
f 1734/1734 1837/1837 1814/1814
f 1782/1782 1838/1838 1751/1751
f 1688/1688 1828/1828 1787/1787
f 1817/1817 1772/1772 1761/1761
f 1829/1829 1839/1839 1790/1790
f 1790/1790 1839/1839 1792/1792
f 1800/1800 1840/1840 1801/1801
f 1799/1799 1841/1841 1800/1800
f 1768/1768 1842/1842 1809/1809
f 1810/1810 1843/1843 1769/1769
f 1769/1769 1843/1843 1811/1811
f 1811/1811 1844/1844 1812/1812
f 1781/1781 1845/1845 1837/1837
f 1781/1781 1837/1837 1749/1749
f 1751/1751 1846/1846 1783/1783
f 1803/1803 1847/1847 1804/1804
f 1848/1848 1847/1847 1803/1803
f 1789/1789 1849/1849 1773/1773
f 1773/1773 1849/1849 1818/1818
f 1791/1791 1850/1850 1774/1774
f 1819/1819 1851/1851 1708/1708
f 1708/1708 1851/1851 1775/1775
f 1820/1820 1852/1852 1794/1794
f 1801/1801 1853/1853 1820/1820
f 1776/1776 1854/1854 1798/1798
f 1831/1831 1841/1841 1799/1799
f 1823/1823 1824/1824 1779/1779
f 1742/1742 1855/1855 1808/1808
f 1843/1843 1844/1844 1811/1811
f 1812/1812 1856/1856 1802/1802
f 1781/1781 1813/1813 1845/1845
f 1814/1814 1838/1838 1782/1782
f 1751/1751 1838/1838 1846/1846
f 1857/1857 1858/1858 1786/1786
f 1828/1828 1859/1859 1787/1787
f 1860/1860 1857/1857 1770/1770
f 1847/1847 1860/1860 1804/1804
f 1788/1788 1787/1787 1861/1861
f 1788/1788 1862/1862 1789/1789
f 1862/1862 1849/1849 1789/1789
f 1774/1774 1863/1863 1817/1817
f 1792/1792 1839/1839 1830/1830
f 1794/1794 1850/1850 1791/1791
f 1852/1852 1850/1850 1794/1794
f 1800/1800 1841/1841 1840/1840
f 1797/1797 1854/1854 1776/1776
f 1824/1824 1855/1855 1742/1742
f 1810/1810 1864/1864 1843/1843
f 1802/1802 1856/1856 1865/1865
f 1802/1802 1865/1865 1835/1835
f 1859/1859 1861/1861 1787/1787
f 1861/1861 1862/1862 1788/1788
f 1818/1818 1866/1866 1829/1829
f 1822/1822 1867/1867 1797/1797
f 1854/1854 1868/1868 1798/1798
f 1798/1798 1868/1868 1831/1831
f 1797/1797 1869/1869 1854/1854
f 1778/1778 1870/1870 1871/1871
f 1778/1778 1871/1871 1823/1823
f 1823/1823 1872/1872 1824/1824
f 1855/1855 1873/1873 1808/1808
f 1825/1825 1874/1874 1826/1826
f 1826/1826 1874/1874 1768/1768
f 1768/1768 1875/1875 1842/1842
f 1809/1809 1864/1864 1810/1810
f 1836/1836 1876/1876 1813/1813
f 1837/1837 1877/1877 1878/1878
f 1837/1837 1878/1878 1814/1814
f 1846/1846 1879/1879 1783/1783
f 1783/1783 1880/1880 1815/1815
f 1815/1815 1880/1880 1784/1784
f 1784/1784 1827/1827 1785/1785
f 1866/1866 1881/1881 1829/1829
f 1829/1829 1882/1882 1839/1839
f 1850/1850 1883/1883 1774/1774
f 1839/1839 1884/1884 1830/1830
f 1830/1830 1884/1884 1819/1819
f 1852/1852 1885/1885 1886/1886
f 1852/1852 1886/1886 1850/1850
f 1796/1796 1887/1887 1821/1821
f 1841/1841 1888/1888 1840/1840
f 1824/1824 1872/1872 1855/1855
f 1873/1873 1889/1889 1825/1825
f 1808/1808 1873/1873 1825/1825
f 1825/1825 1889/1889 1874/1874
f 1768/1768 1874/1874 1875/1875
f 1809/1809 1890/1890 1864/1864
f 1864/1864 1891/1891 1843/1843
f 1844/1844 1892/1892 1812/1812
f 1893/1893 1894/1894 1836/1836
f 1836/1836 1894/1894 1876/1876
f 1895/1895 1896/1896 1897/1897
f 1845/1845 1877/1877 1837/1837
f 1814/1814 1878/1878 1838/1838
f 1783/1783 1879/1879 1880/1880
f 1880/1880 1898/1898 1784/1784
f 1816/1816 1899/1899 1859/1859
f 1816/1816 1859/1859 1828/1828
f 1861/1861 1900/1900 1862/1862
f 1900/1900 1901/1901 1862/1862
f 1901/1901 1866/1866 1862/1862
f 1862/1862 1866/1866 1849/1849
f 1863/1863 1902/1902 1817/1817
f 1881/1881 1882/1882 1829/1829
f 1774/1774 1883/1883 1863/1863
f 1839/1839 1882/1882 1884/1884
f 1850/1850 1886/1886 1883/1883
f 1884/1884 1851/1851 1819/1819
f 1775/1775 1903/1903 1795/1795
f 1820/1820 1885/1885 1852/1852
f 1795/1795 1903/1903 1796/1796
f 1903/1903 1887/1887 1796/1796
f 1820/1820 1853/1853 1885/1885
f 1887/1887 1904/1904 1821/1821
f 1821/1821 1904/1904 1822/1822
f 1840/1840 1888/1888 1853/1853
f 1797/1797 1867/1867 1869/1869
f 1868/1868 1905/1905 1831/1831
f 1831/1831 1906/1906 1841/1841
f 1906/1906 1888/1888 1841/1841
f 1823/1823 1871/1871 1872/1872
f 1809/1809 1842/1842 1890/1890
f 1843/1843 1891/1891 1844/1844
f 1812/1812 1892/1892 1856/1856
f 1775/1775 1851/1851 1903/1903
f 1904/1904 1867/1867 1822/1822
f 1869/1869 1907/1907 1854/1854
f 1854/1854 1907/1907 1868/1868
f 1908/1908 1909/1909 1910/1910
f 1871/1871 1911/1911 1872/1872
f 1855/1855 1912/1912 1873/1873
f 1873/1873 1913/1913 1889/1889
f 1875/1875 1914/1914 1842/1842
f 1891/1891 1892/1892 1844/1844
f 1876/1876 1915/1915 1813/1813
f 1813/1813 1915/1915 1845/1845
f 1845/1845 1916/1916 1877/1877
f 1838/1838 1917/1917 1846/1846
f 1918/1918 1919/1919 1920/1920
f 1880/1880 1921/1921 1898/1898
f 1827/1827 1898/1898 1922/1922
f 1827/1827 1922/1922 1923/1923
f 1857/1857 1924/1924 1858/1858
f 1859/1859 1899/1899 1925/1925
f 1859/1859 1925/1925 1926/1926
f 1859/1859 1926/1926 1861/1861
f 1863/1863 1927/1927 1902/1902
f 1882/1882 1928/1928 1884/1884
f 1872/1872 1929/1929 1855/1855
f 1929/1929 1912/1912 1855/1855
f 1912/1912 1913/1913 1873/1873
f 1915/1915 1916/1916 1845/1845
f 1877/1877 1930/1930 1878/1878
f 1878/1878 1917/1917 1838/1838
f 1917/1917 1931/1931 1846/1846
f 1846/1846 1931/1931 1879/1879
f 1857/1857 1860/1860 1932/1932
f 1847/1847 1933/1933 1860/1860
f 1900/1900 1934/1934 1901/1901
f 1847/1847 1935/1935 1933/1933
f 1936/1936 1937/1937 1938/1938
f 1901/1901 1939/1939 1866/1866
f 1866/1866 1940/1940 1881/1881
f 1881/1881 1941/1941 1882/1882
f 1883/1883 1942/1942 1863/1863
f 1882/1882 1941/1941 1928/1928
f 1886/1886 1943/1943 1883/1883
f 1884/1884 1944/1944 1851/1851
f 1851/1851 1945/1945 1946/1946
f 1946/1946 1947/1947 1903/1903
f 1851/1851 1946/1946 1903/1903
f 1853/1853 1948/1948 1885/1885
f 1949/1949 1950/1950 1888/1888
f 1888/1888 1950/1950 1853/1853
f 1951/1951 1952/1952 1869/1869
f 1867/1867 1951/1951 1869/1869
f 1831/1831 1905/1905 1906/1906
f 1953/1953 1954/1954 1909/1909
f 1913/1913 1874/1874 1889/1889
f 1842/1842 1914/1914 1890/1890
f 1914/1914 1955/1955 1890/1890
f 1955/1955 1956/1956 1864/1864
f 1890/1890 1955/1955 1864/1864
f 1864/1864 1956/1956 1891/1891
f 1892/1892 1957/1957 1856/1856
f 1856/1856 1957/1957 1958/1958
f 1856/1856 1958/1958 1865/1865
f 1877/1877 1916/1916 1930/1930
f 1858/1858 1919/1919 1918/1918
f 1923/1923 1922/1922 1959/1959
f 1926/1926 1900/1900 1861/1861
f 1866/1866 1939/1939 1940/1940
f 1883/1883 1943/1943 1942/1942
f 1851/1851 1944/1944 1945/1945
f 1885/1885 1960/1960 1886/1886
f 1903/1903 1947/1947 1887/1887
f 1947/1947 1961/1961 1887/1887
f 1853/1853 1950/1950 1948/1948
f 1904/1904 1887/1887 1962/1962
f 1962/1962 1951/1951 1904/1904
f 1904/1904 1951/1951 1867/1867
f 1952/1952 1907/1907 1869/1869
f 1907/1907 1963/1963 1868/1868
f 1963/1963 1905/1905 1868/1868
f 1964/1964 1949/1949 1906/1906
f 1906/1906 1949/1949 1888/1888
f 1905/1905 1964/1964 1906/1906
f 1965/1965 1911/1911 1871/1871
f 1913/1913 1966/1966 1874/1874
f 1966/1966 1914/1914 1874/1874
f 1874/1874 1914/1914 1875/1875
f 1958/1958 1967/1967 1865/1865
f 1879/1879 1931/1931 1880/1880
f 1921/1921 1922/1922 1898/1898
f 1858/1858 1924/1924 1919/1919
f 1926/1926 1968/1968 1900/1900
f 1901/1901 1934/1934 1939/1939
f 1940/1940 1941/1941 1881/1881
f 1960/1960 1943/1943 1886/1886
f 1884/1884 1928/1928 1944/1944
f 1885/1885 1948/1948 1960/1960
f 1947/1947 1969/1969 1961/1961
f 1887/1887 1961/1961 1962/1962
f 1891/1891 1956/1956 1970/1970
f 1891/1891 1970/1970 1892/1892
f 1970/1970 1971/1971 1892/1892
f 1892/1892 1971/1971 1957/1957
f 1917/1917 1972/1972 1931/1931
f 1880/1880 1973/1973 1921/1921
f 1921/1921 1974/1974 1922/1922
f 1939/1939 1934/1934 1940/1940
f 1975/1975 1976/1976 1977/1977
f 1978/1978 1979/1979 1910/1910
f 1980/1980 1981/1981 1965/1965
f 1965/1965 1981/1981 1911/1911
f 1982/1982 1983/1983 1929/1929
f 1911/1911 1982/1982 1929/1929
f 1929/1929 1984/1984 1912/1912
f 1912/1912 1984/1984 1913/1913
f 1985/1985 1966/1966 1913/1913
f 1971/1971 1986/1986 1957/1957
f 1957/1957 1986/1986 1958/1958
f 1986/1986 1987/1987 1958/1958
f 1988/1988 1989/1989 1894/1894
f 1876/1876 1894/1894 1990/1990
f 1876/1876 1990/1990 1915/1915
f 1915/1915 1990/1990 1916/1916
f 1930/1930 1991/1991 1878/1878
f 1878/1878 1991/1991 1917/1917
f 1992/1992 1993/1993 1994/1994
f 1880/1880 1931/1931 1973/1973
f 1921/1921 1973/1973 1974/1974
f 1922/1922 1995/1995 1959/1959
f 1959/1959 1995/1995 1996/1996
f 1933/1933 1997/1997 1998/1998
f 1935/1935 1997/1997 1933/1933
f 1968/1968 1999/1999 1900/1900
f 1900/1900 1999/1999 1934/1934
f 1937/1937 2000/2000 1935/1935
f 1940/1940 2001/2001 1941/1941
f 1943/1943 2002/2002 1942/1942
f 1907/1907 2003/2003 1963/1963
f 1905/1905 2004/2004 1964/1964
f 1911/1911 1981/1981 1982/1982
f 1929/1929 1983/1983 1984/1984
f 1984/1984 1985/1985 1913/1913
f 1966/1966 2005/2005 1914/1914
f 1914/1914 2006/2006 1955/1955
f 1917/1917 2007/2007 1972/1972
f 1931/1931 2008/2008 1973/1973
f 1922/1922 1974/1974 1995/1995
f 2009/2009 2010/2010 1925/1925
f 1935/1935 2000/2000 1997/1997
f 1942/1942 2011/2011 1927/1927
f 2002/2002 2011/2011 1942/1942
f 1948/1948 2012/2012 1960/1960
f 2013/2013 2012/2012 1948/1948
f 1947/1947 1946/1946 1969/1969
f 1969/1969 2014/2014 1961/1961
f 1961/1961 2014/2014 1962/1962
f 2014/2014 1951/1951 1962/1962
f 1949/1949 2015/2015 1950/1950
f 1950/1950 2015/2015 2013/2013
f 1952/1952 2003/2003 1907/1907
f 1905/1905 1963/1963 2004/2004
f 2004/2004 2016/2016 1964/1964
f 1964/1964 2017/2017 1949/1949
f 1985/1985 2018/2018 1966/1966
f 2018/2018 2019/2019 1966/1966
f 1966/1966 2019/2019 2005/2005
f 1956/1956 1955/1955 2020/2020
f 1956/1956 2020/2020 1970/1970
f 1988/1988 2021/2021 1989/1989
f 1894/1894 1989/1989 1990/1990
f 1916/1916 2022/2022 1930/1930
f 1930/1930 2022/2022 1991/1991
f 1991/1991 2007/2007 1917/1917
f 1972/1972 2008/2008 1931/1931
f 1998/1998 2023/2023 1924/1924
f 1934/1934 2024/2024 1940/1940
f 1941/1941 2001/2001 1928/1928
f 1928/1928 2025/2025 1944/1944
f 1960/1960 2012/2012 1943/1943
f 2017/2017 2015/2015 1949/1949
f 1964/1964 2016/2016 2017/2017
f 1954/1954 2026/2026 1978/1978
f 2027/2027 2028/2028 2029/2029
f 1984/1984 2030/2030 1985/1985
f 2020/2020 2031/2031 1970/1970
f 1970/1970 2031/2031 1971/1971
f 1990/1990 2032/2032 1916/1916
f 1916/1916 2032/2032 2022/2022
f 1968/1968 2033/2033 1999/1999
f 2000/2000 2034/2034 1997/1997
f 1934/1934 1999/1999 2035/2035
f 2036/2036 2037/2037 2000/2000
f 2024/2024 2038/2038 2001/2001
f 2001/2001 2025/2025 1928/1928
f 1944/1944 2025/2025 1945/1945
f 2039/2039 1969/1969 1946/1946
f 2013/2013 2040/2040 2012/2012
f 1951/1951 2041/2041 1952/1952
f 2003/2003 2042/2042 1963/1963
f 1963/1963 2042/2042 2004/2004
f 1979/1979 2043/2043 2044/2044
f 1980/1980 2045/2045 1982/1982
f 1983/1983 2046/2046 1984/1984
f 1984/1984 2046/2046 2030/2030
f 1985/1985 2030/2030 2018/2018
f 2005/2005 2047/2047 2006/2006
f 2006/2006 2048/2048 1955/1955
f 1955/1955 2048/2048 2020/2020
f 2049/2049 1986/1986 1971/1971
f 2050/2050 2051/2051 2052/2052
f 2008/2008 2053/2053 1973/1973
f 1974/1974 2054/2054 1995/1995
f 2009/2009 2055/2055 2010/2010
f 1997/1997 2056/2056 1998/1998
f 2010/2010 2055/2055 1968/1968
f 1934/1934 2035/2035 2024/2024
f 2036/2036 2057/2057 2058/2058
f 2002/2002 2059/2059 2011/2011
f 2012/2012 2060/2060 1943/1943
f 1945/1945 2039/2039 1946/1946
f 2013/2013 2061/2061 2040/2040
f 2015/2015 2062/2062 2013/2013
f 2014/2014 2041/2041 1951/1951
f 1952/1952 2063/2063 2003/2003
f 1982/1982 2045/2045 2064/2064
f 1982/1982 2046/2046 1983/1983
f 2018/2018 2065/2065 2019/2019
f 2019/2019 2065/2065 2005/2005
f 2005/2005 2065/2065 2047/2047
f 2048/2048 2066/2066 2020/2020
f 2020/2020 2066/2066 2031/2031
f 2031/2031 2049/2049 1971/1971
f 2067/2067 2068/2068 2069/2069
f 2069/2069 2068/2068 2021/2021
f 2021/2021 2070/2070 1989/1989
f 1989/1989 2070/2070 2071/2071
f 1989/1989 2071/2071 1990/1990
f 2071/2071 2072/2072 1990/1990
f 1990/1990 2072/2072 2032/2032
f 1991/1991 2073/2073 2007/2007
f 1972/1972 2074/2074 2008/2008
f 2053/2053 2054/2054 1973/1973
f 1973/1973 2054/2054 1974/1974
f 2075/2075 2076/2076 2077/2077
f 1998/1998 2056/2056 2078/2078
f 2034/2034 2056/2056 1997/1997
f 1968/1968 2055/2055 2033/2033
f 2037/2037 2034/2034 2000/2000
f 1999/1999 2033/2033 2035/2035
f 2036/2036 2058/2058 2037/2037
f 2079/2079 2058/2058 2057/2057
f 2001/2001 2080/2080 2025/2025
f 1943/1943 2060/2060 2081/2081
f 2025/2025 2039/2039 1945/1945
f 2039/2039 2082/2082 1969/1969
f 1969/1969 2082/2082 2014/2014
f 2062/2062 2061/2061 2013/2013
f 2041/2041 2063/2063 1952/1952
f 2043/2043 2083/2083 2044/2044
f 2047/2047 2084/2084 2006/2006
f 2084/2084 2048/2048 2006/2006
f 2068/2068 2070/2070 2021/2021
f 2022/2022 2085/2085 1991/1991
f 2085/2085 2086/2086 1991/1991
f 1991/1991 2086/2086 2073/2073
f 2007/2007 2074/2074 1972/1972
f 2024/2024 2035/2035 2087/2087
f 2024/2024 2087/2087 2088/2088
f 2024/2024 2088/2088 2038/2038
f 2002/2002 2081/2081 2059/2059
f 2063/2063 2089/2089 2003/2003
f 2016/2016 2090/2090 2017/2017
f 2046/2046 2091/2091 2030/2030
f 2030/2030 2091/2091 2018/2018
f 2022/2022 2032/2032 2085/2085
f 2007/2007 2073/2073 2092/2092
f 2008/2008 2074/2074 2093/2093
f 2008/2008 2093/2093 2053/2053
f 2009/2009 2094/2094 2055/2055
f 2038/2038 2088/2088 2080/2080
f 2012/2012 2040/2040 2060/2060
f 2039/2039 2095/2095 2082/2082
f 2014/2014 2082/2082 2041/2041
f 2041/2041 2096/2096 2063/2063
f 2089/2089 2042/2042 2003/2003
f 2090/2090 2097/2097 2017/2017
f 2017/2017 2097/2097 2062/2062
f 2042/2042 2098/2098 2004/2004
f 2004/2004 2098/2098 2016/2016
f 2016/2016 2098/2098 2090/2090
f 2028/2028 2099/2099 2100/2100
f 2091/2091 2101/2101 2018/2018
f 2018/2018 2101/2101 2102/2102
f 2018/2018 2102/2102 2065/2065
f 2048/2048 2103/2103 2066/2066
f 2053/2053 2093/2093 2104/2104
f 2054/2054 2105/2105 1995/1995
f 2094/2094 2106/2106 2055/2055
f 2055/2055 2106/2106 2033/2033
f 2037/2037 2107/2107 2034/2034
f 2033/2033 2108/2108 2035/2035
f 2058/2058 2109/2109 2037/2037
f 2110/2110 2111/2111 2112/2112
f 2110/2110 2112/2112 2079/2079
f 2060/2060 2113/2113 2081/2081
f 2080/2080 2095/2095 2025/2025
f 2095/2095 2114/2114 2082/2082
f 2061/2061 2115/2115 2040/2040
f 2082/2082 2096/2096 2041/2041
f 2045/2045 2116/2116 2064/2064
f 2046/2046 2117/2117 2091/2091
f 2102/2102 2118/2118 2065/2065
f 2119/2119 2120/2120 2121/2121
f 2121/2121 2120/2120 2067/2067
f 2122/2122 2071/2071 2070/2070
f 2072/2072 2085/2085 2032/2032
f 2085/2085 2123/2123 2086/2086
f 2053/2053 2104/2104 2054/2054
f 2054/2054 2104/2104 2105/2105
f 2124/2124 2125/2125 1996/1996
f 1996/1996 2125/2125 2126/2126
f 2033/2033 2106/2106 2108/2108
f 2037/2037 2109/2109 2107/2107
f 2108/2108 2087/2087 2035/2035
f 2079/2079 2112/2112 2058/2058
f 2040/2040 2127/2127 2060/2060
f 2061/2061 2062/2062 2115/2115
f 2082/2082 2128/2128 2096/2096
f 2096/2096 2129/2129 2063/2063
f 2098/2098 2130/2130 2090/2090
f 2083/2083 2099/2099 2044/2044
f 2045/2045 2131/2131 2116/2116
f 2046/2046 2116/2116 2117/2117
f 2117/2117 2101/2101 2091/2091
f 2118/2118 2132/2132 2065/2065
f 2047/2047 2132/2132 2084/2084
f 2084/2084 2133/2133 2048/2048
f 2067/2067 2120/2120 2134/2134
f 2068/2068 2122/2122 2070/2070
f 2071/2071 2122/2122 2135/2135
f 2071/2071 2135/2135 2072/2072
f 2072/2072 2136/2136 2085/2085
f 2073/2073 2137/2137 2092/2092
f 2076/2076 2138/2138 2139/2139
f 2105/2105 2140/2140 1995/1995
f 2075/2075 2141/2141 2138/2138
f 2056/2056 2142/2142 2078/2078
f 2112/2112 2109/2109 2058/2058
f 2087/2087 2143/2143 2088/2088
f 2143/2143 2144/2144 2088/2088
f 2088/2088 2144/2144 2080/2080
f 2127/2127 2113/2113 2060/2060
f 2040/2040 2115/2115 2127/2127
f 2062/2062 2145/2145 2115/2115
f 2097/2097 2145/2145 2062/2062
f 2063/2063 2129/2129 2089/2089
f 2089/2089 2146/2146 2042/2042
f 2146/2146 2098/2098 2042/2042
f 2130/2130 2097/2097 2090/2090
f 2083/2083 2147/2147 2099/2099
f 2067/2067 2134/2134 2068/2068
f 2135/2135 2136/2136 2072/2072
f 2085/2085 2148/2148 2123/2123
f 2086/2086 2123/2123 2137/2137
f 2086/2086 2137/2137 2073/2073
f 2124/2124 2140/2140 2125/2125
f 2080/2080 2149/2149 2095/2095
f 2095/2095 2149/2149 2114/2114
f 2128/2128 2129/2129 2096/2096
f 2129/2129 2146/2146 2089/2089
f 2150/2150 2151/2151 2152/2152
f 2152/2152 2151/2151 2153/2153
f 2154/2154 2155/2155 2156/2156
f 2157/2157 2158/2158 2159/2159
f 2068/2068 2134/2134 2160/2160
f 2068/2068 2160/2160 2122/2122
f 2136/2136 2148/2148 2085/2085
f 2092/2092 2161/2161 2074/2074
f 2074/2074 2161/2161 2093/2093
f 2093/2093 2162/2162 2104/2104
f 2094/2094 2163/2163 2106/2106
f 2108/2108 2164/2164 2087/2087
f 2164/2164 2143/2143 2087/2087
f 2144/2144 2165/2165 2080/2080
f 2127/2127 2166/2166 2113/2113
f 2080/2080 2165/2165 2149/2149
f 2145/2145 2167/2167 2115/2115
f 2146/2146 2130/2130 2098/2098
f 2099/2099 2168/2168 2100/2100
f 2169/2169 2150/2150 2152/2152
f 2170/2170 2171/2171 2154/2154
f 2159/2159 2172/2172 2120/2120
f 2120/2120 2172/2172 2134/2134
f 2160/2160 2173/2173 2122/2122
f 2122/2122 2173/2173 2135/2135
f 2136/2136 2174/2174 2148/2148
f 2137/2137 2161/2161 2092/2092
f 2104/2104 2162/2162 2105/2105
f 2125/2125 2175/2175 2126/2126
f 2107/2107 2176/2176 2142/2142
f 2109/2109 2177/2177 2107/2107
f 2106/2106 2164/2164 2108/2108
f 2111/2111 2178/2178 2112/2112
f 2167/2167 2127/2127 2115/2115
f 2147/2147 2168/2168 2099/2099
f 2131/2131 2179/2179 2116/2116
f 2180/2180 2150/2150 2169/2169
f 2155/2155 2157/2157 2156/2156
f 2159/2159 2158/2158 2172/2172
f 2135/2135 2174/2174 2136/2136
f 2093/2093 2181/2181 2162/2162
f 2162/2162 2182/2182 2105/2105
f 2105/2105 2182/2182 2140/2140
f 2163/2163 2183/2183 2106/2106
f 2109/2109 2184/2184 2177/2177
f 2164/2164 2185/2185 2143/2143
f 2112/2112 2184/2184 2109/2109
f 2186/2186 2187/2187 2178/2178
f 2188/2188 2129/2129 2128/2128
f 2130/2130 2189/2189 2097/2097
f 2097/2097 2189/2189 2145/2145
f 2131/2131 2190/2190 2179/2179
f 2148/2148 2191/2191 2123/2123
f 2123/2123 2192/2192 2137/2137
f 2137/2137 2192/2192 2193/2193
f 2137/2137 2193/2193 2161/2161
f 2161/2161 2193/2193 2194/2194
f 2093/2093 2161/2161 2181/2181
f 2125/2125 2195/2195 2175/2175
f 2106/2106 2196/2196 2164/2164
f 2112/2112 2197/2197 2184/2184
f 2185/2185 2198/2198 2143/2143
f 2178/2178 2197/2197 2112/2112
f 2143/2143 2198/2198 2144/2144
f 2186/2186 2199/2199 2187/2187
f 2167/2167 2200/2200 2127/2127
f 2149/2149 2201/2201 2114/2114
f 2145/2145 2202/2202 2167/2167
f 2129/2129 2188/2188 2203/2203
f 2129/2129 2203/2203 2146/2146
f 2203/2203 2204/2204 2146/2146
f 2146/2146 2205/2205 2130/2130
f 2205/2205 2206/2206 2130/2130
f 2180/2180 2207/2207 2150/2150
f 2207/2207 2208/2208 2150/2150
f 2208/2208 2151/2151 2150/2150
f 2151/2151 2209/2209 2171/2171
f 2171/2171 2210/2210 2154/2154
f 2155/2155 2211/2211 2157/2157
f 2212/2212 2213/2213 2134/2134
f 2172/2172 2212/2212 2134/2134
f 2160/2160 2214/2214 2173/2173
f 2173/2173 2215/2215 2135/2135
f 2135/2135 2215/2215 2174/2174
f 2182/2182 2216/2216 2140/2140
f 2216/2216 2195/2195 2140/2140
f 2176/2176 2217/2217 2218/2218
f 2177/2177 2219/2219 2176/2176
f 2183/2183 2196/2196 2106/2106
f 2178/2178 2187/2187 2220/2220
f 2144/2144 2198/2198 2165/2165
f 2221/2221 2149/2149 2165/2165
f 2221/2221 2201/2201 2149/2149
f 2114/2114 2201/2201 2188/2188
f 2204/2204 2205/2205 2146/2146
f 2222/2222 2223/2223 2224/2224
f 2225/2225 2226/2226 2227/2227
f 2147/2147 2226/2226 2168/2168
f 2154/2154 2210/2210 2155/2155
f 2157/2157 2211/2211 2158/2158
f 2158/2158 2212/2212 2172/2172
f 2215/2215 2228/2228 2174/2174
f 2174/2174 2228/2228 2148/2148
f 2228/2228 2191/2191 2148/2148
f 2191/2191 2229/2229 2123/2123
f 2123/2123 2229/2229 2192/2192
f 2161/2161 2194/2194 2181/2181
f 2162/2162 2230/2230 2182/2182
f 2218/2218 2231/2231 2232/2232
f 2184/2184 2233/2233 2177/2177
f 2196/2196 2234/2234 2164/2164
f 2184/2184 2197/2197 2235/2235
f 2178/2178 2220/2220 2197/2197
f 2165/2165 2198/2198 2221/2221
f 2167/2167 2236/2236 2200/2200
f 2189/2189 2237/2237 2145/2145
f 2145/2145 2237/2237 2202/2202
f 2130/2130 2206/2206 2189/2189
f 2223/2223 2238/2238 2224/2224
f 2151/2151 2208/2208 2209/2209
f 2171/2171 2209/2209 2210/2210
f 2210/2210 2239/2239 2155/2155
f 2239/2239 2211/2211 2155/2155
f 2211/2211 2240/2240 2158/2158
f 2158/2158 2240/2240 2212/2212
f 2134/2134 2213/2213 2241/2241
f 2191/2191 2242/2242 2229/2229
f 2181/2181 2243/2243 2162/2162
f 2243/2243 2230/2230 2162/2162
f 2230/2230 2216/2216 2182/2182
f 2218/2218 2217/2217 2231/2231
f 2176/2176 2219/2219 2217/2217
f 2177/2177 2233/2233 2219/2219
f 2164/2164 2234/2234 2185/2185
f 2201/2201 2244/2244 2188/2188
f 2202/2202 2236/2236 2167/2167
f 2245/2245 2246/2246 2247/2247
f 2248/2248 2249/2249 2238/2238
f 2214/2214 2215/2215 2173/2173
f 2216/2216 2250/2250 2195/2195
f 2195/2195 2250/2250 2175/2175
f 2198/2198 2251/2251 2221/2221
f 2199/2199 2252/2252 2187/2187
f 2188/2188 2253/2253 2203/2203
f 2206/2206 2254/2254 2189/2189
f 2238/2238 2255/2255 2224/2224
f 2256/2256 2257/2257 2207/2207
f 2209/2209 2258/2258 2210/2210
f 2259/2259 2239/2239 2210/2210
f 2239/2239 2260/2260 2211/2211
f 2240/2240 2261/2261 2212/2212
f 2261/2261 2262/2262 2212/2212
f 2212/2212 2262/2262 2213/2213
f 2213/2213 2263/2263 2241/2241
f 2228/2228 2242/2242 2191/2191
f 2192/2192 2194/2194 2193/2193
f 2194/2194 2264/2264 2181/2181
f 2231/2231 2265/2265 2232/2232
f 2217/2217 2266/2266 2231/2231
f 2175/2175 2250/2250 2267/2267
f 2197/2197 2268/2268 2235/2235
f 2234/2234 2269/2269 2185/2185
f 2185/2185 2269/2269 2251/2251
f 2187/2187 2270/2270 2220/2220
f 2251/2251 2271/2271 2221/2221
f 2252/2252 2270/2270 2187/2187
f 2272/2272 2252/2252 2199/2199
f 2203/2203 2253/2253 2204/2204
f 2204/2204 2273/2273 2205/2205
f 2205/2205 2273/2273 2206/2206
f 2206/2206 2273/2273 2254/2254
f 2256/2256 2274/2274 2257/2257
f 2211/2211 2260/2260 2240/2240
f 2260/2260 2261/2261 2240/2240
f 2262/2262 2263/2263 2213/2213
f 2215/2215 2275/2275 2228/2228
f 2181/2181 2264/2264 2243/2243
f 2243/2243 2276/2276 2230/2230
f 2250/2250 2277/2277 2267/2267
f 2219/2219 2278/2278 2217/2217
f 2183/2183 2279/2279 2196/2196
f 2235/2235 2268/2268 2233/2233
f 2196/2196 2280/2280 2234/2234
f 2234/2234 2280/2280 2269/2269
f 2197/2197 2281/2281 2268/2268
f 2197/2197 2220/2220 2281/2281
f 2221/2221 2282/2282 2201/2201
f 2201/2201 2282/2282 2244/2244
f 2202/2202 2283/2283 2236/2236
f 2244/2244 2253/2253 2188/2188
f 2253/2253 2273/2273 2204/2204
f 2189/2189 2254/2254 2237/2237
f 2284/2284 2285/2285 2286/2286
f 2257/2257 2287/2287 2207/2207
f 2208/2208 2287/2287 2258/2258
f 2239/2239 2259/2259 2260/2260
f 2241/2241 2263/2263 2214/2214
f 2214/2214 2275/2275 2215/2215
f 2228/2228 2275/2275 2242/2242
f 2192/2192 2288/2288 2194/2194
f 2289/2289 2278/2278 2219/2219
f 2196/2196 2279/2279 2280/2280
f 2220/2220 2290/2290 2281/2281
f 2270/2270 2290/2290 2220/2220
f 2272/2272 2291/2291 2252/2252
f 2202/2202 2292/2292 2283/2283
f 2254/2254 2293/2293 2237/2237
f 2237/2237 2293/2293 2202/2202
f 2274/2274 2294/2294 2257/2257
f 2263/2263 2295/2295 2214/2214
f 2214/2214 2295/2295 2275/2275
f 2275/2275 2296/2296 2242/2242
f 2242/2242 2297/2297 2229/2229
f 2229/2229 2288/2288 2192/2192
f 2288/2288 2298/2298 2194/2194
f 2194/2194 2298/2298 2264/2264
f 2299/2299 2276/2276 2243/2243
f 2230/2230 2276/2276 2300/2300
f 2301/2301 2277/2277 2250/2250
f 2251/2251 2302/2302 2271/2271
f 2244/2244 2303/2303 2253/2253
f 2293/2293 2292/2292 2202/2202
f 2303/2303 2304/2304 2253/2253
f 2253/2253 2304/2304 2273/2273
f 2273/2273 2304/2304 2305/2305
f 2285/2285 2306/2306 2307/2307
f 2257/2257 2308/2308 2287/2287
f 2258/2258 2309/2309 2259/2259
f 2259/2259 2310/2310 2260/2260
f 2260/2260 2310/2310 2261/2261
f 2261/2261 2311/2311 2262/2262
f 2242/2242 2296/2296 2297/2297
f 2229/2229 2312/2312 2288/2288
f 2313/2313 2314/2314 2315/2315
f 2264/2264 2299/2299 2243/2243
f 2299/2299 2316/2316 2276/2276
f 2317/2317 2301/2301 2250/2250
f 2268/2268 2318/2318 2289/2289
f 2269/2269 2319/2319 2251/2251
f 2270/2270 2320/2320 2290/2290
f 2252/2252 2320/2320 2270/2270
f 2291/2291 2320/2320 2252/2252
f 2282/2282 2321/2321 2244/2244
f 2244/2244 2321/2321 2303/2303
f 2322/2322 2323/2323 2324/2324
f 2287/2287 2325/2325 2258/2258
f 2259/2259 2326/2326 2310/2310
f 2310/2310 2327/2327 2261/2261
f 2327/2327 2311/2311 2261/2261
f 2295/2295 2328/2328 2275/2275
f 2297/2297 2312/2312 2229/2229
f 2298/2298 2299/2299 2264/2264
f 2265/2265 2329/2329 2330/2330
f 2317/2317 2331/2331 2301/2301
f 2281/2281 2332/2332 2268/2268
f 2251/2251 2319/2319 2302/2302
f 2302/2302 2333/2333 2271/2271
f 2271/2271 2333/2333 2282/2282
f 2334/2334 2335/2335 2291/2291
f 2273/2273 2305/2305 2254/2254
f 2254/2254 2305/2305 2336/2336
f 2254/2254 2336/2336 2293/2293
f 2306/2306 2294/2294 2274/2274
f 2311/2311 2337/2337 2262/2262
f 2337/2337 2295/2295 2263/2263
f 2328/2328 2338/2338 2275/2275
f 2275/2275 2338/2338 2296/2296
f 2296/2296 2339/2339 2297/2297
f 2300/2300 2340/2340 2317/2317
f 2317/2317 2340/2340 2331/2331
f 2278/2278 2341/2341 2342/2342
f 2289/2289 2318/2318 2341/2341
f 2268/2268 2332/2332 2318/2318
f 2280/2280 2343/2343 2269/2269
f 2290/2290 2344/2344 2281/2281
f 2319/2319 2345/2345 2302/2302
f 2333/2333 2346/2346 2282/2282
f 2310/2310 2347/2347 2327/2327
f 2288/2288 2348/2348 2298/2298
f 2316/2316 2349/2349 2276/2276
f 2276/2276 2349/2349 2300/2300
f 2300/2300 2349/2349 2340/2340
f 2331/2331 2350/2350 2301/2301
f 2277/2277 2351/2351 2352/2352
f 2352/2352 2351/2351 2353/2353
f 2343/2343 2319/2319 2269/2269
f 2320/2320 2354/2354 2290/2290
f 2302/2302 2345/2345 2333/2333
f 2321/2321 2355/2355 2303/2303
f 2356/2356 2357/2357 2335/2335
f 2356/2356 2335/2335 2334/2334
f 2304/2304 2358/2358 2305/2305
f 2359/2359 2360/2360 2306/2306
f 2361/2361 2362/2362 2309/2309
f 2326/2326 2347/2347 2310/2310
f 2347/2347 2363/2363 2327/2327
f 2327/2327 2363/2363 2311/2311
f 2297/2297 2364/2364 2312/2312
f 2365/2365 2366/2366 2367/2367
f 2312/2312 2364/2364 2288/2288
f 2298/2298 2348/2348 2299/2299
f 2341/2341 2368/2368 2342/2342
f 2369/2369 2343/2343 2280/2280
f 2344/2344 2332/2332 2281/2281
f 2290/2290 2354/2354 2344/2344
f 2335/2335 2370/2370 2320/2320
f 2346/2346 2371/2371 2321/2321
f 2355/2355 2372/2372 2303/2303
f 2304/2304 2372/2372 2358/2358
f 2305/2305 2358/2358 2373/2373
f 2305/2305 2373/2373 2336/2336
f 2336/2336 2373/2373 2374/2374
f 2375/2375 2376/2376 2356/2356
f 2356/2356 2376/2376 2357/2357
f 2306/2306 2360/2360 2377/2377
f 2378/2378 2379/2379 2325/2325
f 2309/2309 2362/2362 2326/2326
f 2337/2337 2380/2380 2328/2328
f 2337/2337 2328/2328 2295/2295
f 2328/2328 2381/2381 2338/2338
f 2338/2338 2382/2382 2296/2296
f 2296/2296 2382/2382 2339/2339
f 2339/2339 2383/2383 2297/2297
f 2297/2297 2383/2383 2364/2364
f 2364/2364 2348/2348 2288/2288
f 2348/2348 2384/2384 2299/2299
f 2299/2299 2384/2384 2316/2316
f 2316/2316 2385/2385 2349/2349
f 2331/2331 2386/2386 2350/2350
f 2350/2350 2386/2386 2351/2351
f 2320/2320 2387/2387 2354/2354
f 2370/2370 2387/2387 2320/2320
f 2333/2333 2371/2371 2346/2346
f 2371/2371 2355/2355 2321/2321
f 2294/2294 2377/2377 2388/2388
f 2308/2308 2388/2388 2378/2378
f 2379/2379 2361/2361 2325/2325
f 2389/2389 2380/2380 2311/2311
f 2311/2311 2380/2380 2337/2337
f 2384/2384 2385/2385 2316/2316
f 2340/2340 2349/2349 2390/2390
f 2331/2331 2390/2390 2386/2386
f 2332/2332 2391/2391 2392/2392
f 2344/2344 2393/2393 2332/2332
f 2354/2354 2393/2393 2344/2344
f 2319/2319 2394/2394 2345/2345
f 2345/2345 2395/2395 2333/2333
f 2372/2372 2396/2396 2358/2358
f 2358/2358 2396/2396 2373/2373
f 2326/2326 2397/2397 2347/2347
f 2380/2380 2381/2381 2328/2328
f 2381/2381 2382/2382 2338/2338
f 2382/2382 2398/2398 2339/2339
f 2339/2339 2398/2398 2383/2383
f 2386/2386 2399/2399 2351/2351
f 2343/2343 2400/2400 2319/2319
f 2394/2394 2395/2395 2345/2345
f 2395/2395 2401/2401 2333/2333
f 2333/2333 2401/2401 2371/2371
f 2371/2371 2402/2402 2355/2355
f 2335/2335 2403/2403 2370/2370
f 2357/2357 2403/2403 2335/2335
f 2355/2355 2404/2404 2372/2372
f 2372/2372 2404/2404 2396/2396
f 2405/2405 2406/2406 2360/2360
f 2361/2361 2407/2407 2362/2362
f 2362/2362 2397/2397 2326/2326
f 2408/2408 2409/2409 2347/2347
f 2347/2347 2409/2409 2363/2363
f 2380/2380 2410/2410 2381/2381
f 2381/2381 2411/2411 2382/2382
f 2364/2364 2412/2412 2348/2348
f 2384/2384 2413/2413 2385/2385
f 2385/2385 2414/2414 2349/2349
f 2392/2392 2415/2415 2368/2368
f 2351/2351 2416/2416 2417/2417
f 2354/2354 2387/2387 2418/2418
f 2371/2371 2401/2401 2402/2402
f 2376/2376 2419/2419 2357/2357
f 2420/2420 2421/2421 2422/2422
f 2377/2377 2423/2423 2388/2388
f 2388/2388 2424/2424 2378/2378
f 2383/2383 2412/2412 2364/2364
f 2348/2348 2425/2425 2426/2426
f 2427/2427 2428/2428 2429/2429
f 2349/2349 2414/2414 2390/2390
f 2390/2390 2430/2430 2386/2386
f 2431/2431 2415/2415 2392/2392
f 2387/2387 2432/2432 2418/2418
f 2370/2370 2432/2432 2387/2387
f 2370/2370 2403/2403 2432/2432
f 2378/2378 2424/2424 2379/2379
f 2407/2407 2397/2397 2362/2362
f 2409/2409 2433/2433 2389/2389
f 2381/2381 2410/2410 2411/2411
f 2382/2382 2411/2411 2434/2434
f 2398/2398 2435/2435 2383/2383
f 2383/2383 2435/2435 2412/2412
f 2348/2348 2412/2412 2425/2425
f 2426/2426 2413/2413 2384/2384
f 2385/2385 2413/2413 2436/2436
f 2385/2385 2436/2436 2414/2414
f 2437/2437 2438/2438 2439/2439
f 2440/2440 2441/2441 2393/2393
f 2418/2418 2440/2440 2393/2393
f 2355/2355 2442/2442 2443/2443
f 2424/2424 2444/2444 2379/2379
f 2408/2408 2433/2433 2409/2409
f 2433/2433 2445/2445 2389/2389
f 2441/2441 2431/2431 2391/2391
f 2394/2394 2446/2446 2395/2395
f 2395/2395 2446/2446 2401/2401
f 2404/2404 2447/2447 2396/2396
f 2448/2448 2449/2449 2450/2450
f 2379/2379 2444/2444 2451/2451
f 2451/2451 2452/2452 2407/2407
f 2407/2407 2453/2453 2454/2454
f 2397/2397 2455/2455 2408/2408
f 2456/2456 2445/2445 2433/2433
f 2445/2445 2457/2457 2389/2389
f 2389/2389 2457/2457 2410/2410
f 2410/2410 2457/2457 2458/2458
f 2410/2410 2458/2458 2411/2411
f 2434/2434 2459/2459 2435/2435
f 2434/2434 2435/2435 2398/2398
f 2435/2435 2460/2460 2412/2412
f 2426/2426 2461/2461 2413/2413
f 2462/2462 2463/2463 2464/2464
f 2390/2390 2414/2414 2465/2465
f 2390/2390 2465/2465 2430/2430
f 2399/2399 2466/2466 2416/2416
f 2466/2466 2467/2467 2416/2416
f 2416/2416 2467/2467 2468/2468
f 2469/2469 2470/2470 2471/2471
f 2418/2418 2472/2472 2440/2440
f 2446/2446 2473/2473 2401/2401
f 2401/2401 2473/2473 2442/2442
f 2376/2376 2474/2474 2419/2419
f 2419/2419 2475/2475 2403/2403
f 2396/2396 2447/2447 2476/2476
f 2450/2450 2449/2449 2376/2376
f 2477/2477 2478/2478 2421/2421
f 2421/2421 2478/2478 2479/2479
f 2480/2480 2481/2481 2482/2482
f 2434/2434 2411/2411 2459/2459
f 2460/2460 2483/2483 2412/2412
f 2484/2484 2485/2485 2486/2486
f 2487/2487 2463/2463 2462/2462
f 2430/2430 2466/2466 2399/2399
f 2488/2488 2489/2489 2431/2431
f 2471/2471 2470/2470 2490/2490
f 2482/2482 2491/2491 2424/2424
f 2424/2424 2491/2491 2444/2444
f 2433/2433 2455/2455 2456/2456
f 2411/2411 2492/2492 2459/2459
f 2461/2461 2493/2493 2413/2413
f 2489/2489 2494/2494 2495/2495
f 2475/2475 2472/2472 2432/2432
f 2496/2496 2497/2497 2498/2498
f 2499/2499 2500/2500 2501/2501
f 2444/2444 2502/2502 2452/2452
f 2425/2425 2503/2503 2461/2461
f 2414/2414 2504/2504 2465/2465
f 2495/2495 2494/2494 2505/2505
f 2496/2496 2506/2506 2497/2497
f 2419/2419 2507/2507 2475/2475
f 2497/2497 2508/2508 2498/2498
f 2474/2474 2507/2507 2419/2419
f 2509/2509 2510/2510 2511/2511
f 2501/2501 2500/2500 2512/2512
f 2513/2513 2514/2514 2515/2515
f 2455/2455 2516/2516 2456/2456
f 2445/2445 2517/2517 2457/2457
f 2459/2459 2518/2518 2435/2435
f 2460/2460 2503/2503 2483/2483
f 2519/2519 2520/2520 2521/2521
f 2436/2436 2504/2504 2414/2414
f 2522/2522 2523/2523 2470/2470
f 2472/2472 2524/2524 2440/2440
f 2475/2475 2525/2525 2472/2472
f 2475/2475 2507/2507 2525/2525
f 2457/2457 2526/2526 2458/2458
f 2460/2460 2527/2527 2503/2503
f 2465/2465 2528/2528 2529/2529
f 2529/2529 2530/2530 2466/2466
f 2470/2470 2523/2523 2531/2531
f 2509/2509 2532/2532 2510/2510
f 2500/2500 2533/2533 2512/2512
f 2533/2533 2534/2534 2512/2512
f 2513/2513 2535/2535 2536/2536
f 2526/2526 2537/2537 2458/2458
f 2503/2503 2538/2538 2539/2539
f 2539/2539 2540/2540 2493/2493
f 2519/2519 2541/2541 2520/2520
f 2542/2542 2543/2543 2519/2519
f 2505/2505 2544/2544 2545/2545
f 2546/2546 2547/2547 2488/2488
f 2478/2478 2548/2548 2549/2549
f 2550/2550 2551/2551 2552/2552
f 2552/2552 2553/2553 2535/2535
f 2545/2545 2543/2543 2542/2542
f 2504/2504 2554/2554 2528/2528
f 2528/2528 2555/2555 2530/2530
f 2547/2547 2556/2556 2557/2557
f 2522/2522 2558/2558 2523/2523
f 2524/2524 2546/2546 2488/2488
f 2523/2523 2559/2559 2531/2531
f 2507/2507 2560/2560 2561/2561
f 2553/2553 2562/2562 2535/2535
f 2563/2563 2564/2564 2517/2517
f 2537/2537 2565/2565 2566/2566
f 2545/2545 2567/2567 2543/2543
f 2531/2531 2559/2559 2568/2568
f 2569/2569 2570/2570 2571/2571
f 2570/2570 2572/2572 2571/2571
f 2514/2514 2573/2573 2574/2574
f 2566/2566 2575/2575 2527/2527
f 2557/2557 2576/2576 2544/2544
f 2577/2577 2578/2578 2579/2579
f 2579/2579 2578/2578 2580/2580
f 2560/2560 2581/2581 2561/2561
f 2562/2562 2582/2582 2536/2536
f 2536/2536 2582/2582 2583/2583
f 2565/2565 2575/2575 2566/2566
f 2527/2527 2575/2575 2584/2584
f 2585/2585 2586/2586 2587/2587
f 2538/2538 2588/2588 2540/2540
f 2567/2567 2589/2589 2585/2585
f 2590/2590 2591/2591 2554/2554
f 2592/2592 2593/2593 2567/2567
f 2569/2569 2594/2594 2570/2570
f 2595/2595 2596/2596 2561/2561
f 2572/2572 2597/2597 2598/2598
f 2572/2572 2598/2598 2599/2599
f 2600/2600 2601/2601 2602/2602
f 2559/2559 2603/2603 2568/2568
f 2570/2570 2597/2597 2572/2572
f 2562/2562 2604/2604 2582/2582
f 2563/2563 2605/2605 2564/2564
f 2564/2564 2606/2606 2607/2607
f 2607/2607 2608/2608 2565/2565
f 2577/2577 2609/2609 2578/2578
f 2597/2597 2610/2610 2598/2598
f 2583/2583 2611/2611 2612/2612
f 2563/2563 2613/2613 2605/2605
f 2584/2584 2614/2614 2615/2615
f 2589/2589 2616/2616 2617/2617
f 2593/2593 2618/2618 2589/2589
f 2619/2619 2593/2593 2592/2592
f 2594/2594 2620/2620 2570/2570
f 2621/2621 2622/2622 2623/2623
f 2605/2605 2624/2624 2606/2606
f 2625/2625 2626/2626 2591/2591
f 2627/2627 2628/2628 2603/2603
f 2603/2603 2628/2628 2629/2629
f 2610/2610 2630/2630 2631/2631
f 2632/2632 2633/2633 2604/2604
f 2611/2611 2634/2634 2612/2612
f 2584/2584 2635/2635 2636/2636
f 2637/2637 2638/2638 2639/2639
f 2597/2597 2620/2620 2610/2610
f 2610/2610 2640/2640 2630/2630
f 2623/2623 2622/2622 2641/2641
f 2639/2639 2638/2638 2642/2642
f 2643/2643 2644/2644 2620/2620
f 2645/2645 2646/2646 2647/2647
f 2622/2622 2648/2648 2641/2641
f 2636/2636 2649/2649 2614/2614
f 2638/2638 2650/2650 2642/2642
f 2627/2627 2651/2651 2628/2628
f 2652/2652 2653/2653 2654/2654
f 2651/2651 2655/2655 2628/2628
f 2656/2656 2657/2657 2646/2646
f 2630/2630 2658/2658 2656/2656
f 2655/2655 2659/2659 2644/2644
f 2660/2660 2661/2661 2662/2662
f 2655/2655 2663/2663 2659/2659
f 2653/2653 2664/2664 2665/2665
f 2666/2666 2667/2667 2668/2668
f 2668/2668 2669/2669 2660/2660
f 2670/2670 2671/2671 2672/2672
f 2673/2673 2674/2674 2675/2675
f 2676/2676 2677/2677 2678/2678
f 2679/2679 2680/2680 2681/2681
f 2682/2682 2683/2683 2684/2684
f 2685/2685 2686/2686 2687/2687
f 2688/2688 2689/2689 2690/2690
f 2691/2691 2692/2692 2693/2693
f 2694/2694 2695/2695 2696/2696
f 2697/2697 2698/2698 2699/2699
f 2699/2699 2698/2698 2700/2700
f 30/30 8/8 11/11
f 42/42 25/25 77/77
f 68/68 65/65 37/37
f 92/92 59/59 95/95
f 70/70 69/69 112/112
f 104/104 108/108 109/109
f 143/143 112/112 169/169
f 189/189 131/131 132/132
f 202/202 141/141 203/203
f 258/258 257/257 174/174
f 265/265 211/211 212/212
f 280/280 226/226 199/199
f 271/271 219/219 272/272
f 303/303 280/280 250/250
f 322/322 296/296 242/242
f 279/279 303/303 329/329
f 329/329 303/303 304/304
f 310/310 258/258 340/340
f 327/327 328/328 387/387
f 405/405 329/329 360/360
f 313/313 314/314 394/394
f 439/439 363/363 392/392
f 441/441 340/340 365/365
f 367/367 342/342 368/368
f 404/404 323/323 422/422
f 506/506 431/431 430/430
f 463/463 394/394 443/443
f 424/424 357/357 426/426
f 490/490 426/426 387/387
f 439/439 392/392 459/459
f 467/467 368/368 444/444
f 486/486 423/423 485/485
f 516/516 441/441 463/463
f 520/520 443/443 367/367
f 505/505 430/430 537/537
f 548/548 460/460 409/409
f 463/463 443/443 572/572
f 520/520 467/467 550/550
f 501/501 450/450 529/529
f 531/531 479/479 631/631
f 568/568 548/548 409/409
f 549/549 467/467 444/444
f 529/529 451/451 528/528
f 605/605 452/452 500/500
f 631/631 479/479 532/532
f 534/534 484/484 583/583
f 583/583 484/484 536/536
f 536/536 503/503 561/561
f 490/490 563/563 666/666
f 493/493 516/516 594/594
f 578/578 452/452 605/605
f 530/530 477/477 579/579
f 581/581 482/482 559/559
f 561/561 490/490 666/666
f 616/616 509/509 643/643
f 509/509 545/545 643/643
f 545/545 492/492 643/643
f 572/572 520/520 647/647
f 648/648 522/522 552/552
f 528/528 476/476 627/627
f 634/634 560/560 535/535
f 611/611 562/562 609/609
f 644/644 492/492 548/548
f 644/644 548/548 568/568
f 623/623 647/647 520/520
f 629/629 558/558 659/659
f 580/580 631/631 703/703
f 2701/2701 560/560 634/634
f 667/667 666/666 610/610
f 610/610 666/666 563/563
f 610/610 538/538 637/637
f 639/639 543/543 614/614
f 614/614 542/542 737/737
f 737/737 542/542 616/616
f 628/628 606/606 579/579
f 647/647 623/623 676/676
f 604/604 529/529 2702/2702
f 529/529 627/627 2702/2702
f 682/682 605/605 629/629
f 683/683 580/580 703/703
f 632/632 581/581 661/661
f 662/662 532/532 663/663
f 633/633 635/635 768/768
f 636/636 608/608 686/686
f 610/610 637/637 2703/2703
f 708/708 642/642 644/644
f 707/707 644/644 619/619
f 707/707 619/619 710/710
f 709/709 619/619 674/674
f 675/675 594/594 714/714
f 695/695 647/647 715/715
f 2702/2702 627/627 2704/2704
f 2704/2704 627/627 681/681
f 682/682 629/629 852/852
f 628/628 604/604 724/724
f 727/727 632/632 661/661
f 770/770 685/685 2705/2705
f 686/686 685/685 770/770
f 728/728 635/635 664/664
f 773/773 667/667 610/610
f 773/773 610/610 2703/2703
f 639/639 614/614 736/736
f 721/721 600/600 678/678
f 722/722 602/602 680/680
f 761/761 604/604 2702/2702
f 852/852 629/629 659/659
f 630/630 660/660 763/763
f 764/764 661/661 630/630
f 727/727 661/661 764/764
f 730/730 665/665 667/667
f 784/784 690/690 731/731
f 2703/2703 637/637 732/732
f 733/733 668/668 690/690
f 692/692 642/642 807/807
f 807/807 642/642 708/708
f 674/674 675/675 714/714
f 777/777 648/648 651/651
f 681/681 682/682 851/851
f 682/682 852/852 851/851
f 852/852 659/659 883/883
f 763/763 660/660 781/781
f 883/883 659/659 762/762
f 762/762 683/683 765/765
f 765/765 703/703 766/766
f 726/726 727/727 799/799
f 770/770 2705/2705 825/825
f 769/769 770/770 803/803
f 773/773 2703/2703 2706/2706
f 785/785 639/639 736/736
f 735/735 737/737 692/692
f 735/735 692/692 888/888
f 889/889 692/692 807/807
f 845/845 721/721 747/747
f 761/761 2702/2702 2704/2704
f 823/823 764/764 763/763
f 727/727 764/764 799/799
f 767/767 663/663 782/782
f 782/782 633/633 768/768
f 801/801 726/726 799/799
f 768/768 729/729 827/827
f 801/801 684/684 726/726
f 803/803 770/770 825/825
f 728/728 664/664 730/730
f 2707/2707 785/785 786/786
f 888/888 692/692 889/889
f 808/808 708/708 707/707
f 808/808 707/707 710/710
f 914/914 710/710 709/709
f 709/709 674/674 809/809
f 743/743 715/715 792/792
f 813/813 745/745 717/717
f 2704/2704 681/681 935/935
f 2708/2708 681/681 851/851
f 798/798 764/764 822/822
f 782/782 768/768 827/827
f 824/824 803/803 825/825
f 855/855 730/730 773/773
f 783/783 689/689 772/772
f 856/856 773/773 2706/2706
f 2709/2709 2706/2706 2703/2703
f 2710/2710 2707/2707 786/786
f 2711/2711 735/735 888/888
f 808/808 710/710 916/916
f 914/914 709/709 917/917
f 813/813 717/717 843/843
f 934/934 761/761 2704/2704
f 935/935 681/681 2708/2708
f 724/724 761/761 2712/2712
f 2712/2712 761/761 934/934
f 763/763 781/781 2713/2713
f 2713/2713 781/781 725/725
f 936/936 762/762 765/765
f 936/936 765/765 766/766
f 866/866 798/798 822/822
f 2714/2714 782/782 827/827
f 800/800 798/798 866/866
f 828/828 729/729 829/829
f 854/854 771/771 769/769
f 728/728 730/730 829/829
f 831/831 771/771 854/854
f 2709/2709 2703/2703 2715/2715
f 2715/2715 2703/2703 732/732
f 804/804 733/733 834/834
f 736/736 735/735 871/871
f 916/916 710/710 914/914
f 917/917 709/709 809/809
f 809/809 714/714 840/840
f 934/934 2704/2704 935/935
f 725/725 724/724 2716/2716
f 2716/2716 724/724 2712/2712
f 852/852 883/883 853/853
f 951/951 763/763 2713/2713
f 823/823 763/763 951/951
f 766/766 767/767 864/864
f 767/767 782/782 863/863
f 2714/2714 827/827 828/828
f 824/824 826/826 903/903
f 868/868 730/730 855/855
f 871/871 735/735 2711/2711
f 2717/2717 889/889 807/807
f 2717/2717 807/807 808/808
f 2708/2708 851/851 853/853
f 993/993 2713/2713 725/725
f 993/993 725/725 2716/2716
f 884/884 883/883 762/762
f 936/936 766/766 864/864
f 863/863 782/782 2718/2718
f 2718/2718 782/782 2714/2714
f 830/830 802/802 824/824
f 870/870 831/831 869/869
f 856/856 2706/2706 2709/2709
f 2715/2715 732/732 2719/2719
f 2711/2711 888/888 2720/2720
f 2720/2720 888/888 890/890
f 840/840 839/839 2721/2721
f 2721/2721 839/839 875/875
f 811/811 813/813 947/947
f 843/843 778/778 894/894
f 893/893 778/778 814/814
f 951/951 2713/2713 993/993
f 823/823 951/951 950/950
f 822/822 823/823 938/938
f 937/937 866/866 822/822
f 865/865 866/866 2722/2722
f 2718/2718 2714/2714 2723/2723
f 2714/2714 828/828 2723/2723
f 828/828 829/829 2724/2724
f 2724/2724 829/829 904/904
f 2725/2725 856/856 2709/2709
f 2710/2710 786/786 887/887
f 871/871 2711/2711 2726/2726
f 890/890 889/889 979/979
f 979/979 889/889 2717/2717
f 947/947 813/813 877/877
f 877/877 843/843 894/894
f 2727/2727 935/935 2708/2708
f 938/938 823/823 950/950
f 936/936 864/864 2728/2728
f 2722/2722 866/866 937/937
f 2723/2723 828/828 1097/1097
f 1097/1097 828/828 2724/2724
f 830/830 824/824 939/939
f 867/867 830/830 956/956
f 869/869 854/854 867/867
f 868/868 855/855 942/942
f 2709/2709 2715/2715 2729/2729
f 2730/2730 2709/2709 2729/2729
f 887/887 871/871 2726/2726
f 2711/2711 2720/2720 2726/2726
f 979/979 2717/2717 2731/2731
f 2731/2731 2717/2717 2732/2732
f 2732/2732 2717/2717 808/808
f 2732/2732 808/808 916/916
f 2733/2733 915/915 917/917
f 920/920 809/809 840/840
f 967/967 846/846 926/926
f 933/933 935/935 2727/2727
f 2712/2712 934/934 933/933
f 991/991 2712/2712 933/933
f 2734/2734 2708/2708 853/853
f 2734/2734 853/853 2735/2735
f 884/884 936/936 2728/2728
f 956/956 830/830 939/939
f 942/942 856/856 2725/2725
f 2729/2729 2715/2715 2719/2719
f 1027/1027 2710/2710 1028/1028
f 1028/1028 2710/2710 887/887
f 2732/2732 916/916 915/915
f 2733/2733 917/917 919/919
f 840/840 2721/2721 1031/1031
f 2727/2727 2708/2708 2734/2734
f 2716/2716 2712/2712 991/991
f 952/952 951/951 993/993
f 993/993 2716/2716 991/991
f 2735/2735 853/853 884/884
f 2728/2728 864/864 954/954
f 953/953 863/863 2718/2718
f 902/902 903/903 1011/1011
f 1011/1011 903/903 2736/2736
f 940/940 867/867 956/956
f 2737/2737 1028/1028 887/887
f 2726/2726 2720/2720 2738/2738
f 2738/2738 2720/2720 890/890
f 919/919 920/920 1033/1033
f 920/920 840/840 1031/1031
f 982/982 2721/2721 875/875
f 876/876 947/947 1004/1004
f 1007/1007 877/877 894/894
f 1007/1007 894/894 949/949
f 991/991 933/933 992/992
f 933/933 2727/2727 2739/2739
f 952/952 993/993 994/994
f 2740/2740 2722/2722 937/937
f 953/953 2718/2718 2741/2741
f 2718/2718 2723/2723 2741/2741
f 2742/2742 2724/2724 904/904
f 904/904 868/868 2743/2743
f 2744/2744 868/868 942/942
f 885/885 870/870 957/957
f 2745/2745 942/942 2725/2725
f 2725/2725 2709/2709 2730/2730
f 2746/2746 887/887 2726/2726
f 980/980 979/979 2731/2731
f 982/982 1031/1031 2721/2721
f 947/947 877/877 1004/1004
f 1004/1004 877/877 1008/1008
f 992/992 933/933 2739/2739
f 2739/2739 2727/2727 2747/2747
f 2747/2747 2727/2727 2734/2734
f 2735/2735 884/884 2748/2748
f 2749/2749 2728/2728 954/954
f 1097/1097 2724/2724 1098/1098
f 2750/2750 904/904 2743/2743
f 2743/2743 868/868 2744/2744
f 2744/2744 942/942 2745/2745
f 2725/2725 2730/2730 2751/2751
f 2737/2737 887/887 2746/2746
f 2746/2746 2726/2726 2738/2738
f 2738/2738 890/890 2752/2752
f 2752/2752 890/890 980/980
f 1054/1054 2731/2731 2732/2732
f 1091/1091 2732/2732 915/915
f 2733/2733 919/919 1033/1033
f 1005/1005 946/946 876/876
f 2747/2747 2734/2734 2753/2753
f 2753/2753 2734/2734 2735/2735
f 2753/2753 2735/2735 2754/2754
f 2754/2754 2735/2735 2748/2748
f 884/884 2728/2728 2748/2748
f 2740/2740 937/937 975/975
f 954/954 953/953 2755/2755
f 1011/1011 2736/2736 1023/1023
f 1098/1098 2724/2724 2742/2742
f 2742/2742 904/904 2750/2750
f 2745/2745 2725/2725 2751/2751
f 977/977 905/905 976/976
f 1050/1050 1027/1027 1051/1051
f 1051/1051 1027/1027 1029/1029
f 980/980 2731/2731 1054/1054
f 1054/1054 2732/2732 1091/1091
f 1033/1033 920/920 1031/1031
f 2739/2739 2747/2747 2756/2756
f 2757/2757 952/952 994/994
f 2748/2748 2728/2728 2749/2749
f 1123/1123 954/954 2755/2755
f 2755/2755 953/953 2758/2758
f 2758/2758 953/953 2741/2741
f 2741/2741 2723/2723 1097/1097
f 996/996 955/955 1012/1012
f 2750/2750 2743/2743 2759/2759
f 1029/1029 1028/1028 2737/2737
f 2746/2746 2738/2738 2760/2760
f 1091/1091 915/915 2761/2761
f 2761/2761 915/915 2762/2762
f 2762/2762 915/915 2733/2733
f 1032/1032 1031/1031 982/982
f 1032/1032 982/982 2763/2763
f 982/982 946/946 2764/2764
f 2764/2764 946/946 1005/1005
f 1005/1005 1004/1004 1062/1062
f 992/992 2739/2739 1139/1139
f 2757/2757 994/994 1021/1021
f 2765/2765 952/952 2757/2757
f 2765/2765 950/950 952/952
f 975/975 950/950 2765/2765
f 2749/2749 954/954 1123/1123
f 1048/1048 940/940 996/996
f 2743/2743 2744/2744 2766/2766
f 2766/2766 2744/2744 2745/2745
f 1049/1049 976/976 1013/1013
f 2737/2737 2746/2746 2767/2767
f 2767/2767 2746/2746 2760/2760
f 2768/2768 2752/2752 980/980
f 2769/2769 2733/2733 1033/1033
f 1061/1061 1004/1004 1036/1036
f 1085/1085 966/966 970/970
f 1139/1139 2739/2739 2756/2756
f 2756/2756 2747/2747 2770/2770
f 2770/2770 2747/2747 2753/2753
f 1021/1021 990/990 2771/2771
f 2771/2771 990/990 992/992
f 2771/2771 992/992 2772/2772
f 2773/2773 2753/2753 2754/2754
f 2774/2774 2749/2749 1123/1123
f 1089/1089 1011/1011 1022/1022
f 1099/1099 2741/2741 1097/1097
f 1089/1089 995/995 1011/1011
f 2742/2742 2750/2750 1127/1127
f 1127/1127 2750/2750 2759/2759
f 2775/2775 2776/2776 2777/2777
f 2776/2776 1052/1052 2777/2777
f 2768/2768 2738/2738 2752/2752
f 2768/2768 980/980 2778/2778
f 2778/2778 980/980 1055/1055
f 2762/2762 2733/2733 2769/2769
f 1080/1080 2769/2769 1033/1033
f 2763/2763 982/982 2779/2779
f 2779/2779 982/982 2764/2764
f 1062/1062 2764/2764 1005/1005
f 2780/2780 1021/1021 2771/2771
f 2772/2772 992/992 1139/1139
f 2770/2770 2753/2753 2773/2773
f 2781/2781 2773/2773 2754/2754
f 2748/2748 2749/2749 2774/2774
f 975/975 2765/2765 1192/1192
f 1124/1124 1123/1123 2755/2755
f 1098/1098 2742/2742 1127/1127
f 1143/1143 996/996 1012/1012
f 2782/2782 2759/2759 2743/2743
f 2782/2782 2743/2743 2766/2766
f 1052/1052 1051/1051 1102/1102
f 1029/1029 2737/2737 2767/2767
f 2767/2767 2760/2760 2783/2783
f 2760/2760 2738/2738 1198/1198
f 1197/1197 2760/2760 1198/1198
f 1198/1198 2738/2738 2768/2768
f 1093/1093 1032/1032 2763/2763
f 1158/1158 2779/2779 2764/2764
f 1139/1139 2756/2756 1140/1140
f 1140/1140 2756/2756 2770/2770
f 2757/2757 1021/1021 2780/2780
f 2781/2781 2754/2754 2748/2748
f 2755/2755 2758/2758 1124/1124
f 2758/2758 2741/2741 2784/2784
f 1143/1143 1012/1012 1071/1071
f 1048/1048 996/996 1143/1143
f 2785/2785 1029/1029 2767/2767
f 1055/1055 1054/1054 1092/1092
f 1092/1092 1091/1091 2761/2761
f 2761/2761 2762/2762 2786/2786
f 2787/2787 2769/2769 1080/1080
f 1158/1158 2764/2764 1062/1062
f 1159/1159 1062/1062 1061/1061
f 2772/2772 1139/1139 2788/2788
f 2788/2788 1139/1139 1141/1141
f 1140/1140 2770/2770 2789/2789
f 2781/2781 2748/2748 2774/2774
f 1088/1088 1087/1087 2790/2790
f 2774/2774 1123/1123 1125/1125
f 1171/1171 1023/1023 1088/1088
f 1171/1171 1022/1022 1023/1023
f 2784/2784 2741/2741 1099/1099
f 1126/1126 1089/1089 1022/1022
f 1195/1195 1071/1071 1126/1126
f 1102/1102 1029/1029 2785/2785
f 2783/2783 2760/2760 1197/1197
f 1222/1222 2786/2786 2762/2762
f 1222/1222 2762/2762 2769/2769
f 1093/1093 2763/2763 2791/2791
f 2791/2791 2763/2763 2779/2779
f 1158/1158 1062/1062 1159/1159
f 1108/1108 1038/1038 1110/1110
f 1110/1110 1040/1040 1064/1064
f 2772/2772 2788/2788 2792/2792
f 2757/2757 2780/2780 2793/2793
f 2793/2793 2780/2780 1238/1238
f 2789/2789 2770/2770 2773/2773
f 1192/1192 2765/2765 1193/1193
f 2781/2781 2774/2774 2794/2794
f 1124/1124 2758/2758 1241/1241
f 1241/1241 2758/2758 2784/2784
f 1126/1126 1022/1022 1171/1171
f 2784/2784 1099/1099 2795/2795
f 2795/2795 1099/1099 2796/2796
f 2796/2796 1099/1099 1098/1098
f 2796/2796 1098/1098 1128/1128
f 1142/1142 1071/1071 1195/1195
f 1128/1128 1127/1127 2797/2797
f 1048/1048 1143/1143 2798/2798
f 1127/1127 2759/2759 2797/2797
f 2799/2799 2775/2775 2800/2800
f 2777/2777 1052/1052 1102/1102
f 2785/2785 2767/2767 2783/2783
f 2768/2768 2778/2778 2801/2801
f 2778/2778 1055/1055 2801/2801
f 2801/2801 1055/1055 1092/1092
f 2786/2786 1092/1092 2761/2761
f 1222/1222 2769/2769 2787/2787
f 2787/2787 1080/1080 1093/1093
f 1159/1159 1061/1061 1154/1154
f 1238/1238 2780/2780 2771/2771
f 2771/2771 2772/2772 1239/1239
f 1239/1239 2772/2772 2792/2792
f 1141/1141 1140/1140 2802/2802
f 2802/2802 1140/1140 2789/2789
f 1193/1193 2757/2757 2793/2793
f 2789/2789 2773/2773 2803/2803
f 2803/2803 2773/2773 2781/2781
f 2765/2765 2757/2757 1193/1193
f 2794/2794 2774/2774 2804/2804
f 2804/2804 2774/2774 1125/1125
f 1232/1232 1048/1048 2798/2798
f 2805/2805 2806/2806 2799/2799
f 2805/2805 2799/2799 2807/2807
f 1144/1144 1048/1048 1232/1232
f 2807/2807 2799/2799 2800/2800
f 2777/2777 1102/1102 2808/2808
f 2808/2808 1102/1102 2809/2809
f 1090/1090 1053/1053 1147/1147
f 1222/1222 2787/2787 1223/1223
f 2792/2792 2788/2788 2810/2810
f 2788/2788 1141/1141 2810/2810
f 1238/1238 2771/2771 1239/1239
f 2802/2802 2789/2789 2803/2803
f 2803/2803 2781/2781 2811/2811
f 1170/1170 1088/1088 2790/2790
f 1126/1126 1171/1171 1194/1194
f 2798/2798 1143/1143 1172/1172
f 2800/2800 2775/2775 2812/2812
f 1102/1102 2785/2785 2813/2813
f 1175/1175 1073/1073 1129/1129
f 2814/2814 2785/2785 2783/2783
f 2815/2815 2783/2783 2816/2816
f 2783/2783 1197/1197 2816/2816
f 2768/2768 2801/2801 2817/2817
f 2818/2818 1092/1092 2786/2786
f 2818/2818 2786/2786 1222/1222
f 2818/2818 1222/1222 1224/1224
f 2787/2787 1093/1093 1272/1272
f 1272/1272 1093/1093 2819/2819
f 1093/1093 2791/2791 2820/2820
f 2791/2791 2779/2779 2821/2821
f 2821/2821 2779/2779 1158/1158
f 2821/2821 1158/1158 1160/1160
f 2822/2822 2792/2792 2810/2810
f 2811/2811 2781/2781 2794/2794
f 1170/1170 2790/2790 2823/2823
f 1125/1125 1124/1124 1240/1240
f 2824/2824 1125/1125 1240/1240
f 2796/2796 1128/1128 2825/2825
f 2825/2825 1128/1128 2797/2797
f 1232/1232 2798/2798 1233/1233
f 2775/2775 2777/2777 2826/2826
f 2812/2812 2775/2775 2826/2826
f 2826/2826 2777/2777 2808/2808
f 2809/2809 1102/1102 2813/2813
f 2813/2813 2785/2785 2814/2814
f 2816/2816 1197/1197 1199/1199
f 1198/1198 2768/2768 2827/2827
f 2827/2827 2768/2768 2817/2817
f 2801/2801 1092/1092 2828/2828
f 1223/1223 2787/2787 1272/1272
f 2819/2819 1093/1093 2820/2820
f 2829/2829 2793/2793 1238/1238
f 2830/2830 2803/2803 2811/2811
f 2823/2823 2790/2790 2831/2831
f 2804/2804 1125/1125 2824/2824
f 1240/1240 1124/1124 1241/1241
f 2832/2832 2784/2784 2795/2795
f 1126/1126 1194/1194 1244/1244
f 1195/1195 1126/1126 1244/1244
f 2833/2833 2795/2795 2796/2796
f 2796/2796 2825/2825 2833/2833
f 2825/2825 2797/2797 2834/2834
f 1233/1233 2798/2798 1172/1172
f 2835/2835 2805/2805 2800/2800
f 2800/2800 2805/2805 2807/2807
f 2814/2814 2783/2783 2815/2815
f 2817/2817 2801/2801 1362/1362
f 1362/1362 2801/2801 2828/2828
f 2828/2828 1092/1092 2818/2818
f 2820/2820 2791/2791 2821/2821
f 1228/1228 1181/1181 1154/1154
f 1209/1209 1112/1112 1164/1164
f 1239/1239 2792/2792 2822/2822
f 2836/2836 2810/2810 1141/1141
f 1141/1141 2802/2802 2837/2837
f 2836/2836 1141/1141 2837/2837
f 2838/2838 2793/2793 2829/2829
f 2802/2802 2803/2803 2837/2837
f 1191/1191 1193/1193 2838/2838
f 1193/1193 2793/2793 2838/2838
f 2794/2794 2804/2804 2839/2839
f 2839/2839 2804/2804 2824/2824
f 2824/2824 1240/1240 1242/1242
f 2832/2832 1241/1241 2784/2784
f 2832/2832 2795/2795 2840/2840
f 1174/1174 1146/1146 1235/1235
f 2808/2808 2809/2809 2841/2841
f 1199/1199 1198/1198 1357/1357
f 1357/1357 1198/1198 2827/2827
f 2842/2842 2820/2820 2821/2821
f 2829/2829 1238/1238 1237/1237
f 2837/2837 2803/2803 2830/2830
f 2811/2811 2794/2794 2839/2839
f 1242/1242 1241/1241 2832/2832
f 2840/2840 2795/2795 2833/2833
f 1196/1196 1195/1195 1321/1321
f 1215/1215 1196/1196 1245/1245
f 1233/1233 1172/1172 1246/1246
f 1231/1231 1233/1233 1246/1246
f 2835/2835 2800/2800 2843/2843
f 1234/1234 1144/1144 1232/1232
f 2826/2826 2808/2808 2844/2844
f 2841/2841 2809/2809 2813/2813
f 2845/2845 2813/2813 2814/2814
f 1176/1176 1156/1156 1249/1249
f 2827/2827 2817/2817 1361/1361
f 2846/2846 2818/2818 1224/1224
f 2846/2846 1224/1224 2847/2847
f 1224/1224 1223/1223 2847/2847
f 2847/2847 1223/1223 1273/1273
f 2819/2819 2820/2820 2848/2848
f 2842/2842 2821/2821 1313/1313
f 1313/1313 2821/2821 1311/1311
f 1311/1311 2821/2821 1160/1160
f 1311/1311 1160/1160 1181/1181
f 1311/1311 1181/1181 1329/1329
f 1329/1329 1181/1181 1228/1228
f 2849/2849 2850/2850 2851/2851
f 1237/1237 1239/1239 2852/2852
f 2852/2852 1239/1239 2822/2822
f 1372/1372 2853/2853 2854/2854
f 2830/2830 2811/2811 2839/2839
f 2823/2823 2831/2831 2855/2855
f 1243/1243 1194/1194 1170/1170
f 1321/1321 1195/1195 1244/1244
f 2856/2856 2835/2835 2857/2857
f 1293/1293 1232/1232 1231/1231
f 2843/2843 2800/2800 2858/2858
f 2858/2858 2800/2800 2812/2812
f 2812/2812 2826/2826 2858/2858
f 2844/2844 2808/2808 2841/2841
f 2859/2859 2828/2828 2818/2818
f 2859/2859 2818/2818 2846/2846
f 1273/1273 1272/1272 2819/2819
f 2848/2848 2820/2820 2842/2842
f 1329/1329 1228/1228 1277/1277
f 1300/1300 1206/1206 1229/1229
f 2860/2860 2861/2861 2862/2862
f 2837/2837 2830/2830 2863/2863
f 1372/1372 2854/2854 1370/1370
f 2863/2863 2830/2830 2864/2864
f 2864/2864 2830/2830 2839/2839
f 2865/2865 2839/2839 2824/2824
f 1170/1170 2823/2823 2866/2866
f 2867/2867 2832/2832 2840/2840
f 2833/2833 2825/2825 2868/2868
f 2841/2841 2813/2813 2845/2845
f 2869/2869 2814/2814 2815/2815
f 2870/2870 1199/1199 1357/1357
f 2827/2827 1361/1361 1358/1358
f 1361/1361 2817/2817 1362/1362
f 1362/1362 2828/2828 2871/2871
f 2871/2871 2828/2828 2859/2859
f 2872/2872 2819/2819 2848/2848
f 1311/1311 1329/1329 1312/1312
f 2849/2849 2851/2851 2873/2873
f 2851/2851 2874/2874 2873/2873
f 2875/2875 2850/2850 2849/2849
f 2874/2874 2876/2876 2877/2877
f 2877/2877 2876/2876 2878/2878
f 2879/2879 2837/2837 2863/2863
f 1370/1370 2854/2854 2880/2880
f 2854/2854 2860/2860 2880/2880
f 2865/2865 2824/2824 1242/1242
f 1242/1242 2832/2832 2881/2881
f 1243/1243 1170/1170 2866/2866
f 2881/2881 2832/2832 2867/2867
f 1319/1319 1321/1321 1244/1244
f 2868/2868 2825/2825 2882/2882
f 1354/1354 1293/1293 1303/1303
f 1293/1293 1246/1246 1303/1303
f 2835/2835 2843/2843 2883/2883
f 1268/1268 1216/1216 1304/1304
f 2858/2858 2826/2826 1406/1406
f 2826/2826 2844/2844 1406/1406
f 2884/2884 2844/2844 2841/2841
f 2885/2885 2845/2845 2814/2814
f 2869/2869 2815/2815 2816/2816
f 2816/2816 1199/1199 2870/2870
f 1357/1357 2827/2827 1358/1358
f 2886/2886 2819/2819 2872/2872
f 2873/2873 2874/2874 2877/2877
f 2887/2887 2888/2888 2889/2889
f 2866/2866 2823/2823 2890/2890
f 2890/2890 2823/2823 2855/2855
f 2891/2891 1321/1321 1319/1319
f 1320/1320 1321/1321 2891/2891
f 2857/2857 2835/2835 2892/2892
f 2892/2892 2835/2835 2883/2883
f 1267/1267 1293/1293 1354/1354
f 1234/1234 1267/1267 1304/1304
f 2883/2883 2843/2843 2858/2858
f 2884/2884 1406/1406 2844/2844
f 1323/1323 1248/1248 1247/1247
f 2814/2814 2869/2869 2885/2885
f 2869/2869 2816/2816 2870/2870
f 2846/2846 2847/2847 2893/2893
f 2894/2894 2847/2847 1273/1273
f 2894/2894 1273/1273 2886/2886
f 2886/2886 1273/1273 2819/2819
f 1332/1332 1277/1277 1253/1253
f 2880/2880 2860/2860 2862/2862
f 1370/1370 2880/2880 1382/1382
f 2895/2895 2887/2887 2896/2896
f 2896/2896 2887/2887 2889/2889
f 2865/2865 1242/1242 2897/2897
f 2897/2897 1242/1242 2881/2881
f 2867/2867 2840/2840 2898/2898
f 2898/2898 2840/2840 2833/2833
f 2899/2899 2884/2884 2841/2841
f 2900/2900 2841/2841 2845/2845
f 2870/2870 1357/1357 1359/1359
f 2859/2859 2846/2846 2901/2901
f 2901/2901 2846/2846 2902/2902
f 2902/2902 2846/2846 2893/2893
f 2893/2893 2847/2847 2894/2894
f 2872/2872 2848/2848 2903/2903
f 2903/2903 2848/2848 2842/2842
f 2904/2904 1313/1313 1312/1312
f 1397/1397 1255/1255 1317/1317
f 2862/2862 2861/2861 2905/2905
f 2905/2905 2861/2861 2875/2875
f 2905/2905 2875/2875 2906/2906
f 2875/2875 2849/2849 2906/2906
f 2877/2877 2878/2878 2907/2907
f 2878/2878 2895/2895 2908/2908
f 1243/1243 2866/2866 2909/2909
f 2898/2898 2833/2833 2910/2910
f 2910/2910 2833/2833 2868/2868
f 2858/2858 1406/1406 1405/1405
f 2899/2899 2841/2841 2900/2900
f 2900/2900 2845/2845 2885/2885
f 1358/1358 1361/1361 1363/1363
f 1363/1363 1362/1362 2871/2871
f 2911/2911 2894/2894 2886/2886
f 2904/2904 2842/2842 1313/1313
f 2907/2907 2878/2878 2908/2908
f 2896/2896 2889/2889 2912/2912
f 2897/2897 2881/2881 2913/2913
f 2913/2913 2881/2881 2867/2867
f 2891/2891 1319/1319 1439/1439
f 2883/2883 2858/2858 2914/2914
f 2914/2914 2858/2858 1405/1405
f 2869/2869 2870/2870 2915/2915
f 2870/2870 1359/1359 2916/2916
f 2871/2871 2859/2859 2917/2917
f 2917/2917 2859/2859 2901/2901
f 2886/2886 2872/2872 2903/2903
f 2918/2918 2903/2903 2842/2842
f 2918/2918 2842/2842 2904/2904
f 2919/2919 1312/1312 1368/1368
f 1330/1330 1277/1277 1453/1453
f 2849/2849 2873/2873 1493/1493
f 2873/2873 2877/2877 2920/2920
f 2908/2908 2895/2895 2896/2896
f 2921/2921 1372/1372 1371/1371
f 2922/2922 2865/2865 2897/2897
f 2909/2909 2866/2866 2923/2923
f 2923/2923 2866/2866 2890/2890
f 1319/1319 1243/1243 2909/2909
f 2924/2924 2925/2925 2926/2926
f 2927/2927 2857/2857 1433/1433
f 1433/1433 2857/2857 2892/2892
f 2900/2900 2885/2885 2928/2928
f 2885/2885 2869/2869 2928/2928
f 1358/1358 1363/1363 2929/2929
f 2930/2930 1363/1363 2871/2871
f 2893/2893 2894/2894 2931/2931
f 2932/2932 2886/2886 2903/2903
f 2919/2919 2904/2904 1312/1312
f 1368/1368 1330/1330 1453/1453
f 1453/1453 1277/1277 1376/1376
f 1290/1290 1289/1289 1403/1403
f 2906/2906 2849/2849 1493/1493
f 2877/2877 2907/2907 2920/2920
f 1437/1437 1319/1319 2909/2909
f 1320/1320 2891/2891 1439/1439
f 1354/1354 1303/1303 2933/2933
f 1434/1434 2892/2892 2883/2883
f 1434/1434 2883/2883 2914/2914
f 1407/1407 1406/1406 2884/2884
f 1435/1435 1324/1324 1373/1373
f 2915/2915 2870/2870 2916/2916
f 1359/1359 1358/1358 2929/2929
f 2931/2931 2902/2902 2893/2893
f 2934/2934 2894/2894 2911/2911
f 2932/2932 2903/2903 2918/2918
f 2935/2935 2906/2906 1493/1493
f 1493/1493 2873/2873 2936/2936
f 2936/2936 2873/2873 2920/2920
f 1382/1382 2880/2880 2862/2862
f 2937/2937 2862/2862 2905/2905
f 2907/2907 2908/2908 2938/2938
f 2912/2912 2908/2908 2896/2896
f 2912/2912 2939/2939 2940/2940
f 2940/2940 2939/2939 2941/2941
f 2942/2942 2921/2921 1371/1371
f 2941/2941 2939/2939 2943/2943
f 2944/2944 2943/2943 2925/2925
f 2944/2944 2925/2925 2924/2924
f 1439/1439 1319/1319 1437/1437
f 2945/2945 2946/2946 2927/2927
f 2945/2945 2927/2927 1433/1433
f 1479/1479 1354/1354 2933/2933
f 1433/1433 2892/2892 1434/1434
f 1479/1479 1355/1355 1354/1354
f 1404/1404 1355/1355 1479/1479
f 1322/1322 1356/1356 1441/1441
f 2928/2928 2869/2869 2947/2947
f 2869/2869 2915/2915 2947/2947
f 2916/2916 1359/1359 2948/2948
f 2948/2948 1359/1359 2929/2929
f 2930/2930 2871/2871 2917/2917
f 2901/2901 2902/2902 1550/1550
f 1550/1550 2902/2902 2931/2931
f 2931/2931 2894/2894 2934/2934
f 2911/2911 2886/2886 2932/2932
f 1471/1471 2919/2919 1368/1368
f 1420/1420 1290/1290 1403/1403
f 2905/2905 2906/2906 2935/2935
f 2949/2949 2921/2921 2942/2942
f 1564/1564 2909/2909 2923/2923
f 1437/1437 2909/2909 1564/1564
f 2950/2950 2924/2924 2926/2926
f 2950/2950 2926/2926 2951/2951
f 2950/2950 2951/2951 2952/2952
f 2952/2952 2951/2951 2953/2953
f 2933/2933 1303/1303 1353/1353
f 1384/1384 1304/1304 1383/1383
f 1521/1521 2884/2884 2899/2899
f 2899/2899 2900/2900 2954/2954
f 2900/2900 2928/2928 2954/2954
f 2955/2955 2915/2915 2916/2916
f 2918/2918 2904/2904 2919/2919
f 2937/2937 2905/2905 2956/2956
f 2956/2956 2905/2905 2935/2935
f 1382/1382 2862/2862 2937/2937
f 2957/2957 1382/1382 2937/2937
f 2958/2958 2907/2907 2938/2938
f 1371/1371 1382/1382 2957/2957
f 2938/2938 2908/2908 2959/2959
f 2959/2959 2908/2908 2912/2912
f 2959/2959 2912/2912 2960/2960
f 2923/2923 2890/2890 2961/2961
f 2941/2941 2943/2943 2962/2962
f 2962/2962 2943/2943 2944/2944
f 1320/1320 1439/1439 1440/1440
f 2933/2933 1353/1353 1431/1431
f 2963/2963 2914/2914 1405/1405
f 2963/2963 1405/1405 1407/1407
f 1407/1407 2884/2884 1521/1521
f 2947/2947 2915/2915 2955/2955
f 2964/2964 2931/2931 2934/2934
f 2965/2965 2911/2911 2966/2966
f 2966/2966 2911/2911 2932/2932
f 2919/2919 1471/1471 1636/1636
f 1470/1470 1368/1368 1453/1453
f 1428/1428 1378/1378 1475/1475
f 1491/1491 1493/1493 2936/2936
f 2920/2920 2907/2907 2958/2958
f 1541/1541 1371/1371 2957/2957
f 2942/2942 1371/1371 1541/1541
f 2960/2960 2912/2912 2940/2940
f 1564/1564 2923/2923 2961/2961
f 1438/1438 1437/1437 1564/1564
f 2944/2944 2924/2924 2950/2950
f 1463/1463 1439/1439 1438/1438
f 2945/2945 1433/1433 2967/2967
f 1479/1479 2933/2933 1480/1480
f 1404/1404 1479/1479 1481/1481
f 1597/1597 2914/2914 2963/2963
f 2968/2968 2899/2899 2954/2954
f 2955/2955 2916/2916 2969/2969
f 2969/2969 2916/2916 2948/2948
f 2929/2929 1363/1363 2970/2970
f 2970/2970 1363/1363 2930/2930
f 2970/2970 2930/2930 2971/2971
f 2971/2971 2930/2930 2917/2917
f 1549/1549 2917/2917 2901/2901
f 1549/1549 2901/2901 1550/1550
f 1550/1550 2931/2931 1632/1632
f 2934/2934 2911/2911 2965/2965
f 1635/1635 2932/2932 2918/2918
f 1633/1633 2918/2918 2919/2919
f 1473/1473 1428/1428 1475/1475
f 2956/2956 2935/2935 1492/1492
f 2960/2960 2940/2940 1542/1542
f 2967/2967 1433/1433 1432/1432
f 1432/1432 1434/1434 2972/2972
f 2972/2972 1434/1434 1596/1596
f 1434/1434 2914/2914 1596/1596
f 1596/1596 2914/2914 1597/1597
f 1520/1520 2963/2963 1407/1407
f 1521/1521 2899/2899 2973/2973
f 2973/2973 2899/2899 2968/2968
f 2954/2954 2928/2928 2974/2974
f 2928/2928 2947/2947 2974/2974
f 1632/1632 2931/2931 2964/2964
f 2966/2966 2932/2932 1635/1635
f 1635/1635 2918/2918 1633/1633
f 1633/1633 2919/2919 1636/1636
f 1484/1484 1376/1376 1414/1414
f 1456/1456 1398/1398 1490/1490
f 2957/2957 2937/2937 2975/2975
f 2975/2975 2937/2937 2976/2976
f 2935/2935 1493/1493 1492/1492
f 2936/2936 2920/2920 2977/2977
f 2958/2958 2938/2938 2959/2959
f 2978/2978 2942/2942 1541/1541
f 1542/1542 2940/2940 2979/2979
f 2979/2979 2940/2940 2941/2941
f 2941/2941 2962/2962 2980/2980
f 2962/2962 2944/2944 2981/2981
f 2945/2945 2967/2967 2982/2982
f 2983/2983 1431/1431 1494/1494
f 2933/2933 1431/1431 2983/2983
f 2968/2968 2954/2954 2974/2974
f 2984/2984 2947/2947 2955/2955
f 1471/1471 1470/1470 1558/1558
f 1470/1470 1452/1452 1531/1531
f 1472/1472 1456/1456 1570/1570
f 1491/1491 2936/2936 2977/2977
f 2976/2976 2937/2937 2956/2956
f 2977/2977 2920/2920 2958/2958
f 2979/2979 2941/2941 2985/2985
f 2949/2949 2942/2942 2978/2978
f 1563/1563 1438/1438 1564/1564
f 2986/2986 1438/1438 1563/1563
f 1624/1624 2944/2944 2950/2950
f 1624/1624 2950/2950 2952/2952
f 2987/2987 2952/2952 2953/2953
f 1480/1480 2933/2933 2983/2983
f 1506/1506 1404/1404 1481/1481
f 1520/1520 1407/1407 1521/1521
f 1386/1386 1443/1443 1523/1523
f 2974/2974 2947/2947 2984/2984
f 2988/2988 2955/2955 2969/2969
f 2971/2971 2917/2917 1549/1549
f 2964/2964 2934/2934 1630/1630
f 1636/1636 1471/1471 1558/1558
f 1539/1539 2957/2957 2975/2975
f 2977/2977 2958/2958 2989/2989
f 1541/1541 2957/2957 1539/1539
f 2978/2978 1541/1541 1540/1540
f 2985/2985 2941/2941 2980/2980
f 1564/1564 2961/2961 1562/1562
f 1562/1562 2961/2961 2990/2990
f 2981/2981 2944/2944 1624/1624
f 1565/1565 1463/1463 2986/2986
f 2986/2986 1463/1463 1438/1438
f 1440/1440 1463/1463 1565/1565
f 2984/2984 2955/2955 2991/2991
f 2991/2991 2955/2955 2988/2988
f 2969/2969 2948/2948 2992/2992
f 2993/2993 2948/2948 2929/2929
f 2994/2994 1550/1550 1632/1632
f 1632/1632 2964/2964 1630/1630
f 1630/1630 2934/2934 2965/2965
f 1630/1630 2965/2965 1659/1659
f 1659/1659 2965/2965 2966/2966
f 1530/1530 1452/1452 1484/1484
f 1570/1570 1456/1456 1490/1490
f 2956/2956 1492/1492 2995/2995
f 2995/2995 1492/1492 1621/1621
f 1621/1621 1492/1492 1491/1491
f 1491/1491 2977/2977 2996/2996
f 1622/1622 1491/1491 2996/2996
f 2959/2959 2960/2960 1544/1544
f 2960/2960 1542/1542 1544/1544
f 1624/1624 2952/2952 2997/2997
f 2952/2952 2987/2987 2997/2997
f 1480/1480 2983/2983 1594/1594
f 2967/2967 1432/1432 2998/2998
f 1546/1546 1480/1480 1594/1594
f 2998/2998 1432/1432 2972/2972
f 2998/2998 2972/2972 1596/1596
f 1507/1507 1464/1464 1506/1506
f 1597/1597 2963/2963 1520/1520
f 1522/1522 1521/1521 2999/2999
f 2999/2999 1521/1521 2973/2973
f 2988/2988 2969/2969 2992/2992
f 2992/2992 2948/2948 2993/2993
f 2929/2929 2970/2970 2993/2993
f 1551/1551 1550/1550 2994/2994
f 1470/1470 1531/1531 1557/1557
f 1517/1517 1476/1476 1561/1561
f 2976/2976 2956/2956 2995/2995
f 1621/1621 1491/1491 1622/1622
f 1543/1543 1542/1542 2979/2979
f 2980/2980 2962/2962 2981/2981
f 2983/2983 1494/1494 1545/1545
f 3000/3000 2970/2970 2971/2971
f 1637/1637 1636/1636 1558/1558
f 3001/3001 2975/2975 2976/2976
f 2996/2996 2977/2977 2989/2989
f 1713/1713 2989/2989 2958/2958
f 2958/2958 2959/2959 1713/1713
f 1713/1713 2959/2959 1544/1544
f 3002/3002 2979/2979 2985/2985
f 2985/2985 2980/2980 3003/3003
f 2986/2986 1563/1563 3004/3004
f 1623/1623 2981/2981 1624/1624
f 2982/2982 2967/2967 3005/3005
f 3005/3005 2967/2967 2998/2998
f 3006/3006 2998/2998 1596/1596
f 1597/1597 1520/1520 3007/3007
f 3008/3008 1520/1520 1522/1522
f 1522/1522 2999/2999 3009/3009
f 2973/2973 2968/2968 3010/3010
f 2968/2968 2974/2974 3011/3011
f 3011/3011 2974/2974 2984/2984
f 2988/2988 2992/2992 3012/3012
f 3000/3000 2993/2993 2970/2970
f 3013/3013 2971/2971 1549/1549
f 3013/3013 1549/1549 3014/3014
f 3014/3014 1549/1549 1551/1551
f 3015/3015 1659/1659 2966/2966
f 1637/1637 1558/1558 1584/1584
f 1539/1539 2975/2975 3001/3001
f 1543/1543 2979/2979 3016/3016
f 2978/2978 1540/1540 3017/3017
f 3016/3016 2979/2979 3002/3002
f 3018/3018 2978/2978 3017/3017
f 3019/3019 2978/2978 3018/3018
f 3002/3002 2985/2985 3003/3003
f 3004/3004 1563/1563 1562/1562
f 2983/2983 1545/1545 3020/3020
f 1594/1594 2983/2983 1595/1595
f 3021/3021 2982/2982 3005/3005
f 1481/1481 1546/1546 1577/1577
f 1599/1599 1506/1506 1577/1577
f 3007/3007 1520/1520 3008/3008
f 3022/3022 2973/2973 3010/3010
f 3010/3010 2968/2968 3011/3011
f 3023/3023 2984/2984 2991/2991
f 2991/2991 2988/2988 3012/3012
f 3012/3012 2992/2992 3024/3024
f 2994/2994 1632/1632 3025/3025
f 1631/1631 1630/1630 1659/1659
f 3015/3015 2966/2966 1635/1635
f 1633/1633 1636/1636 1638/1638
f 1611/1611 3026/3026 1499/1499
f 3027/3027 1539/1539 3001/3001
f 2980/2980 2981/2981 3003/3003
f 1625/1625 1624/1624 2997/2997
f 2997/2997 2987/2987 3028/3028
f 1545/1545 1565/1565 1684/1684
f 1595/1595 2983/2983 3020/3020
f 3006/3006 1596/1596 1598/1598
f 1598/1598 1597/1597 3007/3007
f 3008/3008 1522/1522 3009/3009
f 2999/2999 2973/2973 3022/3022
f 3011/3011 2984/2984 3023/3023
f 3024/3024 2992/2992 2993/2993
f 3000/3000 2971/2971 3013/3013
f 3025/3025 1632/1632 1631/1631
f 3015/3015 1635/1635 1634/1634
f 1585/1585 1530/1530 1676/1676
f 3029/3029 2976/2976 2995/2995
f 2996/2996 2989/2989 1712/1712
f 3030/3030 1539/1539 3027/3027
f 3018/3018 3017/3017 3031/3031
f 3032/3032 3019/3019 3018/3018
f 3004/3004 1562/1562 3033/3033
f 3003/3003 2981/2981 3034/3034
f 3034/3034 2981/2981 1623/1623
f 1565/1565 2986/2986 1682/1682
f 1684/1684 1565/1565 1682/1682
f 3020/3020 1545/1545 1684/1684
f 1577/1577 1546/1546 1669/1669
f 3035/3035 1584/1584 1557/1557
f 3035/3035 1557/1557 1585/1585
f 3036/3036 3001/3001 2976/2976
f 3036/3036 2976/2976 3029/3029
f 2995/2995 1621/1621 1620/1620
f 3030/3030 1540/1540 1539/1539
f 3017/3017 1540/1540 3030/3030
f 1713/1713 1544/1544 3037/3037
f 3037/3037 1544/1544 1543/1543
f 3038/3038 1543/1543 3016/3016
f 3006/3006 3005/3005 2998/2998
f 3006/3006 1598/1598 3039/3039
f 1640/1640 1599/1599 1652/1652
f 1598/1598 3007/3007 3040/3040
f 3041/3041 3008/3008 3009/3009
f 3042/3042 3010/3010 3043/3043
f 3010/3010 3011/3011 3043/3043
f 3023/3023 2991/2991 3044/3044
f 2991/2991 3012/3012 3044/3044
f 3044/3044 3012/3012 3024/3024
f 3045/3045 3013/3013 3014/3014
f 3014/3014 1551/1551 3046/3046
f 1551/1551 2994/2994 3046/3046
f 3046/3046 2994/2994 3025/3025
f 3025/3025 1631/1631 1658/1658
f 1658/1658 1631/1631 1659/1659
f 1657/1657 1659/1659 3015/3015
f 1752/1752 3015/3015 1634/1634
f 1634/1634 1633/1633 3047/3047
f 3047/3047 1633/1633 1638/1638
f 1638/1638 1637/1637 1675/1675
f 1712/1712 2989/2989 1713/1713
f 2986/2986 3004/3004 3048/3048
f 1682/1682 2986/2986 3048/3048
f 1625/1625 2997/2997 3049/3049
f 3049/3049 2997/2997 3028/3028
f 3050/3050 3020/3020 1684/1684
f 3050/3050 1684/1684 1683/1683
f 1685/1685 3020/3020 3050/3050
f 1595/1595 3020/3020 1685/1685
f 3021/3021 3005/3005 3051/3051
f 3051/3051 3005/3005 3006/3006
f 1669/1669 1546/1546 1651/1651
f 3039/3039 1598/1598 3040/3040
f 3007/3007 3008/3008 3041/3041
f 1626/1626 1578/1578 1670/1670
f 3041/3041 3009/3009 3052/3052
f 3009/3009 2999/2999 3053/3053
f 1686/1686 1567/1567 1626/1626
f 2999/2999 3022/3022 3054/3054
f 3042/3042 3022/3022 3010/3010
f 3043/3043 3011/3011 3023/3023
f 3044/3044 3024/3024 3055/3055
f 3055/3055 3024/3024 2993/2993
f 3055/3055 2993/2993 3056/3056
f 3056/3056 2993/2993 3000/3000
f 3056/3056 3000/3000 3045/3045
f 3000/3000 3013/3013 3045/3045
f 1620/1620 1622/1622 1694/1694
f 1694/1694 1622/1622 2996/2996
f 3027/3027 3001/3001 3057/3057
f 3029/3029 2995/2995 1695/1695
f 2995/2995 1620/1620 1695/1695
f 1714/1714 1713/1713 3037/3037
f 3017/3017 3030/3030 3058/3058
f 3031/3031 3017/3017 3058/3058
f 3059/3059 3018/3018 3031/3031
f 3016/3016 3002/3002 3060/3060
f 3060/3060 3002/3002 3003/3003
f 3059/3059 3032/3032 3018/3018
f 3061/3061 3003/3003 3034/3034
f 3034/3034 1623/1623 1625/1625
f 3034/3034 1625/1625 3049/3049
f 1805/1805 1682/1682 3048/3048
f 3052/3052 3009/3009 3053/3053
f 3053/3053 2999/2999 3054/3054
f 3043/3043 3023/3023 3062/3062
f 3062/3062 3023/3023 3044/3044
f 3063/3063 3025/3025 1658/1658
f 1754/1754 1657/1657 3015/3015
f 1754/1754 3015/3015 1752/1752
f 1752/1752 1634/1634 3047/3047
f 3064/3064 1638/1638 1675/1675
f 1717/1717 1716/1716 3065/3065
f 3057/3057 3001/3001 3036/3036
f 1694/1694 2996/2996 3066/3066
f 3030/3030 3027/3027 3057/3057
f 3037/3037 1543/1543 3067/3067
f 3067/3067 1543/1543 3038/3038
f 3068/3068 3032/3032 3059/3059
f 3004/3004 3033/3033 3069/3069
f 3048/3048 3004/3004 3069/3069
f 3006/3006 3039/3039 3070/3070
f 1652/1652 1669/1669 1741/1741
f 3040/3040 3007/3007 3071/3071
f 3071/3071 3007/3007 3041/3041
f 3054/3054 3022/3022 3042/3042
f 1627/1627 1653/1653 1696/1696
f 3072/3072 3062/3062 3044/3044
f 3046/3046 3025/3025 3063/3063
f 3064/3064 1675/1675 3073/3073
f 3074/3074 1584/1584 3035/3035
f 3057/3057 3036/3036 3075/3075
f 3075/3075 3036/3036 3076/3076
f 3036/3036 3029/3029 3076/3076
f 3076/3076 3029/3029 1695/1695
f 3077/3077 3030/3030 3057/3057
f 3066/3066 2996/2996 1712/1712
f 3078/3078 3058/3058 3030/3030
f 3079/3079 3038/3038 3016/3016
f 3060/3060 3003/3003 3061/3061
f 1683/1683 1682/1682 1805/1805
f 3051/3051 3006/3006 3080/3080
f 3080/3080 3006/3006 3070/3070
f 3039/3039 3040/3040 3081/3081
f 1670/1670 1640/1640 1765/1765
f 3047/3047 1638/1638 3064/3064
f 3076/3076 1695/1695 3082/3082
f 3075/3075 3077/3077 3057/3057
f 3078/3078 3030/3030 3077/3077
f 3031/3031 3058/3058 3078/3078
f 3059/3059 3031/3031 3083/3083
f 3068/3068 3059/3059 3083/3083
f 3061/3061 3034/3034 3084/3084
f 3034/3034 3049/3049 3085/3085
f 3085/3085 3049/3049 3086/3086
f 3087/3087 3021/3021 3051/3051
f 3088/3088 1651/1651 1685/1685
f 3089/3089 3051/3051 3080/3080
f 1765/1765 1640/1640 1728/1728
f 3053/3053 3054/3054 3090/3090
f 3044/3044 3055/3055 3091/3091
f 3092/3092 3044/3044 3091/3091
f 3055/3055 3056/3056 3093/3093
f 3056/3056 3045/3045 3094/3094
f 3094/3094 3045/3045 3014/3014
f 3095/3095 3014/3014 3046/3046
f 1755/1755 1717/1717 1757/1757
f 1757/1757 1717/1717 1719/1719
f 3096/3096 3075/3075 3076/3076
f 3082/3082 1695/1695 3097/3097
f 3097/3097 1695/1695 1694/1694
f 1714/1714 3037/3037 3098/3098
f 3098/3098 3037/3037 3067/3067
f 3083/3083 3031/3031 3099/3099
f 3031/3031 3078/3078 3099/3099
f 3079/3079 3016/3016 3060/3060
f 3084/3084 3034/3034 3085/3085
f 3100/3100 1683/1683 1805/1805
f 3086/3086 3049/3049 3101/3101
f 3050/3050 1683/1683 3100/3100
f 3102/3102 3050/3050 3100/3100
f 3101/3101 3049/3049 3028/3028
f 3088/3088 1685/1685 3050/3050
f 3087/3087 3051/3051 3089/3089
f 1727/1727 1651/1651 3088/3088
f 3103/3103 3070/3070 3039/3039
f 3040/3040 3071/3071 3081/3081
f 1743/1743 1653/1653 1729/1729
f 3054/3054 3042/3042 3104/3104
f 3042/3042 3043/3043 3105/3105
f 3104/3104 3042/3042 3105/3105
f 3105/3105 3043/3043 3062/3062
f 3072/3072 3044/3044 3092/3092
f 3091/3091 3055/3055 3093/3093
f 3093/3093 3056/3056 3094/3094
f 3094/3094 3014/3014 3095/3095
f 3095/3095 3046/3046 3106/3106
f 3106/3106 3046/3046 3063/3063
f 3107/3107 3063/3063 1658/1658
f 3107/3107 1658/1658 1754/1754
f 1754/1754 1658/1658 1657/1657
f 1753/1753 1752/1752 3047/3047
f 1753/1753 3047/3047 3108/3108
f 3108/3108 3047/3047 3064/3064
f 1707/1707 1665/1665 1764/1764
f 3077/3077 3075/3075 3096/3096
f 3109/3109 3076/3076 3082/3082
f 1694/1694 3066/3066 3110/3110
f 1712/1712 1714/1714 3111/3111
f 3067/3067 3038/3038 3079/3079
f 3112/3112 3083/3083 3099/3099
f 3068/3068 3083/3083 3112/3112
f 3113/3113 3048/3048 3069/3069
f 3100/3100 1805/1805 1807/1807
f 3088/3088 3050/3050 3102/3102
f 3103/3103 3039/3039 3081/3081
f 3103/3103 3081/3081 3114/3114
f 3115/3115 3077/3077 3096/3096
f 3096/3096 3076/3076 3109/3109
f 3116/3116 3082/3082 3097/3097
f 3117/3117 3078/3078 3077/3077
f 3097/3097 1694/1694 3110/3110
f 3066/3066 1712/1712 3111/3111
f 3099/3099 3078/3078 3118/3118
f 3118/3118 3078/3078 3117/3117
f 3098/3098 3067/3067 3119/3119
f 3079/3079 3060/3060 3120/3120
f 3120/3120 3060/3060 3121/3121
f 3121/3121 3060/3060 3061/3061
f 3122/3122 3068/3068 3112/3112
f 1805/1805 3048/3048 3113/3113
f 3086/3086 3101/3101 3123/3123
f 3124/3124 3088/3088 3102/3102
f 3080/3080 3070/3070 3125/3125
f 3125/3125 3070/3070 3103/3103
f 1728/1728 1741/1741 1778/1778
f 3126/3126 3081/3081 3071/3071
f 3090/3090 3054/3054 3127/3127
f 3127/3127 3054/3054 3104/3104
f 3128/3128 3062/3062 3072/3072
f 3129/3129 3095/3095 3130/3130
f 3063/3063 3107/3107 3131/3131
f 3107/3107 1754/1754 3132/3132
f 3133/3133 3096/3096 3109/3109
f 3117/3117 3077/3077 3115/3115
f 3110/3110 3066/3066 3111/3111
f 3111/3111 1714/1714 3098/3098
f 3119/3119 3067/3067 3079/3079
f 3134/3134 3079/3079 3120/3120
f 3112/3112 3099/3099 3118/3118
f 3121/3121 3061/3061 3135/3135
f 3113/3113 3069/3069 3136/3136
f 3135/3135 3061/3061 3084/3084
f 3085/3085 3086/3086 3137/3137
f 3137/3137 3086/3086 3123/3123
f 3123/3123 3101/3101 3138/3138
f 3138/3138 3101/3101 3139/3139
f 3140/3140 3089/3089 3141/3141
f 3141/3141 3089/3089 3080/3080
f 1777/1777 1741/1741 1727/1727
f 3126/3126 3114/3114 3081/3081
f 3041/3041 3052/3052 3142/3142
f 3052/3052 3053/3053 3142/3142
f 3143/3143 3090/3090 3127/3127
f 3105/3105 3062/3062 3128/3128
f 3092/3092 3091/3091 3144/3144
f 3094/3094 3095/3095 3129/3129
f 3095/3095 3106/3106 3130/3130
f 3130/3130 3106/3106 3063/3063
f 1895/1895 3107/3107 3132/3132
f 3132/3132 1754/1754 3145/3145
f 1754/1754 1753/1753 3145/3145
f 3146/3146 3147/3147 3148/3148
f 3148/3148 3147/3147 3149/3149
f 3149/3149 1718/1718 3150/3150
f 3148/3148 3149/3149 3150/3150
f 3150/3150 1718/1718 1755/1755
f 1794/1794 1707/1707 1764/1764
f 1776/1776 1798/1798 1739/1739
f 3133/3133 3115/3115 3096/3096
f 3109/3109 3082/3082 3116/3116
f 3097/3097 3110/3110 3151/3151
f 3119/3119 3079/3079 3134/3134
f 3102/3102 3100/3100 1807/1807
f 1727/1727 3088/3088 3124/3124
f 3141/3141 3080/3080 3125/3125
f 3125/3125 3103/3103 3114/3114
f 3071/3071 3041/3041 3152/3152
f 3152/3152 3041/3041 3142/3142
f 3053/3053 3090/3090 3143/3143
f 3091/3091 3093/3093 3153/3153
f 3153/3153 3093/3093 3154/3154
f 3154/3154 3093/3093 3094/3094
f 3094/3094 3155/3155 3154/3154
f 3155/3155 3094/3094 3129/3129
f 3130/3130 3063/3063 3131/3131
f 3131/3131 3107/3107 1895/1895
f 3145/3145 1753/1753 3156/3156
f 3157/3157 3146/3146 3148/3148
f 1767/1767 1720/1720 1787/1787
f 1770/1770 1759/1759 1804/1804
f 3116/3116 3097/3097 3151/3151
f 3110/3110 3111/3111 3158/3158
f 1806/1806 1805/1805 3113/3113
f 3159/3159 3084/3084 3085/3085
f 1832/1832 3102/3102 1807/1807
f 3124/3124 3102/3102 3160/3160
f 1833/1833 1727/1727 3124/3124
f 1777/1777 1727/1727 1833/1833
f 3126/3126 3071/3071 3161/3161
f 3142/3142 3053/3053 3162/3162
f 1808/1808 1729/1729 1742/1742
f 3053/3053 3143/3143 3162/3162
f 3144/3144 3091/3091 3153/3153
f 3163/3163 1755/1755 1786/1786
f 3133/3133 3109/3109 3164/3164
f 3164/3164 3109/3109 3116/3116
f 3164/3164 3116/3116 3165/3165
f 3151/3151 3110/3110 3158/3158
f 3135/3135 3084/3084 3166/3166
f 3159/3159 3085/3085 3137/3137
f 3160/3160 3102/3102 1832/1832
f 3141/3141 3125/3125 3167/3167
f 3125/3125 3114/3114 3126/3126
f 3161/3161 3071/3071 3168/3168
f 3168/3168 3071/3071 3152/3152
f 3169/3169 3142/3142 3162/3162
f 1730/1730 1743/1743 1825/1825
f 1826/1826 1730/1730 1825/1825
f 1809/1809 1731/1731 1768/1768
f 3153/3153 3154/3154 3170/3170
f 3170/3170 3154/3154 3171/3171
f 3171/3171 3154/3154 3155/3155
f 3172/3172 3145/3145 3156/3156
f 3150/3150 1755/1755 3163/3163
f 3115/3115 3133/3133 3173/3173
f 3173/3173 3133/3133 3164/3164
f 3111/3111 3098/3098 3174/3174
f 3174/3174 3098/3098 3119/3119
f 3119/3119 3134/3134 3175/3175
f 3112/3112 3118/3118 3176/3176
f 3122/3122 3112/3112 3176/3176
f 3113/3113 3136/3136 3177/3177
f 3166/3166 3084/3084 3159/3159
f 3140/3140 3141/3141 3178/3178
f 3178/3178 3141/3141 3167/3167
f 1778/1778 1777/1777 1834/1834
f 3125/3125 3126/3126 3179/3179
f 3179/3179 3126/3126 3180/3180
f 3180/3180 3126/3126 3161/3161
f 3127/3127 3104/3104 3181/3181
f 3104/3104 3105/3105 3182/3182
f 3181/3181 3104/3104 3182/3182
f 3182/3182 3105/3105 3128/3128
f 3183/3183 3144/3144 3153/3153
f 3155/3155 3129/3129 3184/3184
f 3171/3171 3155/3155 3184/3184
f 3129/3129 3130/3130 3184/3184
f 3185/3185 3148/3148 3150/3150
f 3117/3117 3115/3115 3186/3186
f 3186/3186 3115/3115 3173/3173
f 3116/3116 3151/3151 3187/3187
f 3187/3187 3151/3151 3158/3158
f 3188/3188 3118/3118 3117/3117
f 3189/3189 3120/3120 3121/3121
f 3190/3190 3122/3122 3176/3176
f 3189/3189 3121/3121 3135/3135
f 3190/3190 3191/3191 3122/3122
f 3192/3192 3135/3135 3166/3166
f 1806/1806 3113/3113 3193/3193
f 3159/3159 3137/3137 3194/3194
f 3194/3194 3137/3137 3123/3123
f 3167/3167 3125/3125 3179/3179
f 3168/3168 3152/3152 3195/3195
f 3143/3143 3127/3127 3196/3196
f 3127/3127 3181/3181 3196/3196
f 3128/3128 3072/3072 3197/3197
f 3072/3072 3092/3092 3197/3197
f 3184/3184 3130/3130 3198/3198
f 1895/1895 3132/3132 3199/3199
f 3172/3172 3132/3132 3145/3145
f 3163/3163 1786/1786 1858/1858
f 1770/1770 1804/1804 1860/1860
f 3165/3165 3116/3116 3187/3187
f 3158/3158 3111/3111 3174/3174
f 3174/3174 3119/3119 3175/3175
f 3134/3134 3120/3120 3175/3175
f 3176/3176 3118/3118 3188/3188
f 3175/3175 3120/3120 3189/3189
f 3189/3189 3135/3135 3192/3192
f 3193/3193 3113/3113 3177/3177
f 3123/3123 3138/3138 3200/3200
f 3195/3195 3152/3152 3169/3169
f 3152/3152 3142/3142 3169/3169
f 3182/3182 3128/3128 3197/3197
f 3197/3197 3092/3092 3144/3144
f 3197/3197 3144/3144 3183/3183
f 3170/3170 3183/3183 3153/3153
f 3198/3198 3130/3130 1897/1897
f 1897/1897 3130/3130 3131/3131
f 1897/1897 3131/3131 1895/1895
f 3132/3132 3172/3172 3199/3199
f 3172/3172 3156/3156 1992/1992
f 3157/3157 3148/3148 3201/3201
f 3201/3201 3148/3148 3185/3185
f 1770/1770 1857/1857 1786/1786
f 1853/1853 1801/1801 1840/1840
f 3165/3165 3187/3187 3202/3202
f 3188/3188 3117/3117 3186/3186
f 3187/3187 3158/3158 3203/3203
f 3158/3158 3174/3174 3203/3203
f 1909/1909 1806/1806 3193/3193
f 1832/1832 1806/1806 1909/1909
f 3160/3160 1832/1832 1908/1908
f 1908/1908 1832/1832 1909/1909
f 3194/3194 3123/3123 3204/3204
f 3205/3205 3124/3124 3160/3160
f 3205/3205 1833/1833 3124/3124
f 3204/3204 3123/3123 3206/3206
f 3206/3206 3123/3123 3200/3200
f 3207/3207 3178/3178 3167/3167
f 3207/3207 3167/3167 3208/3208
f 3208/3208 3167/3167 3179/3179
f 3209/3209 3162/3162 3143/3143
f 3209/3209 3143/3143 3196/3196
f 3171/3171 3184/3184 3210/3210
f 3185/3185 3150/3150 3163/3163
f 3211/3211 1772/1772 1817/1817
f 1818/1818 1849/1849 1866/1866
f 3212/3212 3173/3173 3164/3164
f 3212/3212 3164/3164 3213/3213
f 3213/3213 3164/3164 3165/3165
f 3214/3214 3186/3186 3173/3173
f 3215/3215 3176/3176 3188/3188
f 3216/3216 3175/3175 3189/3189
f 3217/3217 3192/3192 3166/3166
f 3218/3218 3191/3191 1977/1977
f 3205/3205 3160/3160 1908/1908
f 3219/3219 1833/1833 3205/3205
f 3206/3206 3200/3200 3220/3220
f 1870/1870 1833/1833 3219/3219
f 1870/1870 1834/1834 1833/1833
f 1870/1870 1778/1778 1834/1834
f 3179/3179 3180/3180 3221/3221
f 3222/3222 3180/3180 3161/3161
f 3222/3222 3161/3161 3223/3223
f 3161/3161 3168/3168 3223/3223
f 3209/3209 3169/3169 3162/3162
f 3224/3224 3181/3181 3182/3182
f 3225/3225 3182/3182 3197/3197
f 3225/3225 3197/3197 3226/3226
f 3227/3227 3170/3170 3171/3171
f 3228/3228 3171/3171 3210/3210
f 3184/3184 3198/3198 3229/3229
f 3229/3229 3198/3198 1897/1897
f 3185/3185 3163/3163 1920/1920
f 3163/3163 1858/1858 1918/1918
f 1847/1847 1848/1848 1938/1938
f 3211/3211 1817/1817 1902/1902
f 3214/3214 3173/3173 3230/3230
f 3231/3231 3188/3188 3186/3186
f 3202/3202 3187/3187 3232/3232
f 3203/3203 3174/3174 3233/3233
f 3216/3216 3189/3189 3234/3234
f 3190/3190 3176/3176 3215/3215
f 3189/3189 3192/3192 3234/3234
f 3234/3234 3192/3192 3217/3217
f 1977/1977 3191/3191 3190/3190
f 3217/3217 3166/3166 3159/3159
f 1953/1953 1909/1909 3193/3193
f 3159/3159 3194/3194 3235/3235
f 3235/3235 3194/3194 3204/3204
f 3221/3221 3180/3180 3222/3222
f 3223/3223 3168/3168 3195/3195
f 3195/3195 3169/3169 3209/3209
f 3236/3236 3209/3209 3196/3196
f 3237/3237 3196/3196 3181/3181
f 3224/3224 3182/3182 3225/3225
f 3226/3226 3197/3197 3238/3238
f 3238/3238 3197/3197 3183/3183
f 3183/3183 3170/3170 3239/3239
f 3239/3239 3170/3170 3227/3227
f 3227/3227 3171/3171 3228/3228
f 3210/3210 3184/3184 3229/3229
f 1896/1896 1895/1895 3199/3199
f 1896/1896 3172/3172 3240/3240
f 3241/3241 3157/3157 3201/3201
f 3201/3201 3185/3185 3242/3242
f 3242/3242 3185/3185 1920/1920
f 1920/1920 3163/3163 1918/1918
f 1784/1784 1898/1898 1827/1827
f 3230/3230 3173/3173 3212/3212
f 3165/3165 3202/3202 3213/3213
f 3231/3231 3186/3186 3214/3214
f 3232/3232 3187/3187 3203/3203
f 3233/3233 3174/3174 3216/3216
f 3174/3174 3175/3175 3216/3216
f 3217/3217 3159/3159 3243/3243
f 1910/1910 3205/3205 1908/1908
f 3244/3244 3204/3204 3206/3206
f 3245/3245 3219/3219 3205/3205
f 3208/3208 3179/3179 3221/3221
f 3236/3236 3196/3196 3237/3237
f 3237/3237 3181/3181 3224/3224
f 3238/3238 3183/3183 3239/3239
f 3229/3229 1897/1897 3246/3246
f 1897/1897 1896/1896 3246/3246
f 3199/3199 3172/3172 1896/1896
f 3240/3240 3172/3172 1992/1992
f 3230/3230 3212/3212 3247/3247
f 3202/3202 3232/3232 3248/3248
f 3232/3232 3203/3203 3233/3233
f 3245/3245 3205/3205 1910/1910
f 3206/3206 3220/3220 3249/3249
f 3244/3244 3206/3206 3249/3249
f 3220/3220 3250/3250 3249/3249
f 1965/1965 1871/1871 1870/1870
f 3251/3251 3208/3208 3221/3221
f 3223/3223 3195/3195 3252/3252
f 3253/3253 3238/3238 3239/3239
f 3254/3254 3214/3214 3230/3230
f 3248/3248 3213/3213 3202/3202
f 3255/3255 3231/3231 3214/3214
f 3255/3255 3214/3214 3254/3254
f 3248/3248 3232/3232 3256/3256
f 3188/3188 3231/3231 3255/3255
f 3233/3233 3216/3216 3257/3257
f 3258/3258 3215/3215 3188/3188
f 3216/3216 3234/3234 3259/3259
f 1975/1975 3190/3190 3215/3215
f 1977/1977 3190/3190 1975/1975
f 3234/3234 3217/3217 3260/3260
f 3260/3260 3217/3217 3243/3243
f 3261/3261 3218/3218 1977/1977
f 3262/3262 1953/1953 3193/3193
f 3243/3243 3159/3159 3235/3235
f 3235/3235 3204/3204 3244/3244
f 2027/2027 3219/3219 3245/3245
f 3249/3249 3250/3250 3263/3263
f 2027/2027 1870/1870 3219/3219
f 3264/3264 3223/3223 3252/3252
f 3237/3237 3224/3224 3265/3265
f 3265/3265 3224/3224 3266/3266
f 3266/3266 3224/3224 3225/3225
f 3225/3225 3226/3226 3267/3267
f 3268/3268 3210/3210 3269/3269
f 3210/3210 3229/3229 3269/3269
f 1896/1896 3240/3240 1994/1994
f 3241/3241 3201/3201 3270/3270
f 1924/1924 1857/1857 1932/1932
f 1847/1847 1938/1938 1935/1935
f 1935/1935 1938/1938 1937/1937
f 3212/3212 3213/3213 3271/3271
f 3256/3256 3232/3232 3233/3233
f 3257/3257 3216/3216 3259/3259
f 3272/3272 3243/3243 3235/3235
f 3273/3273 3235/3235 3244/3244
f 1978/1978 1910/1910 1909/1909
f 1965/1965 1870/1870 2027/2027
f 3251/3251 3221/3221 3274/3274
f 1929/1929 1872/1872 1911/1911
f 3222/3222 3223/3223 3264/3264
f 3252/3252 3195/3195 3209/3209
f 3275/3275 3209/3209 3276/3276
f 3209/3209 3236/3236 3276/3276
f 3236/3236 3237/3237 3277/3277
f 3267/3267 3266/3266 3225/3225
f 3267/3267 3226/3226 3278/3278
f 3278/3278 3226/3226 3238/3238
f 3253/3253 3239/3239 3279/3279
f 3280/3280 3239/3239 3227/3227
f 3269/3269 3229/3229 3281/3281
f 3229/3229 3246/3246 3281/3281
f 3246/3246 1896/1896 3282/3282
f 3282/3282 1896/1896 1994/1994
f 1994/1994 3240/3240 1992/1992
f 3271/3271 3213/3213 3248/3248
f 3258/3258 3188/3188 3255/3255
f 3259/3259 3234/3234 3283/3283
f 3283/3283 3234/3234 3260/3260
f 1978/1978 1909/1909 1954/1954
f 3284/3284 3244/3244 3249/3249
f 3274/3274 3221/3221 3222/3222
f 3222/3222 3264/3264 3285/3285
f 3286/3286 3252/3252 3209/3209
f 3286/3286 3209/3209 3275/3275
f 3277/3277 3237/3237 3287/3287
f 3237/3237 3265/3265 3287/3287
f 3278/3278 3238/3238 3288/3288
f 3288/3288 3238/3238 3253/3253
f 3279/3279 3239/3239 3280/3280
f 3227/3227 3228/3228 3268/3268
f 3228/3228 3210/3210 3268/3268
f 3281/3281 3246/3246 3282/3282
f 3270/3270 3201/3201 3242/3242
f 1932/1932 1860/1860 1933/1933
f 3247/3247 3212/3212 3271/3271
f 3289/3289 3258/3258 3255/3255
f 3256/3256 3233/3233 3290/3290
f 3290/3290 3233/3233 3291/3291
f 3291/3291 3233/3233 3257/3257
f 1975/1975 3215/3215 3258/3258
f 3260/3260 3243/3243 3292/3292
f 3293/3293 1953/1953 3262/3262
f 1954/1954 1953/1953 3293/3293
f 3272/3272 3235/3235 3273/3273
f 3273/3273 3244/3244 3284/3284
f 1979/1979 3245/3245 1910/1910
f 2027/2027 3245/3245 1979/1979
f 2029/2029 1965/1965 2027/2027
f 3276/3276 3236/3236 3277/3277
f 3268/3268 3280/3280 3227/3227
f 1942/1942 1927/1927 1863/1863
f 3254/3254 3230/3230 3294/3294
f 3294/3294 3230/3230 3247/3247
f 3271/3271 3248/3248 3295/3295
f 3296/3296 3255/3255 3254/3254
f 3248/3248 3256/3256 3297/3297
f 3297/3297 3256/3256 3290/3290
f 3298/3298 1975/1975 3258/3258
f 1976/1976 3261/3261 1977/1977
f 3299/3299 3249/3249 3263/3263
f 3251/3251 3274/3274 3300/3300
f 1980/1980 1965/1965 2029/2029
f 3274/3274 3222/3222 3285/3285
f 3301/3301 3277/3277 3287/3287
f 3287/3287 3265/3265 3302/3302
f 3302/3302 3265/3265 3266/3266
f 3303/3303 3288/3288 3253/3253
f 3304/3304 3280/3280 3268/3268
f 3304/3304 3268/3268 3305/3305
f 3268/3268 3269/3269 3305/3305
f 3281/3281 3282/3282 3306/3306
f 3282/3282 1994/1994 3307/3307
f 3308/3308 3282/3282 3307/3307
f 3307/3307 1994/1994 1993/1993
f 3270/3270 3242/3242 2052/2052
f 3242/3242 1920/1920 2050/2050
f 1920/1920 1919/1919 2050/2050
f 1919/1919 1924/1924 2077/2077
f 1968/1968 1926/1926 2010/2010
f 3295/3295 3248/3248 3297/3297
f 3289/3289 3255/3255 3296/3296
f 3298/3298 3258/3258 3289/3289
f 3257/3257 3259/3259 3309/3309
f 3259/3259 3283/3283 3309/3309
f 3292/3292 3243/3243 3310/3310
f 3310/3310 3243/3243 3272/3272
f 3311/3311 3273/3273 3284/3284
f 3284/3284 3249/3249 3299/3299
f 3299/3299 3263/3263 3312/3312
f 3313/3313 3275/3275 3276/3276
f 3302/3302 3266/3266 3314/3314
f 3266/3266 3267/3267 3314/3314
f 2006/2006 1914/1914 2005/2005
f 3315/3315 3267/3267 3278/3278
f 3278/3278 3288/3288 3316/3316
f 3316/3316 3288/3288 3303/3303
f 3305/3305 3269/3269 3317/3317
f 3306/3306 3269/3269 3281/3281
f 3306/3306 3282/3282 3308/3308
f 3241/3241 3270/3270 3318/3318
f 3318/3318 3270/3270 2052/2052
f 2052/2052 3242/3242 2050/2050
f 2050/2050 1919/1919 2077/2077
f 2077/2077 1924/1924 2023/2023
f 1926/1926 1925/1925 2010/2010
f 2000/2000 1937/1937 2036/2036
f 2036/2036 1937/1937 2057/2057
f 2013/2013 1948/1948 1950/1950
f 3283/3283 3260/3260 3319/3319
f 3319/3319 3260/3260 3292/3292
f 3320/3320 3261/3261 1976/1976
f 3272/3272 3273/3273 3311/3311
f 3264/3264 3252/3252 3286/3286
f 3321/3321 3276/3276 3277/3277
f 3301/3301 3287/3287 3302/3302
f 3314/3314 3267/3267 3315/3315
f 3303/3303 3253/3253 3279/3279
f 3279/3279 3280/3280 3322/3322
f 3322/3322 3280/3280 3304/3304
f 3306/3306 3317/3317 3269/3269
f 3323/3323 3241/3241 3318/3318
f 1998/1998 1924/1924 1932/1932
f 1932/1932 1933/1933 1998/1998
f 1940/1940 2024/2024 2001/2001
f 3324/3324 3247/3247 3271/3271
f 3325/3325 3254/3254 3294/3294
f 3295/3295 3297/3297 3326/3326
f 3290/3290 3291/3291 3327/3327
f 3327/3327 3291/3291 3257/3257
f 3257/3257 3309/3309 3327/3327
f 3309/3309 3283/3283 3319/3319
f 3328/3328 3310/3310 3272/3272
f 1954/1954 3293/3293 3329/3329
f 1979/1979 1978/1978 2043/2043
f 2028/2028 2027/2027 1979/1979
f 1982/1982 1981/1981 1980/1980
f 3321/3321 3277/3277 3301/3301
f 3330/3330 3315/3315 3278/3278
f 3330/3330 3278/3278 3316/3316
f 3323/3323 3318/3318 3331/3331
f 3294/3294 3247/3247 3324/3324
f 3297/3297 3290/3290 3332/3332
f 3333/3333 1975/1975 3298/3298
f 3334/3334 1976/1976 1975/1975
f 3335/3335 3320/3320 1976/1976
f 3335/3335 1976/1976 3334/3334
f 3336/3336 3320/3320 3335/3335
f 3328/3328 3272/3272 3311/3311
f 3311/3311 3284/3284 3337/3337
f 3284/3284 3299/3299 3337/3337
f 2043/2043 1978/1978 2026/2026
f 3299/3299 3312/3312 3338/3338
f 2028/2028 1979/1979 2044/2044
f 3300/3300 3274/3274 3339/3339
f 2100/2100 1980/1980 2029/2029
f 2100/2100 2029/2029 2028/2028
f 3339/3339 3274/3274 3340/3340
f 3274/3274 3285/3285 3340/3340
f 3340/3340 3285/3285 3341/3341
f 3285/3285 3264/3264 3342/3342
f 3342/3342 3264/3264 3286/3286
f 3313/3313 3276/3276 3321/3321
f 3343/3343 3301/3301 3302/3302
f 3344/3344 3303/3303 3279/3279
f 3345/3345 3305/3305 3317/3317
f 3307/3307 1993/1993 3346/3346
f 3347/3347 3318/3318 2052/2052
f 2075/2075 2077/2077 2023/2023
f 1996/1996 1995/1995 2124/2124
f 2002/2002 1943/1943 2081/2081
f 3324/3324 3271/3271 3348/3348
f 3348/3348 3271/3271 3295/3295
f 3296/3296 3254/3254 3325/3325
f 3326/3326 3297/3297 3332/3332
f 3290/3290 3327/3327 3349/3349
f 3334/3334 1975/1975 3333/3333
f 3319/3319 3292/3292 3350/3350
f 3350/3350 3292/3292 3310/3310
f 2026/2026 1954/1954 3329/3329
f 3337/3337 3299/3299 3351/3351
f 3351/3351 3299/3299 3338/3338
f 3342/3342 3341/3341 3285/3285
f 2046/2046 1982/1982 2064/2064
f 3342/3342 3286/3286 3352/3352
f 3352/3352 3286/3286 3275/3275
f 3275/3275 3313/3313 3352/3352
f 3353/3353 3321/3321 3301/3301
f 3354/3354 3302/3302 3314/3314
f 3316/3316 3303/3303 3344/3344
f 3317/3317 3306/3306 3355/3355
f 3346/3346 3308/3308 3307/3307
f 3331/3331 3318/3318 3347/3347
f 3347/3347 2052/2052 2051/2051
f 2050/2050 2077/2077 2076/2076
f 2023/2023 1998/1998 2078/2078
f 2017/2017 2062/2062 2015/2015
f 3356/3356 3289/3289 3296/3296
f 3356/3356 3296/3296 3357/3357
f 3357/3357 3296/3296 3325/3325
f 3298/3298 3289/3289 3356/3356
f 3332/3332 3290/3290 3349/3349
f 3333/3333 3298/3298 3358/3358
f 3359/3359 3309/3309 3319/3319
f 3350/3350 3310/3310 3328/3328
f 2083/2083 2043/2043 2026/2026
f 3352/3352 3313/3313 3321/3321
f 3343/3343 3302/3302 3354/3354
f 3344/3344 3279/3279 3322/3322
f 3360/3360 3306/3306 3308/3308
f 3361/3361 3308/3308 3346/3346
f 3362/3362 3323/3323 3331/3331
f 2051/2051 2050/2050 2076/2076
f 2075/2075 2023/2023 2078/2078
f 2001/2001 2038/2038 2080/2080
f 3348/3348 3295/3295 3326/3326
f 3348/3348 3326/3326 3363/3363
f 3358/3358 3298/3298 3356/3356
f 3349/3349 3327/3327 3364/3364
f 3327/3327 3309/3309 3359/3359
f 3350/3350 3328/3328 3365/3365
f 3366/3366 3335/3335 3334/3334
f 3365/3365 3328/3328 3367/3367
f 3328/3328 3311/3311 3367/3367
f 3368/3368 3311/3311 3337/3337
f 2045/2045 1980/1980 2100/2100
f 3353/3353 3301/3301 3343/3343
f 3369/3369 3314/3314 3315/3315
f 3370/3370 3315/3315 3330/3330
f 3322/3322 3304/3304 3371/3371
f 3371/3371 3304/3304 3305/3305
f 3371/3371 3305/3305 3345/3345
f 3345/3345 3317/3317 3372/3372
f 3372/3372 3317/3317 3355/3355
f 3355/3355 3306/3306 3360/3360
f 3360/3360 3308/3308 3361/3361
f 2075/2075 2078/2078 2141/2141
f 3373/3373 3324/3324 3348/3348
f 3325/3325 3294/3294 3374/3374
f 3357/3357 3325/3325 3375/3375
f 3363/3363 3326/3326 3376/3376
f 3326/3326 3332/3332 3376/3376
f 3327/3327 3359/3359 3364/3364
f 3377/3377 3335/3335 3366/3366
f 3378/3378 3336/3336 3335/3335
f 3367/3367 3311/3311 3368/3368
f 3379/3379 2026/2026 3329/3329
f 3368/3368 3337/3337 3380/3380
f 3351/3351 3338/3338 3381/3381
f 3381/3381 3338/3338 3382/3382
f 3340/3340 3341/3341 3383/3383
f 3383/3383 3341/3341 3342/3342
f 3369/3369 3315/3315 3370/3370
f 3370/3370 3330/3330 3316/3316
f 2007/2007 2092/2092 2074/2074
f 3347/3347 2051/2051 3384/3384
f 2051/2051 2076/2076 2139/2139
f 2124/2124 1995/1995 2140/2140
f 2025/2025 2095/2095 2039/2039
f 3375/3375 3325/3325 3374/3374
f 3374/3374 3294/3294 3324/3324
f 3376/3376 3332/3332 3349/3349
f 3359/3359 3319/3319 3350/3350
f 3366/3366 3334/3334 3333/3333
f 3385/3385 2083/2083 2026/2026
f 3380/3380 3337/3337 3351/3351
f 2099/2099 2028/2028 2044/2044
f 3383/3383 3342/3342 3386/3386
f 3387/3387 3342/3342 3352/3352
f 2046/2046 2064/2064 2116/2116
f 3388/3388 3352/3352 3389/3389
f 3389/3389 3352/3352 3321/3321
f 3389/3389 3321/3321 3353/3353
f 3354/3354 3314/3314 3390/3390
f 3390/3390 3314/3314 3369/3369
f 3370/3370 3316/3316 3391/3391
f 3316/3316 3344/3344 3392/3392
f 3393/3393 3344/3344 3322/3322
f 3394/3394 3331/3331 3347/3347
f 2076/2076 2075/2075 2138/2138
f 2142/2142 2056/2056 2107/2107
f 2107/2107 2056/2056 2034/2034
f 2082/2082 2114/2114 2128/2128
f 3374/3374 3324/3324 3373/3373
f 3395/3395 3348/3348 3363/3363
f 3396/3396 3358/3358 3356/3356
f 3396/3396 3356/3356 3357/3357
f 3364/3364 3359/3359 3397/3397
f 3398/3398 3350/3350 3365/3365
f 3378/3378 3335/3335 3377/3377
f 3368/3368 3380/3380 3399/3399
f 3385/3385 2026/2026 3379/3379
f 3380/3380 3351/3351 3381/3381
f 3381/3381 3382/3382 3400/3400
f 3382/3382 3401/3401 3400/3400
f 3387/3387 3352/3352 3388/3388
f 3353/3353 3343/3343 3402/3402
f 3403/3403 3343/3343 3354/3354
f 2047/2047 2065/2065 2132/2132
f 3403/3403 3354/3354 3390/3390
f 2120/2120 2119/2119 2159/2159
f 3391/3391 3316/3316 3392/3392
f 3392/3392 3344/3344 3393/3393
f 3371/3371 3345/3345 3372/3372
f 3404/3404 3362/3362 3405/3405
f 2141/2141 2078/2078 2142/2142
f 3373/3373 3348/3348 3406/3406
f 3348/3348 3395/3395 3406/3406
f 3397/3397 3359/3359 3350/3350
f 3407/3407 3350/3350 3398/3398
f 3398/3398 3365/3365 3408/3408
f 2147/2147 2083/2083 3385/3385
f 2045/2045 2100/2100 2131/2131
f 3386/3386 3342/3342 3387/3387
f 3402/3402 3343/3343 3403/3403
f 2048/2048 2133/2133 2103/2103
f 3371/3371 3372/3372 3409/3409
f 3362/3362 3331/3331 3405/3405
f 3405/3405 3331/3331 3394/3394
f 3394/3394 3347/3347 3384/3384
f 2051/2051 2139/2139 3410/3410
f 3375/3375 3374/3374 3411/3411
f 3374/3374 3373/3373 3412/3412
f 3412/3412 3373/3373 3406/3406
f 3357/3357 3375/3375 3413/3413
f 3395/3395 3363/3363 3414/3414
f 3363/3363 3376/3376 3414/3414
f 3414/3414 3376/3376 3415/3415
f 3415/3415 3376/3376 3349/3349
f 3349/3349 3364/3364 3416/3416
f 3364/3364 3397/3397 3416/3416
f 3333/3333 3358/3358 3417/3417
f 3418/3418 3366/3366 3333/3333
f 3397/3397 3350/3350 3407/3407
f 3419/3419 3377/3377 3366/3366
f 3408/3408 3365/3365 3367/3367
f 3367/3367 3368/3368 3420/3420
f 2227/2227 3385/3385 3379/3379
f 3399/3399 3380/3380 3421/3421
f 3422/3422 3383/3383 3386/3386
f 3423/3423 3388/3388 3389/3389
f 3424/3424 3389/3389 3353/3353
f 3369/3369 3370/3370 3425/3425
f 3370/3370 3391/3391 3426/3426
f 3427/3427 3393/3393 3322/3322
f 3428/3428 3372/3372 3355/3355
f 3355/3355 3360/3360 3429/3429
f 3360/3360 3361/3361 3430/3430
f 3410/3410 3384/3384 2051/2051
f 3413/3413 3375/3375 3411/3411
f 3411/3411 3374/3374 3412/3412
f 3396/3396 3357/3357 3431/3431
f 3431/3431 3357/3357 3413/3413
f 3415/3415 3349/3349 3416/3416
f 3416/3416 3397/3397 3432/3432
f 3418/3418 3333/3333 3417/3417
f 3419/3419 3366/3366 3418/3418
f 3378/3378 3377/3377 3419/3419
f 3421/3421 3380/3380 3381/3381
f 3433/3433 3381/3381 3400/3400
f 2131/2131 2100/2100 2168/2168
f 2117/2117 2116/2116 2179/2179
f 3423/3423 3389/3389 3424/3424
f 3434/3434 3353/3353 3402/3402
f 2171/2171 2153/2153 2151/2151
f 2171/2171 2170/2170 2153/2153
f 3425/3425 3370/3370 3426/3426
f 3426/3426 3391/3391 3392/3392
f 3427/3427 3322/3322 3371/3371
f 3409/3409 3372/3372 3428/3428
f 3428/3428 3355/3355 3429/3429
f 3429/3429 3360/3360 3430/3430
f 3435/3435 3404/3404 3436/3436
f 3404/3404 3405/3405 3437/3437
f 3438/3438 3394/3394 3384/3384
f 3439/3439 3384/3384 3410/3410
f 2138/2138 3440/3440 2139/2139
f 3432/3432 3397/3397 3407/3407
f 3408/3408 3367/3367 3420/3420
f 2223/2223 3378/3378 3419/3419
f 3420/3420 3368/3368 3399/3399
f 2223/2223 2222/2222 3378/3378
f 2147/2147 3385/3385 2227/2227
f 3421/3421 3381/3381 3433/3433
f 3441/3441 3386/3386 3387/3387
f 3441/3441 3387/3387 3442/3442
f 3387/3387 3388/3388 3442/3442
f 3442/3442 3388/3388 3423/3423
f 3424/3424 3353/3353 3434/3434
f 3390/3390 3369/3369 3425/3425
f 3427/3427 3371/3371 3443/3443
f 3443/3443 3371/3371 3409/3409
f 3404/3404 3437/3437 3436/3436
f 3437/3437 3405/3405 3394/3394
f 3438/3438 3384/3384 3439/3439
f 3410/3410 2139/2139 3440/3440
f 2138/2138 2141/2141 2218/2218
f 2218/2218 2141/2141 2176/2176
f 2141/2141 2142/2142 2176/2176
f 2176/2176 2107/2107 2177/2177
f 3444/3444 3412/3412 3445/3445
f 3445/3445 3412/3412 3406/3406
f 3395/3395 3414/3414 3446/3446
f 3417/3417 3358/3358 3447/3447
f 3358/3358 3396/3396 3447/3447
f 3407/3407 3398/3398 3408/3408
f 3448/3448 3422/3422 3386/3386
f 3448/3448 3386/3386 3441/3441
f 3449/3449 3402/3402 3403/3403
f 3439/3439 3410/3410 3440/3440
f 2128/2128 2114/2114 2188/2188
f 3450/3450 3413/3413 3411/3411
f 3450/3450 3411/3411 3444/3444
f 3444/3444 3411/3411 3412/3412
f 3406/3406 3395/3395 3446/3446
f 3431/3431 3413/3413 3450/3450
f 3451/3451 3414/3414 3415/3415
f 3418/3418 3417/3417 2247/2247
f 3432/3432 3407/3407 3452/3452
f 3453/3453 3407/3407 3408/3408
f 3454/3454 3419/3419 3418/3418
f 3420/3420 3399/3399 3455/3455
f 3456/3456 3399/3399 3421/3421
f 2226/2226 2147/2147 2227/2227
f 3457/3457 3433/3433 3400/3400
f 3458/3458 3422/3422 3448/3448
f 3459/3459 3442/3442 3423/3423
f 2207/2207 2180/2180 2256/2256
f 3434/3434 3402/3402 3449/3449
f 3460/3460 3403/3403 3390/3390
f 3460/3460 3390/3390 3425/3425
f 3461/3461 3392/3392 3393/3393
f 3461/3461 3393/3393 3427/3427
f 3440/3440 2138/2138 2232/2232
f 2138/2138 2218/2218 2232/2232
f 2140/2140 2195/2195 2125/2125
f 3446/3446 3414/3414 3451/3451
f 3447/3447 3396/3396 3431/3431
f 3415/3415 3416/3416 3462/3462
f 3416/3416 3432/3432 3452/3452
f 3462/3462 3416/3416 3452/3452
f 3452/3452 3407/3407 3453/3453
f 3463/3463 3408/3408 3420/3420
f 3463/3463 3420/3420 3455/3455
f 2238/2238 2223/2223 3419/3419
f 2238/2238 3419/3419 2248/2248
f 3455/3455 3399/3399 3456/3456
f 3458/3458 3448/3448 3464/3464
f 3459/3459 3423/3423 3424/3424
f 3465/3465 3460/3460 3425/3425
f 3465/3465 3425/3425 3466/3466
f 3466/3466 3425/3425 3426/3426
f 3467/3467 3426/3426 3392/3392
f 3467/3467 3392/3392 3461/3461
f 2160/2160 2134/2134 2241/2241
f 2160/2160 2241/2241 2214/2214
f 3409/3409 3428/3428 3468/3468
f 3428/3428 3429/3429 3468/3468
f 3469/3469 3437/3437 3394/3394
f 3470/3470 3394/3394 3438/3438
f 3439/3439 3440/3440 3471/3471
f 2233/2233 2184/2184 2235/2235
f 3406/3406 3446/3446 3472/3472
f 3473/3473 3447/3447 3431/3431
f 3473/3473 3431/3431 3450/3450
f 2247/2247 3417/3417 2245/2245
f 3417/3417 3447/3447 2245/2245
f 3474/3474 3421/3421 3433/3433
f 2307/2307 3475/3475 3476/3476
f 2307/2307 3476/3476 2286/2286
f 2256/2256 3475/3475 2307/2307
f 3477/3477 3424/3424 3434/3434
f 3478/3478 3434/3434 3449/3449
f 3479/3479 3449/3449 3403/3403
f 3479/3479 3403/3403 3460/3460
f 3466/3466 3426/3426 3480/3480
f 3480/3480 3426/3426 3467/3467
f 3461/3461 3427/3427 3481/3481
f 3481/3481 3427/3427 3443/3443
f 3481/3481 3443/3443 3482/3482
f 3443/3443 3409/3409 3482/3482
f 3482/3482 3409/3409 3483/3483
f 3483/3483 3409/3409 3468/3468
f 3484/3484 3485/3485 3486/3486
f 3485/3485 3435/3435 3486/3486
f 3486/3486 3435/3435 3436/3436
f 3436/3436 3437/3437 3469/3469
f 3394/3394 3470/3470 3469/3469
f 3445/3445 3406/3406 3472/3472
f 3451/3451 3415/3415 3487/3487
f 3454/3454 3418/3418 2247/2247
f 3454/3454 2247/2247 3488/3488
f 3453/3453 3408/3408 3463/3463
f 3419/3419 3454/3454 2248/2248
f 3489/3489 3463/3463 3455/3455
f 3474/3474 3433/3433 3457/3457
f 3490/3490 3491/3491 3492/3492
f 3478/3478 3449/3449 3479/3479
f 3493/3493 3436/3436 3469/3469
f 3470/3470 3438/3438 2313/2313
f 3438/3438 3439/3439 2313/2313
f 2313/2313 3439/3439 3471/3471
f 3494/3494 3440/3440 2232/2232
f 2185/2185 2251/2251 2198/2198
f 3495/3495 3450/3450 3444/3444
f 3496/3496 3446/3446 3451/3451
f 3487/3487 3415/3415 3497/3497
f 3497/3497 3415/3415 3462/3462
f 3498/3498 3452/3452 3453/3453
f 3499/3499 3453/3453 3463/3463
f 2248/2248 3454/3454 3500/3500
f 2249/2249 2248/2248 3500/3500
f 3501/3501 3455/3455 3456/3456
f 2255/2255 2238/2238 2249/2249
f 3502/3502 3456/3456 3421/3421
f 3502/3502 3421/3421 3474/3474
f 3464/3464 3448/3448 3503/3503
f 3448/3448 3441/3441 3503/3503
f 3490/3490 3504/3504 3491/3491
f 3505/3505 3459/3459 3424/3424
f 3505/3505 3424/3424 3477/3477
f 3477/3477 3434/3434 3478/3478
f 2209/2209 2208/2208 2258/2258
f 2259/2259 2210/2210 2258/2258
f 3506/3506 3460/3460 3465/3465
f 3467/3467 3461/3461 3507/3507
f 3507/3507 3461/3461 3481/3481
f 3471/3471 3440/3440 3508/3508
f 3508/3508 3440/3440 3494/3494
f 2219/2219 2233/2233 2289/2289
f 3495/3495 3444/3444 3509/3509
f 3510/3510 3445/3445 3472/3472
f 3472/3472 3446/3446 3496/3496
f 2322/2322 2245/2245 3447/3447
f 2322/2322 3447/3447 3473/3473
f 2324/2324 2246/2246 2245/2245
f 3462/3462 3452/3452 3511/3511
f 3511/3511 3452/3452 3498/3498
f 3488/3488 2247/2247 2246/2246
f 3498/3498 3453/3453 3499/3499
f 3500/3500 3454/3454 3488/3488
f 3499/3499 3463/3463 3489/3489
f 3489/3489 3455/3455 3501/3501
f 3512/3512 3504/3504 3490/3490
f 2256/2256 2307/2307 2274/2274
f 3479/3479 3460/3460 3506/3506
f 3506/3506 3465/3465 3466/3466
f 3513/3513 3467/3467 3507/3507
f 3507/3507 3481/3481 3482/3482
f 3514/3514 3483/3483 3468/3468
f 3515/3515 3484/3484 3486/3486
f 3486/3486 3436/3436 3516/3516
f 3516/3516 3436/3436 3493/3493
f 3469/3469 3470/3470 2315/2315
f 2315/2315 3470/3470 2313/2313
f 2230/2230 2300/2300 2216/2216
f 3494/3494 2232/2232 2265/2265
f 2265/2265 2231/2231 2266/2266
f 3509/3509 3444/3444 3445/3445
f 3509/3509 3445/3445 3510/3510
f 3473/3473 3450/3450 3495/3495
f 3496/3496 3451/3451 3487/3487
f 2324/2324 2245/2245 2322/2322
f 3498/3498 3499/3499 3517/3517
f 3517/3517 3499/3499 3518/3518
f 3499/3499 3489/3489 3518/3518
f 3501/3501 3456/3456 3502/3502
f 2224/2224 2255/2255 3519/3519
f 3520/3520 3474/3474 3457/3457
f 2307/2307 2286/2286 2285/2285
f 3521/3521 3505/3505 3477/3477
f 2208/2208 2207/2207 2287/2287
f 3477/3477 3478/3478 3522/3522
f 3478/3478 3479/3479 3522/3522
f 3523/3523 3506/3506 3466/3466
f 3513/3513 3480/3480 3467/3467
f 3482/3482 3483/3483 3514/3514
f 3524/3524 3484/3484 3525/3525
f 3525/3525 3484/3484 3515/3515
f 3515/3515 3486/3486 3516/3516
f 2313/2313 3471/3471 3526/3526
f 3526/3526 3471/3471 3508/3508
f 2216/2216 2300/2300 2317/2317
f 2250/2250 2216/2216 2317/2317
f 2278/2278 2266/2266 2217/2217
f 2289/2289 2233/2233 2268/2268
f 2221/2221 2271/2271 2282/2282
f 3527/3527 3487/3487 3497/3497
f 3497/3497 3462/3462 3511/3511
f 3528/3528 3511/3511 3498/3498
f 3518/3518 3489/3489 3529/3529
f 3529/3529 3489/3489 3530/3530
f 3530/3530 3489/3489 3501/3501
f 3519/3519 2255/2255 3531/3531
f 3502/3502 3474/3474 3520/3520
f 3520/3520 3457/3457 3532/3532
f 3533/3533 3490/3490 3492/3492
f 3534/3534 3477/3477 3522/3522
f 3479/3479 3506/3506 3535/3535
f 3523/3523 3466/3466 3536/3536
f 3537/3537 3480/3480 3513/3513
f 3493/3493 3469/3469 3538/3538
f 3538/3538 3469/3469 2315/2315
f 3494/3494 2265/2265 2330/2330
f 2267/2267 2277/2277 2352/2352
f 3510/3510 3472/3472 3496/3496
f 3539/3539 3496/3496 3487/3487
f 3539/3539 3487/3487 3527/3527
f 3488/3488 2246/2246 3540/3540
f 3528/3528 3498/3498 3517/3517
f 3540/3540 3541/3541 3488/3488
f 3542/3542 3488/3488 3541/3541
f 3517/3517 3518/3518 3543/3543
f 3531/3531 2255/2255 2249/2249
f 2274/2274 2307/2307 2306/2306
f 2308/2308 2257/2257 2294/2294
f 3544/3544 3459/3459 3505/3505
f 3521/3521 3477/3477 3534/3534
f 3522/3522 3479/3479 3535/3535
f 3535/3535 3506/3506 3523/3523
f 3536/3536 3466/3466 3537/3537
f 3537/3537 3466/3466 3480/3480
f 3516/3516 3493/3493 2365/2365
f 2314/2314 2313/2313 3545/3545
f 3545/3545 2313/2313 3526/3526
f 3526/3526 3508/3508 3546/3546
f 2265/2265 2266/2266 2329/2329
f 2266/2266 2278/2278 2342/2342
f 2322/2322 3473/3473 3495/3495
f 2322/2322 3495/3495 3547/3547
f 3527/3527 3497/3497 3548/3548
f 3548/3548 3497/3497 3511/3511
f 3540/3540 2246/2246 2324/2324
f 3500/3500 3488/3488 3542/3542
f 3543/3543 3518/3518 3529/3529
f 3530/3530 3501/3501 3502/3502
f 3549/3549 3502/3502 3520/3520
f 2306/2306 2285/2285 2359/2359
f 3550/3550 3520/3520 3532/3532
f 3550/3550 3532/3532 3512/3512
f 3544/3544 3505/3505 3551/3551
f 3537/3537 3513/3513 3552/3552
f 3553/3553 3513/3513 3507/3507
f 3554/3554 3507/3507 3482/3482
f 3482/3482 3514/3514 3555/3555
f 3525/3525 3515/3515 3556/3556
f 3538/3538 2315/2315 2314/2314
f 3508/3508 3494/3494 2330/2330
f 2329/2329 2266/2266 2342/2342
f 2341/2341 2278/2278 2289/2289
f 3557/3557 3495/3495 3509/3509
f 3557/3557 3509/3509 3510/3510
f 2323/2323 2322/2322 3547/3547
f 3558/3558 3511/3511 3528/3528
f 3528/3528 3517/3517 3559/3559
f 2420/2420 2249/2249 3500/3500
f 3530/3530 3502/3502 3549/3549
f 3549/3549 3520/3520 3560/3560
f 3560/3560 3520/3520 3550/3550
f 3512/3512 3490/3490 3550/3550
f 3551/3551 3505/3505 3521/3521
f 3551/3551 3521/3521 3561/3561
f 2361/2361 2258/2258 2325/2325
f 3562/3562 3534/3534 3522/3522
f 2258/2258 2361/2361 2309/2309
f 3562/3562 3522/3522 3535/3535
f 2259/2259 2309/2309 2326/2326
f 3552/3552 3513/3513 3553/3553
f 3554/3554 3553/3553 3507/3507
f 2262/2262 2337/2337 2263/2263
f 3555/3555 3554/3554 3482/3482
f 3556/3556 3515/3515 3516/3516
f 2367/2367 3516/3516 2365/2365
f 2365/2365 3493/3493 3538/3538
f 3563/3563 3538/3538 2314/2314
f 3545/3545 3526/3526 3546/3546
f 2301/2301 2350/2350 2277/2277
f 2291/2291 2335/2335 2320/2320
f 2282/2282 2346/2346 2321/2321
f 3547/3547 3495/3495 3564/3564
f 3565/3565 3496/3496 3539/3539
f 3539/3539 3527/3527 3566/3566
f 3548/3548 3511/3511 3558/3558
f 3567/3567 3528/3528 3559/3559
f 3531/3531 2249/2249 2420/2420
f 3568/3568 3529/3529 3530/3530
f 3568/3568 3530/3530 3549/3549
f 2359/2359 2285/2285 3569/3569
f 2359/2359 3569/3569 2405/2405
f 3570/3570 3550/3550 3490/3490
f 3570/3570 3490/3490 3533/3533
f 2287/2287 2308/2308 2325/2325
f 3571/3571 3521/3521 3534/3534
f 3561/3561 3521/3521 3571/3571
f 3572/3572 3524/3524 3556/3556
f 3524/3524 3525/3525 3556/3556
f 3556/3556 3516/3516 2367/2367
f 2365/2365 3538/3538 3563/3563
f 3508/3508 2330/2330 3573/3573
f 3564/3564 3495/3495 3557/3557
f 3557/3557 3510/3510 3574/3574
f 3510/3510 3496/3496 3574/3574
f 3574/3574 3496/3496 3565/3565
f 2324/2324 2323/2323 3575/3575
f 3540/3540 2324/2324 3575/3575
f 3558/3558 3528/3528 3567/3567
f 3559/3559 3517/3517 3576/3576
f 3517/3517 3543/3543 3576/3576
f 3577/3577 3500/3500 3542/3542
f 3543/3543 3529/3529 3578/3578
f 3576/3576 3543/3543 3578/3578
f 3578/3578 3529/3529 3568/3568
f 3568/3568 3549/3549 3560/3560
f 3579/3579 3568/3568 3560/3560
f 2360/2360 2359/2359 2405/2405
f 3570/3570 3533/3533 3580/3580
f 2325/2325 2308/2308 2378/2378
f 3571/3571 3534/3534 3562/3562
f 3535/3535 3523/3523 3581/3581
f 3536/3536 3581/3581 3523/3523
f 3582/3582 3553/3553 3554/3554
f 3582/3582 3554/3554 3583/3583
f 3583/3583 3554/3554 3555/3555
f 3572/3572 3584/3584 3524/3524
f 2366/2366 2365/2365 3563/3563
f 3546/3546 3508/3508 3573/3573
f 2330/2330 2329/2329 3585/3585
f 2277/2277 2350/2350 2351/2351
f 2353/2353 2351/2351 2417/2417
f 2392/2392 2318/2318 2332/2332
f 2303/2303 2372/2372 2304/2304
f 3564/3564 3557/3557 3586/3586
f 3565/3565 3539/3539 3566/3566
f 3566/3566 3527/3527 3587/3587
f 3587/3587 3527/3527 3548/3548
f 3588/3588 3541/3541 3540/3540
f 3542/3542 3541/3541 3588/3588
f 2420/2420 3500/3500 3577/3577
f 3589/3589 3531/3531 2420/2420
f 3578/3578 3568/3568 3579/3579
f 3579/3579 3560/3560 3550/3550
f 2294/2294 2306/2306 2377/2377
f 2308/2308 2294/2294 2388/2388
f 3570/3570 3580/3580 3590/3590
f 3562/3562 3535/3535 3591/3591
f 3591/3591 3535/3535 3581/3581
f 3592/3592 3536/3536 3537/3537
f 3592/3592 3537/3537 3552/3552
f 3552/3552 3553/3553 3582/3582
f 3593/3593 3556/3556 2367/2367
f 2314/2314 3545/3545 2429/2429
f 2427/2427 3545/3545 3546/3546
f 3573/3573 2330/2330 3585/3585
f 2340/2340 2390/2390 2331/2331
f 2329/2329 2342/2342 2439/2439
f 2318/2318 2392/2392 2341/2341
f 3586/3586 3557/3557 3594/3594
f 3594/3594 3557/3557 3574/3574
f 3595/3595 2323/2323 3547/3547
f 3575/3575 2323/2323 3595/3595
f 3596/3596 3540/3540 3575/3575
f 3567/3567 3559/3559 3597/3597
f 3598/3598 3559/3559 3576/3576
f 3577/3577 3542/3542 3588/3588
f 3576/3576 3578/3578 3599/3599
f 3599/3599 3578/3578 3579/3579
f 3579/3579 3550/3550 3600/3600
f 3571/3571 3562/3562 3601/3601
f 3562/3562 3591/3591 3601/3601
f 3581/3581 3536/3536 3592/3592
f 3572/3572 3556/3556 3602/3602
f 3556/3556 3593/3593 3602/3602
f 3563/3563 2314/2314 2429/2429
f 2429/2429 3545/3545 2427/2427
f 3585/3585 2329/2329 2439/2439
f 3595/3595 3547/3547 3564/3564
f 3575/3575 3595/3595 3603/3603
f 3587/3587 3548/3548 3558/3558
f 3588/3588 3540/3540 3596/3596
f 2420/2420 3577/3577 2421/2421
f 3589/3589 2420/2420 2422/2422
f 3600/3600 3550/3550 3570/3570
f 3604/3604 3551/3551 3605/3605
f 3605/3605 3551/3551 3561/3561
f 3601/3601 3591/3591 3606/3606
f 3591/3591 3581/3581 3607/3607
f 2311/2311 2363/2363 2389/2389
f 2439/2439 2342/2342 2368/2368
f 2392/2392 2368/2368 2341/2341
f 3594/3594 3574/3574 3608/3608
f 3608/3608 3574/3574 3565/3565
f 3597/3597 3559/3559 3598/3598
f 3598/3598 3576/3576 3609/3609
f 2421/2421 3577/3577 3588/3588
f 2421/2421 3588/3588 3610/3610
f 3609/3609 3576/3576 3599/3599
f 2405/2405 3611/3611 2406/2406
f 3571/3571 3605/3605 3561/3561
f 2361/2361 2379/2379 2451/2451
f 3607/3607 3581/3581 3592/3592
f 2347/2347 2397/2397 2408/2408
f 3612/3612 3592/3592 3552/3552
f 3612/3612 3552/3552 3582/3582
f 2389/2389 2363/2363 2409/2409
f 3613/3613 3584/3584 3614/3614
f 3614/3614 3584/3584 3572/3572
f 2366/2366 3563/3563 2484/2484
f 2484/2484 3563/3563 2429/2429
f 2384/2384 2348/2348 2426/2426
f 2464/2464 2427/2427 3546/3546
f 3546/3546 3573/3573 2464/2464
f 2462/2462 3573/3573 3585/3585
f 2438/2438 3585/3585 2439/2439
f 2392/2392 2391/2391 2431/2431
f 2393/2393 2391/2391 2332/2332
f 2393/2393 2354/2354 2418/2418
f 2319/2319 2400/2400 2394/2394
f 3586/3586 3594/3594 3615/3615
f 3596/3596 3575/3575 3603/3603
f 3558/3558 3567/3567 3616/3616
f 3616/3616 3567/3567 3597/3597
f 2360/2360 2406/2406 2480/2480
f 3617/3617 3600/3600 3570/3570
f 2377/2377 2360/2360 2480/2480
f 3617/3617 3570/3570 3618/3618
f 3618/3618 3570/3570 3590/3590
f 2407/2407 2361/2361 2451/2451
f 3606/3606 3591/3591 3607/3607
f 3619/3619 3613/3613 3620/3620
f 2380/2380 2389/2389 2410/2410
f 3614/3614 3572/3572 3621/3621
f 3621/3621 3572/3572 3602/3602
f 2398/2398 2382/2382 2434/2434
f 2367/2367 2366/2366 3593/3593
f 3593/3593 2366/2366 3622/3622
f 2462/2462 3585/3585 2438/2438
f 2351/2351 2399/2399 2416/2416
f 2369/2369 3623/3623 2343/2343
f 2357/2357 2419/2419 2403/2403
f 2355/2355 2443/2443 2404/2404
f 3595/3595 3564/3564 3615/3615
f 3615/3615 3564/3564 3586/3586
f 3565/3565 3566/3566 3624/3624
f 3566/3566 3587/3587 3624/3624
f 3596/3596 3603/3603 3625/3625
f 3588/3588 3596/3596 3626/3626
f 3627/3627 2422/2422 2421/2421
f 3628/3628 3599/3599 3579/3579
f 3579/3579 3600/3600 3628/3628
f 3629/3629 3604/3604 3605/3605
f 2388/2388 2423/2423 2424/2424
f 3630/3630 3605/3605 3571/3571
f 3607/3607 3592/3592 3631/3631
f 3632/3632 3582/3582 3633/3633
f 2486/2486 2366/2366 2484/2484
f 2484/2484 2429/2429 2428/2428
f 2428/2428 2427/2427 2464/2464
f 2462/2462 2464/2464 3573/3573
f 2386/2386 2430/2430 2399/2399
f 2368/2368 2437/2437 2439/2439
f 2437/2437 2368/2368 2415/2415
f 2417/2417 2416/2416 2468/2468
f 2391/2391 2393/2393 2441/2441
f 2343/2343 3623/3623 2400/2400
f 2402/2402 2442/2442 2355/2355
f 3608/3608 3565/3565 3634/3634
f 3634/3634 3565/3565 3624/3624
f 3587/3587 3558/3558 3616/3616
f 3626/3626 3596/3596 3625/3625
f 3635/3635 3598/3598 3609/3609
f 3610/3610 3588/3588 3626/3626
f 3609/3609 3599/3599 3628/3628
f 3627/3627 2421/2421 2479/2479
f 2406/2406 3611/3611 3636/3636
f 2377/2377 2480/2480 2423/2423
f 3637/3637 3618/3618 3590/3590
f 3630/3630 3571/3571 3601/3601
f 3638/3638 3606/3606 3607/3607
f 3631/3631 3592/3592 3612/3612
f 3632/3632 3612/3612 3582/3582
f 3620/3620 3613/3613 3614/3614
f 3602/3602 3593/3593 3622/3622
f 3622/3622 2366/2366 2486/2486
f 2495/2495 2415/2415 2431/2431
f 2401/2401 2442/2442 2402/2402
f 3639/3639 3615/3615 3640/3640
f 3640/3640 3615/3615 3594/3594
f 3640/3640 3594/3594 3608/3608
f 3641/3641 3608/3608 3634/3634
f 3642/3642 3595/3595 3615/3615
f 3587/3587 3616/3616 3643/3643
f 3644/3644 3616/3616 3597/3597
f 3597/3597 3598/3598 3635/3635
f 3644/3644 3597/3597 3635/3635
f 3609/3609 3628/3628 3645/3645
f 3646/3646 3628/3628 3600/3600
f 3647/3647 3600/3600 3617/3617
f 2406/2406 2481/2481 2480/2480
f 2423/2423 2480/2480 2482/2482
f 3648/3648 3630/3630 3601/3601
f 3649/3649 3601/3601 3606/3606
f 2397/2397 2407/2407 2454/2454
f 3638/3638 3607/3607 3650/3650
f 3650/3650 3607/3607 3631/3631
f 3621/3621 3602/3602 3651/3651
f 3652/3652 3602/3602 3622/3622
f 2428/2428 2464/2464 2521/2521
f 2521/2521 2464/2464 2463/2463
f 2438/2438 2487/2487 2462/2462
f 2438/2438 2437/2437 3653/3653
f 2489/2489 2495/2495 2431/2431
f 3654/3654 2522/2522 2469/2469
f 2472/2472 2418/2418 2432/2432
f 2475/2475 2432/2432 2403/2403
f 3642/3642 3615/3615 3639/3639
f 3640/3640 3608/3608 3641/3641
f 3603/3603 3595/3595 3655/3655
f 3655/3655 3595/3595 3642/3642
f 3625/3625 3603/3603 3655/3655
f 3643/3643 3624/3624 3587/3587
f 3643/3643 3616/3616 3656/3656
f 3656/3656 3616/3616 3644/3644
f 2421/2421 3610/3610 2477/2477
f 3645/3645 3628/3628 3646/3646
f 2501/2501 3636/3636 2499/2499
f 3646/3646 3600/3600 3647/3647
f 2481/2481 2406/2406 3636/3636
f 2424/2424 2423/2423 2482/2482
f 2451/2451 2444/2444 2452/2452
f 3649/3649 3648/3648 3601/3601
f 2407/2407 2452/2452 2453/2453
f 3649/3649 3606/3606 3638/3638
f 2455/2455 2397/2397 2454/2454
f 2408/2408 2455/2455 2433/2433
f 3612/3612 3632/3632 3657/3657
f 3658/3658 3659/3659 3620/3620
f 3660/3660 3614/3614 3621/3621
f 3651/3651 3602/3602 3652/3652
f 2425/2425 2412/2412 2483/2483
f 2426/2426 2425/2425 2461/2461
f 2485/2485 2428/2428 2521/2521
f 3653/3653 2487/2487 2438/2438
f 2495/2495 2437/2437 2415/2415
f 2441/2441 2488/2488 2431/2431
f 2469/2469 2522/2522 2470/2470
f 2443/2443 3661/3661 2404/2404
f 2449/2449 2474/2474 2376/2376
f 3662/3662 3639/3639 3640/3640
f 3641/3641 3634/3634 3663/3663
f 3664/3664 3634/3634 3624/3624
f 3665/3665 3643/3643 3656/3656
f 3626/3626 3625/3625 2511/2511
f 3666/3666 3635/3635 3609/3609
f 3666/3666 3609/3609 3645/3645
f 2477/2477 3610/3610 3626/3626
f 2481/2481 3636/3636 2501/2501
f 3667/3667 3617/3617 3618/3618
f 3668/3668 3618/3618 3637/3637
f 3605/3605 3669/3669 3629/3629
f 3657/3657 3631/3631 3612/3612
f 3658/3658 3620/3620 3614/3614
f 3660/3660 3658/3658 3614/3614
f 3651/3651 3660/3660 3621/3621
f 2411/2411 2458/2458 2492/2492
f 3670/3670 3622/3622 2486/2486
f 2485/2485 2484/2484 2428/2428
f 3654/3654 3671/3671 2522/2522
f 2440/2440 2488/2488 2441/2441
f 2404/2404 3661/3661 2447/2447
f 3662/3662 3640/3640 3641/3641
f 3663/3663 3634/3634 3664/3664
f 3664/3664 3624/3624 3643/3643
f 2509/2509 3625/3625 3655/3655
f 3665/3665 3656/3656 3672/3672
f 2511/2511 3625/3625 2509/2509
f 3672/3672 3656/3656 3644/3644
f 3644/3644 3635/3635 3673/3673
f 3645/3645 3646/3646 3674/3674
f 2481/2481 2501/2501 2512/2512
f 3647/3647 3617/3617 3667/3667
f 2482/2482 2481/2481 3675/3675
f 2491/2491 2482/2482 3675/3675
f 3667/3667 3618/3618 3668/3668
f 3630/3630 3669/3669 3605/3605
f 2455/2455 2454/2454 2515/2515
f 3650/3650 3631/3631 3676/3676
f 3670/3670 2486/2486 2485/2485
f 2520/2520 2485/2485 2521/2521
f 2436/2436 2413/2413 2493/2493
f 2430/2430 2529/2529 2466/2466
f 2505/2505 3653/3653 2437/2437
f 2495/2495 2505/2505 2437/2437
f 2470/2470 2531/2531 2490/2490
f 2490/2490 2531/2531 2506/2506
f 3677/3677 3642/3642 3639/3639
f 3678/3678 3639/3639 3662/3662
f 3662/3662 3641/3641 3663/3663
f 3677/3677 3655/3655 3642/3642
f 3635/3635 3666/3666 3673/3673
f 2477/2477 3626/3626 3679/3679
f 3679/3679 3626/3626 2511/2511
f 3666/3666 3645/3645 3680/3680
f 3680/3680 3645/3645 3674/3674
f 3681/3681 2499/2499 3682/3682
f 3674/3674 3646/3646 3683/3683
f 3646/3646 3647/3647 3683/3683
f 2500/2500 2499/2499 3681/3681
f 3675/3675 2481/2481 2512/2512
f 2491/2491 3675/3675 3684/3684
f 2444/2444 2491/2491 2502/2502
f 3685/3685 3648/3648 3649/3649
f 2454/2454 2453/2453 2513/2513
f 2515/2515 2454/2454 2513/2513
f 2455/2455 2515/2515 2514/2514
f 3631/3631 3657/3657 3686/3686
f 3659/3659 3658/3658 3687/3687
f 3658/3658 3660/3660 3687/3687
f 2460/2460 2435/2435 2518/2518
f 3622/3622 3670/3670 3688/3688
f 2425/2425 2483/2483 2503/2503
f 2587/2587 2485/2485 2520/2520
f 2463/2463 2519/2519 2521/2521
f 2487/2487 2542/2542 2463/2463
f 3653/3653 2542/2542 2487/2487
f 2430/2430 2465/2465 2529/2529
f 2467/2467 2466/2466 3689/3689
f 2506/2506 2571/2571 2497/2497
f 3677/3677 3639/3639 3678/3678
f 3664/3664 3643/3643 3665/3665
f 3672/3672 3644/3644 3690/3690
f 3679/3679 2511/2511 2510/2510
f 3673/3673 3666/3666 3691/3691
f 2478/2478 2477/2477 3679/3679
f 3647/3647 3667/3667 3692/3692
f 3692/3692 3667/3667 3668/3668
f 3684/3684 3675/3675 2550/2550
f 3675/3675 2512/2512 2550/2550
f 3693/3693 3669/3669 3630/3630
f 2502/2502 2491/2491 3684/3684
f 3648/3648 3693/3693 3630/3630
f 3694/3694 3693/3693 3648/3648
f 2452/2452 2502/2502 3695/3695
f 2453/2453 2452/2452 3695/3695
f 2513/2513 2453/2453 3695/3695
f 3696/3696 3649/3649 3638/3638
f 3697/3697 3638/3638 3650/3650
f 3676/3676 3697/3697 3650/3650
f 2455/2455 2514/2514 2516/2516
f 3686/3686 3676/3676 3631/3631
f 2445/2445 2456/2456 2516/2516
f 2517/2517 2445/2445 2516/2516
f 3698/3698 3699/3699 3659/3659
f 3687/3687 3698/3698 3659/3659
f 2457/2457 2517/2517 2526/2526
f 3700/3700 3687/3687 3660/3660
f 2492/2492 2537/2537 2518/2518
f 2459/2459 2492/2492 2518/2518
f 3701/3701 3651/3651 3652/3652
f 3702/3702 3652/3652 3622/3622
f 3702/3702 3622/3622 3688/3688
f 2542/2542 2519/2519 2463/2463
f 2436/2436 2493/2493 2504/2504
f 2465/2465 2504/2504 2528/2528
f 2542/2542 3653/3653 2505/2505
f 2489/2489 2547/2547 2494/2494
f 2488/2488 2547/2547 2489/2489
f 3671/3671 3703/3703 2522/2522
f 2524/2524 2488/2488 2440/2440
f 2531/2531 3704/3704 2506/2506
f 2474/2474 2560/2560 2507/2507
f 3678/3678 3662/3662 3705/3705
f 3705/3705 3662/3662 3706/3706
f 3706/3706 3662/3662 3663/3663
f 3706/3706 3663/3663 3707/3707
f 3708/3708 3663/3663 3664/3664
f 3709/3709 3655/3655 3677/3677
f 2509/2509 3655/3655 3709/3709
f 3690/3690 3644/3644 3673/3673
f 3691/3691 3666/3666 3680/3680
f 3710/3710 3674/3674 3683/3683
f 3711/3711 3683/3683 3647/3647
f 3711/3711 3647/3647 3692/3692
f 2534/2534 2550/2550 2512/2512
f 2552/2552 3684/3684 2550/2550
f 3694/3694 3648/3648 3685/3685
f 2513/2513 3695/3695 2535/2535
f 3697/3697 3696/3696 3638/3638
f 2492/2492 2458/2458 2537/2537
f 3660/3660 3651/3651 3712/3712
f 3652/3652 3702/3702 3701/3701
f 2460/2460 2518/2518 2527/2527
f 3670/3670 2485/2485 2587/2587
f 2461/2461 2503/2503 2539/2539
f 2493/2493 2461/2461 2539/2539
f 2504/2504 2493/2493 2590/2590
f 2505/2505 2545/2545 2542/2542
f 2544/2544 2505/2505 2494/2494
f 2466/2466 2530/2530 3689/3689
f 2506/2506 3704/3704 2571/2571
f 2571/2571 2572/2572 2497/2497
f 2497/2497 2572/2572 2508/2508
f 2508/2508 2572/2572 2599/2599
f 2508/2508 2599/2599 3713/3713
f 3713/3713 3714/3714 2449/2449
f 3714/3714 2560/2560 2474/2474
f 2449/2449 3714/3714 2474/2474
f 3707/3707 3663/3663 3708/3708
f 3708/3708 3664/3664 3665/3665
f 2548/2548 2478/2478 3679/3679
f 3680/3680 3674/3674 3710/3710
f 2500/2500 3681/3681 3715/3715
f 3716/3716 3711/3711 3692/3692
f 3692/3692 3668/3668 3717/3717
f 2551/2551 2550/2550 2534/2534
f 2502/2502 3684/3684 2552/2552
f 3695/3695 2502/2502 2535/2535
f 2502/2502 2552/2552 2535/2535
f 3696/3696 3685/3685 3649/3649
f 3718/3718 3698/3698 3719/3719
f 3720/3720 3719/3719 3698/3698
f 3712/3712 3700/3700 3660/3660
f 3651/3651 3701/3701 3712/3712
f 3688/3688 3670/3670 2587/2587
f 2520/2520 2541/2541 2587/2587
f 2529/2529 2528/2528 2530/2530
f 2544/2544 2494/2494 2557/2557
f 2547/2547 2557/2557 2494/2494
f 3703/3703 2558/2558 2522/2522
f 2525/2525 2524/2524 2472/2472
f 2507/2507 2561/2561 2525/2525
f 3721/3721 3678/3678 3705/3705
f 2532/2532 2509/2509 3709/3709
f 3672/3672 3690/3690 3722/3722
f 3723/3723 3672/3672 3722/3722
f 3722/3722 3690/3690 3673/3673
f 2510/2510 2532/2532 3724/3724
f 3691/3691 3722/3722 3673/3673
f 3691/3691 3680/3680 3725/3725
f 3725/3725 3680/3680 3710/3710
f 3710/3710 3683/3683 3726/3726
f 3726/3726 3683/3683 3711/3711
f 3716/3716 3692/3692 3717/3717
f 2553/2553 2552/2552 2551/2551
f 2513/2513 2536/2536 2573/2573
f 2514/2514 2513/2513 2573/2573
f 2516/2516 2514/2514 2574/2574
f 3727/3727 3697/3697 3676/3676
f 3687/3687 3720/3720 3698/3698
f 2517/2517 2564/2564 2526/2526
f 3700/3700 3728/3728 3687/3687
f 2537/2537 2526/2526 2607/2607
f 2518/2518 2537/2537 2566/2566
f 2527/2527 2518/2518 2566/2566
f 2602/2602 3688/3688 2587/2587
f 2503/2503 2527/2527 2538/2538
f 2585/2585 2587/2587 2541/2541
f 2539/2539 2538/2538 2540/2540
f 2493/2493 2540/2540 2590/2590
f 2543/2543 2541/2541 2519/2519
f 3703/3703 2579/2579 2580/2580
f 2524/2524 3729/3729 2546/2546
f 2531/2531 2568/2568 3704/3704
f 3730/3730 2524/2524 2525/2525
f 3704/3704 2569/2569 2571/2571
f 2599/2599 2598/2598 3713/3713
f 3713/3713 2598/2598 3714/3714
f 3677/3677 3678/3678 3721/3721
f 3708/3708 3665/3665 3731/3731
f 3731/3731 3665/3665 3672/3672
f 3731/3731 3672/3672 3723/3723
f 3732/3732 3679/3679 2510/2510
f 2548/2548 3679/3679 3732/3732
f 2533/2533 2500/2500 3715/3715
f 3733/3733 3734/3734 3735/3735
f 3736/3736 3694/3694 3685/3685
f 2535/2535 2562/2562 2536/2536
f 3696/3696 3736/3736 3685/3685
f 3737/3737 3738/3738 3739/3739
f 2516/2516 2574/2574 2563/2563
f 2517/2517 2516/2516 2563/2563
f 3728/3728 3720/3720 3687/3687
f 2607/2607 2526/2526 2564/2564
f 3740/3740 3728/3728 3700/3700
f 2537/2537 2607/2607 2565/2565
f 3702/3702 3741/3741 3701/3701
f 2602/2602 3702/3702 3688/3688
f 2527/2527 2584/2584 2538/2538
f 2585/2585 2541/2541 2543/2543
f 2567/2567 2585/2585 2543/2543
f 2504/2504 2590/2590 2554/2554
f 2544/2544 2567/2567 2545/2545
f 2528/2528 2554/2554 2555/2555
f 3703/3703 2580/2580 2558/2558
f 2546/2546 2556/2556 2547/2547
f 2523/2523 2558/2558 2603/2603
f 3742/3742 2546/2546 3729/3729
f 3730/3730 3729/3729 2524/2524
f 3704/3704 2568/2568 2569/2569
f 2596/2596 3730/3730 2525/2525
f 3721/3721 3705/3705 3743/3743
f 3705/3705 3706/3706 3743/3743
f 3743/3743 3706/3706 3707/3707
f 3743/3743 3707/3707 3744/3744
f 3707/3707 3708/3708 3744/3744
f 3709/3709 3677/3677 3745/3745
f 3745/3745 3677/3677 3721/3721
f 3722/3722 3691/3691 3725/3725
f 3732/3732 2510/2510 3724/3724
f 3725/3725 3710/3710 3746/3746
f 3715/3715 3681/3681 3747/3747
f 3746/3746 3710/3710 3726/3726
f 3726/3726 3711/3711 3748/3748
f 2533/2533 3715/3715 2621/2621
f 3748/3748 3711/3711 3716/3716
f 2534/2534 2533/2533 3749/3749
f 3750/3750 3751/3751 3752/3752
f 3750/3750 3752/3752 3733/3733
f 3750/3750 3733/3733 3735/3735
f 3735/3735 3734/3734 3753/3753
f 3753/3753 3738/3738 3754/3754
f 2573/2573 2536/2536 2583/2583
f 3754/3754 3738/3738 3737/3737
f 3737/3737 3739/3739 3719/3719
f 3755/3755 3737/3737 3719/3719
f 3756/3756 3728/3728 3740/3740
f 3740/3740 3700/3700 3757/3757
f 3700/3700 3712/3712 3757/3757
f 3741/3741 3712/3712 3701/3701
f 3741/3741 3702/3702 2601/2601
f 2538/2538 2584/2584 2615/2615
f 2586/2586 2602/2602 2587/2587
f 2590/2590 2540/2540 2591/2591
f 2589/2589 2567/2567 2593/2593
f 2592/2592 2567/2567 2544/2544
f 2592/2592 2544/2544 2576/2576
f 2580/2580 3758/3758 2558/2558
f 2546/2546 3759/3759 2556/2556
f 2523/2523 2603/2603 2559/2559
f 2569/2569 2568/2568 2594/2594
f 2561/2561 2596/2596 2525/2525
f 3714/3714 2581/2581 2560/2560
f 2532/2532 3709/3709 3745/3745
f 3760/3760 3731/3731 3723/3723
f 3760/3760 3723/3723 3761/3761
f 3761/3761 3723/3723 3762/3762
f 3762/3762 3723/3723 3722/3722
f 3732/3732 3724/3724 3763/3763
f 3749/3749 2533/2533 2621/2621
f 2551/2551 2534/2534 3749/3749
f 2553/2553 2551/2551 2562/2562
f 2574/2574 2573/2573 3764/3764
f 2574/2574 3764/3764 3765/3765
f 2574/2574 3765/3765 2563/2563
f 3755/3755 3719/3719 3720/3720
f 3755/3755 3720/3720 3766/3766
f 3728/3728 3766/3766 3720/3720
f 3766/3766 3728/3728 3756/3756
f 3702/3702 2602/2602 2601/2601
f 2586/2586 2600/2600 2602/2602
f 2617/2617 2586/2586 2585/2585
f 2538/2538 2615/2615 2588/2588
f 2589/2589 2617/2617 2585/2585
f 2555/2555 2554/2554 3767/3767
f 2580/2580 2578/2578 3758/3758
f 2556/2556 2576/2576 2557/2557
f 2558/2558 3758/3758 3768/3768
f 2558/2558 3768/3768 2603/2603
f 3742/3742 3759/3759 2546/2546
f 3769/3769 3730/3730 2596/2596
f 2581/2581 2595/2595 2561/2561
f 3745/3745 3721/3721 3770/3770
f 3744/3744 3708/3708 3731/3731
f 3771/3771 2532/2532 3745/3745
f 3771/3771 3724/3724 2532/2532
f 3772/3772 3731/3731 3760/3760
f 3763/3763 3724/3724 3773/3773
f 3762/3762 3722/3722 3725/3725
f 3715/3715 3747/3747 3774/3774
f 3775/3775 3746/3746 3726/3726
f 3775/3775 3726/3726 3748/3748
f 3776/3776 3751/3751 3750/3750
f 3777/3777 3750/3750 3735/3735
f 2551/2551 3749/3749 3778/3778
f 2551/2551 3778/3778 2632/2632
f 2551/2551 2632/2632 2562/2562
f 3779/3779 3735/3735 3753/3753
f 3779/3779 3753/3753 3754/3754
f 2573/2573 2583/2583 2612/2612
f 2573/2573 2612/2612 3764/3764
f 3737/3737 3755/3755 3780/3780
f 2575/2575 2565/2565 2608/2608
f 3712/3712 3741/3741 3757/3757
f 2554/2554 2591/2591 3767/3767
f 2578/2578 3781/3781 3758/3758
f 2603/2603 2629/2629 2568/2568
f 2568/2568 2629/2629 2594/2594
f 3730/3730 3769/3769 3729/3729
f 2610/2610 2631/2631 2598/2598
f 2598/2598 2631/2631 3714/3714
f 3714/3714 2631/2631 2581/2581
f 3770/3770 3721/3721 3782/3782
f 3721/3721 3743/3743 3782/3782
f 3782/3782 3743/3743 3783/3783
f 3743/3743 3744/3744 3784/3784
f 3783/3783 3743/3743 3784/3784
f 3744/3744 3731/3731 3772/3772
f 3773/3773 3724/3724 3771/3771
f 3785/3785 3725/3725 3746/3746
f 2548/2548 3732/3732 3786/3786
f 3787/3787 3715/3715 3774/3774
f 3746/3746 3775/3775 3788/3788
f 2621/2621 3715/3715 3787/3787
f 3789/3789 3751/3751 3776/3776
f 3749/3749 2621/2621 2623/2623
f 3778/3778 3749/3749 2623/2623
f 3777/3777 3776/3776 3750/3750
f 3779/3779 3777/3777 3735/3735
f 2604/2604 2562/2562 2632/2632
f 2582/2582 2604/2604 2611/2611
f 2583/2583 2582/2582 2611/2611
f 3790/3790 3754/3754 3737/3737
f 2564/2564 2605/2605 2606/2606
f 2607/2607 2606/2606 2608/2608
f 3791/3791 3756/3756 3740/3740
f 3791/3791 3740/3740 3757/3757
f 2584/2584 2575/2575 2635/2635
f 2615/2615 2614/2614 2588/2588
f 2540/2540 2588/2588 2625/2625
f 2591/2591 2540/2540 2625/2625
f 2591/2591 2626/2626 3767/3767
f 2609/2609 2639/2639 2578/2578
f 2576/2576 2619/2619 2592/2592
f 3759/3759 2576/2576 2556/2556
f 3758/3758 3781/3781 3768/3768
f 3729/3729 3769/3769 3742/3742
f 2594/2594 2629/2629 3792/3792
f 2595/2595 3769/3769 2596/2596
f 2631/2631 3793/3793 2581/2581
f 2581/2581 3793/3793 2595/2595
f 3784/3784 3744/3744 3794/3794
f 3794/3794 3744/3744 3772/3772
f 3773/3773 3771/3771 3795/3795
f 3760/3760 3761/3761 3796/3796
f 3796/3796 3761/3761 3762/3762
f 3785/3785 3762/3762 3725/3725
f 3786/3786 3732/3732 3797/3797
f 3797/3797 3732/3732 3763/3763
f 3763/3763 3773/3773 3795/3795
f 3785/3785 3746/3746 3788/3788
f 3798/3798 3789/3789 3776/3776
f 3799/3799 3776/3776 3777/3777
f 3800/3800 3790/3790 3737/3737
f 3765/3765 3764/3764 2612/2612
f 2563/2563 3765/3765 2613/2613
f 3780/3780 3755/3755 3766/3766
f 2608/2608 2606/2606 3801/3801
f 2608/2608 3801/3801 3802/3802
f 2575/2575 2608/2608 3802/3802
f 3803/3803 3757/3757 3741/3741
f 2575/2575 3802/3802 2635/2635
f 2601/2601 3803/3803 3741/3741
f 3804/3804 3803/3803 2601/2601
f 3805/3805 3804/3804 2600/2600
f 2600/2600 3804/3804 2601/2601
f 2600/2600 2586/2586 3805/3805
f 3806/3806 2586/2586 2617/2617
f 2616/2616 2589/2589 2618/2618
f 2618/2618 2593/2593 2619/2619
f 2609/2609 2637/2637 2639/2639
f 2578/2578 2639/2639 3781/3781
f 3759/3759 3807/3807 2576/2576
f 3759/3759 3742/3742 3807/3807
f 3808/3808 3807/3807 3742/3742
f 2603/2603 3768/3768 2627/2627
f 2594/2594 3792/3792 2620/2620
f 2595/2595 2645/2645 3769/3769
f 2570/2570 2620/2620 2597/2597
f 3793/3793 2645/2645 2595/2595
f 3745/3745 3770/3770 3809/3809
f 3771/3771 3745/3745 3809/3809
f 3810/3810 3771/3771 3809/3809
f 3796/3796 3762/3762 3811/3811
f 3811/3811 3762/3762 3785/3785
f 3797/3797 3763/3763 3795/3795
f 3812/3812 3786/3786 3797/3797
f 3813/3813 3786/3786 3812/3812
f 2621/2621 3787/3787 2622/2622
f 3814/3814 3798/3798 3776/3776
f 3778/3778 2623/2623 2632/2632
f 3799/3799 3777/3777 3815/3815
f 3779/3779 3815/3815 3777/3777
f 3816/3816 3779/3779 3754/3754
f 2611/2611 2604/2604 3817/3817
f 3816/3816 3754/3754 3790/3790
f 3765/3765 2612/2612 3818/3818
f 3800/3800 3737/3737 3780/3780
f 3765/3765 3818/3818 2613/2613
f 2605/2605 2613/2613 2624/2624
f 3819/3819 3780/3780 3766/3766
f 3819/3819 3766/3766 3756/3756
f 2606/2606 2624/2624 3801/3801
f 3819/3819 3756/3756 3820/3820
f 3820/3820 3756/3756 3791/3791
f 3791/3791 3757/3757 3821/3821
f 3821/3821 3757/3757 3803/3803
f 2614/2614 2584/2584 2636/2636
f 3805/3805 2586/2586 3806/3806
f 2616/2616 3806/3806 2617/2617
f 2588/2588 3822/3822 2625/2625
f 2625/2625 3822/3822 2626/2626
f 3781/3781 2639/2639 2642/2642
f 3807/3807 2619/2619 2576/2576
f 3781/3781 2627/2627 3768/3768
f 3769/3769 3808/3808 3742/3742
f 2628/2628 3792/3792 2629/2629
f 3793/3793 2646/2646 2645/2645
f 2630/2630 3793/3793 2631/2631
f 3770/3770 3782/3782 3823/3823
f 3782/3782 3783/3783 3824/3824
f 3823/3823 3782/3782 3824/3824
f 3824/3824 3783/3783 3784/3784
f 3824/3824 3784/3784 3794/3794
f 3809/3809 3770/3770 3823/3823
f 3825/3825 3811/3811 3785/3785
f 3825/3825 3785/3785 3788/3788
f 2622/2622 3787/3787 3826/3826
f 2632/2632 2623/2623 3827/3827
f 2623/2623 2641/2641 3827/3827
f 2632/2632 3827/3827 2633/2633
f 3828/3828 3815/3815 3779/3779
f 3816/3816 3828/3828 3779/3779
f 2604/2604 2633/2633 3817/3817
f 3816/3816 3790/3790 3800/3800
f 3829/3829 3816/3816 3800/3800
f 2612/2612 2634/2634 3818/3818
f 3830/3830 3800/3800 3780/3780
f 2635/2635 3802/3802 2636/2636
f 2588/2588 2614/2614 2649/2649
f 2588/2588 2649/2649 3822/3822
f 2619/2619 3831/3831 2618/2618
f 3807/3807 3832/3832 2619/2619
f 2642/2642 3833/3833 3781/3781
f 3808/3808 3832/3832 3807/3807
f 3769/3769 3834/3834 3808/3808
f 3792/3792 2628/2628 2643/2643
f 3792/3792 2643/2643 2620/2620
f 2645/2645 2647/2647 3769/3769
f 2620/2620 2640/2640 2610/2610
f 3793/3793 2630/2630 2646/2646
f 3835/3835 3809/3809 3823/3823
f 3810/3810 3809/3809 3835/3835
f 3794/3794 3772/3772 3836/3836
f 3795/3795 3771/3771 3810/3810
f 3836/3836 3772/3772 3760/3760
f 3797/3797 3795/3795 3837/3837
f 3760/3760 3796/3796 3838/3838
f 3838/3838 3796/3796 3811/3811
f 2654/2654 3839/3839 3840/3840
f 3841/3841 3798/3798 3814/3814
f 2648/2648 2622/2622 3826/3826
f 3814/3814 3776/3776 3842/3842
f 3842/3842 3776/3776 3799/3799
f 3815/3815 3842/3842 3799/3799
f 2611/2611 3817/3817 2634/2634
f 3818/3818 2634/2634 3843/3843
f 3829/3829 3800/3800 3830/3830
f 3830/3830 3780/3780 3819/3819
f 3821/3821 3820/3820 3791/3791
f 3802/3802 3801/3801 3844/3844
f 3802/3802 3844/3844 3845/3845
f 3846/3846 3821/3821 3803/3803
f 3802/3802 3845/3845 2636/2636
f 3804/3804 3846/3846 3803/3803
f 3847/3847 3848/3848 3804/3804
f 3847/3847 3804/3804 3805/3805
f 3806/3806 3847/3847 3805/3805
f 2626/2626 3822/3822 3849/3849
f 3850/3850 2616/2616 2618/2618
f 2638/2638 2637/2637 3851/3851
f 3852/3852 3850/3850 2618/2618
f 3831/3831 3852/3852 2618/2618
f 3832/3832 3831/3831 2619/2619
f 3808/3808 3853/3853 3832/3832
f 3781/3781 3833/3833 2627/2627
f 3769/3769 2647/2647 3834/3834
f 2620/2620 2644/2644 2640/2640
f 2640/2640 2658/2658 2630/2630
f 3835/3835 3823/3823 3854/3854
f 3855/3855 3824/3824 3856/3856
f 3856/3856 3824/3824 3794/3794
f 3856/3856 3794/3794 3836/3836
f 3836/3836 3760/3760 3857/3857
f 3857/3857 3760/3760 3838/3838
f 3858/3858 3859/3859 3841/3841
f 3812/3812 3797/3797 3860/3860
f 3860/3860 3797/3797 3837/3837
f 2654/2654 3840/3840 2652/2652
f 3861/3861 3841/3841 3814/3814
f 3862/3862 3814/3814 3842/3842
f 3863/3863 3828/3828 3816/3816
f 3863/3863 3816/3816 3829/3829
f 2613/2613 3818/3818 3864/3864
f 2613/2613 3864/3864 3865/3865
f 2624/2624 2613/2613 3865/3865
f 3801/3801 2624/2624 3865/3865
f 3848/3848 3846/3846 3804/3804
f 3866/3866 3847/3847 3806/3806
f 2616/2616 3866/3866 3806/3806
f 3851/3851 3867/3867 2666/2666
f 2638/2638 3851/3851 2650/2650
f 2642/2642 2650/2650 2660/2660
f 3832/3832 2672/2672 3831/3831
f 2642/2642 2660/2660 3833/3833
f 3853/3853 2672/2672 3832/3832
f 2627/2627 3833/3833 2662/2662
f 3808/3808 3834/3834 3853/3853
f 2627/2627 2662/2662 2651/2651
f 2628/2628 2655/2655 2643/2643
f 2646/2646 2657/2657 2647/2647
f 2644/2644 3868/3868 2640/2640
f 2640/2640 3868/3868 2658/2658
f 2630/2630 2656/2656 2646/2646
f 3823/3823 3824/3824 3855/3855
f 3854/3854 3823/3823 3855/3855
f 3869/3869 3810/3810 3835/3835
f 3795/3795 3810/3810 3869/3869
f 3837/3837 3795/3795 3869/3869
f 3870/3870 3858/3858 3871/3871
f 3872/3872 3858/3858 3841/3841
f 3873/3873 3874/3874 3875/3875
f 3858/3858 3872/3872 3871/3871
f 3872/3872 3841/3841 3861/3861
f 2652/2652 3840/3840 3873/3873
f 3861/3861 3814/3814 3862/3862
f 2641/2641 2648/2648 3876/3876
f 3827/3827 2641/2641 3876/3876
f 3877/3877 3827/3827 3876/3876
f 3828/3828 3842/3842 3815/3815
f 3827/3827 3877/3877 2633/2633
f 2634/2634 3817/3817 3878/3878
f 3879/3879 3829/3829 3830/3830
f 2634/2634 3878/3878 3843/3843
f 3880/3880 3879/3879 3830/3830
f 3818/3818 3843/3843 3864/3864
f 3880/3880 3830/3830 3819/3819
f 3881/3881 3880/3880 3819/3819
f 3801/3801 3865/3865 3882/3882
f 3820/3820 3881/3881 3819/3819
f 3844/3844 3801/3801 3882/3882
f 3883/3883 3820/3820 3821/3821
f 3883/3883 3821/3821 3846/3846
f 2636/2636 3845/3845 3884/3884
f 2636/2636 3885/3885 2649/2649
f 3867/3867 3886/3886 2666/2666
f 3850/3850 3866/3866 2616/2616
f 3851/3851 2666/2666 2668/2668
f 3851/3851 2668/2668 2650/2650
f 3852/3852 3831/3831 2672/2672
f 3833/3833 2660/2660 2662/2662
f 2657/2657 3834/3834 2647/2647
f 2643/2643 2655/2655 2644/2644
f 2644/2644 2659/2659 3868/3868
f 2658/2658 3887/3887 2656/2656
f 3888/3888 3854/3854 3855/3855
f 3888/3888 3855/3855 3889/3889
f 3889/3889 3855/3855 3856/3856
f 3869/3869 3835/3835 3890/3890
f 3891/3891 3870/3870 3871/3871
f 3892/3892 3872/3872 3861/3861
f 3862/3862 3842/3842 3893/3893
f 3894/3894 3893/3893 3842/3842
f 3894/3894 3842/3842 3828/3828
f 3895/3895 3894/3894 3828/3828
f 3817/3817 2633/2633 3896/3896
f 2633/2633 3877/3877 3896/3896
f 3895/3895 3828/3828 3863/3863
f 3878/3878 3817/3817 3896/3896
f 3897/3897 3895/3895 3863/3863
f 3897/3897 3863/3863 3829/3829
f 3879/3879 3897/3897 3829/3829
f 3843/3843 3878/3878 3898/3898
f 3864/3864 3843/3843 3898/3898
f 3845/3845 3844/3844 3884/3884
f 2636/2636 3884/3884 3885/3885
f 3899/3899 3848/3848 3847/3847
f 3899/3899 3847/3847 3866/3866
f 2649/2649 3885/3885 3900/3900
f 3886/3886 2678/2678 2666/2666
f 3901/3901 3866/3866 3850/3850
f 3901/3901 3850/3850 3852/3852
f 2672/2672 3902/3902 3852/3852
f 2650/2650 2668/2668 2660/2660
f 3853/3853 2670/2670 2672/2672
f 3834/3834 2670/2670 3853/3853
f 2651/2651 2662/2662 3903/3903
f 2651/2651 3903/3903 3904/3904
f 3905/3905 2670/2670 3834/3834
f 2651/2651 3904/3904 2655/2655
f 3906/3906 3905/3905 2657/2657
f 2657/2657 3905/3905 3834/3834
f 3887/3887 2657/2657 2656/2656
f 3835/3835 3854/3854 3890/3890
f 3890/3890 3854/3854 3888/3888
f 3907/3907 3908/3908 3909/3909
f 3907/3907 3909/3909 3910/3910
f 3911/3911 3912/3912 3913/3913
f 3913/3913 3912/3912 3870/3870
f 3874/3874 3908/3908 3907/3907
f 3913/3913 3870/3870 3891/3891
f 3875/3875 3874/3874 3914/3914
f 3914/3914 3874/3874 3907/3907
f 3871/3871 3872/3872 3892/3892
f 2652/2652 3873/3873 3915/3915
f 3915/3915 3873/3873 3875/3875
f 2664/2664 2652/2652 3915/3915
f 3892/3892 3861/3861 3862/3862
f 2653/2653 2652/2652 2664/2664
f 3878/3878 3896/3896 3916/3916
f 3878/3878 3916/3916 3898/3898
f 3917/3917 3879/3879 3880/3880
f 3918/3918 3917/3917 3880/3880
f 3918/3918 3880/3880 3881/3881
f 3865/3865 3864/3864 3919/3919
f 3882/3882 3865/3865 3919/3919
f 3881/3881 3820/3820 3883/3883
f 3882/3882 3919/3919 3920/3920
f 3921/3921 3881/3881 3883/3883
f 3844/3844 3882/3882 3920/3920
f 3844/3844 3920/3920 3884/3884
f 3922/3922 3883/3883 3846/3846
f 3922/3922 3846/3846 3848/3848
f 3899/3899 3922/3922 3848/3848
f 3923/3923 3924/3924 3925/3925
f 3923/3923 3925/3925 2678/2678
f 3902/3902 3901/3901 3852/3852
f 2662/2662 2661/2661 3903/3903
f 2655/2655 3904/3904 2663/2663
f 2657/2657 3926/3926 3906/3906
f 2658/2658 3927/3927 3887/3887
f 3887/3887 3926/3926 2657/2657
f 3868/3868 2659/2659 3927/3927
f 3868/3868 3927/3927 2658/2658
f 3910/3910 3909/3909 3928/3928
f 3909/3909 3929/3929 3928/3928
f 3929/3929 3930/3930 3928/3928
f 3928/3928 3930/3930 3931/3931
f 3931/3931 3930/3930 3911/3911
f 3931/3931 3911/3911 3913/3913
f 3932/3932 3875/3875 3914/3914
f 3933/3933 3891/3891 3871/3871
f 3871/3871 3892/3892 2673/2673
f 3932/3932 3915/3915 3875/3875
f 3933/3933 3871/3871 2673/2673
f 3934/3934 3892/3892 3862/3862
f 2665/2665 2664/2664 3935/3935
f 3893/3893 3934/3934 3862/3862
f 2665/2665 3935/3935 3936/3936
f 3937/3937 3893/3893 3894/3894
f 3877/3877 3876/3876 3938/3938
f 3877/3877 3938/3938 3939/3939
f 3895/3895 3937/3937 3894/3894
f 3896/3896 3877/3877 3939/3939
f 3896/3896 3939/3939 3916/3916
f 3897/3897 3879/3879 3940/3940
f 3898/3898 3916/3916 3941/3941
f 3942/3942 3879/3879 3917/3917
f 3864/3864 3898/3898 3943/3943
f 3919/3919 3864/3864 3943/3943
f 3921/3921 3918/3918 3881/3881
f 3922/3922 3921/3921 3883/3883
f 3924/3924 3944/3944 2681/2681
f 3924/3924 2681/2681 3925/3925
f 3945/3945 3922/3922 3899/3899
f 2678/2678 3925/3925 2676/2676
f 3946/3946 3945/3945 3899/3899
f 3946/3946 3899/3899 3866/3866
f 3946/3946 3866/3866 3901/3901
f 2668/2668 2667/2667 2669/2669
f 2671/2671 3902/3902 2672/2672
f 2660/2660 2669/2669 2661/2661
f 2661/2661 3947/3947 3903/3903
f 3903/3903 3947/3947 2687/2687
f 3903/3903 2687/2687 3904/3904
f 3904/3904 2687/2687 2663/2663
f 3905/3905 3948/3948 2670/2670
f 2663/2663 3949/3949 2659/2659
f 3950/3950 3951/3951 3927/3927
f 3927/3927 3951/3951 3887/3887
f 3952/3952 3907/3907 3910/3910
f 3953/3953 3913/3913 3891/3891
f 3914/3914 3907/3907 3952/3952
f 3953/3953 3891/3891 3933/3933
f 3933/3933 2673/2673 2675/2675
f 2673/2673 3892/3892 2674/2674
f 2674/2674 3892/3892 3934/3934
f 3935/3935 2664/2664 3915/3915
f 3937/3937 3934/3934 3893/3893
f 3936/3936 3935/3935 3954/3954
f 3955/3955 3937/3937 3895/3895
f 3955/3955 3895/3895 3897/3897
f 3940/3940 3955/3955 3897/3897
f 3940/3940 3879/3879 3942/3942
f 3943/3943 3898/3898 3941/3941
f 3942/3942 3917/3917 3918/3918
f 3956/3956 3957/3957 3958/3958
f 3959/3959 3942/3942 3918/3918
f 3944/3944 3956/3956 3958/3958
f 3944/3944 3958/3958 2679/2679
f 3944/3944 2679/2679 2681/2681
f 3960/3960 3922/3922 3945/3945
f 3925/3925 2681/2681 2676/2676
f 2666/2666 2678/2678 2677/2677
f 2666/2666 2677/2677 2667/2667
f 2684/2684 3946/3946 3901/3901
f 2684/2684 3901/3901 3902/3902
f 2671/2671 2684/2684 3902/3902
f 2669/2669 3947/3947 2661/2661
f 3961/3961 2671/2671 2670/2670
f 3948/3948 3961/3961 2670/2670
f 3962/3962 3948/3948 3905/3905
f 2663/2663 2687/2687 3949/3949
f 3926/3926 3962/3962 3906/3906
f 3906/3906 3962/3962 3905/3905
f 3949/3949 3950/3950 2659/2659
f 3887/3887 3951/3951 3926/3926
f 2659/2659 3950/3950 3927/3927
f 3910/3910 3928/3928 3963/3963
f 3963/3963 3928/3928 3964/3964
f 3964/3964 3928/3928 3931/3931
f 3964/3964 3931/3931 3953/3953
f 3953/3953 3931/3931 3913/3913
f 3910/3910 3963/3963 3952/3952
f 3965/3965 3914/3914 3952/3952
f 3935/3935 3915/3915 3966/3966
f 3966/3966 3915/3915 3932/3932
f 3932/3932 3914/3914 3965/3965
f 3966/3966 3932/3932 3967/3967
f 3967/3967 3932/3932 3965/3965
f 3968/3968 3967/3967 3965/3965
f 3954/3954 3935/3935 3966/3966
f 2674/2674 3934/3934 3937/3937
f 3936/3936 3954/3954 2688/2688
f 3969/3969 3937/3937 3955/3955
f 3970/3970 3936/3936 2688/2688
f 2690/2690 3970/3970 2688/2688
f 3971/3971 3970/3970 2690/2690
f 3971/3971 2690/2690 3972/3972
f 3973/3973 3971/3971 3974/3974
f 3974/3974 3971/3971 3972/3972
f 3975/3975 3940/3940 3942/3942
f 3976/3976 3975/3975 3942/3942
f 3957/3957 3973/3973 3974/3974
f 3958/3958 3957/3957 3974/3974
f 3959/3959 3976/3976 3942/3942
f 3958/3958 3974/3974 3977/3977
f 2679/2679 3958/3958 3977/3977
f 3978/3978 3959/3959 3918/3918
f 3978/3978 3918/3918 3921/3921
f 3960/3960 3978/3978 3921/3921
f 3960/3960 3921/3921 3922/3922
f 2676/2676 3979/3979 2677/2677
f 2667/2667 2677/2677 3980/3980
f 2667/2667 3980/3980 3981/3981
f 2667/2667 3981/3981 2669/2669
f 2682/2682 2684/2684 2671/2671
f 2669/2669 3981/3981 3982/3982
f 2669/2669 3982/3982 3947/3947
f 3961/3961 2682/2682 2671/2671
f 3947/3947 3982/3982 2685/2685
f 3947/3947 2685/2685 2687/2687
f 3962/3962 3961/3961 3948/3948
f 2687/2687 2686/2686 3949/3949
f 2686/2686 3983/3983 3949/3949
f 3926/3926 3984/3984 3962/3962
f 3949/3949 3983/3983 3950/3950
f 3950/3950 3983/3983 3985/3985
f 3950/3950 3985/3985 3951/3951
f 3985/3985 3984/3984 3951/3951
f 3951/3951 3984/3984 3926/3926
f 3963/3963 3964/3964 3986/3986
f 3952/3952 3963/3963 3986/3986
f 3964/3964 3953/3953 3987/3987
f 3988/3988 3964/3964 3987/3987
f 3965/3965 3952/3952 3989/3989
f 3989/3989 3952/3952 3986/3986
f 3987/3987 3953/3953 3933/3933
f 3968/3968 3965/3965 3989/3989
f 3987/3987 3933/3933 3990/3990
f 3990/3990 3933/3933 3991/3991
f 3991/3991 3933/3933 2675/2675
f 2675/2675 2674/2674 3992/3992
f 3991/3991 2675/2675 3992/3992
f 3992/3992 2674/2674 3937/3937
f 3969/3969 3992/3992 3937/3937
f 2688/2688 3954/3954 2689/2689
f 2689/2689 3954/3954 3966/3966
f 3993/3993 3966/3966 3967/3967
f 3967/3967 3968/3968 3993/3993
f 3994/3994 3969/3969 3955/3955
f 3995/3995 3994/3994 3955/3955
f 3995/3995 3955/3955 3940/3940
f 3975/3975 3995/3995 3940/3940
f 3974/3974 3972/3972 3996/3996
f 3997/3997 3974/3974 3996/3996
f 3977/3977 3974/3974 3997/3997
f 3977/3977 3997/3997 3998/3998
f 3977/3977 3998/3998 3999/3999
f 3977/3977 3999/3999 2679/2679
f 2679/2679 3999/3999 2680/2680
f 4000/4000 3959/3959 3978/3978
f 4001/4001 4000/4000 3978/3978
f 2681/2681 2680/2680 4002/4002
f 3960/3960 4001/4001 3978/3978
f 4003/4003 3960/3960 3945/3945
f 2676/2676 2681/2681 3979/3979
f 3979/3979 2681/2681 4002/4002
f 4004/4004 4003/4003 3946/3946
f 4003/4003 3945/3945 3946/3946
f 3980/3980 2677/2677 4005/4005
f 4004/4004 3946/3946 2684/2684
f 2683/2683 4004/4004 2684/2684
f 3980/3980 4005/4005 4006/4006
f 3981/3981 3980/3980 4006/4006
f 4007/4007 2683/2683 2682/2682
f 4008/4008 4009/4009 4007/4007
f 3982/3982 3981/3981 4006/4006
f 3982/3982 4006/4006 4010/4010
f 4007/4007 2682/2682 3961/3961
f 3982/3982 4010/4010 2685/2685
f 4008/4008 4007/4007 3961/3961
f 4011/4011 4008/4008 3962/3962
f 3962/3962 4008/4008 3961/3961
f 3984/3984 4012/4012 4011/4011
f 3985/3985 4012/4012 3984/3984
f 3984/3984 4011/4011 3962/3962
f 3986/3986 3964/3964 3988/3988
f 4013/4013 3987/3987 3990/3990
f 3990/3990 3991/3991 4014/4014
f 3993/3993 3968/3968 4015/4015
f 3991/3991 3992/3992 4016/4016
f 4016/4016 3992/3992 3969/3969
f 2689/2689 3966/3966 3993/3993
f 4017/4017 2689/2689 3993/3993
f 4017/4017 3993/3993 4018/4018
f 4016/4016 3969/3969 3994/3994
f 3972/3972 2690/2690 3996/3996
f 2690/2690 2689/2689 3996/3996
f 3996/3996 2689/2689 4019/4019
f 4019/4019 2689/2689 4017/4017
f 4019/4019 4017/4017 4018/4018
f 3996/3996 4019/4019 4020/4020
f 3996/3996 4020/4020 3997/3997
f 3997/3997 4020/4020 3998/3998
f 3976/3976 3995/3995 3975/3975
f 4000/4000 3976/3976 3959/3959
f 4021/4021 4001/4001 3960/3960
f 4021/4021 3960/3960 4003/4003
f 3979/3979 4002/4002 4022/4022
f 4021/4021 4003/4003 4023/4023
f 3979/3979 4022/4022 4005/4005
f 4023/4023 4003/4003 4004/4004
f 2677/2677 3979/3979 4005/4005
f 2683/2683 4024/4024 4023/4023
f 4023/4023 4004/4004 2683/2683
f 4009/4009 4024/4024 2683/2683
f 4007/4007 4009/4009 2683/2683
f 4006/4006 4025/4025 4010/4010
f 4026/4026 4027/4027 4008/4008
f 4027/4027 4009/4009 4008/4008
f 2685/2685 4010/4010 2694/2694
f 4028/4028 4026/4026 4011/4011
f 4011/4011 4026/4026 4008/4008
f 2685/2685 2694/2694 2686/2686
f 2686/2686 2694/2694 4029/4029
f 4012/4012 4028/4028 4011/4011
f 2686/2686 4029/4029 3983/3983
f 3983/3983 4029/4029 4030/4030
f 3983/3983 4030/4030 3985/3985
f 3985/3985 4030/4030 4012/4012
f 4031/4031 3986/3986 3988/3988
f 4031/4031 3988/3988 4032/4032
f 3988/3988 3987/3987 4032/4032
f 3989/3989 3986/3986 4033/4033
f 4033/4033 3986/3986 4031/4031
f 4032/4032 3987/3987 4013/4013
f 4013/4013 3990/3990 4014/4014
f 4015/4015 3968/3968 3989/3989
f 4018/4018 3993/3993 4015/4015
f 4014/4014 3991/3991 4034/4034
f 4018/4018 4015/4015 4035/4035
f 4036/4036 3991/3991 4016/4016
f 4034/4034 3991/3991 4036/4036
f 4036/4036 4016/4016 4037/4037
f 4037/4037 4016/4016 3994/3994
f 4037/4037 3994/3994 3995/3995
f 4019/4019 4018/4018 4038/4038
f 4036/4036 4037/4037 4039/4039
f 4040/4040 4037/4037 3995/3995
f 4020/4020 4019/4019 4038/4038
f 3998/3998 4020/4020 4038/4038
f 4040/4040 3995/3995 3976/3976
f 4041/4041 4040/4040 3976/3976
f 3999/3999 3998/3998 2693/2693
f 4041/4041 3976/3976 4000/4000
f 4042/4042 4041/4041 4000/4000
f 2680/2680 3999/3999 2693/2693
f 2680/2680 2693/2693 2692/2692
f 4042/4042 4000/4000 4001/4001
f 4042/4042 4001/4001 4021/4021
f 4002/4002 2680/2680 2692/2692
f 4002/4002 2692/2692 4022/4022
f 4042/4042 4043/4043 4044/4044
f 4043/4043 4042/4042 4045/4045
f 4045/4045 4042/4042 4021/4021
f 4023/4023 4045/4045 4021/4021
f 4044/4044 4043/4043 4046/4046
f 4043/4043 4045/4045 4023/4023
f 4024/4024 4046/4046 4043/4043
f 4005/4005 4022/4022 4047/4047
f 4005/4005 4047/4047 4048/4048
f 4024/4024 4043/4043 4023/4023
f 4027/4027 4046/4046 4024/4024
f 4006/4006 4005/4005 4048/4048
f 4027/4027 4024/4024 4009/4009
f 4006/4006 4048/4048 4025/4025
f 4049/4049 4027/4027 4026/4026
f 4010/4010 4025/4025 2694/2694
f 4028/4028 4049/4049 4026/4026
f 4029/4029 2694/2694 2696/2696
f 4029/4029 2696/2696 4030/4030
f 4030/4030 4028/4028 4012/4012
f 4050/4050 4031/4031 4032/4032
f 4051/4051 3989/3989 4033/4033
f 4052/4052 4033/4033 4031/4031
f 4052/4052 4031/4031 4050/4050
f 4015/4015 3989/3989 4051/4051
f 4051/4051 4033/4033 4052/4052
f 4050/4050 4032/4032 4013/4013
f 4013/4013 4014/4014 4053/4053
f 4015/4015 4051/4051 4054/4054
f 4035/4035 4015/4015 4054/4054
f 4034/4034 4053/4053 4014/4014
f 4055/4055 4034/4034 4036/4036
f 4018/4018 4035/4035 4054/4054
f 4038/4038 4018/4018 4056/4056
f 4018/4018 4054/4054 4056/4056
f 4057/4057 4055/4055 4036/4036
f 4057/4057 4036/4036 4039/4039
f 4039/4039 4037/4037 4040/4040
f 4058/4058 4057/4057 4039/4039
f 3998/3998 4038/4038 2693/2693
f 2693/2693 4038/4038 2691/2691
f 4059/4059 4058/4058 4039/4039
f 4039/4039 4040/4040 4041/4041
f 4059/4059 4039/4039 4060/4060
f 4060/4060 4039/4039 4041/4041
f 4061/4061 4059/4059 4060/4060
f 4060/4060 4041/4041 4042/4042
f 4044/4044 4060/4060 4042/4042
f 4061/4061 4060/4060 4044/4044
f 4044/4044 4062/4062 4061/4061
f 4022/4022 2692/2692 4063/4063
f 4022/4022 4063/4063 4047/4047
f 4046/4046 4064/4064 4044/4044
f 4065/4065 4064/4064 4046/4046
f 4048/4048 4047/4047 4066/4066
f 4065/4065 4046/4046 4027/4027
f 4048/4048 4066/4066 4067/4067
f 4025/4025 4048/4048 4067/4067
f 4025/4025 4067/4067 2694/2694
f 4030/4030 4068/4068 4028/4028
f 4028/4028 4068/4068 4049/4049
f 4052/4052 4050/4050 4069/4069
f 4051/4051 4052/4052 4070/4070
f 4069/4069 4050/4050 4071/4071
f 4071/4071 4050/4050 4013/4013
f 4071/4071 4013/4013 4053/4053
f 4070/4070 4052/4052 4069/4069
f 4072/4072 4071/4071 4053/4053
f 4072/4072 4053/4053 4073/4073
f 4074/4074 4054/4054 4051/4051
f 4053/4053 4034/4034 4073/4073
f 4073/4073 4034/4034 4055/4055
f 4075/4075 4054/4054 4074/4074
f 4056/4056 4054/4054 4075/4075
f 4073/4073 4055/4055 4076/4076
f 4076/4076 4055/4055 4057/4057
f 4038/4038 4056/4056 4077/4077
f 4077/4077 4056/4056 4075/4075
f 4058/4058 4076/4076 4057/4057
f 4038/4038 4077/4077 2691/2691
f 4078/4078 4058/4058 4059/4059
f 2691/2691 4077/4077 2700/2700
f 2692/2692 2691/2691 2700/2700
f 4078/4078 4059/4059 4061/4061
f 2692/2692 2700/2700 4063/4063
f 4062/4062 4078/4078 4061/4061
f 4064/4064 4062/4062 4044/4044
f 4047/4047 4063/4063 4066/4066
f 4079/4079 4064/4064 4065/4065
f 4067/4067 4066/4066 4080/4080
f 4080/4080 4081/4081 2695/2695
f 4079/4079 4065/4065 4027/4027
f 4067/4067 4080/4080 2694/2694
f 4082/4082 4079/4079 4049/4049
f 4049/4049 4079/4079 4027/4027
f 2694/2694 4080/4080 2695/2695
f 4068/4068 2695/2695 4082/4082
f 2696/2696 2695/2695 4030/4030
f 4030/4030 2695/2695 4068/4068
f 4068/4068 4082/4082 4049/4049
f 4072/4072 4069/4069 4071/4071
f 4070/4070 4069/4069 4083/4083
f 4083/4083 4069/4069 4072/4072
f 4074/4074 4051/4051 4070/4070
f 4074/4074 4070/4070 4084/4084
f 4072/4072 4073/4073 4076/4076
f 4075/4075 4074/4074 2697/2697
f 4085/4085 4076/4076 4058/4058
f 4077/4077 4075/4075 2697/2697
f 2699/2699 4077/4077 2697/2697
f 4085/4085 4058/4058 4078/4078
f 4086/4086 4085/4085 4078/4078
f 2700/2700 4077/4077 2699/2699
f 4086/4086 4078/4078 4087/4087
f 4087/4087 4078/4078 4062/4062
f 4063/4063 2700/2700 4088/4088
f 4088/4088 2700/2700 2698/2698
f 4066/4066 4063/4063 4088/4088
f 4089/4089 4087/4087 4064/4064
f 4087/4087 4062/4062 4064/4064
f 4066/4066 4088/4088 4080/4080
f 4080/4080 4088/4088 4081/4081
f 4090/4090 4081/4081 4091/4091
f 4090/4090 4089/4089 4079/4079
f 4089/4089 4064/4064 4079/4079
f 4090/4090 4079/4079 4082/4082
f 2695/2695 4081/4081 4090/4090
f 2695/2695 4090/4090 4082/4082
f 4084/4084 4070/4070 4083/4083
f 4084/4084 4083/4083 4092/4092
f 4083/4083 4072/4072 4093/4093
f 4092/4092 4083/4083 4093/4093
f 4093/4093 4072/4072 4076/4076
f 4093/4093 4076/4076 4094/4094
f 4074/4074 4084/4084 2697/2697
f 4094/4094 4092/4092 4093/4093
f 4085/4085 4094/4094 4076/4076
f 2697/2697 4084/4084 4095/4095
f 4095/4095 4084/4084 4092/4092
f 2698/2698 2697/2697 4095/4095
f 4094/4094 4085/4085 4096/4096
f 4096/4096 4085/4085 4086/4086
f 2698/2698 4095/4095 4097/4097
f 4096/4096 4086/4086 4087/4087
f 4088/4088 2698/2698 4097/4097
f 4098/4098 4096/4096 4087/4087
f 4097/4097 4099/4099 4091/4091
f 4091/4091 4099/4099 4098/4098
f 4081/4081 4088/4088 4097/4097
f 4081/4081 4097/4097 4091/4091
f 4098/4098 4087/4087 4089/4089
f 4091/4091 4098/4098 4090/4090
f 4090/4090 4098/4098 4089/4089
f 4095/4095 4092/4092 4099/4099
f 4092/4092 4094/4094 4099/4099
f 4096/4096 4099/4099 4094/4094
f 4097/4097 4095/4095 4099/4099
f 4099/4099 4096/4096 4098/4098
# Vertices: 4099, normals: 0, texture coordinates: 4099, faces: 7450

